# Blender v2.92.0 OBJ File: 'casco ya horneando.blend'
# www.blender.org
mtllib casco templario3.mtl
o casco.002_Cylinder.004
v 0.000000 1.066157 -0.738197
v 0.450108 1.066157 -0.639297
v 0.779610 1.066157 -0.369099
v 0.886604 1.066157 0.000000
v 0.779610 1.066157 0.369099
v 0.450108 1.066157 0.639297
v 0.000000 1.066157 0.738197
v -0.450108 1.066157 0.639297
v -0.779609 1.066157 0.369099
v -0.900216 1.066157 0.000000
v -0.779610 1.066157 -0.369098
v -0.450108 1.066157 -0.639297
v 0.000000 1.066157 -0.713173
v -0.434850 1.066157 -0.617626
v -0.753182 1.066157 -0.356586
v -0.869700 1.066157 0.000000
v -0.753182 1.066157 0.356587
v -0.434850 1.066157 0.617626
v 0.000000 1.066157 0.713173
v 0.434850 1.066157 0.617626
v 0.753182 1.066157 0.356587
v 0.856088 1.066157 0.000000
v 0.753182 1.066157 -0.356587
v 0.434850 1.066157 -0.617626
v 0.000000 1.583014 -0.649487
v -0.396018 1.583013 -0.562472
v -0.685923 1.583013 -0.324743
v -0.792035 1.583013 0.000000
v -0.685922 1.583013 0.324744
v -0.396017 1.583013 0.562472
v 0.000000 1.583013 0.649487
v 0.396018 1.583013 0.562472
v 0.685923 1.583013 0.324743
v 0.792035 1.583013 0.000000
v 0.685923 1.583013 -0.324743
v 0.396018 1.583013 -0.562472
v 0.000000 1.583014 -0.672307
v 0.409932 1.583013 -0.582235
v 0.710023 1.583013 -0.336153
v 0.819864 1.583013 0.000000
v 0.710023 1.583013 0.336153
v 0.409932 1.583013 0.582235
v 0.000000 1.583013 0.672307
v -0.409932 1.583013 0.582235
v -0.710023 1.583013 0.336154
v -0.819864 1.583013 0.000000
v -0.710023 1.583013 -0.336153
v -0.409932 1.583013 -0.582234
v 0.000000 1.836755 -0.634542
v 0.376175 1.836755 -0.549530
v 0.651554 1.836755 -0.317271
v 0.752350 1.836755 0.000000
v 0.651554 1.836755 0.317271
v 0.376175 1.836755 0.549530
v 0.000000 1.836755 0.634542
v -0.376175 1.836755 0.549530
v -0.651554 1.836755 0.317271
v -0.752350 1.836755 0.000000
v -0.651554 1.836755 -0.317271
v -0.376175 1.836755 -0.549530
v 0.835936 1.110387 0.151429
v 0.835463 1.111004 0.152010
v 0.834716 1.111444 0.152375
v 0.796923 1.108830 0.286769
v 0.795278 1.110049 0.286472
v 0.796646 1.109455 0.286704
v 0.796044 1.109901 0.286595
v 0.818042 1.229360 0.150315
v 0.817759 1.228719 0.150908
v 0.817151 1.228238 0.151282
v 0.764217 1.113147 0.373537
v 0.762329 1.114353 0.373113
v 0.763933 1.113769 0.373426
v 0.763242 1.114211 0.373271
v 0.571399 1.123068 0.529925
v 0.571326 1.124086 0.528933
v 0.571634 1.123664 0.529394
v 0.779375 1.228452 0.284245
v 0.778039 1.227145 0.284093
v 0.779252 1.227814 0.284252
v 0.778763 1.227336 0.284196
v 0.756034 1.231086 0.357937
v 0.757226 1.232413 0.358501
v 0.756692 1.231288 0.358249
v 0.757128 1.231774 0.358455
v 0.745293 1.232748 0.368228
v 0.743608 1.231434 0.368076
v 0.745110 1.232111 0.368253
v 0.744493 1.231630 0.368197
v 0.557793 1.235807 0.521449
v 0.558178 1.235161 0.521011
v 0.557981 1.234673 0.520618
v 0.771784 1.114105 0.365394
v 0.773315 1.112910 0.366118
v 0.772487 1.113969 0.365727
v 0.773048 1.113531 0.365992
v 0.807235 1.109538 0.147050
v 0.807515 1.110639 0.148225
v 0.807166 1.110167 0.147693
v 0.768383 1.107985 0.282414
v 0.769723 1.109292 0.282573
v 0.768508 1.108623 0.282410
v 0.768998 1.109101 0.282468
v 0.789931 1.228528 0.146026
v 0.790528 1.227451 0.147220
v 0.790044 1.227899 0.146680
v 0.731255 1.113433 0.368372
v 0.729535 1.112120 0.368241
v 0.730365 1.113238 0.368254
v 0.729735 1.112757 0.368206
v 0.536771 1.122043 0.524642
v 0.537489 1.122653 0.524184
v 0.538494 1.123114 0.523923
v 0.751425 1.227625 0.279981
v 0.753062 1.226406 0.280282
v 0.751698 1.226999 0.280048
v 0.752297 1.226553 0.280158
v 0.713231 1.230535 0.363441
v 0.711316 1.231743 0.363046
v 0.712315 1.230678 0.363287
v 0.711614 1.231120 0.363143
v 0.733233 1.229976 0.347142
v 0.731708 1.231171 0.346420
v 0.732531 1.230112 0.346810
v 0.731973 1.230550 0.346545
v 0.523838 1.234802 0.516268
v 0.524698 1.234170 0.515903
v 0.525807 1.233721 0.515709
v 0.748458 1.112984 0.354350
v 0.747261 1.111657 0.353783
v 0.747799 1.112782 0.354038
v 0.747361 1.112296 0.353831
v 0.833706 1.112854 0.152413
v 0.833540 1.111575 0.153662
v 0.834664 1.111454 0.152378
v 0.833754 1.112220 0.152585
v 0.833693 1.111752 0.153042
v 0.816024 1.228038 0.152572
v 0.816572 1.226781 0.151347
v 0.817099 1.228226 0.151285
v 0.816229 1.227873 0.151955
v 0.816429 1.227413 0.151507
v 0.571895 1.124152 0.527580
v 0.570406 1.125484 0.528569
v 0.571278 1.124094 0.528916
v 0.571206 1.124356 0.528109
v 0.570662 1.124843 0.528471
v 0.557406 1.233212 0.520469
v 0.558584 1.234454 0.519287
v 0.557933 1.234660 0.520602
v 0.557508 1.233841 0.520276
v 0.557939 1.234295 0.519843
v 0.807834 1.110814 0.149740
v 0.808005 1.112094 0.148492
v 0.807561 1.110652 0.148244
v 0.807987 1.110991 0.149120
v 0.808050 1.111459 0.148663
v 0.791435 1.226038 0.147511
v 0.790895 1.227294 0.148738
v 0.790575 1.227441 0.147238
v 0.791295 1.226669 0.147672
v 0.791098 1.227129 0.148120
v 0.539372 1.124566 0.523833
v 0.540853 1.123233 0.522843
v 0.538547 1.123124 0.523923
v 0.539623 1.123925 0.523735
v 0.540165 1.123437 0.523373
v 0.528199 1.233555 0.514650
v 0.527013 1.232313 0.515832
v 0.525861 1.233714 0.515710
v 0.527553 1.233396 0.515207
v 0.527119 1.232942 0.515639
v -0.000000 2.089260 -0.576102
v -0.000000 2.090496 -0.574463
v -0.000000 2.089878 -0.575777
v -0.000000 2.090331 -0.575177
v 0.329215 2.090496 -0.497498
v 0.330215 2.089263 -0.498918
v 0.329633 2.090331 -0.498118
v 0.329999 2.089880 -0.498637
v 0.570214 2.090496 -0.287229
v 0.571948 2.089270 -0.288050
v 0.570939 2.090332 -0.287588
v 0.571574 2.089883 -0.287888
v 0.658425 2.090496 0.000000
v 0.660427 2.089273 0.000000
v 0.659263 2.090333 0.000000
v 0.659996 2.089885 0.000000
v 0.570214 2.090496 0.287229
v 0.571948 2.089270 0.288050
v 0.570939 2.090332 0.287588
v 0.571574 2.089883 0.287888
v 0.329215 2.090496 0.497498
v 0.330215 2.089263 0.498918
v 0.329633 2.090331 0.498118
v 0.329999 2.089880 0.498637
v 0.000000 2.090496 0.574463
v 0.000000 2.089260 0.576102
v 0.000000 2.090331 0.575177
v 0.000000 2.089878 0.575777
v -0.329215 2.090496 0.497498
v -0.330215 2.089263 0.498918
v -0.329633 2.090331 0.498118
v -0.329999 2.089880 0.498637
v -0.570214 2.090496 0.287230
v -0.571947 2.089270 0.288050
v -0.570939 2.090332 0.287588
v -0.571574 2.089883 0.287888
v -0.658425 2.090496 0.000000
v -0.660427 2.089273 0.000000
v -0.659263 2.090333 0.000000
v -0.659996 2.089885 0.000000
v -0.570214 2.090496 -0.287229
v -0.571948 2.089270 -0.288049
v -0.570939 2.090332 -0.287587
v -0.571574 2.089883 -0.287888
v -0.329215 2.090496 -0.497498
v -0.330216 2.089263 -0.498918
v -0.329633 2.090331 -0.498118
v -0.329999 2.089880 -0.498637
v 0.318961 2.089251 -0.481914
v 0.319547 2.090496 -0.482889
v 0.318970 2.089874 -0.481972
v 0.319185 2.090329 -0.482329
v -0.000000 2.090496 -0.557591
v -0.000000 2.089249 -0.556467
v -0.000000 2.090329 -0.556945
v -0.000000 2.089872 -0.556534
v 0.552455 2.089257 -0.278233
v 0.553475 2.090496 -0.278797
v 0.552472 2.089876 -0.278267
v 0.552845 2.090330 -0.278473
v 0.637919 2.089259 0.000000
v 0.639099 2.090496 0.000000
v 0.637939 2.089878 0.000000
v 0.638371 2.090330 0.000000
v 0.552455 2.089257 0.278233
v 0.553475 2.090496 0.278797
v 0.552472 2.089876 0.278267
v 0.552845 2.090330 0.278473
v 0.318961 2.089251 0.481914
v 0.319547 2.090496 0.482889
v 0.318970 2.089874 0.481972
v 0.319185 2.090329 0.482329
v 0.000000 2.089249 0.556467
v 0.000000 2.090496 0.557591
v 0.000000 2.089872 0.556534
v 0.000000 2.090329 0.556945
v -0.318961 2.089251 0.481914
v -0.319547 2.090496 0.482889
v -0.318970 2.089874 0.481972
v -0.319184 2.090329 0.482329
v -0.552455 2.089257 0.278233
v -0.553475 2.090496 0.278798
v -0.552472 2.089876 0.278267
v -0.552845 2.090330 0.278474
v -0.637919 2.089259 0.000000
v -0.639099 2.090496 0.000000
v -0.637939 2.089878 0.000000
v -0.638371 2.090330 0.000000
v -0.552455 2.089257 -0.278233
v -0.553475 2.090496 -0.278797
v -0.552472 2.089876 -0.278266
v -0.552845 2.090330 -0.278473
v -0.318961 2.089251 -0.481914
v -0.319548 2.090496 -0.482889
v -0.318970 2.089874 -0.481972
v -0.319185 2.090329 -0.482329
v 0.557891 1.235792 -0.521371
v 0.558276 1.235146 -0.520934
v 0.558079 1.234658 -0.520541
v 0.571496 1.123053 -0.529848
v 0.571732 1.123649 -0.529317
v 0.571424 1.124071 -0.528855
v 0.743706 1.231419 -0.367999
v 0.745390 1.232733 -0.368151
v 0.744591 1.231615 -0.368120
v 0.745208 1.232095 -0.368175
v 0.762427 1.114338 -0.373036
v 0.764315 1.113132 -0.373460
v 0.763340 1.114196 -0.373193
v 0.764031 1.113755 -0.373349
v 0.771786 1.114093 -0.365395
v 0.773317 1.112897 -0.366119
v 0.772489 1.113956 -0.365728
v 0.773050 1.113519 -0.365993
v 0.796952 1.108813 -0.286682
v 0.795306 1.110031 -0.286384
v 0.796675 1.109439 -0.286616
v 0.796072 1.109885 -0.286507
v 0.818070 1.229342 -0.150227
v 0.817179 1.228221 -0.151194
v 0.817787 1.228702 -0.150821
v 0.779405 1.228434 -0.284157
v 0.778067 1.227128 -0.284005
v 0.779281 1.227797 -0.284164
v 0.778792 1.227319 -0.284108
v 0.835964 1.110370 -0.151341
v 0.834745 1.111427 -0.152287
v 0.835491 1.110987 -0.151922
v 0.757227 1.232401 -0.358502
v 0.756037 1.231074 -0.357938
v 0.757130 1.231761 -0.358456
v 0.756694 1.231276 -0.358249
v 0.523935 1.234787 -0.516190
v 0.525905 1.233706 -0.515631
v 0.524796 1.234155 -0.515825
v 0.536869 1.122028 -0.524564
v 0.538592 1.123099 -0.523845
v 0.537587 1.122638 -0.524107
v 0.711414 1.231728 -0.362969
v 0.713328 1.230520 -0.363363
v 0.711711 1.231105 -0.363065
v 0.712412 1.230663 -0.363210
v 0.729632 1.112105 -0.368164
v 0.731352 1.113418 -0.368294
v 0.729833 1.112742 -0.368129
v 0.730462 1.113223 -0.368176
v 0.748459 1.112971 -0.354351
v 0.747263 1.111645 -0.353784
v 0.747801 1.112769 -0.354039
v 0.747363 1.112284 -0.353832
v 0.769751 1.109275 -0.282485
v 0.768410 1.107968 -0.282325
v 0.769026 1.109084 -0.282380
v 0.768535 1.108606 -0.282322
v 0.789959 1.228511 -0.145938
v 0.790073 1.227882 -0.146592
v 0.790556 1.227434 -0.147132
v 0.753090 1.226389 -0.280194
v 0.751452 1.227607 -0.279893
v 0.752325 1.226536 -0.280070
v 0.751726 1.226982 -0.279960
v 0.733235 1.229964 -0.347143
v 0.731710 1.231159 -0.346421
v 0.732533 1.230100 -0.346810
v 0.731974 1.230537 -0.346546
v 0.807263 1.109521 -0.146962
v 0.807194 1.110150 -0.147605
v 0.807543 1.110622 -0.148137
v 0.558682 1.234439 -0.519209
v 0.557504 1.233197 -0.520392
v 0.558031 1.234645 -0.520525
v 0.558037 1.234280 -0.519766
v 0.557606 1.233826 -0.520199
v 0.570505 1.125469 -0.528491
v 0.571993 1.124137 -0.527503
v 0.571376 1.124079 -0.528838
v 0.570760 1.124828 -0.528393
v 0.571305 1.124341 -0.528032
v 0.816601 1.226764 -0.151259
v 0.816053 1.228021 -0.152484
v 0.817128 1.228209 -0.151197
v 0.816458 1.227396 -0.151419
v 0.816257 1.227856 -0.151867
v 0.833569 1.111558 -0.153574
v 0.833735 1.112837 -0.152325
v 0.834692 1.111437 -0.152290
v 0.833722 1.111735 -0.152954
v 0.833782 1.112203 -0.152497
v 0.527111 1.232298 -0.515754
v 0.528296 1.233540 -0.514573
v 0.525958 1.233699 -0.515633
v 0.527216 1.232927 -0.515562
v 0.527650 1.233381 -0.515129
v 0.540950 1.123218 -0.522766
v 0.539469 1.124551 -0.523756
v 0.538644 1.123109 -0.523846
v 0.540263 1.123422 -0.523295
v 0.539721 1.123910 -0.523658
v 0.790923 1.227277 -0.148650
v 0.791463 1.226021 -0.147423
v 0.790603 1.227424 -0.147150
v 0.791126 1.227112 -0.148032
v 0.791323 1.226652 -0.147584
v 0.808033 1.112077 -0.148404
v 0.807863 1.110797 -0.149652
v 0.807589 1.110635 -0.148156
v 0.808078 1.111442 -0.148575
v 0.808015 1.110974 -0.149032
v 0.000000 0.154660 -0.723126
v 0.000000 0.155947 -0.724459
v 0.000000 0.154832 -0.723785
v 0.000000 0.155304 -0.724273
v 0.441730 0.061456 -0.627398
v 0.440919 0.060169 -0.626246
v 0.441617 0.060813 -0.627238
v 0.441320 0.060341 -0.626816
v 0.765097 -0.037161 -0.362228
v 0.763693 -0.038448 -0.361563
v 0.764903 -0.037804 -0.362136
v 0.764389 -0.038275 -0.361893
v 0.883442 -0.093407 0.000000
v 0.881837 -0.094692 0.000000
v 0.883226 -0.094049 0.000000
v 0.882638 -0.094520 0.000000
v 0.765097 -0.037161 0.362228
v 0.763693 -0.038448 0.361563
v 0.764903 -0.037804 0.362136
v 0.764389 -0.038275 0.361893
v 0.441730 0.061456 0.627398
v 0.440919 0.060169 0.626246
v 0.441617 0.060813 0.627238
v 0.441320 0.060341 0.626816
v 0.000000 0.155947 0.724459
v 0.000000 0.154660 0.723126
v 0.000000 0.155304 0.724273
v 0.000000 0.154832 0.723786
v -0.441731 0.187068 0.627400
v -0.440918 0.185782 0.626246
v -0.441618 0.186425 0.627239
v -0.441320 0.185954 0.626817
v -0.765101 0.191941 0.362230
v -0.763693 0.190656 0.361563
v -0.764905 0.191298 0.362137
v -0.764389 0.190828 0.361893
v -0.883463 0.195877 0.000000
v -0.881837 0.194594 0.000000
v -0.883236 0.195235 0.000000
v -0.882641 0.194766 0.000000
v -0.765102 0.191941 -0.362229
v -0.763693 0.190656 -0.361563
v -0.764905 0.191298 -0.362136
v -0.764390 0.190828 -0.361892
v -0.441732 0.187068 -0.627400
v -0.440919 0.185782 -0.626245
v -0.441619 0.186425 -0.627239
v -0.441321 0.185954 -0.626816
v 0.000000 0.155949 -0.699941
v 0.000000 0.154660 -0.701235
v 0.000000 0.155304 -0.700107
v 0.000000 0.154833 -0.700581
v 0.427571 0.060169 -0.607287
v 0.426780 0.061458 -0.606165
v 0.427172 0.060341 -0.606721
v 0.426882 0.060813 -0.606310
v 0.740574 -0.038448 -0.350617
v 0.739204 -0.037160 -0.349969
v 0.739883 -0.038275 -0.350290
v 0.739381 -0.037804 -0.350053
v 0.855141 -0.094692 0.000000
v 0.853543 -0.093405 0.000000
v 0.854341 -0.094520 0.000000
v 0.853756 -0.094049 0.000000
v 0.740574 -0.038448 0.350617
v 0.739204 -0.037160 0.349969
v 0.739883 -0.038275 0.350290
v 0.739381 -0.037804 0.350053
v 0.427571 0.060169 0.607287
v 0.426780 0.061458 0.606165
v 0.427172 0.060341 0.606721
v 0.426882 0.060813 0.606310
v 0.000000 0.154660 0.701235
v 0.000000 0.155949 0.699941
v 0.000000 0.154832 0.700581
v 0.000000 0.155304 0.700107
v -0.427571 0.185782 0.607288
v -0.426782 0.187068 0.606167
v -0.427172 0.185954 0.606721
v -0.426883 0.186425 0.606311
v -0.740574 0.190656 0.350618
v -0.739208 0.191941 0.349971
v -0.739883 0.190828 0.350291
v -0.739383 0.191299 0.350054
v -0.855142 0.194594 0.000000
v -0.853564 0.195878 0.000000
v -0.854344 0.194766 0.000000
v -0.853767 0.195236 0.000000
v -0.740575 0.190656 -0.350617
v -0.739208 0.191941 -0.349970
v -0.739884 0.190828 -0.350290
v -0.739384 0.191299 -0.350054
v -0.427571 0.185782 -0.607287
v -0.426782 0.187068 -0.606167
v -0.427172 0.185954 -0.606721
v -0.426884 0.186425 -0.606311
v 0.753633 0.516639 0.380954
v 0.752941 0.517275 0.381288
v 0.752137 0.517741 0.381294
v 0.750348 0.202410 0.378306
v 0.749656 0.203047 0.378640
v 0.748852 0.203513 0.378646
v 0.710401 0.732380 0.419838
v 0.710797 0.731744 0.419264
v 0.710790 0.731278 0.418605
v 0.755889 0.732380 0.382771
v 0.755183 0.731744 0.383095
v 0.754370 0.731278 0.383093
v 0.754238 0.574500 0.381441
v 0.753533 0.573863 0.381765
v 0.752719 0.573397 0.381763
v 0.708751 0.574500 0.418508
v 0.709146 0.573863 0.417934
v 0.709139 0.573397 0.417275
v 0.590009 0.516639 0.514304
v 0.590419 0.517275 0.513741
v 0.590422 0.517741 0.513090
v 0.590675 0.574500 0.514840
v 0.591069 0.573863 0.514266
v 0.591062 0.573397 0.513606
v 0.708146 0.516639 0.418020
v 0.708554 0.517275 0.417457
v 0.708557 0.517741 0.416806
v 0.810179 0.516639 0.235287
v 0.809844 0.517275 0.235781
v 0.809273 0.517741 0.235880
v 0.810880 0.574500 0.235852
v 0.810530 0.573863 0.236334
v 0.809947 0.573397 0.236424
v 0.772381 0.516639 0.365676
v 0.771109 0.517912 0.364940
v 0.772217 0.517275 0.365581
v 0.771751 0.517741 0.365311
v 0.773143 0.574500 0.366037
v 0.771836 0.573227 0.365285
v 0.772961 0.573863 0.365933
v 0.772483 0.573397 0.365658
v 0.704860 0.202410 0.415372
v 0.705269 0.203047 0.414809
v 0.705272 0.203513 0.414158
v 0.732839 0.516639 0.364194
v 0.732450 0.517741 0.365427
v 0.732443 0.517275 0.364768
v 0.729675 0.202410 0.361644
v 0.729279 0.203047 0.362217
v 0.729286 0.203513 0.362876
v 0.689524 0.732380 0.403012
v 0.691021 0.731278 0.402672
v 0.690217 0.731744 0.402678
v 0.735012 0.732380 0.365945
v 0.734603 0.731744 0.366508
v 0.734601 0.731278 0.367160
v 0.733422 0.574500 0.364664
v 0.733013 0.573863 0.365227
v 0.733011 0.573397 0.365878
v 0.687935 0.574500 0.401731
v 0.689431 0.573397 0.401391
v 0.688627 0.573863 0.401397
v 0.569219 0.516639 0.497547
v 0.570738 0.517741 0.497226
v 0.569925 0.517275 0.497224
v 0.569859 0.574500 0.498064
v 0.570551 0.573863 0.497729
v 0.571354 0.573397 0.497723
v 0.687352 0.516639 0.401261
v 0.688870 0.517741 0.400939
v 0.688057 0.517275 0.400937
v 0.785917 0.516639 0.215734
v 0.785909 0.517275 0.216491
v 0.786229 0.517741 0.217308
v 0.786593 0.574500 0.216279
v 0.786879 0.573397 0.217832
v 0.786570 0.573863 0.217024
v 0.746220 0.516639 0.353291
v 0.747526 0.517912 0.354042
v 0.746401 0.517275 0.353394
v 0.746879 0.517741 0.353669
v 0.746953 0.574500 0.353638
v 0.748227 0.573227 0.354374
v 0.747118 0.573863 0.353734
v 0.747584 0.573397 0.354003
v 0.684187 0.202410 0.398711
v 0.684893 0.203047 0.398387
v 0.685706 0.203513 0.398389
v 0.752539 0.517912 0.380072
v 0.751425 0.516639 0.380958
v 0.752092 0.517752 0.381273
v 0.751987 0.517741 0.380519
v 0.751579 0.517275 0.380844
v 0.748166 0.204957 0.378332
v 0.747051 0.203683 0.379219
v 0.748807 0.203524 0.378625
v 0.748012 0.204320 0.378447
v 0.747604 0.203854 0.378772
v 0.710368 0.729834 0.418026
v 0.711483 0.731107 0.417140
v 0.710763 0.731267 0.418568
v 0.710523 0.730471 0.417911
v 0.710931 0.730937 0.417587
v 0.752565 0.731107 0.383663
v 0.753654 0.729834 0.382755
v 0.754325 0.731267 0.383072
v 0.753114 0.730937 0.383213
v 0.753513 0.730471 0.382881
v 0.752030 0.574500 0.381446
v 0.753118 0.573227 0.380538
v 0.752674 0.573386 0.381742
v 0.752171 0.573863 0.381320
v 0.752569 0.573397 0.380988
v 0.707630 0.573227 0.417605
v 0.708744 0.574500 0.416717
v 0.709113 0.573386 0.417238
v 0.708182 0.573397 0.417157
v 0.708590 0.573863 0.416832
v 0.591119 0.517912 0.511628
v 0.590032 0.519185 0.512537
v 0.590396 0.517753 0.513053
v 0.590570 0.518083 0.512078
v 0.590173 0.518549 0.512411
v 0.590639 0.571953 0.513026
v 0.591754 0.573227 0.512140
v 0.591035 0.573386 0.513569
v 0.590793 0.572590 0.512911
v 0.591202 0.573056 0.512587
v 0.708139 0.516639 0.416230
v 0.707051 0.517912 0.417138
v 0.708531 0.517753 0.416769
v 0.707998 0.517275 0.416356
v 0.707600 0.517741 0.416688
v 0.808633 0.519185 0.235569
v 0.808198 0.517912 0.237004
v 0.809228 0.517753 0.235858
v 0.808569 0.518549 0.235757
v 0.808410 0.518083 0.236282
v 0.808869 0.573227 0.237545
v 0.809273 0.571953 0.236085
v 0.809903 0.573386 0.236402
v 0.809077 0.573056 0.236820
v 0.809225 0.572590 0.236285
v 0.705969 0.203683 0.412695
v 0.704881 0.204957 0.413604
v 0.705245 0.203524 0.414121
v 0.705420 0.203854 0.413146
v 0.705022 0.204320 0.413478
v 0.732845 0.516639 0.365984
v 0.733959 0.517912 0.365097
v 0.732477 0.517752 0.365464
v 0.732999 0.517275 0.365869
v 0.733407 0.517741 0.365544
v 0.728592 0.203683 0.364342
v 0.729707 0.204957 0.363455
v 0.729312 0.203524 0.362913
v 0.729145 0.203854 0.363894
v 0.729553 0.204320 0.363570
v 0.692822 0.731107 0.402099
v 0.691707 0.729834 0.402986
v 0.691066 0.731267 0.402693
v 0.692269 0.730937 0.402547
v 0.691861 0.730471 0.402871
v 0.734992 0.729834 0.367715
v 0.733904 0.731107 0.368622
v 0.734627 0.731267 0.367197
v 0.734851 0.730471 0.367840
v 0.734452 0.730937 0.368172
v 0.734516 0.573227 0.365546
v 0.733428 0.574500 0.366454
v 0.733037 0.573386 0.365915
v 0.733967 0.573397 0.365996
v 0.733569 0.573863 0.366328
v 0.690143 0.574500 0.401726
v 0.689029 0.573227 0.402613
v 0.689476 0.573386 0.401412
v 0.689989 0.573863 0.401841
v 0.689582 0.573397 0.402166
v 0.571455 0.519185 0.497565
v 0.572543 0.517912 0.496656
v 0.570784 0.517752 0.497247
v 0.571596 0.518549 0.497439
v 0.571994 0.518083 0.497106
v 0.573154 0.573227 0.497149
v 0.572039 0.571953 0.498036
v 0.571400 0.573386 0.497744
v 0.572602 0.573056 0.497597
v 0.572194 0.572590 0.497921
v 0.688472 0.517912 0.402164
v 0.689560 0.516639 0.401256
v 0.688915 0.517752 0.400960
v 0.689021 0.517741 0.401714
v 0.689419 0.517275 0.401381
v 0.786374 0.517912 0.219415
v 0.786807 0.519185 0.217978
v 0.786259 0.517751 0.217343
v 0.786585 0.518083 0.218692
v 0.786743 0.518549 0.218166
v 0.787423 0.571953 0.218475
v 0.787020 0.573227 0.219935
v 0.786910 0.573388 0.217867
v 0.787375 0.572590 0.218675
v 0.787227 0.573056 0.219210
v 0.686422 0.204957 0.398726
v 0.687510 0.203683 0.397819
v 0.685751 0.203524 0.398410
v 0.686563 0.204320 0.398601
v 0.686961 0.203854 0.398269
v 0.753633 0.516639 -0.380954
v 0.752941 0.517275 -0.381288
v 0.752137 0.517741 -0.381294
v 0.750348 0.202410 -0.378306
v 0.749656 0.203047 -0.378640
v 0.748852 0.203513 -0.378646
v 0.710401 0.732380 -0.419838
v 0.710797 0.731744 -0.419264
v 0.710790 0.731278 -0.418605
v 0.755889 0.732380 -0.382772
v 0.755183 0.731744 -0.383095
v 0.754370 0.731278 -0.383093
v 0.754238 0.574500 -0.381441
v 0.753532 0.573863 -0.381765
v 0.752719 0.573397 -0.381763
v 0.708751 0.574500 -0.418508
v 0.709146 0.573863 -0.417934
v 0.709139 0.573397 -0.417275
v 0.590009 0.516639 -0.514304
v 0.590419 0.517275 -0.513741
v 0.590422 0.517741 -0.513091
v 0.590674 0.574500 -0.514840
v 0.591069 0.573863 -0.514266
v 0.591061 0.573397 -0.513606
v 0.708145 0.516639 -0.418020
v 0.708554 0.517275 -0.417457
v 0.708557 0.517741 -0.416806
v 0.810179 0.516639 -0.235287
v 0.809844 0.517275 -0.235781
v 0.809272 0.517741 -0.235880
v 0.810880 0.574500 -0.235853
v 0.810530 0.573863 -0.236334
v 0.809947 0.573397 -0.236424
v 0.771109 0.517912 -0.364940
v 0.772381 0.516639 -0.365676
v 0.771751 0.517741 -0.365311
v 0.772217 0.517275 -0.365581
v 0.773143 0.574500 -0.366037
v 0.771836 0.573227 -0.365285
v 0.772961 0.573863 -0.365933
v 0.772483 0.573397 -0.365658
v 0.704860 0.202410 -0.415372
v 0.705269 0.203047 -0.414809
v 0.705272 0.203513 -0.414158
v 0.732839 0.516639 -0.364194
v 0.732443 0.517275 -0.364768
v 0.732450 0.517741 -0.365427
v 0.729675 0.202410 -0.361644
v 0.729286 0.203513 -0.362877
v 0.729279 0.203047 -0.362218
v 0.689524 0.732380 -0.403012
v 0.690217 0.731744 -0.402678
v 0.691020 0.731278 -0.402672
v 0.735012 0.732380 -0.365945
v 0.734600 0.731278 -0.367160
v 0.734603 0.731744 -0.366509
v 0.733422 0.574500 -0.364664
v 0.733010 0.573397 -0.365879
v 0.733013 0.573863 -0.365227
v 0.687935 0.574500 -0.401731
v 0.688627 0.573863 -0.401397
v 0.689431 0.573397 -0.401391
v 0.569218 0.516639 -0.497548
v 0.569924 0.517275 -0.497224
v 0.570738 0.517741 -0.497226
v 0.569859 0.574500 -0.498064
v 0.571354 0.573397 -0.497723
v 0.570551 0.573863 -0.497729
v 0.687352 0.516639 -0.401261
v 0.688057 0.517275 -0.400937
v 0.688870 0.517741 -0.400939
v 0.785917 0.516639 -0.215734
v 0.786229 0.517741 -0.217308
v 0.785909 0.517275 -0.216491
v 0.786593 0.574500 -0.216279
v 0.786570 0.573863 -0.217024
v 0.786879 0.573397 -0.217832
v 0.746220 0.516639 -0.353291
v 0.747526 0.517912 -0.354042
v 0.746401 0.517275 -0.353394
v 0.746879 0.517741 -0.353669
v 0.748227 0.573227 -0.354374
v 0.746953 0.574500 -0.353638
v 0.747584 0.573397 -0.354003
v 0.747118 0.573863 -0.353733
v 0.684187 0.202410 -0.398711
v 0.685706 0.203513 -0.398389
v 0.684892 0.203047 -0.398387
v 0.751424 0.516639 -0.380959
v 0.752539 0.517912 -0.380072
v 0.752092 0.517752 -0.381273
v 0.751579 0.517275 -0.380844
v 0.751987 0.517741 -0.380519
v 0.747051 0.203683 -0.379219
v 0.748166 0.204957 -0.378332
v 0.748807 0.203524 -0.378625
v 0.747604 0.203854 -0.378772
v 0.748012 0.204320 -0.378447
v 0.711483 0.731107 -0.417140
v 0.710368 0.729834 -0.418027
v 0.710763 0.731267 -0.418568
v 0.710930 0.730937 -0.417587
v 0.710522 0.730471 -0.417912
v 0.753653 0.729834 -0.382755
v 0.752565 0.731107 -0.383663
v 0.754324 0.731267 -0.383072
v 0.753513 0.730471 -0.382881
v 0.753114 0.730937 -0.383213
v 0.753117 0.573227 -0.380538
v 0.752029 0.574500 -0.381446
v 0.752674 0.573386 -0.381742
v 0.752568 0.573397 -0.380988
v 0.752170 0.573863 -0.381321
v 0.708744 0.574500 -0.416718
v 0.707630 0.573227 -0.417605
v 0.709112 0.573386 -0.417238
v 0.708590 0.573863 -0.416833
v 0.708182 0.573397 -0.417157
v 0.590032 0.519185 -0.512537
v 0.591119 0.517912 -0.511628
v 0.590395 0.517753 -0.513054
v 0.590172 0.518549 -0.512411
v 0.590570 0.518083 -0.512078
v 0.591754 0.573227 -0.512140
v 0.590638 0.571953 -0.513026
v 0.591035 0.573386 -0.513569
v 0.591201 0.573056 -0.512587
v 0.590793 0.572590 -0.512912
v 0.707051 0.517912 -0.417138
v 0.708139 0.516639 -0.416230
v 0.708530 0.517753 -0.416769
v 0.707600 0.517741 -0.416688
v 0.707998 0.517275 -0.416356
v 0.808198 0.517912 -0.237004
v 0.808633 0.519185 -0.235570
v 0.809228 0.517753 -0.235858
v 0.808410 0.518083 -0.236283
v 0.808569 0.518549 -0.235757
v 0.809273 0.571953 -0.236086
v 0.808869 0.573227 -0.237545
v 0.809903 0.573386 -0.236402
v 0.809225 0.572590 -0.236286
v 0.809077 0.573056 -0.236820
v 0.704880 0.204957 -0.413604
v 0.705969 0.203683 -0.412696
v 0.705245 0.203524 -0.414121
v 0.705021 0.204320 -0.413478
v 0.705420 0.203854 -0.413146
v 0.733959 0.517912 -0.365097
v 0.732845 0.516639 -0.365984
v 0.732476 0.517752 -0.365464
v 0.733407 0.517741 -0.365545
v 0.732999 0.517275 -0.365869
v 0.729706 0.204957 -0.363455
v 0.728592 0.203683 -0.364342
v 0.729312 0.203524 -0.362913
v 0.729552 0.204320 -0.363570
v 0.729144 0.203854 -0.363895
v 0.691707 0.729834 -0.402987
v 0.692821 0.731107 -0.402099
v 0.691066 0.731267 -0.402693
v 0.691861 0.730471 -0.402872
v 0.692269 0.730937 -0.402547
v 0.733903 0.731107 -0.368623
v 0.734992 0.729834 -0.367715
v 0.734627 0.731267 -0.367197
v 0.734452 0.730937 -0.368173
v 0.734851 0.730471 -0.367840
v 0.733428 0.574500 -0.366454
v 0.734516 0.573227 -0.365546
v 0.733037 0.573386 -0.365916
v 0.733569 0.573863 -0.366329
v 0.733967 0.573397 -0.365996
v 0.689029 0.573227 -0.402614
v 0.690143 0.574500 -0.401726
v 0.689476 0.573386 -0.401412
v 0.689581 0.573397 -0.402166
v 0.689989 0.573863 -0.401841
v 0.572542 0.517912 -0.496656
v 0.571455 0.519185 -0.497565
v 0.570783 0.517752 -0.497248
v 0.571994 0.518083 -0.497107
v 0.571596 0.518549 -0.497439
v 0.572039 0.571953 -0.498036
v 0.573154 0.573227 -0.497149
v 0.571399 0.573386 -0.497744
v 0.572194 0.572590 -0.497921
v 0.572602 0.573056 -0.497597
v 0.689560 0.516639 -0.401256
v 0.688472 0.517912 -0.402164
v 0.688915 0.517752 -0.400960
v 0.689419 0.517275 -0.401382
v 0.689021 0.517741 -0.401714
v 0.786807 0.519185 -0.217979
v 0.786374 0.517912 -0.219415
v 0.786259 0.517751 -0.217344
v 0.786743 0.518549 -0.218167
v 0.786585 0.518083 -0.218692
v 0.787020 0.573227 -0.219936
v 0.787423 0.571953 -0.218475
v 0.786909 0.573388 -0.217868
v 0.787227 0.573056 -0.219210
v 0.787375 0.572590 -0.218676
v 0.687510 0.203683 -0.397819
v 0.686421 0.204957 -0.398727
v 0.685751 0.203524 -0.398410
v 0.686961 0.203854 -0.398269
v 0.686563 0.204320 -0.398601
v 0.425848 1.378259 -0.604840
v 0.425848 1.378259 0.604840
v 0.000000 1.378259 0.698409
v -0.425848 1.378259 0.604840
v -0.737590 1.378259 0.349205
v -0.851695 1.378259 0.000000
v -0.737590 1.378259 -0.349204
v -0.425848 1.378259 -0.604840
v 0.000000 1.378259 -0.698409
v 0.844878 1.389295 0.000000
v 0.737760 1.376995 -0.349285
v 0.736130 1.389102 0.348514
v 0.000000 0.838438 -0.734760
v 0.448012 0.814798 -0.636320
v -0.448013 0.846223 -0.636321
v 0.448012 0.814798 0.636320
v 0.000000 0.838438 0.734760
v -0.448012 0.846223 0.636321
v -0.775980 0.847443 0.367380
v -0.896024 0.848427 0.000000
v -0.775980 0.847443 -0.367380
v 0.885860 0.793406 0.000000
v 0.775917 0.785452 -0.367350
v 0.776259 0.811450 0.367512
v 0.442737 0.182238 -0.628829
v 0.442737 0.182238 0.628829
v 0.000000 0.265370 0.726110
v -0.442738 0.292749 0.628831
v -0.766845 0.297036 0.363056
v -0.885477 0.300499 0.000000
v -0.766846 0.297036 -0.363055
v 0.000000 0.265370 -0.726110
v -0.442739 0.292749 -0.628830
v 0.766636 0.079803 -0.362956
v 0.883873 0.064535 0.000000
v 0.766808 0.092914 0.363038
vt 0.512569 0.959231
vt 0.467791 0.943655
vt 0.473238 0.941677
vt 0.516813 0.955583
vt 0.517457 0.905491
vt 0.531767 0.907378
vt 0.531029 0.912297
vt 0.517288 0.909788
vt 0.179412 0.986526
vt 0.153622 0.987350
vt 0.152809 0.943444
vt 0.179412 0.942247
vt 0.205635 0.986482
vt 0.206014 0.943444
vt 0.233756 0.986219
vt 0.234460 0.948497
vt 0.260806 0.985946
vt 0.261277 0.947316
vt 0.283984 0.985816
vt 0.283278 0.948608
vt 0.308870 0.985674
vt 0.307743 0.947973
vt 0.331140 0.984542
vt 0.332659 0.949564
vt 0.046210 0.987963
vt 0.020589 0.988492
vt 0.020536 0.953033
vt 0.045814 0.950782
vt 0.335164 0.774952
vt 0.335075 0.792343
vt 0.310713 0.789892
vt 0.311230 0.772275
vt 0.075170 0.987197
vt 0.074537 0.948691
vt 0.068320 0.685803
vt 0.069880 0.708792
vt 0.045432 0.709582
vt 0.046297 0.685632
vt 0.091144 0.685637
vt 0.092283 0.707451
vt 0.118294 0.683876
vt 0.118515 0.705772
vt 0.291276 0.681165
vt 0.289519 0.705592
vt 0.265310 0.706810
vt 0.266140 0.681265
vt 0.312191 0.679550
vt 0.311754 0.704861
vt 0.334920 0.679119
vt 0.333979 0.704789
vt 0.027704 0.709905
vt 0.027958 0.687153
vt 0.046725 0.768769
vt 0.046331 0.789557
vt 0.028174 0.790836
vt 0.028279 0.768503
vt 0.071871 0.769696
vt 0.072323 0.789628
vt 0.095122 0.769696
vt 0.095741 0.789719
vt 0.120707 0.770834
vt 0.120268 0.790094
vt 0.151519 0.767245
vt 0.151990 0.787914
vt 0.179934 0.765875
vt 0.180803 0.786912
vt 0.126346 0.987241
vt 0.125175 0.946763
vt 0.288607 0.771276
vt 0.288700 0.789930
vt 0.261036 0.786762
vt 0.263332 0.769642
vt 0.208350 0.767227
vt 0.209330 0.786846
vt 0.238264 0.768566
vt 0.237588 0.786266
vt 0.895747 0.864449
vt 0.921270 0.885474
vt 0.919381 0.886337
vt 0.894720 0.865842
vt 0.802755 0.880688
vt 0.829891 0.861501
vt 0.830829 0.863008
vt 0.804609 0.881688
vt 0.790984 0.911190
vt 0.793294 0.911265
vt 0.800730 0.942463
vt 0.802655 0.941592
vt 0.826492 0.963700
vt 0.827545 0.962263
vt 0.859358 0.971414
vt 0.859400 0.969806
vt 0.892449 0.965383
vt 0.891516 0.963923
vt 0.919363 0.946190
vt 0.917536 0.945204
vt 0.931289 0.916189
vt 0.929059 0.916119
vt 0.863170 0.856344
vt 0.863099 0.857946
vt 0.096005 0.908532
vt 0.072578 0.907868
vt 0.071495 0.823016
vt 0.096128 0.824956
vt 0.045088 0.910401
vt 0.045598 0.823040
vt 0.020690 0.915644
vt 0.021203 0.822747
vt 0.334056 0.907602
vt 0.308308 0.906967
vt 0.312861 0.823873
vt 0.336939 0.823300
vt 0.284046 0.907560
vt 0.285358 0.824879
vt 0.261624 0.906509
vt 0.261954 0.823528
vt 0.239364 0.905838
vt 0.239654 0.823189
vt 0.123002 0.907144
vt 0.120972 0.825338
vt 0.096987 0.949510
vt 0.731585 0.872377
vt 0.703273 0.856666
vt 0.704601 0.855544
vt 0.732039 0.870840
vt 0.685100 0.828987
vt 0.687092 0.828631
vt 0.684534 0.795063
vt 0.686629 0.795720
vt 0.704413 0.767414
vt 0.705856 0.768851
vt 0.735469 0.754748
vt 0.735974 0.756429
vt 0.768048 0.756363
vt 0.767600 0.757906
vt 0.796035 0.772318
vt 0.794698 0.773412
vt 0.813398 0.800141
vt 0.811419 0.800456
vt 0.813425 0.833754
vt 0.811354 0.833104
vt 0.794157 0.861416
vt 0.792705 0.860026
vt 0.097499 0.987775
vt 0.763869 0.874561
vt 0.763371 0.872900
vt 0.288800 0.730283
vt 0.289044 0.752392
vt 0.264642 0.747670
vt 0.264422 0.730647
vt 0.311011 0.728425
vt 0.311648 0.754007
vt 0.335002 0.729853
vt 0.334015 0.756645
vt 0.046386 0.732753
vt 0.046513 0.749463
vt 0.028167 0.750198
vt 0.028524 0.733798
vt 0.069976 0.732525
vt 0.070765 0.749083
vt 0.093594 0.731129
vt 0.094931 0.749114
vt 0.120103 0.731632
vt 0.119821 0.748837
vt 0.238746 0.745806
vt 0.239170 0.729125
vt 0.151189 0.745321
vt 0.179921 0.744028
vt 0.208697 0.745293
vt 0.472736 0.921672
vt 0.472844 0.921836
vt 0.515698 0.909228
vt 0.515598 0.909431
vt 0.472753 0.921656
vt 0.533216 0.957245
vt 0.517916 0.959456
vt 0.517650 0.955067
vt 0.532419 0.952317
vt 0.473071 0.941950
vt 0.473088 0.941973
vt 0.516709 0.955409
vt 0.150431 0.729252
vt 0.511583 0.905540
vt 0.558234 0.945492
vt 0.559245 0.944859
vt 0.559159 0.944806
vt 0.533239 0.957400
vt 0.366998 0.943661
vt 0.367341 0.921786
vt 0.373213 0.922087
vt 0.372753 0.942632
vt 0.367120 0.921101
vt 0.366815 0.944280
vt 0.366856 0.944288
vt 0.367173 0.921079
vt 0.555977 0.942134
vt 0.209283 0.906994
vt 0.207538 0.906793
vt 0.207659 0.903304
vt 0.207205 0.916061
vt 0.209226 0.916309
vt 0.227890 0.918246
vt 0.228273 0.909372
vt 0.179412 0.902652
vt 0.201866 0.906410
vt 0.191099 0.906294
vt 0.191147 0.915516
vt 0.201866 0.915687
vt 0.432451 0.912099
vt 0.455982 0.922340
vt 0.455945 0.921598
vt 0.455899 0.921617
vt 0.432418 0.912346
vt 0.455336 0.921340
vt 0.454543 0.942453
vt 0.454851 0.942341
vt 0.454789 0.942315
vt 0.431535 0.957115
vt 0.416790 0.958807
vt 0.416773 0.954398
vt 0.430859 0.952120
vt 0.210413 0.706705
vt 0.210550 0.702944
vt 0.240309 0.705577
vt 0.209532 0.728261
vt 0.210041 0.716419
vt 0.211265 0.716573
vt 0.230801 0.718702
vt 0.231188 0.709428
vt 0.211342 0.706817
vt 0.412591 0.905141
vt 0.417921 0.904924
vt 0.417652 0.909317
vt 0.416816 0.908802
vt 0.151164 0.903304
vt 0.151618 0.916060
vt 0.156964 0.915685
vt 0.167683 0.915514
vt 0.167731 0.906293
vt 0.156964 0.906408
vt 0.151285 0.906792
vt 0.179977 0.728288
vt 0.179970 0.702256
vt 0.203803 0.706254
vt 0.192538 0.706135
vt 0.192594 0.715774
vt 0.203799 0.715971
vt 0.459388 0.920812
vt 0.458761 0.944170
vt 0.433258 0.907169
vt 0.410836 0.958674
vt 0.414917 0.954940
vt 0.558776 0.920335
vt 0.559375 0.943667
vt 0.555330 0.943133
vt 0.554569 0.922033
vt 0.555896 0.942858
vt 0.532385 0.952070
vt 0.532346 0.951836
vt 0.555994 0.943005
vt 0.532302 0.951617
vt 0.556113 0.943167
vt 0.555941 0.942877
vt 0.554825 0.922164
vt 0.554637 0.922064
vt 0.554467 0.921944
vt 0.473159 0.942159
vt 0.472761 0.921582
vt 0.473081 0.941999
vt 0.516594 0.955234
vt 0.473040 0.942026
vt 0.516448 0.955053
vt 0.517398 0.909644
vt 0.517515 0.909494
vt 0.515479 0.909631
vt 0.517635 0.909346
vt 0.515325 0.909840
vt 0.531012 0.912573
vt 0.530991 0.912832
vt 0.530962 0.913081
vt 0.467277 0.942447
vt 0.466986 0.920522
vt 0.472803 0.921635
vt 0.472816 0.921606
vt 0.467526 0.919543
vt 0.517747 0.955180
vt 0.517859 0.955294
vt 0.517980 0.955409
vt 0.557624 0.918829
vt 0.555178 0.922648
vt 0.149538 0.706720
vt 0.149407 0.702970
vt 0.149896 0.716421
vt 0.156129 0.715980
vt 0.167339 0.715786
vt 0.167392 0.706146
vt 0.156132 0.706271
vt 0.558737 0.919217
vt 0.558714 0.919267
vt 0.559301 0.944895
vt 0.533266 0.957539
vt 0.559459 0.944995
vt 0.533300 0.957668
vt 0.531787 0.907213
vt 0.559079 0.919094
vt 0.559459 0.918922
vt 0.466795 0.919896
vt 0.466837 0.919887
vt 0.511435 0.905410
vt 0.467108 0.943155
vt 0.512417 0.959357
vt 0.512296 0.959481
vt 0.466890 0.943223
vt 0.512236 0.959615
vt 0.466702 0.943315
vt 0.517439 0.905331
vt 0.517423 0.905174
vt 0.531814 0.907057
vt 0.517416 0.905025
vt 0.531847 0.906918
vt 0.511317 0.905278
vt 0.511258 0.905143
vt 0.467054 0.943133
vt 0.466611 0.919795
vt 0.466414 0.919689
vt 0.517896 0.959612
vt 0.517888 0.959759
vt 0.517894 0.959905
vt 0.554883 0.922139
vt 0.555529 0.942792
vt 0.555740 0.942472
vt 0.554936 0.922441
vt 0.554734 0.922254
vt 0.473197 0.941887
vt 0.473168 0.942039
vt 0.472768 0.921634
vt 0.472797 0.921709
vt 0.558571 0.944837
vt 0.558934 0.944257
vt 0.558396 0.919858
vt 0.558023 0.919361
vt 0.467441 0.942861
vt 0.467612 0.943265
vt 0.467322 0.919859
vt 0.467141 0.920184
vt 0.764365 0.876303
vt 0.731081 0.874083
vt 0.731252 0.873502
vt 0.764206 0.875714
vt 0.731420 0.872934
vt 0.764038 0.875131
vt 0.795479 0.862729
vt 0.795039 0.862282
vt 0.794595 0.861844
vt 0.815225 0.834319
vt 0.814626 0.834131
vt 0.814019 0.833941
vt 0.815225 0.799816
vt 0.814611 0.799932
vt 0.813998 0.800040
vt 0.797415 0.771154
vt 0.796956 0.771552
vt 0.796492 0.771940
vt 0.768546 0.754647
vt 0.768376 0.755232
vt 0.768210 0.755803
vt 0.734969 0.752993
vt 0.735129 0.753586
vt 0.735298 0.754173
vt 0.703099 0.766057
vt 0.703536 0.766518
vt 0.703977 0.766972
vt 0.682707 0.794490
vt 0.683316 0.794681
vt 0.683932 0.794874
vt 0.683260 0.829353
vt 0.683879 0.829223
vt 0.684495 0.829102
vt 0.701904 0.857859
vt 0.702359 0.857451
vt 0.702819 0.857053
vt 0.732193 0.870318
vt 0.763221 0.872362
vt 0.732342 0.869812
vt 0.763102 0.871836
vt 0.732490 0.869311
vt 0.763032 0.871280
vt 0.792298 0.859618
vt 0.791927 0.859208
vt 0.791584 0.858744
vt 0.810790 0.832926
vt 0.810244 0.832755
vt 0.809638 0.832564
vt 0.810855 0.800558
vt 0.810319 0.800683
vt 0.809775 0.800868
vt 0.794275 0.773772
vt 0.793884 0.774140
vt 0.793517 0.774559
vt 0.767449 0.758430
vt 0.767302 0.758938
vt 0.767157 0.759441
vt 0.736127 0.756972
vt 0.736246 0.757504
vt 0.736318 0.758065
vt 0.706260 0.769272
vt 0.706627 0.769695
vt 0.706965 0.770172
vt 0.687200 0.795899
vt 0.687752 0.796072
vt 0.688366 0.796265
vt 0.687660 0.828516
vt 0.688199 0.828379
vt 0.688744 0.828181
vt 0.705021 0.855175
vt 0.705408 0.854798
vt 0.705771 0.854370
vt 0.458249 0.918986
vt 0.455996 0.921471
vt 0.432380 0.912581
vt 0.456114 0.921312
vt 0.432337 0.912801
vt 0.455156 0.941835
vt 0.430861 0.951832
vt 0.454589 0.942407
vt 0.454406 0.942519
vt 0.367856 0.920581
vt 0.373288 0.922568
vt 0.373140 0.922270
vt 0.416700 0.908979
vt 0.416574 0.909157
vt 0.373132 0.922242
vt 0.416416 0.909342
vt 0.373090 0.922213
vt 0.414673 0.954689
vt 0.417017 0.954587
vt 0.414415 0.954436
vt 0.417272 0.954779
vt 0.414118 0.954169
vt 0.417528 0.954965
vt 0.430859 0.951562
vt 0.430849 0.951302
vt 0.367542 0.944627
vt 0.372812 0.942400
vt 0.372742 0.942570
vt 0.372801 0.942589
vt 0.372825 0.942619
vt 0.372724 0.942555
vt 0.373123 0.922293
vt 0.417761 0.909202
vt 0.417885 0.909086
vt 0.418019 0.908969
vt 0.457606 0.945686
vt 0.149549 0.906992
vt 0.131126 0.909578
vt 0.130985 0.918260
vt 0.149606 0.916307
vt 0.459173 0.919673
vt 0.433282 0.907013
vt 0.433309 0.906874
vt 0.459315 0.919583
vt 0.433343 0.906745
vt 0.459473 0.919484
vt 0.459259 0.919620
vt 0.458707 0.945246
vt 0.459082 0.945424
vt 0.459473 0.945600
vt 0.458729 0.945296
vt 0.431554 0.957282
vt 0.412438 0.905014
vt 0.366955 0.921010
vt 0.412319 0.904891
vt 0.366768 0.920918
vt 0.412260 0.904758
vt 0.416769 0.958969
vt 0.410688 0.958802
vt 0.416751 0.959130
vt 0.410569 0.958934
vt 0.416741 0.959282
vt 0.410508 0.959069
vt 0.431579 0.957440
vt 0.431611 0.957582
vt 0.366632 0.944378
vt 0.366438 0.944483
vt 0.417902 0.904767
vt 0.417893 0.904620
vt 0.417900 0.904474
vt 0.372775 0.942517
vt 0.372753 0.942585
vt 0.373220 0.922207
vt 0.373248 0.922358
vt 0.454707 0.942229
vt 0.454910 0.942042
vt 0.455745 0.922002
vt 0.455534 0.921682
vt 0.367155 0.943994
vt 0.367338 0.944315
vt 0.367677 0.920970
vt 0.367506 0.921373
vt 0.458007 0.945151
vt 0.458382 0.944651
vt 0.458948 0.920221
vt 0.458585 0.919641
vt 0.863091 0.854502
vt 0.896517 0.862790
vt 0.896328 0.863382
vt 0.863146 0.855123
vt 0.896070 0.863942
vt 0.863178 0.855743
vt 0.922777 0.884416
vt 0.922312 0.884829
vt 0.921800 0.885184
vt 0.933159 0.916248
vt 0.932518 0.916228
vt 0.931899 0.916208
vt 0.920796 0.947346
vt 0.920359 0.946903
vt 0.919871 0.946514
vt 0.893106 0.967091
vt 0.892958 0.966487
vt 0.892738 0.965911
vt 0.859151 0.973252
vt 0.859249 0.972633
vt 0.859324 0.972016
vt 0.825458 0.965246
vt 0.825786 0.964710
vt 0.826137 0.964195
vt 0.799087 0.943334
vt 0.799630 0.943017
vt 0.800182 0.942729
vt 0.789119 0.911128
vt 0.789736 0.911149
vt 0.790370 0.911169
vt 0.801180 0.879706
vt 0.801698 0.880059
vt 0.802228 0.880385
vt 0.828981 0.859887
vt 0.829266 0.860444
vt 0.829576 0.860983
vt 0.241384 0.682812
vt 0.894361 0.866293
vt 0.863053 0.858508
vt 0.893986 0.866714
vt 0.862976 0.859054
vt 0.893602 0.867154
vt 0.862867 0.859620
vt 0.918854 0.886569
vt 0.918330 0.886773
vt 0.917801 0.886988
vt 0.928486 0.916101
vt 0.927926 0.916083
vt 0.927383 0.916066
vt 0.917025 0.944937
vt 0.916517 0.944699
vt 0.916004 0.944449
vt 0.891188 0.963449
vt 0.890842 0.963004
vt 0.890488 0.962539
vt 0.859394 0.969241
vt 0.859355 0.968689
vt 0.859286 0.968116
vt 0.827871 0.961792
vt 0.828159 0.961318
vt 0.828429 0.960772
vt 0.803171 0.941342
vt 0.803659 0.941081
vt 0.804156 0.940783
vt 0.793873 0.911284
vt 0.794435 0.911303
vt 0.794981 0.911320
vt 0.805105 0.881973
vt 0.805572 0.882267
vt 0.806046 0.882598
vt 0.831117 0.863502
vt 0.831367 0.863993
vt 0.831594 0.864556
vt 0.145341 0.657712
vt 0.144314 0.630510
vt 0.139176 0.630717
vt 0.140316 0.657918
vt 0.127266 0.658586
vt 0.127596 0.663522
vt 0.140560 0.662854
vt 0.141220 0.676164
vt 0.146136 0.675929
vt 0.145543 0.662642
vt 0.147608 0.662565
vt 0.148520 0.682375
vt 0.116165 0.627677
vt 0.145948 0.620755
vt 0.147414 0.657638
vt 0.521282 0.795192
vt 0.520866 0.790885
vt 0.520870 0.790882
vt 0.520974 0.790960
vt 0.521426 0.795186
vt 0.473164 0.799250
vt 0.470071 0.813853
vt 0.470069 0.813853
vt 0.470041 0.813799
vt 0.472921 0.799452
vt 0.473156 0.799247
vt 0.485399 0.781027
vt 0.476862 0.789093
vt 0.476856 0.789090
vt 0.476877 0.788846
vt 0.485324 0.781028
vt 0.485398 0.781025
vt 0.497806 0.830817
vt 0.510602 0.817332
vt 0.510613 0.817339
vt 0.510550 0.817707
vt 0.497865 0.830882
vt 0.179412 0.808139
vt 0.211495 0.813697
vt 0.209592 0.859910
vt 0.197904 0.859507
vt 0.197848 0.864184
vt 0.209400 0.864615
vt 0.472670 0.786938
vt 0.476654 0.789207
vt 0.473080 0.798965
vt 0.467871 0.797298
vt 0.498427 0.781025
vt 0.485438 0.780979
vt 0.498231 0.780849
vt 0.498428 0.781018
vt 0.476191 0.826331
vt 0.476189 0.826333
vt 0.476069 0.826290
vt 0.470051 0.813901
vt 0.509445 0.779708
vt 0.508301 0.784561
vt 0.498663 0.780942
vt 0.498529 0.776397
vt 0.180181 0.617651
vt 0.180053 0.680124
vt 0.159090 0.662135
vt 0.159009 0.657232
vt 0.508476 0.784804
vt 0.508477 0.784797
vt 0.508723 0.784702
vt 0.520836 0.790761
vt 0.496021 0.832797
vt 0.496129 0.834193
vt 0.481645 0.832400
vt 0.482981 0.830542
vt 0.519520 0.806433
vt 0.519722 0.806263
vt 0.519527 0.806438
vt 0.212539 0.662729
vt 0.214603 0.662815
vt 0.213957 0.676090
vt 0.218868 0.676355
vt 0.219582 0.663046
vt 0.232528 0.663756
vt 0.232872 0.658831
vt 0.219844 0.658116
vt 0.221096 0.630939
vt 0.215964 0.630714
vt 0.214825 0.657889
vt 0.212753 0.657807
vt 0.214423 0.619803
vt 0.241745 0.626789
vt 0.211653 0.680372
vt 0.411475 0.818174
vt 0.420013 0.826239
vt 0.420012 0.826241
vt 0.419938 0.826239
vt 0.411491 0.818421
vt 0.411469 0.818177
vt 0.404682 0.793418
vt 0.407776 0.808019
vt 0.407768 0.808022
vt 0.407532 0.807818
vt 0.404652 0.793472
vt 0.404681 0.793418
vt 0.433040 0.826241
vt 0.443088 0.822460
vt 0.443090 0.822467
vt 0.442914 0.822703
vt 0.433276 0.826323
vt 0.433041 0.826247
vt 0.445216 0.789933
vt 0.432421 0.776450
vt 0.432480 0.776386
vt 0.445164 0.789558
vt 0.445227 0.789926
vt 0.149231 0.859910
vt 0.147328 0.813697
vt 0.149423 0.864615
vt 0.160975 0.864184
vt 0.160919 0.859507
vt 0.411268 0.818061
vt 0.407692 0.808304
vt 0.432845 0.826416
vt 0.420052 0.826287
vt 0.410802 0.780937
vt 0.404663 0.793370
vt 0.410680 0.780977
vt 0.410799 0.780935
vt 0.455479 0.816378
vt 0.455895 0.812071
vt 0.456039 0.812077
vt 0.455587 0.816303
vt 0.455483 0.816382
vt 0.201166 0.657352
vt 0.201063 0.662252
vt 0.455449 0.816503
vt 0.443336 0.822562
vt 0.454133 0.800831
vt 0.454140 0.800826
vt 0.454335 0.801000
vt 0.430691 0.774517
vt 0.417537 0.776840
vt 0.417535 0.776837
vt 0.417592 0.776725
vt 0.430635 0.774470
vt 0.430692 0.774514
vt 0.483131 0.830105
vt 0.496049 0.832536
vt 0.496063 0.832644
vt 0.483017 0.830292
vt 0.496077 0.832750
vt 0.482927 0.830427
vt 0.517289 0.822332
vt 0.499628 0.834261
vt 0.496264 0.834189
vt 0.496152 0.832752
vt 0.508377 0.785260
vt 0.498368 0.781435
vt 0.498415 0.781236
vt 0.508434 0.785014
vt 0.498106 0.776391
vt 0.484748 0.779846
vt 0.520626 0.791120
vt 0.520747 0.791001
vt 0.509880 0.779942
vt 0.522433 0.788876
vt 0.485541 0.781390
vt 0.485474 0.781196
vt 0.477217 0.789327
vt 0.473575 0.799361
vt 0.473365 0.799319
vt 0.477041 0.789195
vt 0.468903 0.813785
vt 0.467820 0.797805
vt 0.470513 0.813799
vt 0.470283 0.813837
vt 0.484632 0.779891
vt 0.472991 0.786628
vt 0.510067 0.817020
vt 0.519157 0.806140
vt 0.519343 0.806267
vt 0.510352 0.817211
vt 0.510988 0.817220
vt 0.519530 0.806726
vt 0.525140 0.810066
vt 0.517756 0.821915
vt 0.497691 0.830706
vt 0.497748 0.830758
vt 0.496078 0.832753
vt 0.482925 0.830430
vt 0.521016 0.795189
vt 0.521146 0.795194
vt 0.499682 0.834436
vt 0.496184 0.834241
vt 0.496185 0.834238
vt 0.522608 0.789039
vt 0.525377 0.791786
vt 0.525259 0.809551
vt 0.476453 0.826118
vt 0.476335 0.826233
vt 0.474396 0.827809
vt 0.476227 0.826451
vt 0.482782 0.830442
vt 0.481422 0.832321
vt 0.474254 0.827641
vt 0.468924 0.813888
vt 0.496151 0.834543
vt 0.481384 0.832816
vt 0.481431 0.832636
vt 0.496157 0.834387
vt 0.481494 0.832467
vt 0.474214 0.827792
vt 0.474219 0.827789
vt 0.481496 0.832462
vt 0.498198 0.775676
vt 0.509985 0.779211
vt 0.509862 0.779415
vt 0.498237 0.775919
vt 0.509761 0.779629
vt 0.498283 0.776161
vt 0.522571 0.788874
vt 0.522568 0.788879
vt 0.509757 0.779639
vt 0.522791 0.788604
vt 0.522668 0.788735
vt 0.525577 0.791708
vt 0.484405 0.779454
vt 0.484543 0.779648
vt 0.484670 0.779823
vt 0.498285 0.776170
vt 0.467117 0.797317
vt 0.472244 0.786371
vt 0.472432 0.786503
vt 0.467351 0.797394
vt 0.472620 0.786638
vt 0.467586 0.797467
vt 0.468873 0.813845
vt 0.468876 0.813844
vt 0.468362 0.813843
vt 0.468630 0.813844
vt 0.472628 0.786644
vt 0.467597 0.797470
vt 0.525975 0.810192
vt 0.518299 0.822636
vt 0.518060 0.822449
vt 0.525710 0.810087
vt 0.517815 0.822293
vt 0.525467 0.809960
vt 0.525457 0.809956
vt 0.499789 0.834774
vt 0.499733 0.834608
vt 0.517805 0.822286
vt 0.525975 0.791562
vt 0.525774 0.791629
vt 0.484672 0.779827
vt 0.473849 0.827982
vt 0.474030 0.827883
vt 0.210811 0.864669
vt 0.210263 0.877345
vt 0.214936 0.877546
vt 0.215564 0.864873
vt 0.227928 0.865543
vt 0.228258 0.860807
vt 0.215801 0.860162
vt 0.216935 0.834175
vt 0.212017 0.833981
vt 0.211006 0.859962
vt 0.496107 0.832776
vt 0.496063 0.832790
vt 0.482918 0.830505
vt 0.482850 0.830469
vt 0.498368 0.780879
vt 0.498520 0.780913
vt 0.508431 0.784625
vt 0.508580 0.784670
vt 0.520888 0.790814
vt 0.520936 0.790879
vt 0.485363 0.781009
vt 0.485400 0.780992
vt 0.472981 0.799283
vt 0.473040 0.799114
vt 0.476720 0.789097
vt 0.476796 0.788969
vt 0.470046 0.813868
vt 0.470043 0.813834
vt 0.510850 0.817364
vt 0.510700 0.817537
vt 0.519670 0.806426
vt 0.519598 0.806587
vt 0.476172 0.826399
vt 0.476117 0.826343
vt 0.496170 0.834196
vt 0.496215 0.834194
vt 0.481491 0.832361
vt 0.481569 0.832388
vt 0.498388 0.776360
vt 0.498240 0.776359
vt 0.509752 0.779846
vt 0.509601 0.779763
vt 0.522553 0.788974
vt 0.522495 0.788919
vt 0.484710 0.779857
vt 0.484671 0.779872
vt 0.467817 0.797445
vt 0.467800 0.797622
vt 0.472851 0.786710
vt 0.472740 0.786818
vt 0.468908 0.813822
vt 0.468915 0.813856
vt 0.517487 0.822217
vt 0.517651 0.822071
vt 0.525219 0.809923
vt 0.525260 0.809744
vt 0.474284 0.827706
vt 0.474333 0.827765
vt 0.430663 0.774731
vt 0.417742 0.777162
vt 0.417627 0.776975
vt 0.430677 0.774623
vt 0.416254 0.774867
vt 0.430743 0.773074
vt 0.432981 0.825831
vt 0.442990 0.822004
vt 0.443047 0.822251
vt 0.433028 0.826030
vt 0.433143 0.830868
vt 0.444058 0.827556
vt 0.455239 0.816143
vt 0.455360 0.816263
vt 0.444493 0.827322
vt 0.457046 0.818388
vt 0.420155 0.825876
vt 0.420088 0.826070
vt 0.432720 0.830874
vt 0.419362 0.827420
vt 0.408187 0.807908
vt 0.411831 0.817940
vt 0.411655 0.818073
vt 0.407977 0.807950
vt 0.407284 0.820330
vt 0.402484 0.809972
vt 0.405124 0.793472
vt 0.404894 0.793434
vt 0.402433 0.809465
vt 0.403514 0.793486
vt 0.419246 0.827375
vt 0.407605 0.820639
vt 0.453770 0.801123
vt 0.444681 0.790245
vt 0.444965 0.790055
vt 0.453956 0.800996
vt 0.459753 0.797198
vt 0.454143 0.800538
vt 0.445601 0.790045
vt 0.452369 0.785351
vt 0.432306 0.776561
vt 0.432362 0.776509
vt 0.430765 0.774515
vt 0.430878 0.773077
vt 0.434243 0.773006
vt 0.451901 0.784934
vt 0.455629 0.812074
vt 0.455759 0.812069
vt 0.459990 0.815477
vt 0.457221 0.818225
vt 0.459872 0.797712
vt 0.430798 0.773025
vt 0.434296 0.772831
vt 0.430798 0.773028
vt 0.411063 0.781149
vt 0.410946 0.781034
vt 0.416031 0.774946
vt 0.417392 0.776825
vt 0.410838 0.780816
vt 0.409006 0.779458
vt 0.403535 0.793383
vt 0.408864 0.779626
vt 0.415993 0.774451
vt 0.430765 0.772724
vt 0.430771 0.772880
vt 0.416041 0.774631
vt 0.416103 0.774800
vt 0.408824 0.779475
vt 0.416105 0.774805
vt 0.408829 0.779478
vt 0.444598 0.828053
vt 0.432812 0.831590
vt 0.432850 0.831347
vt 0.444475 0.827849
vt 0.432897 0.831105
vt 0.444374 0.827635
vt 0.457184 0.818389
vt 0.444370 0.827625
vt 0.457181 0.818385
vt 0.457404 0.818660
vt 0.457281 0.818528
vt 0.460189 0.815556
vt 0.419020 0.827812
vt 0.419157 0.827618
vt 0.419284 0.827443
vt 0.432898 0.831095
vt 0.406858 0.820897
vt 0.401730 0.809952
vt 0.401964 0.809876
vt 0.407046 0.820764
vt 0.402199 0.809803
vt 0.407234 0.820630
vt 0.403484 0.793426
vt 0.403487 0.793427
vt 0.402972 0.793428
vt 0.403240 0.793427
vt 0.402209 0.809800
vt 0.407242 0.820624
vt 0.452911 0.784630
vt 0.460588 0.797072
vt 0.460323 0.797177
vt 0.452672 0.784817
vt 0.460080 0.797304
vt 0.452427 0.784972
vt 0.460070 0.797308
vt 0.434403 0.772493
vt 0.434347 0.772659
vt 0.452418 0.784979
vt 0.460588 0.815701
vt 0.460386 0.815634
vt 0.419286 0.827439
vt 0.408459 0.779286
vt 0.408640 0.779384
vt 0.143259 0.864873
vt 0.143887 0.877546
vt 0.148560 0.877345
vt 0.148012 0.864669
vt 0.147817 0.859962
vt 0.146806 0.833981
vt 0.141888 0.834175
vt 0.143022 0.860162
vt 0.130566 0.860807
vt 0.130895 0.865543
vt 0.430677 0.774477
vt 0.430720 0.774491
vt 0.417460 0.776798
vt 0.417529 0.776761
vt 0.433133 0.826353
vt 0.432982 0.826387
vt 0.443193 0.822594
vt 0.443044 0.822639
vt 0.455549 0.816384
vt 0.455501 0.816449
vt 0.420014 0.826274
vt 0.419976 0.826257
vt 0.407652 0.808155
vt 0.407593 0.807986
vt 0.411409 0.818298
vt 0.411334 0.818170
vt 0.404654 0.793437
vt 0.404657 0.793403
vt 0.445313 0.789728
vt 0.445463 0.789902
vt 0.454211 0.800676
vt 0.454283 0.800837
vt 0.410727 0.780924
vt 0.410783 0.780868
vt 0.430829 0.773072
vt 0.430784 0.773070
vt 0.416179 0.774879
vt 0.416101 0.774906
vt 0.432854 0.830906
vt 0.433001 0.830905
vt 0.444214 0.827501
vt 0.444365 0.827418
vt 0.457108 0.818344
vt 0.457166 0.818290
vt 0.419285 0.827394
vt 0.419324 0.827409
vt 0.402413 0.809648
vt 0.402430 0.809825
vt 0.407354 0.820450
vt 0.407466 0.820558
vt 0.403526 0.793415
vt 0.403519 0.793449
vt 0.452263 0.785195
vt 0.452099 0.785049
vt 0.459873 0.797520
vt 0.459831 0.797341
vt 0.408943 0.779502
vt 0.408894 0.779561
vt 0.266269 0.631369
vt 0.148601 0.706831
vt 0.128757 0.709366
vt 0.129113 0.718649
vt 0.148662 0.716574
vt 0.046815 0.630399
vt 0.028565 0.630664
vt 0.334761 0.633549
vt 0.312752 0.632174
vt 0.289315 0.630958
vt 0.091075 0.629411
vt 0.067959 0.630157
vt 0.066591 0.612817
vt 0.046906 0.612202
vt 0.089378 0.612926
vt 0.116778 0.613171
vt 0.289275 0.612110
vt 0.265829 0.612711
vt 0.312006 0.611654
vt 0.333261 0.613257
vt 0.028963 0.612380
vt 0.242376 0.612643
vt 0.145589 0.609022
vt 0.180230 0.603392
vt 0.214807 0.609264
vn -0.0971 0.9812 -0.1664
vn -0.0932 0.9499 -0.2982
vn 0.0942 0.9955 -0.0096
vn 0.0578 0.9980 0.0237
vn -0.0544 -0.9984 0.0118
vn -0.0795 -0.9968 0.0001
vn 0.1343 -0.9890 0.0623
vn 0.1308 -0.9817 0.1378
vn -0.9916 -0.1294 0.0000
vn -0.8285 -0.1055 0.5499
vn -0.8164 -0.1951 0.5435
vn -0.9783 -0.2073 0.0000
vn -0.8285 -0.1055 -0.5499
vn -0.8164 -0.1951 -0.5435
vn -0.4473 -0.0627 -0.8921
vn -0.4369 -0.1675 -0.8838
vn 0.0000 -0.0434 -0.9991
vn 0.0000 -0.1532 -0.9882
vn 0.4473 -0.0627 -0.8921
vn 0.4369 -0.1675 -0.8838
vn 0.8285 -0.1055 -0.5499
vn 0.8136 -0.1985 -0.5465
vn 0.9916 -0.1294 0.0000
vn 0.9766 -0.2150 0.0000
vn 0.8285 -0.1055 0.5499
vn 0.8136 -0.1985 0.5465
vn -0.9563 0.2922 0.0000
vn -0.8936 0.4488 0.0000
vn -0.7571 0.4222 -0.4985
vn -0.8012 0.2646 -0.5367
vn 0.4473 -0.0627 0.8921
vn 0.4369 -0.1675 0.8838
vn -0.4365 -0.0162 0.8995
vn -0.4372 0.0575 0.8975
vn -0.8250 0.0631 0.5616
vn -0.8253 -0.0181 0.5644
vn -0.0006 -0.0148 0.9999
vn -0.0001 0.0554 0.9984
vn 0.4354 -0.0143 0.9001
vn 0.4370 0.0584 0.8975
vn -0.4365 -0.0162 -0.8995
vn -0.4372 0.0575 -0.8975
vn -0.0001 0.0554 -0.9984
vn -0.0006 -0.0148 -0.9999
vn -0.8253 -0.0181 -0.5644
vn -0.8250 0.0631 -0.5616
vn -0.9998 -0.0192 0.0000
vn -0.9978 0.0663 0.0000
vn -0.8012 0.2646 0.5367
vn -0.7571 0.4221 0.4985
vn -0.4346 0.2137 0.8748
vn -0.4194 0.3711 0.8284
vn 0.0000 0.1903 0.9817
vn 0.0000 0.3466 0.9380
vn 0.4346 0.2137 0.8748
vn 0.4194 0.3711 0.8284
vn 0.8012 0.2646 0.5367
vn 0.7571 0.4222 0.4985
vn 0.9563 0.2922 0.0000
vn 0.8936 0.4487 0.0000
vn -0.4473 -0.0627 0.8921
vn -0.4369 -0.1675 0.8838
vn -0.4346 0.2137 -0.8748
vn -0.4194 0.3711 -0.8285
vn 0.0000 0.3466 -0.9380
vn 0.0000 0.1903 -0.9817
vn 0.8012 0.2646 -0.5367
vn 0.7571 0.4222 -0.4985
vn 0.4346 0.2137 -0.8748
vn 0.4194 0.3711 -0.8284
vn -0.1138 -0.9623 -0.2469
vn 0.0151 -0.9715 -0.2363
vn -0.1673 -0.9789 -0.1167
vn -0.2231 -0.9742 -0.0343
vn -0.1106 -0.9915 -0.0686
vn -0.0940 -0.9891 -0.1134
vn 0.0100 -0.9940 0.1092
vn 0.0716 -0.9956 0.0599
vn -0.1282 -0.9917 0.0000
vn 0.0827 -0.9966 0.0000
vn -0.1106 -0.9915 0.0686
vn 0.0716 -0.9956 -0.0599
vn -0.0940 -0.9891 0.1134
vn 0.0100 -0.9940 -0.1092
vn -0.1305 -0.9776 0.1650
vn -0.1348 -0.9868 -0.0893
vn -0.1138 -0.9623 0.2469
vn -0.2231 -0.9742 0.0344
vn 0.0151 -0.9715 0.2363
vn -0.1673 -0.9789 0.1167
vn 0.0938 -0.9956 0.0000
vn -0.1160 -0.9932 0.0000
vn -0.1305 -0.9776 -0.1650
vn -0.1348 -0.9868 0.0894
vn 0.0005 -0.0536 0.9985
vn 0.4373 -0.0556 0.8975
vn 0.4251 -0.1238 0.8966
vn -0.0165 -0.1158 0.9931
vn 0.8251 -0.0610 0.5617
vn 0.8138 -0.1394 0.5642
vn 0.9979 -0.0642 0.0000
vn 0.9891 -0.1468 0.0000
vn 0.8251 -0.0610 -0.5617
vn 0.8138 -0.1395 -0.5642
vn 0.4373 -0.0556 -0.8975
vn 0.4251 -0.1239 -0.8966
vn 0.0005 -0.0536 -0.9985
vn -0.0165 -0.1158 -0.9931
vn -0.4365 -0.0566 -0.8979
vn -0.4566 -0.1269 -0.8806
vn -0.4365 -0.0566 0.8979
vn -0.4566 -0.1270 0.8806
vn 0.0000 -0.1532 0.9882
vn 0.0000 0.9916 -0.1294
vn -0.0548 0.9920 -0.1136
vn 0.0484 0.9946 0.0918
vn 0.0000 0.9941 0.1080
vn -0.0978 0.9929 -0.0674
vn 0.0804 0.9955 0.0507
vn -0.1146 0.9934 0.0000
vn 0.0906 0.9959 0.0000
vn -0.0978 0.9929 0.0674
vn 0.0804 0.9955 -0.0507
vn -0.0548 0.9920 0.1135
vn 0.0484 0.9946 -0.0918
vn 0.0000 0.9916 0.1294
vn 0.0000 0.9941 -0.1081
vn 0.0548 0.9920 0.1135
vn -0.0484 0.9946 -0.0918
vn 0.0978 0.9929 0.0674
vn -0.0804 0.9955 -0.0507
vn 0.1146 0.9934 0.0000
vn -0.0906 0.9959 0.0000
vn 0.0978 0.9929 -0.0674
vn -0.0804 0.9955 0.0507
vn 0.0000 -0.0434 0.9991
vn 0.0548 0.9920 -0.1135
vn -0.0484 0.9946 0.0918
vn -0.4324 0.1321 -0.8919
vn -0.4355 0.1531 -0.8870
vn 0.0000 0.1389 -0.9903
vn 0.0000 0.1264 -0.9919
vn -0.8164 0.1455 -0.5587
vn -0.8143 0.1842 -0.5504
vn -0.9881 0.1536 0.0000
vn -0.9796 0.2010 0.0000
vn -0.8164 0.1455 0.5587
vn -0.8143 0.1842 0.5504
vn -0.4324 0.1321 0.8919
vn -0.4355 0.1531 0.8870
vn 0.0000 0.1264 0.9919
vn 0.0000 0.1389 0.9903
vn 0.4324 0.1321 0.8919
vn 0.4355 0.1531 0.8870
vn 0.4355 0.1531 -0.8870
vn 0.4324 0.1321 -0.8919
vn 0.8158 0.1811 0.5492
vn 0.9809 0.1945 0.0000
vn 0.8158 0.1812 -0.5492
vn 0.6150 -0.6800 -0.3992
vn 0.1365 -0.9830 0.1225
vn 0.1003 -0.9836 0.1497
vn 0.3332 -0.8383 0.4315
vn 0.7461 -0.6308 -0.2128
vn -0.1347 0.9891 -0.0590
vn -0.0983 0.9894 -0.1067
vn 0.0852 0.9962 0.0194
vn 0.0797 0.9968 0.0036
vn 0.5368 0.6797 -0.4998
vn 0.6662 0.6892 -0.2848
vn 0.2765 0.9137 0.2977
vn 0.8213 0.1387 0.5533
vn -0.0548 -0.9977 -0.0401
vn -0.1906 0.9808 0.0402
vn -0.5741 0.6066 0.5499
vn -0.7607 0.5009 0.4128
vn -0.4745 0.8663 -0.1560
vn 0.0488 -0.1494 0.9875
vn 0.0442 0.0065 0.9990
vn 0.2694 0.0594 0.9612
vn 0.2788 -0.1324 0.9511
vn -0.1551 0.5486 0.8216
vn -0.1197 -0.6683 0.7342
vn -0.2649 -0.5243 0.8093
vn -0.2885 0.3579 0.8880
vn 0.0970 0.9869 0.1288
vn -0.6305 0.0115 -0.7760
vn -0.8268 0.0210 -0.5620
vn -0.8293 -0.0608 -0.5555
vn -0.7984 -0.2859 -0.5299
vn -0.6136 -0.2622 -0.7448
vn -0.5762 -0.1822 -0.7967
vn -0.5815 -0.0703 -0.8105
vn -0.9980 -0.0621 0.0000
vn -0.9568 0.0248 -0.2895
vn -0.9766 -0.0555 -0.2079
vn -0.9553 -0.2112 -0.2069
vn -0.9214 -0.2772 -0.2723
vn 0.0797 0.9968 -0.0036
vn 0.0970 0.9869 -0.1288
vn 0.2584 0.6571 -0.7081
vn 0.4715 0.5833 -0.6613
vn 0.3869 0.9171 -0.0956
vn -0.0079 0.0958 -0.9954
vn 0.0002 -0.0702 -0.9975
vn 0.3299 -0.6123 -0.7185
vn 0.5332 -0.4794 -0.6970
vn -0.0795 -0.9968 -0.0001
vn -0.0544 -0.9984 -0.0118
vn 0.1308 -0.9818 -0.1378
vn 0.1343 -0.9890 -0.0623
vn 0.8040 0.2780 -0.5256
vn 0.8320 0.0624 -0.5512
vn 0.4370 0.0584 -0.8975
vn 0.8214 0.1387 -0.5532
vn 0.8321 -0.0132 -0.5544
vn 0.6321 -0.0078 -0.7748
vn 0.6882 0.0595 -0.7231
vn 0.6760 0.2114 -0.7059
vn 0.6141 0.2667 -0.7428
vn -0.0971 0.9813 0.1664
vn -0.0983 0.9894 0.1067
vn 0.0853 0.9962 -0.0193
vn 0.0578 0.9980 -0.0237
vn -0.8293 -0.0608 0.5555
vn -0.7984 -0.2860 0.5298
vn -0.9213 -0.2775 0.2723
vn -0.9553 -0.2113 0.2069
vn -0.9766 -0.0553 0.2079
vn -0.9568 0.0251 0.2896
vn -0.8268 0.0211 0.5620
vn 0.9903 0.1388 0.0000
vn 0.9980 0.0633 0.0000
vn 0.9214 0.2784 -0.2709
vn 0.9139 0.2066 -0.3493
vn 0.9324 0.0584 -0.3567
vn 0.9574 -0.0239 -0.2876
vn -0.3036 0.0469 -0.9516
vn -0.2935 -0.1244 -0.9478
vn -0.1347 0.9891 0.0590
vn -0.0548 -0.9977 0.0401
vn 0.1003 -0.9836 -0.1496
vn -0.2935 -0.1244 0.9478
vn -0.3036 0.0470 0.9516
vn -0.0079 0.0959 0.9954
vn 0.0002 -0.0702 0.9975
vn 0.4716 0.5833 0.6613
vn 0.3871 0.9171 0.0956
vn 0.7476 0.6311 0.2070
vn 0.8131 0.3474 0.4670
vn 0.9214 0.2783 0.2709
vn 0.9139 0.2067 0.3494
vn 0.2584 0.6571 0.7081
vn 0.5333 -0.4793 0.6970
vn 0.8632 -0.1095 0.4928
vn 0.9323 0.0586 0.3568
vn 0.2694 0.0594 -0.9612
vn 0.2788 -0.1324 -0.9511
vn 0.7580 0.4065 0.5100
vn 0.5124 0.6118 0.6026
vn 0.6760 0.2113 0.7059
vn 0.6141 0.2667 0.7428
vn 0.4341 -0.8363 0.3348
vn 0.7440 -0.4313 0.5103
vn 0.5670 -0.4227 0.7070
vn 0.8321 -0.0130 0.5544
vn 0.6321 -0.0078 0.7748
vn 0.4719 -0.8673 0.1581
vn 0.8462 -0.4660 0.2584
vn 0.9574 -0.0235 0.2877
vn 0.0442 0.0065 -0.9990
vn 0.0488 -0.1494 -0.9875
vn 0.8077 -0.1469 0.5710
vn 0.6882 0.0595 0.7231
vn -0.0535 -0.9843 -0.1678
vn 0.3610 0.9078 0.2134
vn 0.6634 0.6191 0.4203
vn 0.8040 0.2780 0.5256
vn -0.1263 -0.9912 0.0377
vn 0.1596 -0.9784 0.1311
vn 0.8320 0.0626 0.5512
vn -0.4891 -0.6811 0.5448
vn -0.6724 -0.6309 0.3869
vn -0.9931 0.1155 -0.0193
vn -0.8494 0.4606 -0.2575
vn -0.3851 -0.9184 -0.0905
vn -0.9278 -0.3724 -0.0203
vn -0.1197 -0.6684 -0.7341
vn -0.2649 -0.5242 -0.8094
vn -0.2730 -0.9105 -0.3104
vn -0.2885 0.3579 -0.8881
vn -0.3283 0.8334 -0.4446
vn -0.5617 0.4204 -0.7125
vn -0.4930 0.0653 -0.8676
vn -0.3095 -0.9369 -0.1625
vn -0.6355 -0.6608 -0.3992
vn -0.7454 -0.6352 -0.2023
vn -0.5100 -0.6074 -0.6090
vn -0.1551 0.5486 -0.8216
vn -0.4808 -0.2960 -0.8253
vn -0.3741 0.8811 -0.2894
vn -0.7140 0.4832 -0.5066
vn 0.3299 -0.6123 0.7185
vn 0.2100 0.4522 0.8668
vn 0.2534 0.8254 0.5043
vn 0.3249 -0.7786 0.5368
vn 0.2474 -0.3686 0.8961
vn 0.3431 0.9300 -0.1315
vn 0.5144 0.5571 -0.6519
vn 0.5783 -0.5463 -0.6059
vn 0.4131 -0.9106 -0.0070
vn -0.4880 0.8083 0.3294
vn -0.5419 0.3805 0.7494
vn -0.4823 -0.5051 0.7157
vn -0.3956 -0.8663 0.3048
vn -0.1102 0.2620 -0.9587
vn -0.1650 0.6608 -0.7322
vn -0.1318 -0.7744 -0.6187
vn -0.0970 -0.4249 -0.9000
vn 0.0000 0.6349 -0.7726
vn 0.3412 0.6532 -0.6760
vn 0.0000 0.8952 -0.4456
vn 0.1918 0.9013 -0.3884
vn 0.6038 0.6900 -0.3991
vn 0.3370 0.9136 -0.2274
vn 0.7055 0.7087 0.0000
vn 0.3921 0.9199 0.0000
vn 0.6038 0.6900 0.3991
vn 0.3370 0.9136 0.2274
vn 0.3412 0.6532 0.6759
vn 0.1918 0.9013 0.3884
vn 0.0000 0.6349 0.7725
vn 0.0000 0.8952 0.4456
vn -0.3412 0.6532 0.6760
vn -0.1918 0.9013 0.3884
vn -0.6038 0.6900 0.3991
vn -0.3370 0.9136 0.2274
vn -0.7055 0.7087 0.0000
vn -0.3921 0.9199 0.0000
vn -0.6038 0.6901 -0.3990
vn -0.3370 0.9136 -0.2274
vn -0.3412 0.6532 -0.6759
vn -0.1918 0.9013 -0.3884
vn 0.0000 0.8731 0.4875
vn -0.2181 0.8776 0.4269
vn 0.0000 0.4220 0.9066
vn -0.4091 0.4202 0.8099
vn -0.3858 0.8877 0.2511
vn -0.7587 0.4173 0.5001
vn -0.4494 0.8933 0.0000
vn -0.9091 0.4165 0.0000
vn -0.3858 0.8877 -0.2511
vn -0.7587 0.4173 -0.5001
vn -0.2181 0.8776 -0.4269
vn -0.4091 0.4202 -0.8099
vn 0.0000 0.8731 -0.4876
vn 0.0000 0.4221 -0.9066
vn 0.2181 0.8776 -0.4269
vn 0.4091 0.4202 -0.8099
vn 0.3858 0.8877 -0.2511
vn 0.7588 0.4173 -0.5001
vn 0.4494 0.8933 0.0000
vn 0.9091 0.4165 0.0000
vn 0.3858 0.8877 0.2511
vn 0.7587 0.4174 0.5001
vn 0.2181 0.8776 0.4268
vn 0.4091 0.4202 0.8100
vn -0.1906 0.9808 -0.0401
vn 0.8130 0.3476 -0.4670
vn 0.7473 0.6314 -0.2069
vn 0.1596 -0.9784 -0.1312
vn 0.4718 -0.8674 -0.1581
vn 0.8632 -0.1097 -0.4928
vn -0.0932 0.9499 0.2982
vn 0.0942 0.9955 0.0096
vn 0.6663 0.6891 0.2849
vn 0.2766 0.9137 -0.2977
vn 0.5124 0.6118 -0.6026
vn 0.7580 0.4065 -0.5100
vn 0.3331 -0.8383 -0.4315
vn 0.4340 -0.8363 -0.3348
vn 0.5670 -0.4227 -0.7070
vn 0.7439 -0.4314 -0.5103
vn 0.8460 -0.4663 -0.2583
vn -0.0535 -0.9844 0.1677
vn 0.1365 -0.9830 -0.1224
vn 0.7461 -0.6308 0.2128
vn 0.8077 -0.1469 -0.5709
vn 0.6151 -0.6799 0.3992
vn 0.5369 0.6798 0.4996
vn 0.3609 0.9078 -0.2134
vn 0.6632 0.6193 -0.4202
vn -0.1263 -0.9912 -0.0378
vn -0.6305 0.0115 0.7760
vn -0.5815 -0.0703 0.8105
vn -0.5762 -0.1822 0.7967
vn -0.6136 -0.2621 0.7448
vn -0.7606 0.5009 -0.4129
vn -0.4744 0.8663 0.1560
vn -0.8492 0.4610 0.2575
vn -0.9931 0.1158 0.0193
vn -0.5742 0.6066 -0.5498
vn -0.6723 -0.6310 -0.3870
vn -0.9277 -0.3726 0.0202
vn -0.4891 -0.6811 -0.5449
vn -0.3849 -0.9185 0.0905
vn -0.3283 0.8334 0.4447
vn -0.4930 0.0653 0.8676
vn -0.5617 0.4204 0.7125
vn -0.3094 -0.9369 0.1625
vn -0.2730 -0.9106 0.3103
vn -0.6354 -0.6610 0.3991
vn -0.5100 -0.6074 0.6090
vn -0.7451 -0.6355 0.2022
vn -0.4808 -0.2960 0.8253
vn -0.3740 0.8811 0.2894
vn -0.7140 0.4833 0.5066
vn 0.4131 -0.9106 0.0070
vn 0.5783 -0.5463 0.6059
vn 0.5145 0.5572 0.6517
vn 0.3431 0.9300 0.1316
vn 0.2474 -0.3686 -0.8961
vn 0.3250 -0.7786 -0.5368
vn 0.2535 0.8254 -0.5043
vn 0.2101 0.4522 -0.8668
vn -0.0970 -0.4249 0.9000
vn -0.1318 -0.7744 0.6188
vn -0.1650 0.6609 0.7320
vn -0.1102 0.2620 0.9587
vn -0.3957 -0.8663 -0.3049
vn -0.4823 -0.5051 -0.7157
vn -0.5419 0.3804 -0.7494
vn -0.4880 0.8083 -0.3293
vn -0.0171 -0.1384 -0.9902
vn 0.4071 -0.1462 -0.9016
vn 0.2871 -0.4984 -0.8180
vn -0.0603 -0.4863 -0.8717
vn 0.0663 -0.8352 -0.5458
vn -0.1089 -0.8407 -0.5304
vn 0.8009 -0.1610 -0.5767
vn 0.6435 -0.5353 -0.5471
vn 0.3072 -0.8620 -0.4032
vn 0.9838 -0.1791 0.0000
vn 0.8161 -0.5779 0.0000
vn 0.4327 -0.9015 0.0000
vn 0.8009 -0.1611 0.5767
vn 0.6435 -0.5354 0.5471
vn 0.3072 -0.8620 0.4032
vn 0.4071 -0.1462 0.9016
vn 0.2871 -0.4984 0.8180
vn 0.0663 -0.8353 0.5458
vn -0.0171 -0.1383 0.9902
vn -0.0603 -0.4863 0.8717
vn -0.1089 -0.8408 0.5303
vn -0.4388 -0.1490 0.8861
vn -0.3918 -0.5104 0.7655
vn -0.2442 -0.8618 0.4444
vn -0.8169 -0.1654 0.5524
vn -0.6962 -0.5428 0.4697
vn -0.3929 -0.8797 0.2679
vn -0.9851 -0.1721 0.0000
vn -0.8316 -0.5553 0.0000
vn -0.4634 -0.8861 0.0000
vn -0.8169 -0.1654 -0.5524
vn -0.6962 -0.5427 -0.4697
vn -0.3930 -0.8796 -0.2679
vn -0.4388 -0.1490 -0.8861
vn -0.3918 -0.5103 -0.7655
vn -0.2442 -0.8618 -0.4445
vn 0.4354 -0.0143 -0.9001
vn -0.3657 -0.8849 0.2885
vn -0.1257 -0.8809 0.4564
vn -0.4741 -0.5320 0.7015
vn -0.0737 -0.5078 0.8583
vn -0.4265 -0.9017 0.0710
vn -0.7329 -0.5755 0.3627
vn -0.8332 -0.1497 0.5323
vn -0.4093 -0.9124 0.0000
vn -0.7982 -0.6024 0.0000
vn -0.9852 -0.1711 0.0000
vn -0.4264 -0.9017 -0.0710
vn -0.7330 -0.5755 -0.3627
vn -0.8332 -0.1496 -0.5323
vn -0.3657 -0.8849 -0.2885
vn -0.4742 -0.5319 -0.7016
vn -0.1257 -0.8809 -0.4563
vn -0.0737 -0.5078 -0.8583
vn 0.1636 -0.8907 -0.4240
vn 0.3456 -0.5260 -0.7771
vn 0.3374 -0.9093 -0.2434
vn 0.6724 -0.5667 -0.4761
vn 0.3924 -0.9198 0.0000
vn 0.8079 -0.5893 0.0000
vn 0.3374 -0.9093 0.2434
vn 0.6724 -0.5668 0.4761
vn 0.1636 -0.8907 0.4240
vn 0.3456 -0.5260 0.7771
vn 0.5578 0.0980 0.8242
vn 0.5773 0.0517 0.8149
vn 0.6847 0.0564 0.7266
vn 0.7041 0.0951 0.7037
vn 0.6848 0.0558 0.7265
vn 0.6834 -0.0839 0.7252
vn 0.7025 -0.1213 0.7012
vn 0.6833 -0.0834 0.7253
vn 0.5764 -0.0781 0.8134
vn 0.5558 -0.1231 0.8221
vn 0.8216 -0.1584 0.5476
vn 0.8312 -0.0115 0.5558
vn 0.4343 -0.0143 0.9006
vn 0.8268 -0.0114 0.5623
vn 0.8245 0.1347 0.5495
vn 0.4003 -0.8760 0.2691
vn -0.0234 -0.5968 0.8020
vn -0.4101 -0.7009 0.5836
vn 0.0057 -0.9927 0.1203
vn 0.1103 -0.9910 0.0754
vn 0.8228 0.5571 0.1123
vn 0.7999 0.5977 -0.0534
vn 0.5190 0.7141 -0.4698
vn 0.1102 0.9939 0.0028
vn 0.1438 0.9871 0.0700
vn 0.7588 0.6356 -0.1419
vn 0.7943 -0.6047 -0.0580
vn 0.8149 -0.5689 0.1108
vn 0.7535 -0.6411 -0.1457
vn 0.1431 -0.9872 0.0695
vn 0.1099 -0.9939 0.0020
vn 0.5154 -0.7157 -0.4713
vn 0.4058 0.8723 0.2726
vn 0.2662 0.6001 0.7543
vn 0.0215 0.6540 0.7562
vn 0.1105 0.9895 0.0925
vn 0.1109 0.9909 0.0759
vn -0.8192 0.1671 -0.5486
vn -0.9731 0.0791 -0.2163
vn -0.9745 -0.0586 -0.2164
vn -0.8224 -0.1429 -0.5506
vn 0.4886 -0.0852 -0.8683
vn 0.7524 -0.0966 -0.6515
vn 0.7532 0.0903 -0.6515
vn 0.4886 0.0909 -0.8677
vn 0.8152 -0.5684 0.1109
vn 0.6951 -0.0948 -0.7126
vn 0.7525 -0.0963 -0.6514
vn 0.7537 -0.6409 -0.1452
vn 0.8224 0.5576 0.1126
vn 0.7587 0.6357 -0.1423
vn 0.7532 0.0906 -0.6515
vn 0.6955 0.0932 -0.7124
vn -0.1437 -0.9871 -0.0699
vn 0.0453 -0.9823 0.1818
vn 0.1430 -0.9872 0.0696
vn -0.0456 -0.9821 -0.1825
vn 0.9999 -0.0084 0.0000
vn 0.9999 -0.0087 0.0000
vn 0.9283 -0.0920 0.3602
vn 0.9299 0.0689 0.3612
vn 0.1057 -0.5111 0.8530
vn -0.0899 -0.6269 0.7739
vn -0.4886 -0.0908 0.8677
vn -0.5589 -0.0989 0.8233
vn -0.5584 0.0975 0.8238
vn -0.6950 0.0947 0.7127
vn -0.7525 0.0962 0.6515
vn -0.4886 0.0854 0.8683
vn 0.2627 -0.6110 0.7467
vn 0.1099 -0.9897 0.0921
vn 0.0157 -0.6591 0.7518
vn 0.8215 -0.1584 -0.5477
vn 0.5558 -0.1231 -0.8221
vn 0.5764 -0.0780 -0.8134
vn 0.6833 -0.0833 -0.7253
vn 0.7025 -0.1213 -0.7013
vn 0.6834 -0.0839 -0.7252
vn 0.6848 0.0558 -0.7266
vn 0.7041 0.0951 -0.7036
vn 0.6847 0.0563 -0.7266
vn 0.5773 0.0517 -0.8149
vn 0.5578 0.0980 -0.8242
vn 0.8245 0.1347 -0.5495
vn 0.8267 -0.0113 -0.5624
vn 0.4343 -0.0143 -0.9006
vn 0.8310 -0.0116 -0.5560
vn 0.8150 -0.5688 -0.1107
vn 0.7943 -0.6047 0.0581
vn 0.5152 -0.7158 0.4714
vn 0.1099 -0.9939 -0.0020
vn 0.1431 -0.9872 -0.0694
vn 0.7534 -0.6412 0.1457
vn 0.8000 0.5976 0.0534
vn 0.8227 0.5572 -0.1124
vn 0.7589 0.6355 0.1420
vn 0.1437 0.9871 -0.0699
vn 0.1102 0.9939 -0.0027
vn 0.5189 0.7142 0.4697
vn 0.8152 -0.5685 -0.1108
vn 0.1057 -0.5110 -0.8530
vn -0.0899 -0.6270 -0.7738
vn 0.0453 -0.9823 -0.1818
vn 0.1430 -0.9872 -0.0696
vn 0.7537 -0.6409 0.1454
vn 0.2662 0.6001 -0.7542
vn 0.4058 0.8723 -0.2726
vn 0.1110 0.9909 -0.0759
vn 0.1105 0.9895 -0.0925
vn 0.0215 0.6539 -0.7563
vn -0.8192 0.1671 0.5486
vn -0.8224 -0.1430 0.5506
vn -0.9745 -0.0586 0.2164
vn -0.9731 0.0791 0.2164
vn 0.7524 -0.0966 0.6515
vn 0.7532 0.0903 0.6515
vn 0.7524 -0.0963 0.6515
vn 0.6950 -0.0948 0.7127
vn 0.8224 0.5576 -0.1126
vn 0.6955 0.0931 0.7124
vn 0.7532 0.0906 0.6515
vn 0.7587 0.6357 0.1422
vn -0.0235 -0.5967 -0.8021
vn 0.4003 -0.8760 -0.2691
vn 0.1103 -0.9910 -0.0754
vn 0.0057 -0.9927 -0.1203
vn -0.4100 -0.7010 -0.5835
vn 0.9299 0.0689 -0.3613
vn 0.9283 -0.0920 -0.3603
vn -0.5589 -0.0988 -0.8233
vn -0.4886 -0.0908 -0.8677
vn 0.2628 -0.6110 -0.7467
vn 0.0157 -0.6591 -0.7518
vn 0.1099 -0.9897 -0.0921
vn -0.0200 0.5912 -0.8063
vn 0.1068 0.5008 -0.8589
vn -0.0876 0.6226 -0.7776
vn -0.4886 0.0854 -0.8683
vn -0.5585 0.0975 -0.8238
vn -0.4082 0.6993 -0.5867
vn 0.3408 0.3499 0.8726
vn 0.4539 0.1992 0.8685
vn -0.0201 0.5911 0.8063
vn 0.1069 0.5008 0.8589
vn -0.1938 0.9806 0.0281
vn -0.0944 0.9937 -0.0611
vn -0.1099 0.9939 -0.0021
vn 0.0063 0.9926 0.1208
vn 0.7680 -0.2452 0.5916
vn 0.4521 -0.2216 0.8640
vn 0.4886 -0.0855 -0.8683
vn 0.5585 -0.0976 -0.8237
vn 0.3361 -0.3656 0.8679
vn -0.7532 -0.0907 0.6514
vn -0.6955 -0.0932 0.7124
vn 0.8328 -0.3588 0.4216
vn 0.7729 0.2199 0.5951
vn 0.7680 -0.2461 0.5913
vn -0.0057 0.9927 -0.1203
vn -0.0453 0.9823 -0.1818
vn 0.8373 0.3406 0.4276
vn -0.0063 -0.9926 -0.1207
vn 0.8165 -0.2747 0.5078
vn 0.8227 0.2472 0.5118
vn -0.4995 0.0946 0.8611
vn -0.4998 -0.1003 0.8603
vn -0.7249 -0.0847 0.6836
vn -0.7243 0.0898 0.6836
vn 0.7129 0.5192 0.4713
vn -0.4081 0.6994 0.5867
vn -0.0875 0.6226 0.7776
vn 0.7043 -0.5354 0.4661
vn -0.3417 0.9123 -0.2258
vn -0.7945 0.6045 0.0578
vn -0.5154 0.7157 0.4712
vn -0.1102 -0.9939 -0.0027
vn -0.0949 -0.9936 -0.0615
vn -0.1945 -0.9805 0.0281
vn 0.7726 0.2209 0.5952
vn 0.1437 0.9871 0.0699
vn 0.0456 0.9821 0.1825
vn -0.1430 0.9872 -0.0695
vn 0.4886 0.0906 -0.8678
vn 0.5588 0.0989 -0.8234
vn -0.7023 0.1205 -0.7016
vn -0.6833 0.0829 -0.7254
vn -0.7680 0.2447 -0.5919
vn -0.8328 0.3583 -0.4220
vn -0.8154 0.5682 -0.1109
vn -0.1057 0.5108 -0.8531
vn 0.0898 0.6270 -0.7738
vn -0.7537 0.6409 0.1453
vn -0.5774 -0.0522 -0.8148
vn -0.6847 -0.0569 -0.7265
vn -0.7725 -0.2214 -0.5951
vn -0.4540 -0.1996 -0.8683
vn -0.8224 -0.5577 -0.1123
vn -0.1069 -0.5010 -0.8588
vn -0.7999 -0.5978 0.0535
vn -0.5189 -0.7142 0.4696
vn -0.7585 -0.6360 0.1419
vn -0.7040 -0.0957 -0.7036
vn -0.8372 -0.3411 -0.4274
vn -0.3461 -0.9098 -0.2288
vn -0.5581 -0.0983 -0.8239
vn -0.3410 -0.3500 -0.8724
vn 0.0199 -0.5912 -0.8063
vn 0.0875 -0.6227 -0.7775
vn -0.5766 0.0781 -0.8133
vn -0.5775 -0.0518 -0.8147
vn -0.4543 -0.1988 -0.8683
vn -0.4522 0.2220 -0.8638
vn -0.1069 -0.5006 -0.8590
vn -0.1059 0.5113 -0.8528
vn 0.0233 0.5967 -0.8021
vn 0.4099 0.7009 -0.5837
vn -0.5559 0.1228 -0.8221
vn -0.3361 0.3655 -0.8680
vn 0.0873 -0.6227 -0.7776
vn 0.0900 0.6270 -0.7738
vn -0.9725 0.2215 -0.0716
vn -0.9774 -0.1991 -0.0713
vn -0.8421 0.4984 0.2059
vn -0.8476 -0.4886 0.2068
vn -0.7096 -0.6244 0.3265
vn -0.6762 0.5831 -0.4501
vn -0.7058 0.6281 0.3276
vn -0.6851 -0.5679 -0.4561
vn 0.4081 -0.6994 -0.5867
vn -0.5766 0.0775 -0.8133
vn -0.4522 0.2211 -0.8641
vn -0.3721 0.9066 0.1989
vn -0.6630 0.4985 0.5585
vn -0.2217 0.4136 0.8830
vn -0.0046 0.7986 0.6018
vn 0.8202 -0.4851 -0.3030
vn 0.5112 -0.8593 0.0163
vn -0.0051 -0.8025 0.5967
vn -0.2210 -0.4233 0.8786
vn -0.6651 -0.4948 0.5593
vn -0.3735 -0.9057 0.2004
vn 0.1691 -0.8787 -0.4464
vn 0.4174 -0.4618 -0.7826
vn 0.5171 0.8557 0.0174
vn 0.8263 0.4740 -0.3039
vn 0.8199 -0.4855 -0.3033
vn 0.5110 -0.8594 0.0159
vn 0.4167 0.4658 -0.7806
vn 0.1680 0.8795 -0.4451
vn -0.1104 0.5100 0.8531
vn 0.1590 0.8862 0.4352
vn 0.1558 -0.8892 0.4302
vn -0.1112 -0.5214 0.8460
vn 0.5167 0.8560 0.0173
vn 0.8260 0.4745 -0.3041
vn -0.4173 0.4619 0.7826
vn -0.1691 0.8787 0.4463
vn -0.5112 0.8593 -0.0161
vn -0.8204 0.4849 0.3030
vn 0.0046 -0.7987 -0.6017
vn 0.2217 -0.4138 -0.8829
vn -0.8260 -0.4747 0.3039
vn -0.5166 -0.8560 -0.0173
vn -0.1681 -0.8795 0.4452
vn -0.4168 -0.4657 0.7805
vn 0.6631 -0.4985 -0.5583
vn 0.3722 -0.9065 -0.1990
vn 0.2209 0.4236 -0.8785
vn 0.0051 0.8026 -0.5965
vn 0.0045 -0.7985 -0.6019
vn 0.2216 -0.4134 -0.8831
vn 0.3734 0.9058 -0.2004
vn 0.6650 0.4949 -0.5592
vn -0.5829 0.7856 0.2073
vn -0.7894 0.4059 0.4606
vn -0.7929 -0.3966 0.4625
vn -0.5877 -0.7817 0.2086
vn 0.2210 0.4231 -0.8787
vn 0.0051 0.8024 -0.5967
vn 0.4539 0.1991 -0.8685
vn 0.3408 0.3499 -0.8726
vn -0.7526 0.0962 -0.6514
vn -0.6951 0.0947 -0.7126
vn 0.4521 -0.2215 -0.8640
vn 0.7679 -0.2452 -0.5917
vn -0.0456 -0.9821 0.1825
vn -0.1437 -0.9871 0.0700
vn 0.3361 -0.3656 -0.8679
vn -0.7532 -0.0908 -0.6514
vn -0.6955 -0.0932 -0.7124
vn 0.8328 -0.3588 -0.4216
vn 0.4885 -0.0855 0.8683
vn 0.5585 -0.0976 0.8238
vn 0.7679 -0.2461 -0.5913
vn 0.7729 0.2199 -0.5951
vn 0.4886 -0.0852 0.8683
vn 0.4887 0.0909 0.8677
vn 0.8373 0.3406 -0.4276
vn -0.0453 0.9823 0.1818
vn -0.0057 0.9927 0.1204
vn -0.0063 -0.9926 0.1208
vn -0.0457 -0.9821 0.1825
vn 0.8227 0.2472 -0.5118
vn 0.8165 -0.2747 -0.5077
vn -0.7249 -0.0847 -0.6836
vn -0.4998 -0.1003 -0.8603
vn -0.4995 0.0946 -0.8611
vn -0.7243 0.0898 -0.6836
vn 0.7129 0.5192 -0.4713
vn 0.0063 0.9926 -0.1207
vn -0.1099 0.9939 0.0021
vn -0.0944 0.9937 0.0612
vn -0.1938 0.9806 -0.0281
vn 0.7044 -0.5354 -0.4661
vn -0.0949 -0.9936 0.0615
vn -0.1102 -0.9939 0.0027
vn -0.1946 -0.9805 -0.0281
vn -0.7944 0.6047 -0.0574
vn -0.3417 0.9123 0.2259
vn -0.5157 0.7155 -0.4713
vn 0.7727 0.2208 -0.5951
vn -0.1431 0.9872 0.0696
vn 0.0456 0.9821 -0.1825
vn 0.5588 0.0988 0.8233
vn 0.4886 0.0906 0.8678
vn -0.6834 0.0829 0.7253
vn -0.7024 0.1206 0.7015
vn -0.8328 0.3583 0.4220
vn -0.7680 0.2448 0.5918
vn -0.8153 0.5683 0.1110
vn -0.1057 0.5109 0.8531
vn -0.7539 0.6407 -0.1452
vn 0.0899 0.6269 0.7739
vn -0.6847 -0.0569 0.7266
vn -0.5774 -0.0522 0.8148
vn -0.4540 -0.1996 0.8683
vn -0.7725 -0.2213 0.5951
vn -0.1069 -0.5010 0.8588
vn -0.8224 -0.5578 0.1122
vn -0.7997 -0.5980 -0.0533
vn -0.7585 -0.6359 -0.1419
vn -0.5191 -0.7140 -0.4699
vn -0.7041 -0.0958 0.7036
vn -0.8372 -0.3410 0.4274
vn -0.3461 -0.9098 0.2288
vn -0.5581 -0.0983 0.8239
vn -0.3410 -0.3500 0.8724
vn 0.0198 -0.5913 0.8062
vn 0.0875 -0.6228 0.7775
vn -0.5775 -0.0518 0.8147
vn -0.5766 0.0781 0.8133
vn -0.4522 0.2220 0.8638
vn -0.4543 -0.1988 0.8684
vn -0.1059 0.5114 0.8527
vn -0.1070 -0.5008 0.8589
vn 0.0234 0.5967 0.8021
vn 0.4100 0.7009 0.5836
vn -0.5559 0.1228 0.8221
vn -0.3361 0.3655 0.8679
vn 0.0901 0.6269 0.7738
vn 0.0873 -0.6224 0.7778
vn -0.9774 -0.1992 0.0714
vn -0.9725 0.2215 0.0716
vn -0.8477 -0.4885 -0.2069
vn -0.8421 0.4984 -0.2059
vn -0.7095 -0.6245 -0.3264
vn -0.6762 0.5832 0.4501
vn -0.7057 0.6281 -0.3276
vn -0.6851 -0.5679 0.4561
vn 0.4082 -0.6993 0.5868
vn -0.5766 0.0776 0.8133
vn -0.4521 0.2212 0.8641
vn -0.6630 0.4985 -0.5584
vn -0.3721 0.9066 -0.1989
vn -0.0046 0.7986 -0.6018
vn -0.2218 0.4136 -0.8830
vn 0.5111 -0.8593 -0.0162
vn 0.8202 -0.4851 0.3031
vn -0.2210 -0.4233 -0.8786
vn -0.0051 -0.8025 -0.5966
vn -0.3735 -0.9057 -0.2004
vn -0.6651 -0.4948 -0.5593
vn 0.4174 -0.4618 0.7826
vn 0.1691 -0.8787 0.4464
vn 0.8263 0.4740 0.3040
vn 0.5170 0.8558 -0.0173
vn 0.5110 -0.8594 -0.0160
vn 0.8199 -0.4855 0.3032
vn 0.1680 0.8795 0.4452
vn 0.4168 0.4658 0.7805
vn 0.1590 0.8861 -0.4353
vn -0.1103 0.5100 -0.8531
vn -0.1113 -0.5213 -0.8460
vn 0.1558 -0.8892 -0.4302
vn 0.8261 0.4745 0.3040
vn 0.5167 0.8560 -0.0173
vn -0.1692 0.8787 -0.4463
vn -0.4174 0.4619 -0.7826
vn -0.8204 0.4849 -0.3030
vn -0.5113 0.8592 0.0163
vn 0.2217 -0.4139 0.8829
vn 0.0046 -0.7988 0.6016
vn -0.5166 -0.8560 0.0174
vn -0.8260 -0.4748 -0.3038
vn -0.4168 -0.4658 -0.7805
vn -0.1681 -0.8795 -0.4452
vn 0.3722 -0.9066 0.1990
vn 0.6631 -0.4984 0.5584
vn 0.0051 0.8026 0.5965
vn 0.2210 0.4235 0.8785
vn 0.2216 -0.4134 0.8831
vn 0.0044 -0.7985 0.6019
vn 0.6651 0.4949 0.5592
vn 0.3734 0.9058 0.2004
vn -0.7893 0.4060 -0.4606
vn -0.5829 0.7856 -0.2073
vn -0.5877 -0.7817 -0.2086
vn -0.7929 -0.3966 -0.4625
vn 0.0051 0.8024 0.5968
vn 0.2210 0.4230 0.8787
vn -0.0014 -0.0148 -0.9999
vn -0.8253 -0.0181 0.5643
vn -0.8253 -0.0181 -0.5643
vn -0.4367 -0.0162 -0.8994
vn -0.0014 -0.0148 0.9999
vn -0.4367 -0.0162 0.8994
usemtl Material.002
s 1
f 107/1/1 164/2/2 143/3/3 72/4/4
f 122/5/5 115/6/6 79/7/7 82/8/8
f 233/9/9 229/10/10 35/11/11 34/12/12
f 237/13/13 233/9/9 34/12/12 33/14/14
f 241/15/15 237/13/13 33/14/14 32/16/16
f 245/17/17 241/15/15 32/16/16 31/18/18
f 249/19/19 245/17/17 31/18/18 30/20/20
f 253/21/21 249/19/19 30/20/20 29/22/22
f 257/23/23 253/21/21 29/22/22 28/24/24
f 261/25/25 257/26/23 28/27/24 27/28/26
f 58/29/27 210/30/28 214/31/29 59/32/30
f 265/33/31 261/25/25 27/28/26 26/34/32
f 910/35/33 8/36/34 9/37/35 911/38/36
f 909/39/37 7/40/38 8/36/34 910/35/33
f 908/41/39 6/42/40 7/40/38 909/39/37
f 907/43/41 12/44/42 1/45/43 905/46/44
f 913/47/45 11/48/46 12/44/42 907/43/41
f 912/49/47 10/50/48 11/48/46 913/47/45
f 911/38/36 9/37/35 10/51/48 912/52/47
f 57/53/49 206/54/50 210/55/28 58/56/27
f 56/57/51 202/58/52 206/54/50 57/53/49
f 55/59/53 198/60/54 202/58/52 56/57/51
f 54/61/55 194/62/56 198/60/54 55/59/53
f 53/63/57 190/64/58 194/62/56 54/61/55
f 52/65/59 186/66/60 190/64/58 53/63/57
f 229/10/10 221/67/61 36/68/62 35/11/11
f 60/69/63 218/70/64 173/71/65 49/72/66
f 51/73/67 182/74/68 186/66/60 52/65/59
f 59/32/30 214/31/29 218/70/64 60/69/63
f 50/75/69 178/76/70 182/74/68 51/73/67
f 49/72/66 173/71/65 178/76/70 50/75/69
f 386/77/71 390/78/72 437/79/73 433/80/74
f 422/81/75 426/82/76 473/83/77 469/84/78
f 418/85/79 422/81/75 469/84/78 465/86/80
f 414/87/81 418/85/79 465/86/80 461/88/82
f 410/89/83 414/87/81 461/88/82 457/90/84
f 406/91/85 410/89/83 457/90/84 453/92/86
f 402/93/87 406/91/85 453/92/86 449/94/88
f 398/95/89 402/93/87 449/94/88 445/96/90
f 394/97/91 398/95/89 445/96/90 441/98/92
f 390/78/72 394/97/91 441/98/92 437/79/73
f 426/82/76 381/99/93 430/100/94 473/83/77
f 13/101/95 14/102/96 474/103/97 429/104/98
f 14/102/96 15/105/99 470/106/100 474/103/97
f 15/105/99 16/107/101 466/108/102 470/106/100
f 16/109/101 17/110/103 462/111/104 466/112/102
f 17/110/103 18/113/105 458/114/106 462/111/104
f 18/113/105 19/115/107 454/116/108 458/114/106
f 19/115/107 20/117/109 450/118/110 454/116/108
f 24/119/111 13/101/95 429/104/98 434/120/112
f 36/68/62 25/121/113 13/101/95 24/119/111
f 31/18/18 32/16/16 20/117/109 19/115/107
f 30/20/20 31/18/18 19/115/107 18/113/105
f 29/22/22 30/20/20 18/113/105 17/110/103
f 28/24/24 29/22/22 17/110/103 16/109/101
f 27/28/26 28/27/24 16/107/101 15/105/99
f 26/34/32 27/28/26 15/105/99 14/102/96
f 25/121/113 26/34/32 14/102/96 13/101/95
f 174/122/114 217/123/115 266/124/116 225/125/117
f 217/123/115 213/126/118 262/127/119 266/124/116
f 213/126/118 209/128/120 258/129/121 262/127/119
f 209/128/120 205/130/122 254/131/123 258/129/121
f 205/130/122 201/132/124 250/133/125 254/131/123
f 201/132/124 197/134/126 246/135/127 250/133/125
f 197/134/126 193/136/128 242/137/129 246/135/127
f 193/136/128 189/138/130 238/139/131 242/137/129
f 189/138/130 185/140/132 234/141/133 238/139/131
f 185/140/132 181/142/134 230/143/135 234/141/133
f 226/144/136 265/33/31 26/34/32 25/121/113
f 181/142/134 177/145/137 222/146/138 230/143/135
f 900/147/139 48/148/140 37/149/141 901/150/142
f 899/151/143 47/152/144 48/148/140 900/147/139
f 898/153/145 46/154/146 47/152/144 899/151/143
f 897/155/147 45/156/148 46/157/146 898/158/145
f 896/159/149 44/160/150 45/156/148 897/155/147
f 895/161/151 43/162/152 44/160/150 896/159/149
f 894/163/153 42/164/154 43/162/152 895/161/151
f 901/150/142 37/149/141 38/165/155 893/166/156
f 48/148/140 60/69/63 49/72/66 37/149/141
f 47/152/144 59/32/30 60/69/63 48/148/140
f 46/154/146 58/29/27 59/32/30 47/152/144
f 45/156/148 57/53/49 58/56/27 46/157/146
f 44/160/150 56/57/51 57/53/49 45/156/148
f 43/162/152 55/59/53 56/57/51 44/160/150
f 42/164/154 54/61/55 55/59/53 43/162/152
f 41/167/157 53/63/57 54/61/55 42/164/154
f 40/168/158 52/65/59 53/63/57 41/167/157
f 39/169/159 51/73/67 52/65/59 40/168/158
f 38/165/155 50/75/69 51/73/67 39/169/159
f 37/149/141 49/72/66 50/75/69 38/165/155
f 150/170/160 149/171/161 87/172/162 89/173/163 92/174/164
f 101/175/165 129/176/166 93/177/167 65/178/168
f 72/4/4 143/3/3 145/179/169 76/180/170 74/181/171
f 41/167/157 42/164/154 894/163/153 904/182/172
f 118/183/173 122/5/5 82/8/8 87/172/162
f 101/175/165 153/184/174 155/185/175 98/186/176 103/187/177
f 361/188/178 367/189/179 346/190/180 342/191/181
f 368/192/182 367/189/179 361/188/178 363/193/183 306/194/184 309/195/185
f 153/184/174 101/175/165 65/178/168 134/196/186
f 129/176/166 107/1/1 72/4/4 93/177/167
f 108/197/187 130/198/188 21/199/189 20/117/109 32/16/16 33/14/14 123/200/190 119/201/191 126/202/192 111/203/193
f 123/200/190 33/14/14 34/12/12 22/204/194 21/199/189 130/198/188 100/205/195 97/206/196 104/207/197 114/208/198
f 288/209/199 356/210/200 358/211/201 299/212/202 290/213/203
f 358/211/201 357/214/204 351/215/205 353/216/206 292/217/207 299/212/202
f 330/218/208 334/219/209 302/220/210 295/221/211
f 284/222/212 3/223/213 2/224/214 893/166/156 903/225/215 301/226/216 276/227/217 269/228/218 272/229/219 280/230/220
f 316/231/221 319/232/222 283/233/223 279/234/224
f 23/235/225 22/204/194 34/12/12 35/11/11 335/236/226 331/237/227 327/238/228 338/239/229 324/240/230 320/241/231
f 301/226/216 903/225/215 902/242/232 4/243/233 3/223/213 284/222/212 287/244/234 298/245/235 291/246/236 294/247/237
f 376/248/238 372/249/239 351/215/205 357/214/204
f 319/232/222 323/250/240 288/209/199 283/233/223
f 334/219/209 312/251/241 275/252/242 302/220/210
f 158/253/243 154/254/244 133/255/245 139/256/246
f 63/257/247 67/258/248 66/259/249 62/260/250
f 62/260/250 66/259/249 64/261/251 61/262/252
f 135/263/253 134/196/186 65/178/168 67/258/248 63/257/247
f 70/264/254 63/257/247 62/260/250 69/265/255
f 69/265/255 62/260/250 61/262/252 68/266/256
f 145/179/169 144/267/257 148/268/258 150/170/160 92/174/164 76/180/170
f 74/181/171 76/180/170 77/269/259 73/270/260
f 73/270/260 77/269/259 75/271/261 71/272/262
f 87/172/162 82/8/8 84/273/263 89/173/163
f 89/173/163 84/273/263 85/274/264 88/275/265
f 88/275/265 85/274/264 83/276/266 86/277/267
f 82/8/8 79/7/7 81/278/268 84/273/263
f 84/273/263 81/278/268 80/279/269 85/274/264
f 85/274/264 80/279/269 78/280/270 83/276/266
f 163/281/271 169/282/272 148/268/258 144/267/257
f 76/180/170 92/174/164 91/283/273 77/269/259
f 77/269/259 91/283/273 90/284/274 75/271/261
f 168/285/275 118/183/173 87/172/162 149/171/161
f 92/174/164 89/173/163 88/275/265 91/283/273
f 91/283/273 88/275/265 86/277/267 90/284/274
f 65/178/168 93/177/167 95/286/276 67/258/248
f 67/258/248 95/286/276 96/287/277 66/259/249
f 66/259/249 96/287/277 94/288/278 64/261/251
f 93/177/167 72/4/4 74/181/171 95/286/276
f 95/286/276 74/181/171 73/270/260 96/287/277
f 96/287/277 73/270/260 71/272/262 94/288/278
f 115/6/6 159/289/279 138/290/280 79/7/7
f 81/278/268 70/264/254 69/265/255 80/279/269
f 80/279/269 69/265/255 68/266/256 78/280/270
f 94/291/278 5/292/281 4/243/233 902/242/232 904/182/172 83/293/266 78/294/270 68/295/256 61/296/252 64/297/251
f 155/185/175 154/254/244 158/253/243 160/298/282 105/299/283 98/186/176
f 103/187/177 98/186/176 99/300/284 102/301/285
f 102/301/285 99/300/284 97/302/196 100/303/195
f 160/298/282 159/289/279 115/6/6 117/304/286 105/299/283
f 98/186/176 105/299/283 106/305/287 99/300/284
f 99/300/284 106/305/287 104/306/197 97/302/196
f 118/183/173 168/285/275 170/307/288 128/308/289 120/309/290
f 113/310/291 109/311/292 110/312/293 112/313/294
f 112/313/294 110/312/293 108/314/187 111/315/193
f 115/6/6 122/5/5 124/316/295 117/304/286
f 117/304/286 124/316/295 125/317/296 116/318/297
f 116/318/297 125/317/296 123/319/190 114/320/198
f 122/5/5 118/183/173 120/309/290 124/316/295
f 124/316/295 120/309/290 121/321/298 125/317/296
f 125/317/296 121/321/298 119/322/191 123/319/190
f 165/323/299 164/2/2 107/1/1 109/311/292 113/310/291
f 128/308/289 113/310/291 112/313/294 127/324/300
f 127/324/300 112/313/294 111/315/193 126/325/192
f 120/309/290 128/308/289 127/324/300 121/321/298
f 121/321/298 127/324/300 126/325/192 119/322/191
f 107/1/1 129/176/166 131/326/301 109/311/292
f 109/311/292 131/326/301 132/327/302 110/312/293
f 110/312/293 132/327/302 130/328/188 108/314/187
f 129/176/166 101/175/165 103/187/177 131/326/301
f 131/326/301 103/187/177 102/301/285 132/327/302
f 132/327/302 102/301/285 100/303/195 130/328/188
f 170/307/288 169/282/272 163/281/271 165/323/299 113/310/291 128/308/289
f 105/299/283 117/304/286 116/318/297 106/305/287
f 106/305/287 116/318/297 114/320/198 104/306/197
f 79/7/7 138/290/280 140/329/303 70/264/254 81/278/268
f 133/255/245 136/330/304 135/263/253
f 136/330/304 137/331/305 135/263/253
f 137/331/305 134/196/186 135/263/253
f 138/290/280 141/332/306 140/329/303
f 141/332/306 142/333/307 140/329/303
f 142/333/307 139/256/246 140/329/303
f 143/3/3 146/334/308 145/179/169
f 146/334/308 147/335/309 145/179/169
f 147/335/309 144/267/257 145/179/169
f 148/268/258 151/336/310 150/170/160
f 151/336/310 152/337/311 150/170/160
f 152/337/311 149/171/161 150/170/160
f 153/184/174 156/338/312 155/185/175
f 156/338/312 157/339/313 155/185/175
f 157/339/313 154/254/244 155/185/175
f 158/253/243 161/340/314 160/298/282
f 161/340/314 162/341/315 160/298/282
f 162/341/315 159/289/279 160/298/282
f 163/281/271 166/342/316 165/323/299
f 166/342/316 167/343/317 165/323/299
f 167/343/317 164/2/2 165/323/299
f 168/285/275 171/344/318 170/307/288
f 171/344/318 172/345/319 170/307/288
f 172/345/319 169/282/272 170/307/288
f 133/255/245 154/254/244 157/339/313 136/330/304
f 136/330/304 157/339/313 156/338/312 137/331/305
f 137/331/305 156/338/312 153/184/174 134/196/186
f 138/290/280 159/289/279 162/341/315 141/332/306
f 141/332/306 162/341/315 161/340/314 142/333/307
f 142/333/307 161/340/314 158/253/243 139/256/246
f 163/281/271 144/267/257 147/335/309 166/342/316
f 166/342/316 147/335/309 146/334/308 167/343/317
f 167/343/317 146/334/308 143/3/3 164/2/2
f 168/285/275 149/171/161 152/337/311 171/344/318
f 171/344/318 152/337/311 151/336/310 172/345/319
f 172/345/319 151/336/310 148/268/258 169/282/272
f 140/329/303 139/256/246 133/255/245 135/263/253 63/257/247 70/264/254
f 178/346/70 173/347/65 175/348/320 180/349/321
f 180/349/321 175/348/320 176/350/322 179/351/323
f 179/351/323 176/350/322 174/122/114 177/145/137
f 182/352/68 178/346/70 180/349/321 184/353/324
f 184/353/324 180/349/321 179/351/323 183/354/325
f 183/354/325 179/351/323 177/145/137 181/142/134
f 186/355/60 182/352/68 184/353/324 188/356/326
f 188/356/326 184/353/324 183/354/325 187/357/327
f 187/357/327 183/354/325 181/142/134 185/140/132
f 190/358/58 186/355/60 188/356/326 192/359/328
f 192/359/328 188/356/326 187/357/327 191/360/329
f 191/360/329 187/357/327 185/140/132 189/138/130
f 194/361/56 190/358/58 192/359/328 196/362/330
f 196/362/330 192/359/328 191/360/329 195/363/331
f 195/363/331 191/360/329 189/138/130 193/136/128
f 198/364/54 194/361/56 196/362/330 200/365/332
f 200/365/332 196/362/330 195/363/331 199/366/333
f 199/366/333 195/363/331 193/136/128 197/134/126
f 202/367/52 198/364/54 200/365/332 204/368/334
f 204/368/334 200/365/332 199/366/333 203/369/335
f 203/369/335 199/366/333 197/134/126 201/132/124
f 206/370/50 202/367/52 204/368/334 208/371/336
f 208/371/336 204/368/334 203/369/335 207/372/337
f 207/372/337 203/369/335 201/132/124 205/130/122
f 210/373/28 206/370/50 208/371/336 212/374/338
f 212/374/338 208/371/336 207/372/337 211/375/339
f 211/375/339 207/372/337 205/130/122 209/128/120
f 214/376/29 210/373/28 212/374/338 216/377/340
f 216/377/340 212/374/338 211/375/339 215/378/341
f 215/378/341 211/375/339 209/128/120 213/126/118
f 218/379/64 214/376/29 216/377/340 220/380/342
f 220/380/342 216/377/340 215/378/341 219/381/343
f 219/381/343 215/378/341 213/126/118 217/123/115
f 173/347/65 218/379/64 220/380/342 175/348/320
f 175/348/320 220/380/342 219/381/343 176/350/322
f 176/350/322 219/381/343 217/123/115 174/122/114
f 221/67/61 226/144/136 25/121/113 36/68/62
f 222/146/138 225/125/117 227/382/344 224/383/345
f 224/383/345 227/382/344 228/384/346 223/385/347
f 223/385/347 228/384/346 226/386/136 221/387/61
f 230/143/135 222/146/138 224/383/345 232/388/348
f 232/388/348 224/383/345 223/385/347 231/389/349
f 231/389/349 223/385/347 221/387/61 229/390/10
f 234/141/133 230/143/135 232/388/348 236/391/350
f 236/391/350 232/388/348 231/389/349 235/392/351
f 235/392/351 231/389/349 229/390/10 233/393/9
f 238/139/131 234/141/133 236/391/350 240/394/352
f 240/394/352 236/391/350 235/392/351 239/395/353
f 239/395/353 235/392/351 233/393/9 237/396/13
f 242/137/129 238/139/131 240/394/352 244/397/354
f 244/397/354 240/394/352 239/395/353 243/398/355
f 243/398/355 239/395/353 237/396/13 241/399/15
f 246/135/127 242/137/129 244/397/354 248/400/356
f 248/400/356 244/397/354 243/398/355 247/401/357
f 247/401/357 243/398/355 241/399/15 245/402/17
f 250/133/125 246/135/127 248/400/356 252/403/358
f 252/403/358 248/400/356 247/401/357 251/404/359
f 251/404/359 247/401/357 245/402/17 249/405/19
f 254/131/123 250/133/125 252/403/358 256/406/360
f 256/406/360 252/403/358 251/404/359 255/407/361
f 255/407/361 251/404/359 249/405/19 253/408/21
f 258/129/121 254/131/123 256/406/360 260/409/362
f 260/409/362 256/406/360 255/407/361 259/410/363
f 259/410/363 255/407/361 253/408/21 257/411/23
f 262/127/119 258/129/121 260/409/362 264/412/364
f 264/412/364 260/409/362 259/410/363 263/413/365
f 263/413/365 259/410/363 257/411/23 261/414/25
f 266/124/116 262/127/119 264/412/364 268/415/366
f 268/415/366 264/412/364 263/413/365 267/416/367
f 267/416/367 263/413/365 261/414/25 265/417/31
f 225/125/117 266/124/116 268/415/366 227/382/344
f 227/382/344 268/415/366 267/416/367 228/384/346
f 228/384/346 267/416/367 265/417/31 226/386/136
f 177/145/137 174/122/114 225/125/117 222/146/138
f 323/250/240 377/418/368 356/210/200 288/209/199
f 290/213/203 299/212/202 300/419/369 289/420/370
f 289/420/370 300/419/369 298/421/235 287/422/234
f 353/216/206 352/423/371 295/221/211 297/424/372 292/217/207
f 299/212/202 292/217/207 293/425/373 300/419/369
f 300/419/369 293/425/373 291/426/236 298/421/235
f 366/427/374 316/231/221 279/234/224 347/428/375
f 274/429/376 281/430/377 282/431/378 273/432/379
f 273/432/379 282/431/378 280/433/220 272/434/219
f 302/220/210 275/252/242 277/435/380 304/436/381
f 304/436/381 277/435/380 278/437/382 303/438/383
f 303/438/383 278/437/382 276/439/217 301/440/216
f 295/221/211 302/220/210 304/436/381 297/424/372
f 297/424/372 304/436/381 303/438/383 296/441/384
f 296/441/384 303/438/383 301/440/216 294/442/237
f 312/251/241 362/443/385 341/444/386 275/252/242
f 271/445/387 274/429/376 273/432/379 270/446/388
f 270/446/388 273/432/379 272/434/219 269/447/218
f 343/448/389 342/191/181 346/190/180 348/449/390 274/429/376 271/445/387
f 277/435/380 271/445/387 270/446/388 278/437/382
f 278/437/382 270/446/388 269/447/218 276/439/217
f 279/234/224 283/233/223 285/450/391 281/430/377
f 281/430/377 285/450/391 286/451/392 282/431/378
f 282/431/378 286/451/392 284/452/212 280/433/220
f 283/233/223 288/209/199 290/213/203 285/450/391
f 285/450/391 290/213/203 289/420/370 286/451/392
f 286/451/392 289/420/370 287/422/234 284/452/212
f 371/453/393 330/218/208 295/221/211 352/423/371
f 292/217/207 297/424/372 296/441/384 293/425/373
f 293/425/373 296/441/384 294/442/237 291/426/236
f 35/11/11 36/68/62 24/119/111 23/235/225 320/241/231 315/454/394 308/455/395 305/456/396 311/457/397 335/236/226
f 340/458/398 325/459/399 326/460/400 339/461/401
f 339/461/401 326/460/400 324/462/230 338/463/229
f 378/464/402 377/418/368 323/250/240 325/459/399 340/458/398
f 329/465/403 340/458/398 339/461/401 328/466/404
f 328/466/404 339/461/401 338/463/229 327/467/228
f 330/218/208 371/453/393 373/468/405 329/465/403 332/469/406
f 318/470/407 309/195/185 310/471/408 317/472/409
f 317/472/409 310/471/408 308/473/395 315/474/394
f 312/251/241 334/219/209 336/475/410 314/476/411
f 314/476/411 336/475/410 337/477/412 313/478/413
f 313/478/413 337/477/412 335/479/226 311/480/397
f 334/219/209 330/218/208 332/469/406 336/475/410
f 336/475/410 332/469/406 333/481/414 337/477/412
f 337/477/412 333/481/414 331/482/227 335/479/226
f 363/193/183 362/443/385 312/251/241 314/476/411 306/194/184
f 309/195/185 306/194/184 307/483/415 310/471/408
f 310/471/408 307/483/415 305/484/396 308/473/395
f 316/231/221 366/427/374 368/192/182 309/195/185 318/470/407
f 306/194/184 314/476/411 313/478/413 307/483/415
f 307/483/415 313/478/413 311/480/397 305/484/396
f 323/250/240 319/232/222 321/485/416 325/459/399
f 325/459/399 321/485/416 322/486/417 326/460/400
f 326/460/400 322/486/417 320/487/231 324/462/230
f 319/232/222 316/231/221 318/470/407 321/485/416
f 321/485/416 318/470/407 317/472/409 322/486/417
f 322/486/417 317/472/409 315/474/394 320/487/231
f 373/468/405 372/249/239 376/248/238 378/464/402 340/458/398 329/465/403
f 332/469/406 329/465/403 328/466/404 333/481/414
f 333/481/414 328/466/404 327/467/228 331/482/227
f 348/449/390 347/428/375 279/234/224 281/430/377 274/429/376
f 341/444/386 344/488/418 343/448/389
f 344/488/418 345/489/419 343/448/389
f 345/489/419 342/191/181 343/448/389
f 346/190/180 349/490/420 348/449/390
f 349/490/420 350/491/421 348/449/390
f 350/491/421 347/428/375 348/449/390
f 351/215/205 354/492/422 353/216/206
f 354/492/422 355/493/423 353/216/206
f 355/493/423 352/423/371 353/216/206
f 356/210/200 359/494/424 358/211/201
f 359/494/424 360/495/425 358/211/201
f 360/495/425 357/214/204 358/211/201
f 361/188/178 364/496/426 363/193/183
f 364/496/426 365/497/427 363/193/183
f 365/497/427 362/443/385 363/193/183
f 366/427/374 369/498/428 368/192/182
f 369/498/428 370/499/429 368/192/182
f 370/499/429 367/189/179 368/192/182
f 371/453/393 374/500/430 373/468/405
f 374/500/430 375/501/431 373/468/405
f 375/501/431 372/249/239 373/468/405
f 376/248/238 379/502/432 378/464/402
f 379/502/432 380/503/433 378/464/402
f 380/503/433 377/418/368 378/464/402
f 341/444/386 362/443/385 365/497/427 344/488/418
f 344/488/418 365/497/427 364/496/426 345/489/419
f 345/489/419 364/496/426 361/188/178 342/191/181
f 366/427/374 347/428/375 350/491/421 369/498/428
f 369/498/428 350/491/421 349/490/420 370/499/429
f 370/499/429 349/490/420 346/190/180 367/189/179
f 376/248/238 357/214/204 360/495/425 379/502/432
f 379/502/432 360/495/425 359/494/424 380/503/433
f 380/503/433 359/494/424 356/210/200 377/418/368
f 371/453/393 352/423/371 355/493/423 374/500/430
f 374/500/430 355/493/423 354/492/422 375/501/431
f 375/501/431 354/492/422 351/215/205 372/249/239
f 275/252/242 341/444/386 343/448/389 271/445/387 277/435/380
f 382/504/434 385/505/435 387/506/436 384/507/437
f 384/507/437 387/506/436 388/508/438 383/509/439
f 383/509/439 388/508/438 386/77/71 381/99/93
f 385/505/435 389/510/440 391/511/441 387/506/436
f 387/506/436 391/511/441 392/512/442 388/508/438
f 388/508/438 392/512/442 390/78/72 386/77/71
f 389/510/440 393/513/443 395/514/444 391/511/441
f 391/511/441 395/514/444 396/515/445 392/512/442
f 392/512/442 396/515/445 394/97/91 390/78/72
f 393/513/443 397/516/446 399/517/447 395/514/444
f 395/514/444 399/517/447 400/518/448 396/515/445
f 396/515/445 400/518/448 398/95/89 394/97/91
f 397/516/446 401/519/449 403/520/450 399/517/447
f 399/517/447 403/520/450 404/521/451 400/518/448
f 400/518/448 404/521/451 402/93/87 398/95/89
f 401/519/449 405/522/452 407/523/453 403/520/450
f 403/520/450 407/523/453 408/524/454 404/521/451
f 404/521/451 408/524/454 406/91/85 402/93/87
f 405/522/452 409/525/455 411/526/456 407/523/453
f 407/523/453 411/526/456 412/527/457 408/524/454
f 408/524/454 412/527/457 410/89/83 406/91/85
f 409/525/455 413/528/458 415/529/459 411/526/456
f 411/526/456 415/529/459 416/530/460 412/527/457
f 412/527/457 416/530/460 414/87/81 410/89/83
f 413/528/458 417/531/461 419/532/462 415/529/459
f 415/529/459 419/532/462 420/533/463 416/530/460
f 416/530/460 420/533/463 418/85/79 414/87/81
f 417/531/461 421/534/464 423/535/465 419/532/462
f 419/532/462 423/535/465 424/536/466 420/533/463
f 420/533/463 424/536/466 422/81/75 418/85/79
f 421/534/464 425/537/467 427/538/468 423/535/465
f 423/535/465 427/538/468 428/539/469 424/536/466
f 424/536/466 428/539/469 426/82/76 422/81/75
f 425/537/467 382/504/434 384/507/437 427/538/468
f 427/538/468 384/507/437 383/509/439 428/539/469
f 428/539/469 383/509/439 381/99/93 426/82/76
f 905/46/44 1/45/43 2/224/214 906/540/470
f 430/100/94 433/80/74 435/541/471 432/542/472
f 432/542/472 435/541/471 436/543/473 431/544/474
f 431/544/474 436/543/473 434/545/112 429/546/98
f 433/80/74 437/79/73 439/547/475 435/541/471
f 435/541/471 439/547/475 440/548/476 436/543/473
f 436/543/473 440/548/476 438/549/477 434/545/112
f 437/79/73 441/98/92 443/550/478 439/547/475
f 439/547/475 443/550/478 444/551/479 440/548/476
f 440/548/476 444/551/479 442/552/480 438/549/477
f 441/98/92 445/96/90 447/553/481 443/550/478
f 443/550/478 447/553/481 448/554/482 444/551/479
f 444/551/479 448/554/482 446/555/483 442/552/480
f 445/96/90 449/94/88 451/556/484 447/553/481
f 447/553/481 451/556/484 452/557/485 448/554/482
f 448/554/482 452/557/485 450/558/110 446/555/483
f 449/94/88 453/92/86 455/559/486 451/556/484
f 451/556/484 455/559/486 456/560/487 452/557/485
f 452/557/485 456/560/487 454/561/108 450/558/110
f 453/92/86 457/90/84 459/562/488 455/559/486
f 455/559/486 459/562/488 460/563/489 456/560/487
f 456/560/487 460/563/489 458/564/106 454/561/108
f 457/90/84 461/88/82 463/565/490 459/562/488
f 459/562/488 463/565/490 464/566/491 460/563/489
f 460/563/489 464/566/491 462/567/104 458/564/106
f 461/88/82 465/86/80 467/568/492 463/565/490
f 463/565/490 467/568/492 468/569/493 464/566/491
f 464/566/491 468/569/493 466/570/102 462/567/104
f 465/86/80 469/84/78 471/571/494 467/568/492
f 467/568/492 471/571/494 472/572/495 468/569/493
f 468/569/493 472/572/495 470/573/100 466/570/102
f 469/84/78 473/83/77 475/574/496 471/571/494
f 471/571/494 475/574/496 476/575/497 472/572/495
f 472/572/495 476/575/497 474/576/97 470/573/100
f 473/83/77 430/100/94 432/542/472 475/574/496
f 475/574/496 432/542/472 431/544/474 476/575/497
f 476/575/497 431/544/474 429/546/98 474/576/97
f 381/99/93 386/77/71 433/80/74 430/100/94
f 477/577/498 480/578/499 518/579/500 501/580/501 495/581/502 498/582/503 492/583/504 483/584/505 486/585/506 489/586/507 514/587/508 916/588/509 908/41/39 918/589/510 928/590/511 510/591/512
f 517/592/513 491/593/514 587/594/515 586/595/516 515/596/517
f 497/597/518 503/598/519 607/599/520 606/600/521 595/601/522 597/602/523
f 494/603/524 500/604/525 602/605/526 601/606/527 590/607/528 592/608/529
f 513/609/530 506/610/531 612/611/532 611/612/533 511/613/534
f 21/199/189 22/204/194 442/614/480 446/615/483 554/616/535 548/617/536 551/618/537 558/619/538
f 661/620/539 600/621/540 596/622/541 655/623/542
f 485/624/543 494/603/524 592/608/529 591/625/544 575/626/545 577/627/546
f 503/598/519 520/628/547 622/629/548 621/630/549 605/631/550 607/599/520
f 641/632/551 580/633/552 576/634/553 635/635/554
f 510/591/512 928/590/511 927/636/555 914/637/556 916/588/509 514/587/508 507/638/557 504/639/558
f 491/593/514 488/640/559 582/641/560 581/642/561 585/643/562 587/594/515
f 566/644/563 625/645/564 631/646/565 570/647/566
f 509/648/567 517/592/513 515/596/517 615/649/568 617/650/569
f 722/651/570 697/652/571 694/653/572 691/654/573 700/655/574 706/656/575 703/657/576 709/658/577 726/659/578 688/660/579 685/661/580 719/662/581 926/663/582 917/664/583 906/540/470 915/665/584
f 708/666/585 702/667/586 800/668/587 799/669/588 808/670/589 810/671/590
f 711/672/591 705/673/592 805/674/593 804/675/594 813/676/595 815/677/596
f 693/678/597 696/679/598 790/680/599 789/681/600 783/682/601 785/683/602
f 714/684/603 720/685/604 718/686/605 818/687/606 820/688/607
f 762/689/608 438/690/477 442/614/480 22/204/194 23/235/225 767/691/609 759/692/610 756/693/611
f 705/673/592 708/666/585 810/671/590 809/694/612 803/695/613 805/674/593
f 702/667/586 693/678/597 785/683/602 784/696/614 798/697/615 800/668/587
f 728/698/616 711/672/591 815/677/596 814/699/617 828/700/618 830/701/619
f 699/702/620 725/703/621 723/704/622 793/705/623 795/706/624
f 722/651/570 915/665/584 914/637/556 927/636/555 926/663/582 719/662/581 712/707/625 715/708/626
f 696/679/598 699/702/620 795/706/624 794/709/627 788/710/628 790/680/599
f 725/703/621 717/711/629 825/712/630 824/713/631 723/704/622
f 687/714/632 690/715/633 780/716/634 779/717/635 773/718/636 775/719/637
f 480/720/499 477/721/498 478/722/638 481/723/639
f 481/723/639 478/722/638 479/724/640 482/725/641
f 611/612/533 670/726/642 555/727/643 626/728/644 565/729/645 511/613/534
f 486/730/506 483/731/505 484/732/646 487/733/647
f 487/733/647 484/732/646 485/624/543 488/640/559
f 636/734/648 575/626/545 591/625/544 650/735/649
f 489/736/507 486/730/506 487/733/647 490/737/650
f 490/737/650 487/733/647 488/640/559 491/593/514
f 640/738/651 646/739/652 585/643/562 581/642/561
f 483/731/505 492/740/504 493/741/653 484/732/646
f 484/732/646 493/741/653 494/603/524 485/624/543
f 488/640/559 485/624/543 577/627/546 576/634/553 580/633/552 582/641/560
f 498/742/503 495/743/502 496/744/654 499/745/655
f 499/745/655 496/744/654 497/597/518 500/604/525
f 606/600/521 665/746/656 656/747/657 595/601/522
f 495/743/502 501/748/501 502/749/658 496/744/654
f 496/744/654 502/749/658 503/598/519 497/597/518
f 500/604/525 497/597/518 597/602/523 596/622/541 600/621/540 602/605/526
f 492/740/504 498/742/503 499/745/655 493/741/653
f 493/741/653 499/745/655 500/604/525 494/603/524
f 651/750/659 590/607/528 601/606/527 660/751/554
f 504/752/558 507/753/557 508/754/660 505/755/661
f 505/755/661 508/754/660 509/648/567 506/610/531
f 610/756/662 616/757/663 675/758/664 671/759/665
f 477/721/498 510/760/512 512/761/666 478/722/638
f 478/722/638 512/761/666 513/609/530 479/724/640
f 482/725/641 479/724/640 567/762/667 566/644/563 570/647/566 572/763/668
f 510/760/512 504/752/558 505/755/661 512/761/666
f 512/761/666 505/755/661 506/610/531 513/609/530
f 506/610/531 509/648/567 617/650/569 616/757/663 610/756/662 612/611/532
f 507/753/557 514/764/508 516/765/669 508/754/660
f 508/754/660 516/765/669 517/592/513 509/648/567
f 557/766/670 522/767/671 627/768/672 626/728/644 555/727/643
f 514/764/508 489/736/507 490/737/650 516/765/669
f 516/765/669 490/737/650 491/593/514 517/592/513
f 586/595/516 645/769/673 559/770/674 676/771/675 615/649/568 515/596/517
f 518/772/500 480/720/499 481/723/639 519/773/676
f 519/773/676 481/723/639 482/725/641 520/628/547
f 681/774/657 620/775/677 571/776/678 630/777/679
f 501/748/501 518/772/500 519/773/676 502/749/658
f 502/749/658 519/773/676 520/628/547 503/598/519
f 621/630/549 680/778/680 666/779/681 605/631/550
f 520/628/547 482/725/641 572/763/668 571/776/678 620/775/677 622/629/548
f 521/780/682 524/781/683 525/782/684 523/783/685
f 523/783/685 525/782/684 526/784/686 522/767/671
f 526/784/686 564/785/687 682/786/688 681/774/657 630/777/679 632/787/689
f 527/788/690 530/789/691 531/790/692 529/791/693
f 529/791/693 531/790/692 532/792/694 528/793/695
f 532/792/694 535/794/696 647/795/697 646/739/652 640/738/651 642/796/698
f 530/789/691 533/797/699 534/798/700 531/790/692
f 531/790/692 534/798/700 535/794/696 532/792/694
f 535/794/696 561/799/701 559/770/674 645/769/673 647/795/697
f 536/800/702 527/788/690 529/791/693 538/801/703
f 538/801/703 529/791/693 528/793/695 537/802/704
f 528/793/695 532/792/694 642/796/698 641/632/551 635/635/554 637/803/705
f 539/804/706 542/805/707 543/806/708 541/807/709
f 541/807/709 543/806/708 544/808/710 540/809/711
f 564/785/687 546/810/712 667/811/713 666/779/681 680/778/680 682/786/688
f 545/812/714 539/804/706 541/807/709 547/813/715
f 547/813/715 541/807/709 540/809/711 546/810/712
f 540/809/711 544/808/710 662/814/716 661/620/539 655/623/542 657/815/717
f 542/805/707 536/800/702 538/801/703 543/806/708
f 543/806/708 538/801/703 537/802/704 544/808/710
f 546/810/712 540/809/711 657/815/717 656/747/657 665/746/656 667/811/713
f 551/816/537 548/817/536 549/818/718 553/819/719
f 553/819/719 549/818/718 550/820/720 552/821/721
f 561/799/701 552/821/721 677/822/722 676/771/675 559/770/674
f 548/817/536 554/823/535 556/824/723 549/818/718
f 549/818/718 556/824/723 557/766/670 550/820/720
f 552/821/721 550/820/720 672/825/724 671/759/665 675/758/664 677/822/722
f 554/823/535 521/780/682 523/783/685 556/824/723
f 556/824/723 523/783/685 522/767/671 557/766/670
f 522/767/671 526/784/686 632/787/689 631/646/565 625/645/564 627/768/672
f 533/797/699 558/826/538 560/827/725 534/798/700
f 534/798/700 560/827/725 561/799/701 535/794/696
f 544/808/710 537/802/704 652/828/726 651/750/659 660/751/554 662/814/716
f 558/826/538 551/816/537 553/819/719 560/827/725
f 560/827/725 553/819/719 552/821/721 561/799/701
f 524/781/683 562/829/727 563/830/728 525/782/684
f 525/782/684 563/830/728 564/785/687 526/784/686
f 537/802/704 528/793/695 637/803/705 636/734/648 650/735/649 652/828/726
f 562/829/727 545/812/714 547/813/715 563/830/728
f 563/830/728 547/813/715 546/810/712 564/785/687
f 550/820/720 557/766/670 555/727/643 670/726/642 672/825/724
f 558/619/538 533/831/699 530/832/691 527/833/690 536/834/702 542/835/707 539/836/706 545/837/714 562/838/727 524/839/683 521/840/682 554/616/535 446/615/483 450/118/110 20/117/109 21/199/189
f 565/729/645 568/841/729 567/762/667
f 568/841/729 569/842/730 567/762/667
f 569/842/730 566/644/563 567/762/667
f 570/647/566 573/843/731 572/763/668
f 573/843/731 574/844/732 572/763/668
f 574/844/732 571/776/678 572/763/668
f 575/626/545 578/845/733 577/627/546
f 578/845/733 579/846/734 577/627/546
f 579/846/734 576/634/553 577/627/546
f 580/633/552 583/847/735 582/641/560
f 583/847/735 584/848/736 582/641/560
f 584/848/736 581/642/561 582/641/560
f 585/643/562 588/849/737 587/594/515
f 588/849/737 589/850/738 587/594/515
f 589/850/738 586/595/516 587/594/515
f 590/607/528 593/851/739 592/608/529
f 593/851/739 594/852/740 592/608/529
f 594/852/740 591/625/544 592/608/529
f 595/601/522 598/853/741 597/602/523
f 598/853/741 599/854/742 597/602/523
f 599/854/742 596/622/541 597/602/523
f 600/621/540 603/855/743 602/605/526
f 603/855/743 604/856/744 602/605/526
f 604/856/744 601/606/527 602/605/526
f 605/631/550 608/857/745 607/599/520
f 608/857/745 609/858/746 607/599/520
f 609/858/746 606/600/521 607/599/520
f 610/756/662 613/859/747 612/611/532
f 613/859/747 614/860/748 612/611/532
f 614/860/748 611/612/533 612/611/532
f 615/649/568 618/861/749 617/650/569
f 618/861/749 619/862/750 617/650/569
f 619/862/750 616/757/663 617/650/569
f 620/775/677 623/863/751 622/629/548
f 623/863/751 624/864/752 622/629/548
f 624/864/752 621/630/549 622/629/548
f 625/645/564 628/865/753 627/768/672
f 628/865/753 629/866/754 627/768/672
f 629/866/754 626/728/644 627/768/672
f 630/777/679 633/867/755 632/787/689
f 633/867/755 634/868/756 632/787/689
f 634/868/756 631/646/565 632/787/689
f 635/635/554 638/869/757 637/803/705
f 638/869/757 639/870/758 637/803/705
f 639/870/758 636/734/648 637/803/705
f 640/738/651 643/871/759 642/796/698
f 643/871/759 644/872/760 642/796/698
f 644/872/760 641/632/551 642/796/698
f 645/769/673 648/873/761 647/795/697
f 648/873/761 649/874/762 647/795/697
f 649/874/762 646/739/652 647/795/697
f 650/735/649 653/875/763 652/828/726
f 653/875/763 654/876/764 652/828/726
f 654/876/764 651/750/659 652/828/726
f 655/623/542 658/877/765 657/815/717
f 658/877/765 659/878/766 657/815/717
f 659/878/766 656/747/657 657/815/717
f 660/751/554 663/879/767 662/814/716
f 663/879/767 664/880/768 662/814/716
f 664/880/768 661/620/539 662/814/716
f 665/746/656 668/881/769 667/811/713
f 668/881/769 669/882/770 667/811/713
f 669/882/770 666/779/681 667/811/713
f 670/726/642 673/883/771 672/825/724
f 673/883/771 674/884/772 672/825/724
f 674/884/772 671/759/665 672/825/724
f 675/758/664 678/885/773 677/822/722
f 678/885/773 679/886/774 677/822/722
f 679/886/774 676/771/675 677/822/722
f 680/778/680 683/887/775 682/786/688
f 683/887/775 684/888/776 682/786/688
f 684/888/776 681/774/657 682/786/688
f 610/756/662 671/759/665 674/884/772 613/859/747
f 613/859/747 674/884/772 673/883/771 614/860/748
f 614/860/748 673/883/771 670/726/642 611/612/533
f 625/645/564 566/644/563 569/842/730 628/865/753
f 628/865/753 569/842/730 568/841/729 629/866/754
f 629/866/754 568/841/729 565/729/645 626/728/644
f 630/777/679 571/776/678 574/844/732 633/867/755
f 633/867/755 574/844/732 573/843/731 634/868/756
f 634/868/756 573/843/731 570/647/566 631/646/565
f 680/778/680 621/630/549 624/864/752 683/887/775
f 683/887/775 624/864/752 623/863/751 684/888/776
f 684/888/776 623/863/751 620/775/677 681/774/657
f 640/738/651 581/642/561 584/848/736 643/871/759
f 643/871/759 584/848/736 583/847/735 644/872/760
f 644/872/760 583/847/735 580/633/552 641/632/551
f 575/626/545 636/734/648 639/870/758 578/845/733
f 578/845/733 639/870/758 638/869/757 579/846/734
f 579/846/734 638/869/757 635/635/554 576/634/553
f 590/607/528 651/750/659 654/876/764 593/851/739
f 593/851/739 654/876/764 653/875/763 594/852/740
f 594/852/740 653/875/763 650/735/649 591/625/544
f 645/769/673 586/595/516 589/850/738 648/873/761
f 648/873/761 589/850/738 588/849/737 649/874/762
f 649/874/762 588/849/737 585/643/562 646/739/652
f 675/758/664 616/757/663 619/862/750 678/885/773
f 678/885/773 619/862/750 618/861/749 679/886/774
f 679/886/774 618/861/749 615/649/568 676/771/675
f 600/621/540 661/620/539 664/880/768 603/855/743
f 603/855/743 664/880/768 663/879/767 604/856/744
f 604/856/744 663/879/767 660/751/554 601/606/527
f 595/601/522 656/747/657 659/878/766 598/853/741
f 598/853/741 659/878/766 658/877/765 599/854/742
f 599/854/742 658/877/765 655/623/542 596/622/541
f 605/631/550 666/779/681 669/882/770 608/857/745
f 608/857/745 669/882/770 668/881/769 609/858/746
f 609/858/746 668/881/769 665/746/656 606/600/521
f 479/724/640 513/609/530 511/613/534 565/729/645 567/762/667
f 685/889/580 688/890/579 689/891/777 686/892/778
f 686/892/778 689/891/777 690/715/633 687/714/632
f 779/717/635 838/893/779 834/894/780 773/718/636
f 691/895/573 694/896/572 695/897/781 692/898/782
f 692/898/782 695/897/781 696/679/598 693/678/597
f 844/899/783 783/682/601 789/681/600 848/900/784
f 694/896/572 697/901/571 698/902/785 695/897/781
f 695/897/781 698/902/785 699/702/620 696/679/598
f 849/903/786 788/710/628 794/709/627 853/904/787
f 700/905/574 691/895/573 692/898/782 701/906/788
f 701/906/788 692/898/782 693/678/597 702/667/586
f 843/907/789 859/908/790 798/697/615 784/696/614
f 703/909/576 706/910/575 707/911/791 704/912/792
f 704/912/792 707/911/791 708/666/585 705/673/592
f 803/695/613 809/694/612 868/913/793 864/914/794
f 709/915/577 703/909/576 704/912/792 710/916/795
f 710/916/795 704/912/792 705/673/592 711/672/591
f 804/675/594 863/917/796 874/918/797 813/676/595
f 706/910/575 700/905/574 701/906/788 707/911/791
f 707/911/791 701/906/788 702/667/586 708/666/585
f 799/669/588 858/919/798 869/920/799 808/670/589
f 715/921/626 712/922/625 713/923/800 716/924/801
f 716/924/801 713/923/800 714/684/603 717/711/629
f 884/925/802 823/926/803 819/927/804 878/928/805
f 719/929/581 685/889/580 686/892/778 721/930/806
f 721/930/806 686/892/778 687/714/632 720/685/604
f 718/686/605 774/931/807 833/932/808 763/933/809 879/934/810 818/687/606
f 712/922/625 719/929/581 721/930/806 713/923/800
f 713/923/800 721/930/806 720/685/604 714/684/603
f 717/711/629 714/684/603 820/688/607 819/927/804 823/926/803 825/712/630
f 697/901/571 722/935/570 724/936/811 698/902/785
f 698/902/785 724/936/811 725/703/621 699/702/620
f 766/937/812 854/938/813 793/705/623 723/704/622 824/713/631 883/939/814
f 722/935/570 715/921/626 716/924/801 724/936/811
f 724/936/811 716/924/801 717/711/629 725/703/621
f 731/940/815 765/941/816 763/933/809 833/932/808 835/942/817
f 688/890/579 726/943/578 727/944/818 689/891/777
f 689/891/777 727/944/818 728/698/616 690/715/633
f 839/945/819 778/946/820 829/947/594 888/948/796
f 726/943/578 709/915/577 710/916/795 727/944/818
f 727/944/818 710/916/795 711/672/591 728/698/616
f 873/949/821 889/950/822 828/700/618 814/699/617
f 690/715/633 728/698/616 830/701/619 829/947/594 778/946/820 780/716/634
f 732/951/823 729/952/824 730/953/825 734/954/826
f 734/954/826 730/953/825 731/940/815 733/955/827
f 771/956/828 733/955/827 840/957/829 839/945/819 888/948/796 890/958/830
f 738/959/831 735/960/832 736/961/833 740/962/834
f 740/962/834 736/961/833 737/963/835 739/964/836
f 742/965/837 739/964/836 850/966/838 849/903/786 853/904/787 855/967/839
f 741/968/840 738/959/831 740/962/834 743/969/841
f 743/969/841 740/962/834 739/964/836 742/965/837
f 768/970/842 742/965/837 855/967/839 854/938/813 766/937/812
f 735/960/832 744/971/843 745/972/844 736/961/833
f 736/961/833 745/972/844 746/973/845 737/963/835
f 739/964/836 737/963/835 845/974/846 844/899/783 848/900/784 850/966/838
f 750/975/847 747/976/848 748/977/849 752/978/850
f 752/978/850 748/977/849 749/979/851 751/980/852
f 755/981/853 771/956/828 890/958/830 889/950/822 873/949/821 875/982/854
f 747/976/848 753/983/855 754/984/856 748/977/849
f 748/977/849 754/984/856 755/981/853 749/979/851
f 751/980/852 749/979/851 865/985/857 864/914/794 868/913/793 870/986/858
f 744/971/843 750/975/847 752/978/850 745/972/844
f 745/972/844 752/978/850 751/980/852 746/973/845
f 749/979/851 755/981/853 875/982/854 874/918/797 863/917/796 865/985/857
f 756/987/611 759/988/610 760/989/859 758/990/860
f 758/990/860 760/989/859 761/991/861 757/992/862
f 761/991/861 768/970/842 766/937/812 883/939/814 885/993/863
f 729/952/824 762/994/608 764/995/864 730/953/825
f 730/953/825 764/995/864 765/941/816 731/940/815
f 733/955/827 731/940/815 835/942/817 834/894/780 838/893/779 840/957/829
f 762/994/608 756/987/611 758/990/860 764/995/864
f 764/995/864 758/990/860 757/992/862 765/941/816
f 757/992/862 761/991/861 885/993/863 884/925/802 878/928/805 880/996/865
f 767/997/609 741/968/840 743/969/841 769/998/866
f 769/998/866 743/969/841 742/965/837 768/970/842
f 746/973/845 751/980/852 870/986/858 869/920/799 858/919/798 860/999/867
f 759/988/610 767/997/609 769/998/866 760/989/859
f 760/989/859 769/998/866 768/970/842 761/991/861
f 770/1000/868 732/951/823 734/954/826 772/1001/869
f 772/1001/869 734/954/826 733/955/827 771/956/828
f 737/963/835 746/973/845 860/999/867 859/908/790 843/907/789 845/974/846
f 753/983/855 770/1000/868 772/1001/869 754/984/856
f 754/984/856 772/1001/869 771/956/828 755/981/853
f 765/941/816 757/992/862 880/996/865 879/934/810 763/933/809
f 744/1002/843 735/1003/832 738/1004/831 741/1005/840 767/691/609 23/235/225 24/119/111 434/120/112 438/690/477 762/689/608 729/1006/824 732/1007/823 770/1008/868 753/1009/855 747/1010/848 750/1011/847
f 773/718/636 776/1012/870 775/719/637
f 776/1012/870 777/1013/871 775/719/637
f 777/1013/871 774/931/807 775/719/637
f 778/946/820 781/1014/872 780/716/634
f 781/1014/872 782/1015/873 780/716/634
f 782/1015/873 779/717/635 780/716/634
f 783/682/601 786/1016/874 785/683/602
f 786/1016/874 787/1017/875 785/683/602
f 787/1017/875 784/696/614 785/683/602
f 788/710/628 791/1018/876 790/680/599
f 791/1018/876 792/1019/877 790/680/599
f 792/1019/877 789/681/600 790/680/599
f 793/705/623 796/1020/878 795/706/624
f 796/1020/878 797/1021/879 795/706/624
f 797/1021/879 794/709/627 795/706/624
f 798/697/615 801/1022/880 800/668/587
f 801/1022/880 802/1023/881 800/668/587
f 802/1023/881 799/669/588 800/668/587
f 803/695/613 806/1024/882 805/674/593
f 806/1024/882 807/1025/883 805/674/593
f 807/1025/883 804/675/594 805/674/593
f 808/670/589 811/1026/884 810/671/590
f 811/1026/884 812/1027/885 810/671/590
f 812/1027/885 809/694/612 810/671/590
f 813/676/595 816/1028/886 815/677/596
f 816/1028/886 817/1029/887 815/677/596
f 817/1029/887 814/699/617 815/677/596
f 818/687/606 821/1030/888 820/688/607
f 821/1030/888 822/1031/889 820/688/607
f 822/1031/889 819/927/804 820/688/607
f 823/926/803 826/1032/890 825/712/630
f 826/1032/890 827/1033/891 825/712/630
f 827/1033/891 824/713/631 825/712/630
f 828/700/618 831/1034/892 830/701/619
f 831/1034/892 832/1035/893 830/701/619
f 832/1035/893 829/947/594 830/701/619
f 833/932/808 836/1036/894 835/942/817
f 836/1036/894 837/1037/895 835/942/817
f 837/1037/895 834/894/780 835/942/817
f 838/893/779 841/1038/896 840/957/829
f 841/1038/896 842/1039/897 840/957/829
f 842/1039/897 839/945/819 840/957/829
f 843/907/789 846/1040/898 845/974/846
f 846/1040/898 847/1041/899 845/974/846
f 847/1041/899 844/899/783 845/974/846
f 848/900/784 851/1042/900 850/966/838
f 851/1042/900 852/1043/901 850/966/838
f 852/1043/901 849/903/786 850/966/838
f 853/904/787 856/1044/902 855/967/839
f 856/1044/902 857/1045/903 855/967/839
f 857/1045/903 854/938/813 855/967/839
f 858/919/798 861/1046/904 860/999/867
f 861/1046/904 862/1047/905 860/999/867
f 862/1047/905 859/908/790 860/999/867
f 863/917/796 866/1048/906 865/985/857
f 866/1048/906 867/1049/907 865/985/857
f 867/1049/907 864/914/794 865/985/857
f 868/913/793 871/1050/908 870/986/858
f 871/1050/908 872/1051/909 870/986/858
f 872/1051/909 869/920/799 870/986/858
f 873/949/821 876/1052/910 875/982/854
f 876/1052/910 877/1053/911 875/982/854
f 877/1053/911 874/918/797 875/982/854
f 878/928/805 881/1054/912 880/996/865
f 881/1054/912 882/1055/913 880/996/865
f 882/1055/913 879/934/810 880/996/865
f 883/939/814 886/1056/914 885/993/863
f 886/1056/914 887/1057/915 885/993/863
f 887/1057/915 884/925/802 885/993/863
f 888/948/796 891/1058/916 890/958/830
f 891/1058/916 892/1059/917 890/958/830
f 892/1059/917 889/950/822 890/958/830
f 773/718/636 834/894/780 837/1037/895 776/1012/870
f 776/1012/870 837/1037/895 836/1036/894 777/1013/871
f 777/1013/871 836/1036/894 833/932/808 774/931/807
f 878/928/805 819/927/804 822/1031/889 881/1054/912
f 881/1054/912 822/1031/889 821/1030/888 882/1055/913
f 882/1055/913 821/1030/888 818/687/606 879/934/810
f 778/946/820 839/945/819 842/1039/897 781/1014/872
f 781/1014/872 842/1039/897 841/1038/896 782/1015/873
f 782/1015/873 841/1038/896 838/893/779 779/717/635
f 828/700/618 889/950/822 892/1059/917 831/1034/892
f 831/1034/892 892/1059/917 891/1058/916 832/1035/893
f 832/1035/893 891/1058/916 888/948/796 829/947/594
f 843/907/789 784/696/614 787/1017/875 846/1040/898
f 846/1040/898 787/1017/875 786/1016/874 847/1041/899
f 847/1041/899 786/1016/874 783/682/601 844/899/783
f 788/710/628 849/903/786 852/1043/901 791/1018/876
f 791/1018/876 852/1043/901 851/1042/900 792/1019/877
f 792/1019/877 851/1042/900 848/900/784 789/681/600
f 858/919/798 799/669/588 802/1023/881 861/1046/904
f 861/1046/904 802/1023/881 801/1022/880 862/1047/905
f 862/1047/905 801/1022/880 798/697/615 859/908/790
f 793/705/623 854/938/813 857/1045/903 796/1020/878
f 796/1020/878 857/1045/903 856/1044/902 797/1021/879
f 797/1021/879 856/1044/902 853/904/787 794/709/627
f 823/926/803 884/925/802 887/1057/915 826/1032/890
f 826/1032/890 887/1057/915 886/1056/914 827/1033/891
f 827/1033/891 886/1056/914 883/939/814 824/713/631
f 868/913/793 809/694/612 812/1027/885 871/1050/908
f 871/1050/908 812/1027/885 811/1026/884 872/1051/909
f 872/1051/909 811/1026/884 808/670/589 869/920/799
f 863/917/796 804/675/594 807/1025/883 866/1048/906
f 866/1048/906 807/1025/883 806/1024/882 867/1049/907
f 867/1049/907 806/1024/882 803/695/613 864/914/794
f 873/949/821 814/699/617 817/1029/887 876/1052/910
f 876/1052/910 817/1029/887 816/1028/886 877/1053/911
f 877/1053/911 816/1028/886 813/676/595 874/918/797
f 720/685/604 687/714/632 775/719/637 774/931/807 718/686/605
f 1/45/43 901/150/142 893/166/156 2/224/214
f 6/42/40 894/163/153 895/161/151 7/40/38
f 7/40/38 895/161/151 896/159/149 8/36/34
f 8/36/34 896/159/149 897/155/147 9/37/35
f 9/37/35 897/155/147 898/158/145 10/51/48
f 10/50/48 898/153/145 899/151/143 11/48/46
f 11/48/46 899/151/143 900/147/139 12/44/42
f 12/44/42 900/147/139 901/150/142 1/45/43
f 924/1060/918 905/46/44 906/540/470 917/664/583
f 904/182/172 902/242/232 40/168/158 41/167/157
f 903/225/215 893/166/156 38/165/155 39/169/159
f 902/242/232 903/225/215 39/169/159 40/168/158
f 904/182/172 894/163/153 6/42/40 5/292/281 94/291/278 71/1061/262 75/1062/261 90/1063/274 86/1064/267 83/293/266
f 921/1065/919 911/38/36 912/52/47 922/1066/47
f 922/1067/47 912/49/47 913/47/45 923/1068/920
f 923/1068/920 913/47/45 907/43/41 925/1069/921
f 925/1069/921 907/43/41 905/46/44 924/1060/918
f 918/589/510 908/41/39 909/39/37 919/1070/922
f 919/1070/922 909/39/37 910/35/33 920/1071/923
f 920/1071/923 910/35/33 911/38/36 921/1065/919
f 409/1072/455 920/1071/923 921/1065/919 413/1073/458
f 916/588/509 914/637/556 4/243/233 5/292/281
f 908/41/39 916/588/509 5/292/281 6/42/40
f 914/637/556 915/665/584 3/223/213 4/243/233
f 915/665/584 906/540/470 2/224/214 3/223/213
f 405/1074/452 919/1070/922 920/1071/923 409/1072/455
f 401/1075/449 918/589/510 919/1070/922 405/1074/452
f 425/1076/467 925/1069/921 924/1060/918 382/1077/434
f 421/1078/464 923/1068/920 925/1069/921 425/1076/467
f 417/1079/461 922/1067/47 923/1068/920 421/1078/464
f 413/1073/458 921/1065/919 922/1066/47 417/1080/461
f 382/1077/434 924/1060/918 917/664/583 385/1081/435
f 927/636/555 928/590/511 397/1082/446 393/1083/443
f 928/590/511 918/589/510 401/1075/449 397/1082/446
f 926/663/582 927/636/555 393/1083/443 389/1084/440
f 917/664/583 926/663/582 389/1084/440 385/1081/435
o cruz_Plane.007
v 0.272075 1.113466 0.694892
v 0.268640 1.236188 0.684808
v 0.466019 1.116799 0.641382
v 0.466019 1.237351 0.638230
v 0.775584 1.763319 0.140581
v 0.875305 0.109281 0.153751
v 0.820620 1.679706 0.070548
v 0.845484 1.554082 0.073561
v 0.879816 1.326251 0.075306
v 0.769598 1.855215 0.070033
v 0.889970 1.231709 0.075306
v 0.903522 1.120709 0.075306
v 0.918284 0.862456 0.081270
v 0.916589 0.694427 0.080015
v 0.911546 0.472300 0.079387
v 0.909552 0.301395 0.079073
v 0.908786 0.181850 0.078445
v 0.903404 0.034476 0.075306
v 0.798417 1.766104 0.070290
v 0.906488 0.109262 0.076875
v 0.095616 1.109337 0.739505
v 0.090733 1.238162 0.726445
v 0.751257 1.754563 0.194403
v 0.242786 1.110001 0.677028
v 0.239350 1.232724 0.666944
v 0.436729 1.113334 0.623518
v 0.436729 1.233887 0.620366
v 0.746295 1.759854 0.122717
v 0.846015 0.105817 0.135887
v 0.791330 1.676241 0.052684
v 0.816195 1.550618 0.055697
v 0.850526 1.322786 0.057442
v 0.740309 1.851750 0.052169
v 0.860681 1.228245 0.057442
v 0.874232 1.117244 0.057442
v 0.888994 0.858992 0.063406
v 0.887299 0.690963 0.062151
v 0.882257 0.468835 0.061523
v 0.880263 0.297931 0.061209
v 0.879497 0.178385 0.060581
v 0.874114 0.031012 0.057442
v 0.769128 1.762640 0.052426
v 0.877199 0.105797 0.059011
v 0.066326 1.105872 0.721641
v 0.061444 1.234698 0.708581
v 0.721967 1.751098 0.176539
v 0.829354 1.682117 0.000000
v 0.854219 1.554986 0.000000
v 0.890142 1.327603 0.000000
v 0.776524 1.855662 0.000000
v 0.901536 1.232776 0.000000
v 0.913675 1.121671 0.000000
v 0.926706 0.862688 0.000000
v 0.925689 0.694767 0.000000
v 0.922993 0.472358 0.000000
v 0.920813 0.302358 0.000000
v 0.920436 0.183598 0.000000
v 0.919702 0.036142 0.000000
v 0.272075 1.113466 -0.694892
v 0.268640 1.236188 -0.684808
v 0.466019 1.116799 -0.641382
v 0.466019 1.237351 -0.638230
v 0.802939 1.768889 0.000000
v 0.775584 1.763319 -0.140581
v 0.875305 0.109281 -0.153751
v 0.922292 0.109242 0.000000
v 0.820620 1.679706 -0.070548
v 0.845484 1.554082 -0.073561
v 0.879816 1.326251 -0.075306
v 0.769598 1.855215 -0.070033
v 0.889970 1.231709 -0.075306
v 0.903522 1.120709 -0.075306
v 0.918284 0.862456 -0.081270
v 0.916589 0.694427 -0.080015
v 0.911546 0.472300 -0.079387
v 0.909552 0.301395 -0.079073
v 0.908786 0.181850 -0.078445
v 0.903404 0.034476 -0.075306
v 0.798417 1.766104 -0.070290
v 0.906488 0.109262 -0.076875
v 0.095616 1.109337 -0.739505
v 0.090733 1.238162 -0.726445
v 0.751257 1.754563 -0.194403
v 0.800064 1.678653 0.000000
v 0.824929 1.551522 0.000000
v 0.860853 1.324138 0.000000
v 0.747235 1.852198 0.000000
v 0.872247 1.229312 0.000000
v 0.884386 1.118207 0.000000
v 0.897416 0.859224 0.000000
v 0.896399 0.691303 0.000000
v 0.893703 0.468893 0.000000
v 0.891523 0.298893 0.000000
v 0.891146 0.180134 0.000000
v 0.890413 0.032677 0.000000
v 0.242786 1.110001 -0.677028
v 0.239350 1.232724 -0.666944
v 0.436729 1.113334 -0.623518
v 0.436729 1.233887 -0.620366
v 0.773649 1.765425 0.000000
v 0.746295 1.759854 -0.122717
v 0.846015 0.105817 -0.135887
v 0.893002 0.105778 0.000000
v 0.791330 1.676241 -0.052684
v 0.816195 1.550618 -0.055697
v 0.850526 1.322786 -0.057442
v 0.740309 1.851750 -0.052169
v 0.860681 1.228245 -0.057442
v 0.874232 1.117244 -0.057442
v 0.888994 0.858992 -0.063406
v 0.887299 0.690963 -0.062151
v 0.882257 0.468835 -0.061523
v 0.880263 0.297931 -0.061209
v 0.879497 0.178385 -0.060581
v 0.874114 0.031012 -0.057442
v 0.769128 1.762640 -0.052426
v 0.877199 0.105797 -0.059011
v 0.066326 1.105872 -0.721641
v 0.061444 1.234698 -0.708581
v 0.721967 1.751098 -0.176539
v 0.792399 1.678117 0.139721
v 0.790813 1.677146 0.140328
v 0.792067 1.677686 0.140305
v 0.791486 1.677331 0.140527
v 0.825508 1.553195 0.145735
v 0.823862 1.553029 0.146353
v 0.825147 1.553167 0.146326
v 0.824545 1.553106 0.146552
v 0.856595 1.324749 0.149838
v 0.858414 1.323494 0.149235
v 0.857303 1.324636 0.150040
v 0.857968 1.324177 0.149819
v 0.743476 1.853459 0.139598
v 0.741591 1.854617 0.139292
v 0.742998 1.854093 0.139728
v 0.742308 1.854517 0.139616
v 0.727173 1.746153 0.246096
v 0.724921 1.745657 0.247458
v 0.726508 1.745960 0.247058
v 0.725684 1.745778 0.247557
v 0.900934 0.863552 0.161042
v 0.899412 0.862075 0.161770
v 0.900635 0.862868 0.161688
v 0.900078 0.862327 0.161955
v 0.897045 0.693939 0.159263
v 0.898647 0.694094 0.158522
v 0.897720 0.694014 0.159444
v 0.898306 0.694071 0.159173
v 0.889661 0.472093 0.158009
v 0.891306 0.472243 0.157265
v 0.890340 0.472168 0.158190
v 0.890942 0.472222 0.157917
v 0.887855 0.300285 0.157383
v 0.889501 0.300452 0.156616
v 0.888533 0.300362 0.157559
v 0.889136 0.300423 0.157279
v 0.877133 0.179954 0.156128
v 0.878965 0.180135 0.155385
v 0.877835 0.180032 0.156308
v 0.878506 0.180098 0.156035
v 0.869723 0.032663 0.149849
v 0.871499 0.033803 0.149497
v 0.870418 0.032870 0.150081
v 0.871068 0.033287 0.149952
v 0.827263 0.095034 0.265929
v 0.829269 0.095411 0.264861
v 0.827989 0.095139 0.266065
v 0.828723 0.095277 0.265674
v 0.811942 0.898246 0.377764
v 0.810697 0.896619 0.376995
v 0.811789 0.897488 0.377666
v 0.811333 0.896893 0.377384
v 0.631194 0.929346 0.537367
v 0.629920 0.927718 0.536600
v 0.631031 0.928588 0.537273
v 0.630565 0.927992 0.536992
v 0.780245 1.318787 0.368273
v 0.778708 1.320056 0.367429
v 0.779947 1.319477 0.368138
v 0.779384 1.319941 0.367829
v 0.609825 1.322356 0.524606
v 0.611098 1.321074 0.525395
v 0.610471 1.322241 0.525001
v 0.610937 1.321771 0.525290
v 0.281170 1.043083 0.698487
v 0.279935 1.041467 0.697435
v 0.281184 1.042287 0.698322
v 0.280731 1.041695 0.697938
v 0.265159 1.333792 0.676750
v 0.264728 1.332646 0.678109
v 0.265184 1.333731 0.677314
v 0.265026 1.333312 0.677811
v 0.850272 0.874174 0.288587
v 0.851518 0.875800 0.289367
v 0.850904 0.874447 0.288975
v 0.851360 0.875042 0.289261
v 0.817049 1.321376 0.286751
v 0.818733 1.320139 0.287567
v 0.817741 1.321266 0.287145
v 0.818357 1.320813 0.287444
v 0.464709 0.990386 0.642350
v 0.466019 0.992014 0.643128
v 0.465364 0.990661 0.642747
v 0.465843 0.991257 0.643032
v 0.464705 1.326643 0.631468
v 0.466019 1.325365 0.632364
v 0.465362 1.326529 0.631881
v 0.465843 1.326061 0.632209
v 0.900894 -0.007252 0.076762
v 0.902191 -0.005538 0.077440
v 0.901525 -0.006968 0.077132
v 0.902000 -0.006341 0.077380
v 0.752670 1.906180 0.066935
v 0.754462 1.904638 0.067788
v 0.753377 1.906028 0.067333
v 0.754032 1.905464 0.067646
v 0.094356 1.335107 0.707282
v 0.095564 1.335229 0.708148
v 0.094516 1.335451 0.707738
v 0.094958 1.335496 0.708054
v 0.094761 1.043941 0.736827
v 0.096022 1.044057 0.738008
v 0.095203 1.043444 0.737479
v 0.095665 1.043487 0.737912
v 0.165995 1.448806 0.678337
v 0.166000 1.450622 0.676959
v 0.165923 1.449928 0.678033
v 0.165924 1.450593 0.677529
v 0.032412 1.109561 0.743862
v 0.030699 1.109943 0.742626
v 0.031842 1.109215 0.743761
v 0.031215 1.109355 0.743308
v -0.017664 1.170182 0.733147
v -0.018546 1.170546 0.732170
v -0.018454 1.170215 0.732960
v -0.018776 1.170349 0.732603
v 0.033432 1.236657 0.730208
v 0.032572 1.237030 0.729259
v 0.033000 1.237153 0.730055
v 0.032685 1.237289 0.729707
v 0.186591 0.942998 0.710315
v 0.187347 0.943732 0.711760
v 0.186957 0.942600 0.710987
v 0.187234 0.942868 0.711516
v 0.760866 1.711402 0.193894
v 0.761694 1.713253 0.194651
v 0.761438 1.711704 0.194276
v 0.761741 1.712382 0.194553
v 0.736255 1.800138 0.193376
v 0.738062 1.798476 0.194156
v 0.736959 1.799970 0.193762
v 0.737620 1.799362 0.194048
v 0.790813 1.677146 -0.140328
v 0.792398 1.678122 -0.139721
v 0.791486 1.677331 -0.140527
v 0.792066 1.677688 -0.140305
v 0.823862 1.553029 -0.146353
v 0.825508 1.553195 -0.145735
v 0.824545 1.553106 -0.146552
v 0.825147 1.553167 -0.146326
v 0.858414 1.323495 -0.149235
v 0.856595 1.324749 -0.149838
v 0.857968 1.324177 -0.149820
v 0.857303 1.324636 -0.150040
v 0.741591 1.854617 -0.139292
v 0.743471 1.853469 -0.139601
v 0.742307 1.854519 -0.139617
v 0.742995 1.854098 -0.139730
v 0.724921 1.745657 -0.247458
v 0.727173 1.746153 -0.246096
v 0.725684 1.745778 -0.247557
v 0.726508 1.745960 -0.247058
v 0.746680 1.953084 0.000000
v 0.744836 1.954568 0.000000
v 0.746249 1.953883 0.000000
v 0.745574 1.954427 0.000000
v 0.899412 0.862075 -0.161770
v 0.900934 0.863552 -0.161042
v 0.900078 0.862327 -0.161955
v 0.900635 0.862868 -0.161688
v 0.898647 0.694094 -0.158522
v 0.897045 0.693939 -0.159263
v 0.898306 0.694071 -0.159173
v 0.897720 0.694014 -0.159444
v 0.891306 0.472243 -0.157265
v 0.889661 0.472093 -0.158009
v 0.890942 0.472222 -0.157917
v 0.890340 0.472168 -0.158190
v 0.889501 0.300452 -0.156616
v 0.887855 0.300285 -0.157383
v 0.889136 0.300423 -0.157279
v 0.888533 0.300362 -0.157559
v 0.878965 0.180135 -0.155385
v 0.877133 0.179954 -0.156128
v 0.878506 0.180098 -0.156035
v 0.877835 0.180032 -0.156308
v 0.871425 0.033508 -0.149629
v 0.869723 0.032663 -0.149849
v 0.871031 0.033139 -0.150018
v 0.870408 0.032830 -0.150099
v 0.829269 0.095411 -0.264861
v 0.827263 0.095034 -0.265929
v 0.828723 0.095277 -0.265674
v 0.827989 0.095139 -0.266065
v 0.926706 -0.048809 0.000000
v 0.928000 -0.047006 0.000000
v 0.927413 -0.048504 0.000000
v 0.927886 -0.047844 0.000000
v 0.810697 0.896619 -0.376995
v 0.811942 0.898246 -0.377764
v 0.811333 0.896893 -0.377384
v 0.811789 0.897488 -0.377666
v 0.629920 0.927718 -0.536600
v 0.631194 0.929346 -0.537367
v 0.630565 0.927992 -0.536992
v 0.631031 0.928588 -0.537273
v 0.778708 1.320056 -0.367429
v 0.780245 1.318787 -0.368273
v 0.779384 1.319941 -0.367829
v 0.779947 1.319477 -0.368138
v 0.611098 1.321074 -0.525395
v 0.609825 1.322356 -0.524606
v 0.610937 1.321771 -0.525290
v 0.610471 1.322241 -0.525001
v 0.279935 1.041467 -0.697435
v 0.281170 1.043083 -0.698487
v 0.280731 1.041695 -0.697938
v 0.281184 1.042287 -0.698322
v 0.264728 1.332646 -0.678109
v 0.265159 1.333792 -0.676750
v 0.265026 1.333312 -0.677811
v 0.265184 1.333731 -0.677314
v 0.851518 0.875800 -0.289367
v 0.850272 0.874174 -0.288587
v 0.851360 0.875042 -0.289261
v 0.850904 0.874447 -0.288975
v 0.818733 1.320139 -0.287567
v 0.817049 1.321376 -0.286751
v 0.818357 1.320813 -0.287444
v 0.817741 1.321266 -0.287145
v 0.466019 0.992014 -0.643128
v 0.464709 0.990386 -0.642350
v 0.465843 0.991257 -0.643032
v 0.465364 0.990661 -0.642747
v 0.466019 1.325365 -0.632364
v 0.464705 1.326643 -0.631468
v 0.465843 1.326061 -0.632209
v 0.465362 1.326529 -0.631881
v 0.902191 -0.005538 -0.077440
v 0.900894 -0.007252 -0.076762
v 0.902000 -0.006341 -0.077380
v 0.901525 -0.006968 -0.077132
v 0.754462 1.904638 -0.067788
v 0.752670 1.906180 -0.066935
v 0.754032 1.905464 -0.067646
v 0.753377 1.906028 -0.067333
v 0.095564 1.335229 -0.708148
v 0.094356 1.335107 -0.707282
v 0.094958 1.335496 -0.708054
v 0.094516 1.335451 -0.707738
v 0.096010 1.044046 -0.738011
v 0.094761 1.043941 -0.736827
v 0.095659 1.043481 -0.737913
v 0.095201 1.043442 -0.737480
v 0.166000 1.450622 -0.676959
v 0.165995 1.448806 -0.678337
v 0.165924 1.450593 -0.677529
v 0.165923 1.449928 -0.678033
v 0.030699 1.109943 -0.742626
v 0.032423 1.109571 -0.743860
v 0.031216 1.109357 -0.743308
v 0.031847 1.109221 -0.743760
v -0.018546 1.170546 -0.732170
v -0.017664 1.170182 -0.733147
v -0.018776 1.170349 -0.732602
v -0.018454 1.170215 -0.732960
v 0.032572 1.237030 -0.729259
v 0.033479 1.236624 -0.730208
v 0.032692 1.237285 -0.729708
v 0.033023 1.237137 -0.730055
v 0.187347 0.943732 -0.711760
v 0.186591 0.942998 -0.710315
v 0.187234 0.942868 -0.711516
v 0.186957 0.942600 -0.710987
v 0.761694 1.713253 -0.194651
v 0.760866 1.711402 -0.193894
v 0.761741 1.712382 -0.194553
v 0.761438 1.711704 -0.194276
v 0.738062 1.798476 -0.194156
v 0.736255 1.800138 -0.193376
v 0.737620 1.799362 -0.194048
v 0.736959 1.799970 -0.193762
v 0.764040 1.673979 0.123999
v 0.763108 1.674657 0.121857
v 0.763455 1.674016 0.123431
v 0.763114 1.674264 0.122647
v 0.797096 1.549863 0.130028
v 0.796219 1.549731 0.127871
v 0.796517 1.549791 0.129458
v 0.796196 1.549742 0.128668
v 0.829124 1.320030 0.131371
v 0.829841 1.321585 0.133520
v 0.829018 1.320753 0.132163
v 0.829281 1.321321 0.132949
v 0.714834 1.851453 0.122973
v 0.714172 1.849693 0.122059
v 0.714282 1.851162 0.122568
v 0.714040 1.850518 0.122234
v 0.698148 1.742491 0.231129
v 0.697883 1.742688 0.228232
v 0.697652 1.742463 0.230460
v 0.697555 1.742535 0.229400
v 0.872648 0.858909 0.145447
v 0.871644 0.860087 0.143178
v 0.872051 0.859012 0.144861
v 0.871684 0.859444 0.144031
v 0.869357 0.690629 0.140658
v 0.870269 0.690772 0.142932
v 0.869353 0.690646 0.141515
v 0.869687 0.690698 0.142347
v 0.862016 0.468778 0.139401
v 0.862876 0.468925 0.141673
v 0.861988 0.468797 0.140258
v 0.862302 0.468851 0.141089
v 0.860211 0.296987 0.138752
v 0.861065 0.297116 0.141043
v 0.860181 0.296998 0.139619
v 0.860493 0.297045 0.140458
v 0.849675 0.176670 0.137521
v 0.850339 0.176784 0.139786
v 0.849551 0.176673 0.138375
v 0.849794 0.176715 0.139205
v 0.842123 0.030062 0.131798
v 0.842928 0.029493 0.133507
v 0.842070 0.029724 0.132374
v 0.842364 0.029516 0.133000
v 0.799980 0.091946 0.246997
v 0.800468 0.091865 0.249587
v 0.799768 0.091852 0.248014
v 0.799946 0.091822 0.248962
v 0.783972 0.893458 0.360695
v 0.782652 0.894781 0.359900
v 0.783326 0.893580 0.360302
v 0.782843 0.894064 0.360011
v 0.603221 0.924560 0.520316
v 0.601905 0.925882 0.519503
v 0.602571 0.924681 0.519918
v 0.602089 0.925165 0.519620
v 0.751990 1.316895 0.351133
v 0.750956 1.315322 0.350409
v 0.751381 1.316629 0.350749
v 0.751002 1.316053 0.350484
v 0.581808 1.317609 0.507531
v 0.583135 1.319199 0.508327
v 0.581996 1.318348 0.507639
v 0.582481 1.318930 0.507930
v 0.254110 1.038193 0.681504
v 0.251888 1.039610 0.680566
v 0.253175 1.038325 0.681032
v 0.252362 1.038843 0.680689
v 0.259931 1.327285 0.656054
v 0.260855 1.328937 0.656838
v 0.260309 1.328017 0.656060
v 0.260648 1.328622 0.656347
v 0.822228 0.872336 0.271503
v 0.823525 0.871010 0.272273
v 0.822411 0.871618 0.271604
v 0.822886 0.871133 0.271886
v 0.789443 1.316674 0.269703
v 0.790311 1.318214 0.270443
v 0.789410 1.317389 0.269788
v 0.789727 1.317952 0.270059
v 0.436729 0.988550 0.625264
v 0.438039 0.987232 0.626084
v 0.436905 0.987834 0.625382
v 0.437384 0.987352 0.625682
v 0.436729 1.321901 0.614500
v 0.438046 1.323490 0.615207
v 0.436906 1.322638 0.614560
v 0.437387 1.323220 0.614819
v 0.872903 -0.008966 0.059574
v 0.874099 -0.010421 0.060419
v 0.873045 -0.009748 0.059719
v 0.873483 -0.010280 0.060028
v 0.725202 1.901078 0.049929
v 0.725923 1.903016 0.050621
v 0.725098 1.901992 0.049992
v 0.725362 1.902701 0.050245
v 0.095736 1.320446 0.692510
v 0.094445 1.321951 0.693650
v 0.095093 1.320881 0.692751
v 0.094620 1.321432 0.693168
v 0.085423 1.063740 0.719133
v 0.085828 1.060694 0.720690
v 0.085351 1.062732 0.719415
v 0.085499 1.061617 0.719985
v 0.171001 1.436398 0.651354
v 0.171369 1.433473 0.650807
v 0.171125 1.435793 0.650898
v 0.171260 1.434723 0.650697
v 0.021837 1.126563 0.726616
v 0.022181 1.128933 0.724943
v 0.021595 1.127420 0.725872
v 0.021721 1.128287 0.725260
v -0.001438 1.177860 0.717338
v 0.001103 1.178070 0.716761
v -0.000767 1.178029 0.716975
v 0.000163 1.178106 0.716764
v 0.032662 1.223776 0.715526
v 0.032975 1.220755 0.714855
v 0.032706 1.223071 0.715125
v 0.032821 1.221966 0.714880
v 0.176936 0.963268 0.692893
v 0.177611 0.959839 0.694092
v 0.177007 0.962052 0.693013
v 0.177254 0.960797 0.693451
v 0.732404 1.709788 0.176787
v 0.734091 1.708235 0.177563
v 0.732788 1.708957 0.176894
v 0.733405 1.708388 0.177178
v 0.708772 1.795012 0.176292
v 0.709488 1.796972 0.177051
v 0.708669 1.795937 0.176390
v 0.708931 1.796654 0.176668
v 0.763109 1.674653 -0.121857
v 0.764040 1.673979 -0.123999
v 0.763114 1.674262 -0.122647
v 0.763455 1.674015 -0.123431
v 0.796219 1.549731 -0.127871
v 0.797096 1.549863 -0.130028
v 0.796196 1.549742 -0.128668
v 0.796517 1.549791 -0.129458
v 0.829841 1.321585 -0.133520
v 0.829124 1.320030 -0.131371
v 0.829281 1.321321 -0.132949
v 0.829018 1.320752 -0.132163
v 0.714176 1.849685 -0.122056
v 0.714834 1.851453 -0.122973
v 0.714042 1.850514 -0.122232
v 0.714283 1.851161 -0.122568
v 0.697883 1.742688 -0.228232
v 0.698148 1.742491 -0.231129
v 0.697555 1.742535 -0.229400
v 0.697652 1.742463 -0.230460
v 0.718253 1.951423 0.000000
v 0.717414 1.949541 0.000000
v 0.717641 1.951112 0.000000
v 0.717334 1.950423 0.000000
v 0.871644 0.860087 -0.143178
v 0.872648 0.858909 -0.145447
v 0.871684 0.859444 -0.144031
v 0.872051 0.859012 -0.144861
v 0.870269 0.690772 -0.142932
v 0.869357 0.690629 -0.140658
v 0.869687 0.690698 -0.142347
v 0.869353 0.690646 -0.141515
v 0.862876 0.468925 -0.141673
v 0.862016 0.468778 -0.139401
v 0.862302 0.468851 -0.141089
v 0.861988 0.468797 -0.140258
v 0.861065 0.297116 -0.141043
v 0.860211 0.296987 -0.138752
v 0.860493 0.297045 -0.140458
v 0.860181 0.296998 -0.139619
v 0.850339 0.176784 -0.139786
v 0.849675 0.176670 -0.137521
v 0.849794 0.176715 -0.139205
v 0.849551 0.176673 -0.138375
v 0.842928 0.029493 -0.133507
v 0.842203 0.030386 -0.131654
v 0.842375 0.029559 -0.132981
v 0.842110 0.029886 -0.132302
v 0.800468 0.091865 -0.249587
v 0.799980 0.091946 -0.246997
v 0.799946 0.091822 -0.248962
v 0.799768 0.091852 -0.248014
v 0.898703 -0.050402 0.000000
v 0.900364 -0.051925 0.000000
v 0.898988 -0.051228 0.000000
v 0.899596 -0.051785 0.000000
v 0.782652 0.894781 -0.359900
v 0.783972 0.893458 -0.360695
v 0.782843 0.894064 -0.360011
v 0.783326 0.893580 -0.360302
v 0.601905 0.925882 -0.519503
v 0.603221 0.924560 -0.520316
v 0.602089 0.925165 -0.519620
v 0.602571 0.924681 -0.519918
v 0.750956 1.315322 -0.350409
v 0.751990 1.316895 -0.351133
v 0.751002 1.316053 -0.350484
v 0.751381 1.316629 -0.350749
v 0.583135 1.319199 -0.508327
v 0.581808 1.317609 -0.507531
v 0.582481 1.318930 -0.507930
v 0.581996 1.318348 -0.507639
v 0.251888 1.039610 -0.680566
v 0.254076 1.038095 -0.681583
v 0.252358 1.038830 -0.680700
v 0.253158 1.038275 -0.681072
v 0.260855 1.328937 -0.656838
v 0.259931 1.327285 -0.656054
v 0.260648 1.328622 -0.656347
v 0.260309 1.328017 -0.656060
v 0.823525 0.871010 -0.272273
v 0.822228 0.872336 -0.271503
v 0.822886 0.871133 -0.271886
v 0.822411 0.871618 -0.271604
v 0.790311 1.318214 -0.270443
v 0.789443 1.316674 -0.269703
v 0.789727 1.317952 -0.270059
v 0.789410 1.317389 -0.269788
v 0.438039 0.987232 -0.626084
v 0.436729 0.988550 -0.625264
v 0.437384 0.987352 -0.625682
v 0.436905 0.987834 -0.625382
v 0.438046 1.323490 -0.615207
v 0.436729 1.321901 -0.614500
v 0.437387 1.323220 -0.614819
v 0.436906 1.322638 -0.614560
v 0.874099 -0.010421 -0.060419
v 0.872903 -0.008966 -0.059574
v 0.873483 -0.010280 -0.060028
v 0.873045 -0.009748 -0.059719
v 0.725923 1.903016 -0.050621
v 0.725202 1.901078 -0.049929
v 0.725362 1.902701 -0.050245
v 0.725098 1.901992 -0.049992
v 0.094445 1.321951 -0.693650
v 0.095731 1.320449 -0.692511
v 0.094620 1.321432 -0.693168
v 0.095090 1.320882 -0.692751
v 0.085828 1.060694 -0.720690
v 0.085438 1.063755 -0.719128
v 0.085501 1.061619 -0.719985
v 0.085358 1.062739 -0.719413
v 0.171369 1.433473 -0.650807
v 0.171001 1.436398 -0.651354
v 0.171260 1.434723 -0.650697
v 0.171125 1.435793 -0.650898
v 0.022158 1.128914 -0.724948
v 0.021837 1.126563 -0.726616
v 0.021710 1.128278 -0.725262
v 0.021592 1.127417 -0.725873
v 0.001103 1.178070 -0.716761
v -0.001438 1.177860 -0.717338
v 0.000163 1.178106 -0.716764
v -0.000767 1.178029 -0.716975
v 0.032855 1.220835 -0.714864
v 0.032662 1.223776 -0.715526
v 0.032761 1.222005 -0.714884
v 0.032690 1.223082 -0.715127
v 0.177611 0.959839 -0.694092
v 0.176936 0.963268 -0.692893
v 0.177254 0.960797 -0.693451
v 0.177007 0.962052 -0.693013
v 0.734091 1.708235 -0.177563
v 0.732404 1.709788 -0.176787
v 0.733405 1.708388 -0.177178
v 0.732788 1.708957 -0.176894
v 0.709488 1.796972 -0.177051
v 0.708772 1.795012 -0.176292
v 0.708931 1.796654 -0.176668
v 0.708669 1.795937 -0.176390
v 0.869430 1.230223 0.153620
v 0.867958 1.228609 0.154238
v 0.869155 1.229471 0.154210
v 0.868617 1.228880 0.154436
v 0.882924 1.112063 0.154867
v 0.884608 1.110785 0.154218
v 0.883610 1.111946 0.155061
v 0.884227 1.111478 0.154823
v 0.806392 1.113423 0.375761
v 0.805097 1.114715 0.374980
v 0.806205 1.114124 0.375651
v 0.805731 1.114596 0.375365
v 0.627139 1.125159 0.533498
v 0.627307 1.123922 0.535010
v 0.627620 1.125048 0.533984
v 0.627681 1.124596 0.534538
v 0.795362 1.233610 0.371919
v 0.794352 1.232042 0.371210
v 0.795319 1.232881 0.371846
v 0.794949 1.232307 0.371587
v 0.608311 1.235271 0.524473
v 0.608296 1.236846 0.526154
v 0.608764 1.235536 0.524976
v 0.608759 1.236112 0.525591
v 0.846168 1.110612 0.289377
v 0.847451 1.109320 0.290140
v 0.846800 1.110493 0.289760
v 0.847270 1.110020 0.290039
v 0.844464 1.228170 0.289375
v 0.845315 1.229713 0.290106
v 0.845040 1.228431 0.289755
v 0.845351 1.228996 0.290022
v 0.841185 1.225443 0.137909
v 0.840140 1.226759 0.135756
v 0.840585 1.225564 0.137340
v 0.840203 1.226046 0.136552
v 0.855318 1.107323 0.136356
v 0.856148 1.108896 0.138536
v 0.855273 1.108055 0.137166
v 0.855578 1.108631 0.137964
v 0.778320 1.111548 0.358648
v 0.777103 1.109959 0.357897
v 0.777698 1.111280 0.358268
v 0.777252 1.110699 0.357992
v 0.598018 1.120459 0.517145
v 0.600357 1.121993 0.517174
v 0.598728 1.121171 0.516880
v 0.599584 1.121733 0.516890
v 0.767580 1.228876 0.354882
v 0.766072 1.230146 0.354055
v 0.766918 1.228991 0.354491
v 0.766366 1.229456 0.354188
v 0.579006 1.233382 0.508290
v 0.581520 1.232102 0.508133
v 0.579804 1.232687 0.507931
v 0.580724 1.232219 0.507874
v 0.818161 1.105855 0.272276
v 0.819391 1.107445 0.273046
v 0.818317 1.106596 0.272381
v 0.818767 1.107177 0.272663
v 0.816026 1.226249 0.272241
v 0.817692 1.225003 0.273047
v 0.816399 1.225572 0.272364
v 0.817009 1.225116 0.272659
v 0.867958 1.228609 -0.154238
v 0.869430 1.230223 -0.153620
v 0.868617 1.228880 -0.154436
v 0.869155 1.229471 -0.154210
v 0.884607 1.110788 -0.154220
v 0.882924 1.112063 -0.154867
v 0.884226 1.111480 -0.154824
v 0.883610 1.111946 -0.155061
v 0.805097 1.114715 -0.374980
v 0.806392 1.113423 -0.375761
v 0.805731 1.114596 -0.375365
v 0.806205 1.114124 -0.375651
v 0.627307 1.123923 -0.535009
v 0.627163 1.125165 -0.533524
v 0.627685 1.124597 -0.534541
v 0.627632 1.125051 -0.533997
v 0.794352 1.232042 -0.371210
v 0.795362 1.233610 -0.371919
v 0.794949 1.232307 -0.371587
v 0.795319 1.232881 -0.371846
v 0.608296 1.236846 -0.526154
v 0.608314 1.235270 -0.524468
v 0.608759 1.236112 -0.525590
v 0.608766 1.235535 -0.524973
v 0.847451 1.109320 -0.290140
v 0.846168 1.110612 -0.289377
v 0.847270 1.110020 -0.290039
v 0.846800 1.110493 -0.289760
v 0.845315 1.229713 -0.290106
v 0.844464 1.228170 -0.289375
v 0.845351 1.228996 -0.290022
v 0.845040 1.228431 -0.289755
v 0.840140 1.226759 -0.135756
v 0.841185 1.225443 -0.137908
v 0.840203 1.226046 -0.136552
v 0.840585 1.225564 -0.137340
v 0.856148 1.108896 -0.138536
v 0.855318 1.107320 -0.136354
v 0.855578 1.108630 -0.137963
v 0.855274 1.108054 -0.137165
v 0.777103 1.109959 -0.357897
v 0.778320 1.111548 -0.358649
v 0.777252 1.110699 -0.357992
v 0.777698 1.111280 -0.358268
v 0.600356 1.121993 -0.517174
v 0.598017 1.120458 -0.517146
v 0.599583 1.121733 -0.516890
v 0.598727 1.121171 -0.516880
v 0.766072 1.230146 -0.354055
v 0.767580 1.228876 -0.354882
v 0.766366 1.229456 -0.354188
v 0.766918 1.228991 -0.354491
v 0.581521 1.232102 -0.508133
v 0.579006 1.233382 -0.508290
v 0.580724 1.232219 -0.507874
v 0.579804 1.232687 -0.507931
v 0.819391 1.107445 -0.273046
v 0.818161 1.105855 -0.272276
v 0.818767 1.107177 -0.272663
v 0.818317 1.106596 -0.272381
v 0.817692 1.225003 -0.273047
v 0.816026 1.226249 -0.272241
v 0.817009 1.225116 -0.272659
v 0.816399 1.225572 -0.272364
vt 0.596622 0.768322
vt 0.611157 0.768152
vt 0.611204 0.793456
vt 0.597313 0.793416
vt 0.596146 0.723047
vt 0.611073 0.723010
vt 0.610723 0.992179
vt 0.591784 0.975313
vt 0.597637 0.972277
vt 0.611689 0.987288
vt 0.597799 0.839519
vt 0.582728 0.830449
vt 0.597377 0.829293
vt 0.378863 0.739720
vt 0.364123 0.721355
vt 0.375479 0.720415
vt 0.596092 0.704369
vt 0.611038 0.704304
vt 0.596160 0.682481
vt 0.610997 0.682477
vt 0.594866 0.631822
vt 0.610902 0.631799
vt 0.594966 0.598771
vt 0.610841 0.598811
vt 0.594912 0.554918
vt 0.610759 0.554923
vt 0.594896 0.521132
vt 0.610696 0.521300
vt 0.594937 0.497477
vt 0.610652 0.497767
vt 0.595089 0.483088
vt 0.595163 0.468243
vt 0.610598 0.468419
vt 0.610625 0.483044
vt 0.304273 0.220922
vt 0.287863 0.221191
vt 0.287556 0.206339
vt 0.303574 0.205941
vt 0.554908 0.480304
vt 0.579175 0.468132
vt 0.578670 0.483077
vt 0.352189 0.419621
vt 0.352973 0.377313
vt 0.400685 0.385519
vt 0.398991 0.424053
vt 0.487501 0.688023
vt 0.449318 0.689687
vt 0.447141 0.664986
vt 0.485123 0.649529
vt 0.477080 0.427114
vt 0.476504 0.413024
vt 0.509968 0.420281
vt 0.513106 0.428899
vt 0.372486 0.682051
vt 0.389342 0.660475
vt 0.409818 0.678384
vt 0.978658 0.348483
vt 0.981606 0.381014
vt 0.970095 0.380010
vt 0.969485 0.351143
vt 0.451526 0.713453
vt 0.411492 0.716841
vt 0.409496 0.692468
vt 0.578811 0.632185
vt 0.579070 0.598724
vt 0.306300 0.568059
vt 0.305705 0.549263
vt 0.317446 0.548709
vt 0.317608 0.557777
vt 0.334731 0.460177
vt 0.333583 0.441742
vt 0.352061 0.443218
vt 0.352533 0.460233
vt 0.373584 0.694919
vt 0.398128 0.463387
vt 0.399604 0.446756
vt 0.435416 0.448854
vt 0.433793 0.466242
vt 0.306043 0.506564
vt 0.291284 0.506237
vt 0.290983 0.460970
vt 0.306194 0.460724
vt 0.571190 0.820304
vt 0.559806 0.810932
vt 0.571201 0.811237
vt 0.578621 0.497102
vt 0.632807 0.993936
vt 0.632611 0.989265
vt 0.611237 0.811144
vt 0.597426 0.810875
vt 0.287990 0.198433
vt 0.304541 0.234931
vt 0.288242 0.235568
vt 0.304495 0.258766
vt 0.288686 0.259210
vt 0.305131 0.292651
vt 0.289258 0.292955
vt 0.306701 0.369854
vt 0.290649 0.369780
vt 0.289962 0.336757
vt 0.305840 0.336429
vt 0.306137 0.418547
vt 0.333880 0.372565
vt 0.333631 0.418468
vt 0.290279 0.420427
vt 0.580259 0.680877
vt 0.611270 0.828989
vt 0.593667 0.949758
vt 0.611638 0.934068
vt 0.612693 0.939454
vt 0.599019 0.953124
vt 0.571064 0.802810
vt 0.582650 0.794474
vt 0.582946 0.811596
vt 0.503121 0.471050
vt 0.511667 0.454523
vt 0.517641 0.452196
vt 0.328838 0.548214
vt 0.317443 0.540279
vt 0.412777 0.736001
vt 0.395750 0.761027
vt 0.980753 0.724962
vt 0.979023 0.742116
vt 0.970271 0.742042
vt 0.973389 0.724865
vt 0.980327 0.700969
vt 0.979636 0.712157
vt 0.973963 0.711939
vt 0.973145 0.701066
vt 0.521479 0.434144
vt 0.524753 0.444366
vt 0.254423 0.507366
vt 0.269165 0.506581
vt 0.270184 0.531652
vt 0.255544 0.532914
vt 0.437203 0.425041
vt 0.438939 0.400299
vt 0.981852 0.849373
vt 0.982173 0.865336
vt 0.972090 0.865357
vt 0.971393 0.849983
vt 0.291044 0.531328
vt 0.280615 0.531554
vt 0.280222 0.506273
vt 0.279521 0.461136
vt 0.291309 0.577416
vt 0.291562 0.567202
vt 0.982444 0.880896
vt 0.981431 0.897260
vt 0.973167 0.897166
vt 0.972745 0.880643
vt 0.981033 0.912296
vt 0.983602 0.929979
vt 0.969615 0.930034
vt 0.973798 0.912082
vt 0.279231 0.442437
vt 0.290723 0.442300
vt 0.278892 0.420628
vt 0.278105 0.369985
vt 0.277593 0.337025
vt 0.276912 0.293184
vt 0.276391 0.259600
vt 0.276025 0.236078
vt 0.275797 0.221380
vt 0.275569 0.206739
vt 0.978911 0.411855
vt 0.979435 0.438986
vt 0.970971 0.438731
vt 0.971961 0.411633
vt 0.327970 0.217784
vt 0.978674 0.549408
vt 0.978606 0.566111
vt 0.971734 0.565497
vt 0.970829 0.550042
vt 0.978584 0.587637
vt 0.972891 0.587475
vt 0.979812 0.767422
vt 0.982841 0.788826
vt 0.970613 0.789203
vt 0.970304 0.767679
vt 0.980870 0.755817
vt 0.970906 0.756041
vt 0.978300 0.603224
vt 0.978181 0.615731
vt 0.972524 0.615469
vt 0.972497 0.603041
vt 0.469684 0.469978
vt 0.485045 0.492787
vt 0.475515 0.451522
vt 0.980048 0.529170
vt 0.969329 0.527281
vt 0.983071 0.798650
vt 0.970417 0.799071
vt 0.660119 0.953462
vt 0.660337 0.980561
vt 0.656655 0.977679
vt 0.654583 0.956240
vt 0.305716 0.532135
vt 0.981786 0.398432
vt 0.971247 0.397791
vt 0.291214 0.548780
vt 0.280890 0.549223
vt 0.979594 0.458282
vt 0.972919 0.457084
vt 0.977519 0.490527
vt 0.971239 0.490431
vt 0.977743 0.506554
vt 0.970691 0.506225
vt 0.306619 0.442171
vt 0.281167 0.567068
vt 0.981125 0.815951
vt 0.971080 0.816326
vt 0.281480 0.587207
vt 0.492619 0.398991
vt 0.980228 0.689260
vt 0.972550 0.688409
vt 0.979358 0.667383
vt 0.979994 0.678004
vt 0.971643 0.677833
vt 0.971752 0.667250
vt 0.978269 0.632239
vt 0.979499 0.653663
vt 0.971732 0.653551
vt 0.972964 0.632472
vt 0.981812 0.828414
vt 0.971373 0.828488
vt 0.453442 0.730816
vt 0.581868 0.768908
vt 0.534218 0.682765
vt 0.532679 0.640476
vt 0.487289 0.710733
vt 0.580930 0.723061
vt 0.552388 0.723009
vt 0.553214 0.704557
vt 0.580186 0.704514
vt 0.489057 0.727336
vt 0.275310 0.190062
vt 0.552756 0.681283
vt 0.551686 0.635386
vt 0.352566 0.709389
vt 0.361126 0.696184
vt 0.534590 0.723379
vt 0.534763 0.706357
vt 0.579018 0.554890
vt 0.252849 0.461552
vt 0.268060 0.461326
vt 0.633138 0.931331
vt 0.632781 0.935859
vt 0.579065 0.520959
vt 0.594627 0.460332
vt 0.610567 0.451735
vt 0.611308 0.849134
vt 0.625692 0.768267
vt 0.625094 0.793365
vt 0.625999 0.722992
vt 0.624780 0.839468
vt 0.625164 0.829242
vt 0.639818 0.830345
vt 0.270556 0.549101
vt 0.270781 0.567525
vt 0.256077 0.568838
vt 0.256087 0.550034
vt 0.251596 0.419394
vt 0.224112 0.420169
vt 0.222437 0.374296
vt 0.249519 0.370742
vt 0.625984 0.704313
vt 0.625834 0.682426
vt 0.626939 0.631762
vt 0.626715 0.598712
vt 0.626606 0.554859
vt 0.626496 0.521073
vt 0.626366 0.497419
vt 0.626161 0.483030
vt 0.626031 0.468186
vt 0.247321 0.221807
vt 0.247587 0.206875
vt 0.263576 0.206712
vt 0.263730 0.221566
vt 0.666331 0.480097
vt 0.642580 0.482958
vt 0.642048 0.467956
vt 0.592687 0.865152
vt 0.590259 0.860025
vt 0.610375 0.858423
vt 0.608997 0.863759
vt 0.905776 0.436406
vt 0.918960 0.435481
vt 0.918336 0.469022
vt 0.906368 0.469135
vt 0.912794 0.677548
vt 0.919854 0.677097
vt 0.919742 0.694295
vt 0.912324 0.694573
vt 0.654456 0.873342
vt 0.649931 0.875650
vt 0.089725 0.475881
vt 0.056336 0.477992
vt 0.047282 0.461738
vt 0.083323 0.457615
vt 0.809416 0.735261
vt 0.843343 0.738853
vt 0.826536 0.760223
vt 0.772702 0.689084
vt 0.812534 0.691716
vt 0.810628 0.716096
vt 0.770583 0.712858
vt 0.906426 0.358550
vt 0.916158 0.356879
vt 0.919121 0.398791
vt 0.905708 0.397896
vt 0.244455 0.558914
vt 0.244334 0.549845
vt 0.158957 0.427782
vt 0.120794 0.429957
vt 0.118290 0.405280
vt 0.156067 0.389319
vt 0.812159 0.677633
vt 0.849507 0.681159
vt 0.848454 0.694033
vt 0.161042 0.467070
vt 0.125483 0.471032
vt 0.123320 0.453703
vt 0.159049 0.450493
vt 0.640448 0.768799
vt 0.639761 0.794368
vt 0.651318 0.820154
vt 0.651273 0.811087
vt 0.662667 0.810740
vt 0.642681 0.496983
vt 0.625047 0.810823
vt 0.262897 0.198823
vt 0.247488 0.235818
vt 0.263798 0.235947
vt 0.248274 0.259639
vt 0.264089 0.259592
vt 0.248690 0.293527
vt 0.264565 0.293338
vt 0.642611 0.598605
vt 0.642500 0.554772
vt 0.249341 0.337307
vt 0.265222 0.337141
vt 0.251847 0.443022
vt 0.267740 0.442657
vt 0.224308 0.461892
vt 0.224883 0.443431
vt 0.265561 0.370170
vt 0.267503 0.420781
vt 0.651379 0.802661
vt 0.639529 0.811491
vt 0.734513 0.687563
vt 0.736747 0.649060
vt 0.774786 0.664375
vt 0.914107 0.787524
vt 0.919240 0.787208
vt 0.920373 0.807094
vt 0.913723 0.806982
vt 0.832568 0.659648
vt 0.846655 0.719536
vt 0.768731 0.730228
vt 0.911285 0.643843
vt 0.919950 0.644250
vt 0.917534 0.657107
vt 0.913608 0.656929
vt 0.041217 0.459615
vt 0.033886 0.451992
vt 0.036836 0.441670
vt 0.045047 0.436171
vt 0.907611 0.528043
vt 0.917103 0.527611
vt 0.918905 0.547648
vt 0.908076 0.547630
vt 0.913601 0.727762
vt 0.918810 0.727802
vt 0.919636 0.743024
vt 0.914148 0.742767
vt 0.913203 0.756293
vt 0.919856 0.757061
vt 0.920405 0.770376
vt 0.913140 0.769606
vt 0.271350 0.577726
vt 0.913913 0.818597
vt 0.919684 0.819309
vt 0.922662 0.833683
vt 0.913744 0.834187
vt 0.906642 0.222052
vt 0.914039 0.222828
vt 0.915541 0.249407
vt 0.904335 0.250575
vt 0.223537 0.219406
vt 0.918284 0.499607
vt 0.908026 0.498896
vt 0.649443 0.893470
vt 0.653834 0.895492
vt 0.610674 0.910688
vt 0.609575 0.905375
vt 0.912740 0.669900
vt 0.919501 0.669911
vt 0.920265 0.706133
vt 0.912199 0.705287
vt 0.047919 0.427462
vt 0.064595 0.405640
vt 0.081138 0.419166
vt 0.912336 0.663373
vt 0.919380 0.663369
vt 0.081000 0.433267
vt 0.920619 0.715282
vt 0.912800 0.715368
vt 0.232933 0.549704
vt 0.906204 0.165231
vt 0.914091 0.165579
vt 0.913941 0.195091
vt 0.907035 0.196661
vt 0.914106 0.284931
vt 0.903363 0.285372
vt 0.914063 0.320892
vt 0.907090 0.321427
vt 0.205599 0.421898
vt 0.203500 0.379635
vt 0.569948 0.875457
vt 0.564223 0.873460
vt 0.570309 0.895633
vt 0.565519 0.897866
vt 0.244076 0.541419
vt 0.905465 0.137942
vt 0.917176 0.136908
vt 0.075079 0.499157
vt 0.910442 0.634373
vt 0.919727 0.634907
vt 0.909506 0.604457
vt 0.920069 0.604276
vt 0.920100 0.620816
vt 0.910126 0.620240
vt 0.908579 0.590421
vt 0.919091 0.590938
vt 0.918060 0.574185
vt 0.909780 0.573917
vt 0.641729 0.680763
vt 0.642995 0.632065
vt 0.670132 0.635166
vt 0.669233 0.681066
vt 0.734810 0.710271
vt 0.641215 0.722949
vt 0.641889 0.704399
vt 0.668862 0.704341
vt 0.669757 0.722790
vt 0.206517 0.462501
vt 0.206460 0.445480
vt 0.858006 0.720427
vt 0.689157 0.640184
vt 0.687776 0.682479
vt 0.860915 0.695254
vt 0.869527 0.708424
vt 0.687556 0.723093
vt 0.687320 0.706073
vt 0.733103 0.726881
vt 0.642326 0.520841
vt 0.626538 0.460273
vt 0.593186 0.904329
vt 0.590901 0.909695
vt 0.986120 0.798290
vt 0.984977 0.815813
vt 0.983646 0.815810
vt 0.985117 0.798351
vt 0.982402 0.815868
vt 0.984090 0.798531
vt 0.986870 0.880589
vt 0.986362 0.897000
vt 0.984987 0.897060
vt 0.985561 0.880767
vt 0.983251 0.897175
vt 0.984294 0.880990
vt 0.985688 0.849829
vt 0.986405 0.865369
vt 0.984976 0.865338
vt 0.984468 0.849759
vt 0.983566 0.865364
vt 0.983427 0.849567
vt 0.986425 0.910838
vt 0.986266 0.928877
vt 0.985299 0.929744
vt 0.984608 0.911175
vt 0.984385 0.929773
vt 0.982603 0.911648
vt 0.981952 0.506520
vt 0.982116 0.529604
vt 0.981425 0.529524
vt 0.980475 0.506849
vt 0.980736 0.529337
vt 0.978912 0.506616
vt 0.983407 0.491398
vt 0.981541 0.490700
vt 0.979639 0.490736
vt 0.981336 0.458594
vt 0.980741 0.458524
vt 0.980165 0.458410
vt 0.982493 0.440013
vt 0.981708 0.439682
vt 0.980489 0.439177
vt 0.982706 0.412926
vt 0.981196 0.412074
vt 0.980045 0.412109
vt 0.983321 0.398236
vt 0.982830 0.398409
vt 0.982308 0.398486
vt 0.983298 0.381563
vt 0.982735 0.381350
vt 0.982170 0.381145
vt 0.983027 0.549775
vt 0.983856 0.566285
vt 0.981938 0.565697
vt 0.981412 0.549542
vt 0.980067 0.565705
vt 0.979690 0.549669
vt 0.984280 0.587814
vt 0.982140 0.588049
vt 0.980223 0.587690
vt 0.985935 0.789002
vt 0.984887 0.788850
vt 0.983864 0.788800
vt 0.984399 0.755383
vt 0.984616 0.767771
vt 0.982955 0.767451
vt 0.983276 0.755675
vt 0.980866 0.767345
vt 0.982083 0.755791
vt 0.984042 0.603593
vt 0.984077 0.615549
vt 0.981671 0.615680
vt 0.981496 0.603527
vt 0.980054 0.615741
vt 0.979938 0.603728
vt 0.984897 0.741941
vt 0.982092 0.742287
vt 0.980566 0.741884
vt 0.985745 0.828296
vt 0.984921 0.828326
vt 0.983259 0.828368
vt 0.986258 0.725872
vt 0.984916 0.725556
vt 0.982921 0.725278
vt 0.980396 0.348671
vt 0.979802 0.348462
vt 0.979221 0.348391
vt 0.987234 0.701775
vt 0.986551 0.712559
vt 0.984118 0.712495
vt 0.985296 0.701134
vt 0.981824 0.712633
vt 0.983433 0.701131
vt 0.984017 0.654226
vt 0.985411 0.667266
vt 0.983214 0.667166
vt 0.982539 0.653922
vt 0.981650 0.667294
vt 0.980802 0.653768
vt 0.984851 0.678562
vt 0.983372 0.678072
vt 0.981750 0.678114
vt 0.986352 0.688900
vt 0.984873 0.689368
vt 0.982726 0.689354
vt 0.984233 0.632899
vt 0.982015 0.632535
vt 0.979865 0.632432
vt 0.912938 0.727738
vt 0.912168 0.715323
vt 0.912293 0.727727
vt 0.911529 0.715239
vt 0.911603 0.727749
vt 0.910909 0.715229
vt 0.912857 0.806949
vt 0.912872 0.787542
vt 0.911881 0.806888
vt 0.911333 0.787234
vt 0.910941 0.806839
vt 0.910149 0.786846
vt 0.912134 0.769522
vt 0.912300 0.756367
vt 0.911120 0.769398
vt 0.911462 0.756539
vt 0.910088 0.769314
vt 0.910873 0.756754
vt 0.913239 0.834170
vt 0.913189 0.818635
vt 0.912706 0.834016
vt 0.911700 0.818651
vt 0.912152 0.833771
vt 0.910420 0.818588
vt 0.904833 0.397894
vt 0.905190 0.358714
vt 0.903952 0.397915
vt 0.903978 0.358840
vt 0.903101 0.397806
vt 0.902708 0.358876
vt 0.905699 0.321278
vt 0.904135 0.321055
vt 0.902507 0.320769
vt 0.902376 0.285297
vt 0.901539 0.285285
vt 0.900907 0.285341
vt 0.903696 0.250690
vt 0.903084 0.251003
vt 0.902503 0.251498
vt 0.904871 0.221829
vt 0.901739 0.222114
vt 0.899658 0.222670
vt 0.904048 0.196742
vt 0.900855 0.196013
vt 0.901423 0.221793
vt 0.899122 0.221584
vt 0.898409 0.195497
vt 0.904018 0.165169
vt 0.901562 0.165150
vt 0.899892 0.165234
vt 0.905120 0.469288
vt 0.904669 0.436552
vt 0.903891 0.469557
vt 0.903550 0.436727
vt 0.902676 0.469927
vt 0.902371 0.436887
vt 0.906653 0.498896
vt 0.905331 0.499134
vt 0.904091 0.499652
vt 0.911524 0.705220
vt 0.910845 0.705204
vt 0.910145 0.705252
vt 0.911567 0.694569
vt 0.911935 0.677603
vt 0.910807 0.694569
vt 0.911083 0.677595
vt 0.910048 0.694559
vt 0.910272 0.677457
vt 0.906831 0.547457
vt 0.906487 0.528237
vt 0.905535 0.547134
vt 0.905505 0.528688
vt 0.904661 0.547328
vt 0.904711 0.529403
vt 0.911827 0.669887
vt 0.910979 0.669731
vt 0.910250 0.669374
vt 0.913334 0.742688
vt 0.912223 0.742600
vt 0.911094 0.742521
vt 0.911508 0.663337
vt 0.910762 0.663307
vt 0.910052 0.663280
vt 0.903859 0.137604
vt 0.901888 0.137827
vt 0.901169 0.137794
vt 0.912180 0.656942
vt 0.910288 0.643951
vt 0.910691 0.656683
vt 0.909399 0.643946
vt 0.909149 0.656700
vt 0.908628 0.643725
vt 0.908403 0.604435
vt 0.907666 0.590367
vt 0.907528 0.604529
vt 0.906830 0.590557
vt 0.907012 0.604918
vt 0.906363 0.591119
vt 0.909249 0.620308
vt 0.908303 0.620281
vt 0.907426 0.620498
vt 0.909539 0.634306
vt 0.908791 0.633947
vt 0.908191 0.633377
vt 0.908421 0.573950
vt 0.907062 0.573917
vt 0.905620 0.573947
vt 0.969739 0.816283
vt 0.969411 0.799209
vt 0.968424 0.816206
vt 0.968411 0.799354
vt 0.967059 0.816080
vt 0.967416 0.799394
vt 0.971285 0.896957
vt 0.970784 0.880673
vt 0.969152 0.896790
vt 0.969057 0.880371
vt 0.968227 0.896373
vt 0.967700 0.880594
vt 0.970641 0.865331
vt 0.970433 0.849825
vt 0.969040 0.865389
vt 0.968730 0.850026
vt 0.967166 0.865220
vt 0.967113 0.850335
vt 0.968946 0.929774
vt 0.971401 0.911522
vt 0.968343 0.929181
vt 0.969895 0.911157
vt 0.967770 0.928420
vt 0.967908 0.910347
vt 0.968656 0.527104
vt 0.969100 0.506200
vt 0.967987 0.526921
vt 0.967591 0.506264
vt 0.967320 0.526787
vt 0.966532 0.506369
vt 0.969659 0.490674
vt 0.967946 0.490717
vt 0.966219 0.491060
vt 0.972323 0.457018
vt 0.971731 0.456982
vt 0.971135 0.456982
vt 0.969670 0.438631
vt 0.968794 0.438767
vt 0.967932 0.439054
vt 0.971070 0.411828
vt 0.969709 0.412045
vt 0.969078 0.412206
vt 0.970680 0.397718
vt 0.970119 0.397544
vt 0.969578 0.397335
vt 0.969575 0.380020
vt 0.969067 0.380168
vt 0.968570 0.380417
vt 0.970295 0.565593
vt 0.969223 0.549755
vt 0.968828 0.565194
vt 0.967698 0.549493
vt 0.966952 0.565584
vt 0.966594 0.549947
vt 0.970823 0.587376
vt 0.968904 0.587328
vt 0.967336 0.587179
vt 0.969553 0.789218
vt 0.968508 0.789218
vt 0.967428 0.789127
vt 0.969326 0.767746
vt 0.969721 0.756080
vt 0.968360 0.767863
vt 0.968585 0.756214
vt 0.967405 0.768036
vt 0.967484 0.756501
vt 0.970949 0.615406
vt 0.971143 0.602921
vt 0.969572 0.615416
vt 0.969434 0.603057
vt 0.967564 0.615495
vt 0.967518 0.602849
vt 0.969142 0.742015
vt 0.968122 0.742150
vt 0.967215 0.742507
vt 0.969835 0.828476
vt 0.968491 0.828443
vt 0.967479 0.828399
vt 0.971304 0.724570
vt 0.969411 0.724311
vt 0.967718 0.724327
vt 0.968994 0.351388
vt 0.968514 0.351773
vt 0.968036 0.352164
vt 0.971817 0.711636
vt 0.970776 0.701083
vt 0.969665 0.711389
vt 0.968969 0.701397
vt 0.967447 0.710758
vt 0.967507 0.701815
vt 0.969615 0.667125
vt 0.970487 0.653498
vt 0.967685 0.667276
vt 0.968358 0.653497
vt 0.966910 0.667128
vt 0.966996 0.653441
vt 0.970062 0.677876
vt 0.968578 0.677921
vt 0.967435 0.677784
vt 0.970019 0.688227
vt 0.968523 0.687914
vt 0.967358 0.687321
vt 0.971164 0.632101
vt 0.969614 0.631979
vt 0.967190 0.631983
vt 0.922479 0.715400
vt 0.920889 0.727613
vt 0.920183 0.727699
vt 0.921864 0.715402
vt 0.919504 0.727759
vt 0.921243 0.715340
vt 0.923447 0.787675
vt 0.923424 0.806781
vt 0.922612 0.807039
vt 0.922545 0.787878
vt 0.921497 0.807140
vt 0.920714 0.787715
vt 0.921984 0.757539
vt 0.923561 0.770640
vt 0.922499 0.770581
vt 0.921288 0.757312
vt 0.921451 0.770465
vt 0.920557 0.757146
vt 0.923203 0.819263
vt 0.923863 0.832711
vt 0.923484 0.833176
vt 0.921980 0.819427
vt 0.923090 0.833536
vt 0.920709 0.819428
vt 0.919825 0.356381
vt 0.921676 0.398791
vt 0.920835 0.398755
vt 0.918582 0.356495
vt 0.919980 0.398777
vt 0.917369 0.356661
vt 0.918189 0.321022
vt 0.916791 0.320950
vt 0.915390 0.320905
vt 0.916642 0.284607
vt 0.915925 0.284638
vt 0.915068 0.284752
vt 0.917363 0.249871
vt 0.916763 0.249543
vt 0.916155 0.249393
vt 0.920640 0.223198
vt 0.917910 0.223013
vt 0.916763 0.222996
vt 0.919182 0.195969
vt 0.918367 0.195781
vt 0.917865 0.195678
vt 0.915287 0.195568
vt 0.922973 0.164712
vt 0.918470 0.195549
vt 0.921416 0.164330
vt 0.917601 0.165115
vt 0.922285 0.435973
vt 0.922160 0.469278
vt 0.920891 0.469154
vt 0.921185 0.435667
vt 0.919611 0.469044
vt 0.920086 0.435506
vt 0.922480 0.500132
vt 0.921091 0.500045
vt 0.919688 0.499802
vt 0.922374 0.706239
vt 0.921656 0.706246
vt 0.920965 0.706195
vt 0.922302 0.677213
vt 0.922018 0.694426
vt 0.921266 0.694340
vt 0.921506 0.677077
vt 0.920508 0.694298
vt 0.920694 0.677052
vt 0.920925 0.527326
vt 0.921445 0.547714
vt 0.920706 0.547854
vt 0.919755 0.527575
vt 0.919829 0.547767
vt 0.918433 0.527587
vt 0.921840 0.670455
vt 0.921159 0.670124
vt 0.920377 0.669958
vt 0.922736 0.743149
vt 0.922082 0.743001
vt 0.920532 0.742988
vt 0.921413 0.663281
vt 0.920761 0.663321
vt 0.920092 0.663351
vt 0.921455 0.137220
vt 0.920176 0.136881
vt 0.918897 0.136900
vt 0.260641 -1.448565
vt 0.254423 -1.379935
vt 0.260919 -1.380885
vt 0.264410 -1.449541
vt 0.922448 0.645091
vt 0.922247 0.657399
vt 0.920645 0.657468
vt 0.921706 0.644678
vt 0.919072 0.657263
vt 0.920882 0.644392
vt 0.921990 0.591063
vt 0.922183 0.604003
vt 0.921668 0.604243
vt 0.921075 0.591066
vt 0.920943 0.604317
vt 0.920087 0.591005
vt 0.922107 0.620570
vt 0.921498 0.620759
vt 0.920831 0.620836
vt 0.922493 0.634060
vt 0.921535 0.634440
vt 0.920593 0.634754
vt 0.922249 0.574011
vt 0.920849 0.574159
vt 0.919457 0.574185
vt 0.590469 0.976034
vt 0.592520 0.948967
vt 0.592923 0.949215
vt 0.590940 0.975809
vt 0.593295 0.949489
vt 0.591374 0.975556
vt 0.610342 0.993360
vt 0.610507 0.992964
vt 0.610626 0.992571
vt 0.661667 0.981723
vt 0.632977 0.995236
vt 0.632907 0.994787
vt 0.661182 0.981361
vt 0.632856 0.994359
vt 0.660750 0.980956
vt 0.611339 0.932905
vt 0.633567 0.929986
vt 0.633373 0.930442
vt 0.611459 0.933302
vt 0.633236 0.930889
vt 0.611550 0.933689
vt 0.661667 0.952468
vt 0.661120 0.952771
vt 0.660604 0.953114
vt 0.599286 0.953356
vt 0.597951 0.972080
vt 0.599549 0.953591
vt 0.598252 0.971880
vt 0.599840 0.953760
vt 0.598722 0.971717
vt 0.611792 0.986933
vt 0.611902 0.986590
vt 0.612041 0.986236
vt 0.632557 0.988861
vt 0.656299 0.977336
vt 0.632484 0.988464
vt 0.655956 0.977002
vt 0.632386 0.988065
vt 0.655575 0.976711
vt 0.632695 0.936275
vt 0.612806 0.939789
vt 0.632610 0.936682
vt 0.612941 0.940106
vt 0.632497 0.937106
vt 0.613110 0.940415
vt 0.654231 0.956553
vt 0.653890 0.956880
vt 0.653367 0.957203
vt 0.570317 0.875486
vt 0.570213 0.895775
vt 0.570648 0.875502
vt 0.570076 0.895937
vt 0.570958 0.875513
vt 0.569919 0.896107
vt 0.593222 0.904108
vt 0.593251 0.903888
vt 0.593269 0.903664
vt 0.609591 0.905380
vt 0.649553 0.893725
vt 0.609608 0.905388
vt 0.649703 0.893999
vt 0.609628 0.905391
vt 0.649863 0.894272
vt 0.609060 0.863859
vt 0.592701 0.865203
vt 0.609135 0.863959
vt 0.592713 0.865251
vt 0.609223 0.864063
vt 0.592721 0.865309
vt 0.649960 0.875403
vt 0.650029 0.875138
vt 0.650123 0.874858
vt 0.565003 0.898177
vt 0.562253 0.872868
vt 0.562924 0.873086
vt 0.565185 0.898055
vt 0.563590 0.873283
vt 0.565367 0.897948
vt 0.590732 0.910127
vt 0.590779 0.909981
vt 0.590838 0.909835
vt 0.654319 0.895773
vt 0.610742 0.911125
vt 0.610726 0.910977
vt 0.654150 0.895661
vt 0.610703 0.910830
vt 0.653977 0.895562
vt 0.590111 0.859568
vt 0.610498 0.857996
vt 0.610460 0.858140
vt 0.590147 0.859726
vt 0.610416 0.858283
vt 0.590199 0.859882
vt 0.654956 0.873051
vt 0.654775 0.873167
vt 0.654599 0.873267
vn 0.9609 0.1786 0.2113
vn 0.9848 0.1737 0.0000
vn 0.9725 0.2327 0.0000
vn 0.9490 0.2250 0.2208
vn 0.9703 0.1305 0.2036
vn 0.9911 0.1331 0.0000
vn 0.0442 0.9990 -0.0022
vn -0.2712 0.6869 0.6742
vn -0.6037 0.6147 0.5076
vn -0.1985 0.9758 -0.0917
vn 0.8769 0.3867 0.2853
vn 0.8180 0.3834 0.4288
vn 0.9295 0.2993 0.2153
vn 0.0696 0.2002 0.9773
vn -0.0453 0.1697 0.9844
vn 0.1388 0.1283 0.9820
vn 0.9727 0.1152 0.2015
vn 0.9935 0.1140 0.0000
vn 0.9788 0.0895 0.1844
vn 0.9964 0.0850 0.0000
vn 0.9855 0.0243 0.1680
vn 0.9997 0.0233 0.0000
vn 0.9848 -0.0170 0.1728
vn 0.9999 -0.0130 0.0000
vn 0.9817 -0.0173 0.1897
vn 0.9999 -0.0150 0.0000
vn 0.9772 -0.0190 0.2112
vn 0.9999 -0.0088 0.0000
vn 0.9680 -0.0262 0.2493
vn 1.0000 -0.0050 0.0000
vn 0.9580 -0.0372 0.2843
vn 0.9510 -0.0101 0.3090
vn 0.9999 0.0099 0.0000
vn 0.9997 -0.0226 0.0000
vn -0.9250 0.0569 -0.3758
vn -0.9497 0.0373 -0.3110
vn -0.9398 0.0100 -0.3413
vn -0.9423 -0.0952 -0.3209
vn 0.8563 -0.0224 0.5159
vn 0.8841 -0.1654 0.4370
vn 0.9250 -0.0569 0.3758
vn -0.7907 0.1254 -0.5992
vn -0.8085 -0.1564 -0.5673
vn -0.6236 -0.1588 -0.7654
vn -0.5766 -0.0125 -0.8169
vn 0.6323 0.0856 0.7699
vn 0.4190 0.0507 0.9065
vn 0.3973 -0.0842 0.9138
vn 0.5821 -0.1062 0.8061
vn -0.2497 -0.0657 -0.9661
vn -0.2223 -0.0854 -0.9712
vn -0.2868 -0.1215 -0.9502
vn -0.1505 -0.0407 -0.9878
vn 0.0792 -0.0964 0.9922
vn 0.2094 -0.2007 0.9570
vn 0.2650 -0.0582 0.9625
vn 0.1150 -0.9933 0.0000
vn 0.0320 -0.8697 0.4924
vn -0.2175 -0.8763 0.4298
vn -0.1679 -0.9858 0.0000
vn 0.4222 0.0607 0.9044
vn 0.2277 0.0869 0.9698
vn 0.2464 0.0558 0.9675
vn 0.9565 0.0002 0.2917
vn 0.9392 -0.0232 0.3426
vn -0.9403 -0.1963 -0.2778
vn -0.8939 -0.2517 -0.3707
vn -0.8721 -0.2419 -0.4253
vn -0.9210 -0.1875 -0.3416
vn -0.9327 -0.0758 -0.3525
vn -0.8854 -0.3303 -0.3269
vn -0.7378 -0.2855 -0.6115
vn -0.7928 -0.0103 -0.6093
vn 0.1499 0.0522 0.9873
vn -0.6307 0.0857 -0.7712
vn -0.5882 -0.1028 -0.8021
vn -0.4230 -0.0587 -0.9042
vn -0.4111 0.0685 -0.9090
vn -0.9659 -0.1945 -0.1709
vn -0.9566 -0.1780 -0.2307
vn -0.9658 -0.1299 -0.2241
vn -0.9659 -0.1245 -0.2268
vn 0.7946 0.3574 0.4907
vn 0.8045 0.2123 0.5547
vn 0.8721 0.2420 0.4253
vn 0.9075 -0.0270 0.4191
vn 0.0591 0.9982 -0.0083
vn -0.1438 0.9763 -0.1617
vn 0.9584 0.2853 0.0000
vn 0.9382 0.2718 0.2140
vn -0.9427 -0.1422 -0.3017
vn -0.9599 0.0919 -0.2650
vn -0.9620 0.0262 -0.2715
vn -0.9843 0.0399 -0.1720
vn -0.9727 0.0190 -0.2312
vn -0.9904 0.0209 -0.1363
vn -0.9778 0.0173 -0.2085
vn -0.9732 -0.0688 -0.2195
vn -0.9826 -0.0243 -0.1839
vn -0.9818 0.0170 -0.1892
vn -0.9933 0.0224 -0.1135
vn -0.9730 -0.0459 -0.2260
vn -0.9215 -0.1847 -0.3416
vn -0.9293 0.1003 -0.3555
vn -0.9749 -0.0893 -0.2038
vn 0.9515 0.1075 0.2881
vn 0.9549 0.2970 0.0000
vn -0.1194 -0.7243 0.6791
vn 0.2238 -0.9697 0.0978
vn -0.0164 -0.9998 0.0105
vn -0.4570 -0.7195 0.5229
vn 0.8700 0.0934 0.4841
vn 0.8927 0.1791 0.4134
vn 0.8939 0.2518 0.3707
vn -0.2829 -0.0860 -0.9553
vn -0.1855 -0.1032 -0.9772
vn -0.1065 -0.0606 -0.9924
vn -0.9108 -0.2549 -0.3248
vn -0.8820 -0.3197 -0.3463
vn 0.2299 0.1717 0.9579
vn 0.1530 0.2452 0.9573
vn 0.4332 0.8993 -0.0584
vn 0.0276 0.9995 0.0103
vn -0.0886 0.9619 -0.2585
vn 0.3577 0.8311 -0.4258
vn -0.8482 0.4697 -0.2448
vn -0.0742 0.9618 -0.2634
vn -0.0544 0.7588 -0.6489
vn -0.7859 0.3618 -0.5013
vn -0.1543 -0.1653 -0.9741
vn -0.0204 -0.1154 -0.9931
vn -0.9659 -0.1945 0.1710
vn -0.9566 -0.1780 0.2307
vn -0.9448 -0.2241 0.2389
vn -0.9242 -0.2595 0.2802
vn -0.4190 -0.0506 -0.9066
vn -0.4452 -0.1596 -0.8811
vn -0.0545 -0.8562 0.5137
vn -0.3217 -0.1323 0.9375
vn -0.6337 -0.1851 0.7511
vn -0.2744 -0.8773 0.3936
vn -0.9448 -0.2241 -0.2389
vn -0.9724 -0.2330 0.0000
vn -0.9847 -0.1739 0.0000
vn -0.9911 -0.1332 0.0000
vn -0.9637 -0.2052 -0.1709
vn -0.9262 -0.2984 -0.2304
vn -0.3252 0.6908 0.6458
vn -0.3010 0.7464 0.5935
vn -0.5380 0.6780 0.5008
vn -0.5550 0.6263 0.5474
vn -0.1912 0.7986 0.5706
vn -0.1912 0.9815 0.0000
vn -0.5091 0.8607 0.0000
vn -0.4544 0.7015 0.5490
vn -0.9935 -0.1140 0.0000
vn -0.9680 -0.1147 -0.2230
vn -0.9963 -0.0851 0.0000
vn -0.9997 -0.0234 0.0000
vn -0.9999 0.0131 0.0000
vn -0.9999 0.0150 0.0000
vn -0.9999 0.0089 0.0000
vn -1.0000 0.0054 0.0000
vn -0.9997 0.0232 0.0000
vn -0.9999 -0.0099 0.0000
vn -0.3387 -0.0715 0.9382
vn -0.3906 0.4910 0.7786
vn -0.5954 0.4827 0.6422
vn -0.6238 -0.0920 0.7761
vn -0.9719 0.0620 -0.2271
vn 0.1305 -0.9666 0.2203
vn 0.0984 -0.9516 0.2911
vn -0.1052 -0.9832 0.1491
vn -0.1064 -0.9865 0.1245
vn 0.0225 -0.9279 0.3722
vn -0.1391 -0.9736 0.1810
vn 0.0276 0.9993 0.0253
vn 0.0168 0.9995 0.0257
vn -0.2192 0.9735 -0.0641
vn -0.1715 0.9776 -0.1222
vn 0.0276 0.9996 0.0092
vn -0.1365 0.9724 -0.1889
vn -0.0707 -0.8769 0.4754
vn 0.2644 -0.9554 -0.1314
vn 0.1339 -0.9287 -0.3456
vn -0.1870 -0.9420 0.2785
vn -0.1822 -0.0533 -0.9818
vn -0.1903 -0.1036 -0.9762
vn -0.2327 -0.0742 -0.9697
vn -0.1415 -0.6651 0.7332
vn -0.4787 -0.6677 0.5701
vn -0.2771 0.6838 0.6749
vn -0.6068 0.6099 0.5097
vn 0.5685 -0.6945 -0.4409
vn 0.4577 0.7062 -0.5402
vn 0.1865 0.6306 -0.7533
vn 0.2587 -0.7010 -0.6645
vn -0.9242 -0.2595 -0.2803
vn -0.0401 -0.8850 0.4639
vn -0.2551 -0.8888 0.3807
vn -0.9349 -0.2709 -0.2293
vn -0.9584 -0.2854 0.0000
vn -0.3881 0.0123 0.9215
vn -0.6241 0.0255 0.7809
vn -0.3936 0.0045 0.9192
vn -0.6227 0.0100 0.7824
vn -0.3936 -0.0002 0.9192
vn -0.6188 0.0066 0.7855
vn -0.9633 -0.1748 -0.2035
vn -0.9548 -0.2973 0.0000
vn -0.3939 -0.0509 0.9177
vn -0.6024 -0.0978 0.7922
vn -0.9882 -0.1529 0.0000
vn -0.2353 -0.0977 -0.9670
vn -0.8057 0.5192 -0.2852
vn -0.7095 0.4086 -0.5742
vn -0.7125 -0.6441 -0.2783
vn -0.9098 0.0112 -0.4150
vn -0.7399 0.0173 -0.6725
vn -0.6588 -0.5557 -0.5071
vn -0.1745 -0.8463 -0.5033
vn -0.7350 -0.6640 -0.1372
vn -0.7138 -0.6083 -0.3471
vn -0.2220 -0.7137 -0.6643
vn -0.2625 -0.5224 0.8113
vn -0.5064 -0.5587 0.6568
vn 0.4284 0.1672 0.8880
vn 0.8888 0.1851 0.4192
vn 0.7969 0.1396 0.5877
vn 0.7896 -0.1013 0.6051
vn 0.6387 0.0473 0.7680
vn 0.9384 0.1893 0.2889
vn 0.8795 0.3328 0.3401
vn 0.9313 0.0634 0.3587
vn 0.9575 0.1092 0.2670
vn 0.6284 0.1772 0.7574
vn -0.9768 -0.2139 0.0000
vn 0.9228 0.1569 0.3517
vn 0.9167 -0.0887 0.3896
vn -0.1656 0.0959 0.9815
vn -0.0494 -0.0072 0.9987
vn 0.7604 0.2737 0.5889
vn 0.7691 0.0217 0.6388
vn 0.9308 -0.0208 0.3649
vn -0.9659 -0.1245 0.2268
vn -0.9658 -0.1299 0.2241
vn 0.1677 -0.9686 0.1837
vn -0.0233 -0.9995 0.0183
vn 0.9181 -0.0371 0.3945
vn 0.9175 -0.0950 0.3862
vn 0.9945 -0.1049 0.0000
vn 0.9040 0.4275 0.0000
vn 0.9609 0.1786 -0.2113
vn 0.9490 0.2250 -0.2208
vn 0.9703 0.1305 -0.2036
vn 0.8768 0.3869 -0.2854
vn 0.9295 0.2993 -0.2153
vn 0.8177 0.3837 -0.4291
vn -0.9349 -0.2709 0.2293
vn -0.9262 -0.2984 0.2304
vn -0.9402 -0.1966 0.2781
vn -0.8939 -0.2517 0.3707
vn -0.9730 -0.0459 0.2260
vn -0.9293 0.1003 0.3555
vn -0.9215 -0.1847 0.3416
vn -0.9732 -0.0688 0.2195
vn 0.9727 0.1152 -0.2015
vn 0.9788 0.0895 -0.1844
vn 0.9855 0.0243 -0.1680
vn 0.9848 -0.0170 -0.1728
vn 0.9817 -0.0173 -0.1897
vn 0.9772 -0.0190 -0.2112
vn 0.9680 -0.0262 -0.2493
vn 0.9580 -0.0372 -0.2843
vn 0.9510 -0.0101 -0.3090
vn -0.9250 0.0569 0.3758
vn -0.9411 -0.0766 0.3293
vn -0.9399 0.0099 0.3413
vn -0.9497 0.0373 0.3110
vn 0.8518 -0.0360 -0.5226
vn 0.9250 -0.0569 -0.3758
vn 0.8786 -0.1790 -0.4427
vn 0.2238 -0.9697 -0.0978
vn -0.0164 -0.9998 -0.0105
vn -0.0233 -0.9995 -0.0183
vn 0.1677 -0.9685 -0.1837
vn 0.1305 -0.9666 -0.2203
vn -0.1064 -0.9865 -0.1245
vn -0.1052 -0.9832 -0.1491
vn 0.0984 -0.9516 -0.2911
vn 0.0276 0.9996 -0.0092
vn -0.1365 0.9724 0.1889
vn -0.1715 0.9776 0.1222
vn 0.0276 0.9993 -0.0253
vn 0.2587 -0.7010 0.6645
vn 0.5689 -0.6948 0.4399
vn -0.1822 -0.0533 0.9818
vn -0.2849 -0.0846 0.9548
vn -0.1855 -0.1032 0.9772
vn -0.2327 -0.0742 0.9697
vn 0.2299 0.1717 -0.9579
vn 0.0703 0.1998 -0.9773
vn 0.1530 0.2452 -0.9573
vn 0.4190 0.0507 -0.9065
vn 0.2464 0.0558 -0.9675
vn 0.2277 0.0869 -0.9698
vn 0.4222 0.0607 -0.9044
vn -0.3936 -0.0002 -0.9192
vn -0.6188 0.0066 -0.7855
vn -0.4787 -0.6677 -0.5701
vn -0.1415 -0.6651 -0.7332
vn -0.9209 -0.1876 0.3416
vn -0.8721 -0.2419 0.4253
vn -0.5766 -0.0125 0.8169
vn -0.4190 -0.0506 0.9066
vn -0.4454 -0.1605 0.8808
vn -0.6236 -0.1588 0.7654
vn 0.2650 -0.0582 -0.9625
vn 0.0787 -0.0967 -0.9922
vn 0.1499 0.0522 -0.9873
vn -0.6307 0.0857 0.7712
vn -0.4111 0.0685 0.9090
vn -0.4230 -0.0587 0.9042
vn -0.5882 -0.1028 0.8021
vn 0.8888 0.1851 -0.4193
vn 0.8928 0.1791 -0.4133
vn 0.7945 0.3575 -0.4908
vn 0.8721 0.2420 -0.4253
vn 0.8045 0.2123 -0.5547
vn 0.9075 -0.0270 -0.4191
vn 0.9382 0.2718 -0.2140
vn -0.9425 -0.1318 0.3069
vn -0.9599 0.0919 0.2650
vn -0.9620 0.0262 0.2715
vn -0.9843 0.0399 0.1720
vn -0.9727 0.0190 0.2312
vn -0.9904 0.0209 0.1363
vn -0.9778 0.0173 0.2085
vn 0.9392 -0.0232 -0.3426
vn 0.9308 -0.0208 -0.3649
vn -0.9933 0.0224 0.1135
vn -0.9818 0.0170 0.1892
vn -0.9633 -0.1748 0.2035
vn -0.9680 -0.1147 0.2230
vn -0.9327 -0.0758 0.3525
vn -0.8855 -0.3303 0.3269
vn -0.9826 -0.0243 0.1839
vn -0.9749 -0.0893 0.2038
vn 0.8700 0.0934 -0.4841
vn 0.8939 0.2518 -0.3707
vn 0.6321 0.0852 -0.7702
vn 0.5821 -0.1062 -0.8061
vn 0.3973 -0.0842 -0.9138
vn -0.3254 0.6907 -0.6457
vn -0.5552 0.6262 -0.5473
vn -0.5383 0.6779 -0.5006
vn -0.3014 0.7463 -0.5934
vn 0.2089 -0.2011 -0.9570
vn 0.1388 0.1283 -0.9820
vn 0.4284 0.1672 -0.8880
vn -0.8485 0.4704 0.2424
vn -0.7867 0.3628 0.4994
vn -0.0545 0.7590 0.6488
vn -0.0742 0.9618 0.2636
vn -0.1047 -0.0604 0.9926
vn -0.0198 -0.1158 0.9931
vn -0.1545 -0.1655 0.9740
vn -0.1505 -0.0407 0.9878
vn -0.0706 -0.8768 -0.4756
vn -0.1885 -0.9431 -0.2740
vn 0.1334 -0.9195 0.3698
vn 0.2647 -0.9555 0.1299
vn -0.3939 -0.0509 -0.9177
vn -0.6024 -0.0978 -0.7922
vn -0.5063 -0.5588 -0.6568
vn -0.2624 -0.5223 -0.8114
vn -0.0544 -0.8562 -0.5137
vn -0.2743 -0.8774 -0.3936
vn -0.6337 -0.1851 -0.7511
vn -0.3217 -0.1323 -0.9375
vn -0.9636 -0.2054 0.1710
vn -0.1913 0.7986 -0.5705
vn -0.4546 0.7014 -0.5489
vn -0.3522 -0.0742 -0.9330
vn -0.6328 -0.0894 -0.7691
vn -0.5954 0.4827 -0.6422
vn -0.3906 0.4910 -0.7786
vn -0.9687 0.0781 0.2356
vn -0.1391 -0.9736 -0.1810
vn 0.0225 -0.9279 -0.3722
vn 0.4598 0.7052 0.5397
vn 0.1864 0.6306 0.7533
vn -0.1438 0.9763 0.1618
vn 0.0599 0.9982 0.0075
vn 0.0276 0.9995 -0.0103
vn -0.0886 0.9619 0.2585
vn -0.2192 0.9735 0.0641
vn 0.0168 0.9995 -0.0257
vn -0.2869 -0.1215 0.9502
vn -0.2337 -0.0985 0.9673
vn -0.2223 -0.0869 0.9711
vn 0.4332 0.8993 0.0586
vn 0.3577 0.8311 0.4258
vn -0.2497 -0.0657 0.9661
vn -0.6068 0.6099 -0.5097
vn -0.2772 0.6838 -0.6749
vn -0.9108 -0.2549 0.3248
vn 0.0265 -0.8709 -0.4906
vn -0.2252 -0.8760 -0.4265
vn -0.2703 -0.8871 -0.3740
vn -0.0532 -0.8866 -0.4595
vn -0.6241 0.0255 -0.7809
vn -0.3881 0.0123 -0.9215
vn -0.6227 0.0100 -0.7824
vn -0.3936 0.0045 -0.9192
vn -0.7907 0.1254 0.5992
vn -0.8085 -0.1564 0.5673
vn -0.1195 -0.7243 -0.6790
vn -0.4570 -0.7195 -0.5229
vn -0.2715 0.6869 -0.6741
vn -0.6038 0.6146 -0.5076
vn -0.8820 -0.3198 0.3462
vn -0.1904 -0.1035 0.9762
vn -0.8064 0.5202 0.2811
vn -0.7120 0.4107 0.5695
vn -0.7127 -0.6441 0.2777
vn -0.6590 -0.5558 0.5067
vn -0.7411 0.0179 0.6711
vn -0.9115 0.0116 0.4110
vn -0.7350 -0.6639 0.1374
vn -0.7137 -0.6082 0.3474
vn -0.2209 -0.7146 0.6637
vn -0.1746 -0.8459 0.5040
vn 0.9515 0.1075 -0.2881
vn 0.9565 0.0002 -0.2917
vn 0.9167 -0.0887 -0.3896
vn 0.9228 0.1569 -0.3517
vn 0.6384 0.0473 -0.7682
vn 0.9384 0.1893 -0.2889
vn 0.9575 0.1092 -0.2671
vn 0.9313 0.0634 -0.3587
vn 0.8795 0.3329 -0.3401
vn -0.7928 -0.0103 0.6093
vn -0.7379 -0.2855 0.6116
vn -0.0432 0.1685 -0.9847
vn 0.7896 -0.1013 -0.6051
vn 0.7970 0.1389 -0.5878
vn -0.0493 -0.0070 -0.9987
vn -0.1636 0.0953 -0.9819
vn 0.7604 0.2737 -0.5889
vn 0.7691 0.0216 -0.6388
vn 0.6284 0.1772 -0.7574
vn 0.9181 -0.0371 -0.3945
vn 0.9153 -0.1030 -0.3893
vn 0.0441 0.9990 0.0023
vn -0.1985 0.9758 0.0917
vn 0.6146 0.1487 0.7747
vn 0.8073 0.3676 0.4616
vn 0.0387 0.0402 0.9984
vn 0.3351 0.6175 0.7116
vn 0.5445 0.5995 0.5866
vn 0.5316 0.5578 0.6373
vn 0.0737 0.7544 0.6522
vn 0.0531 0.7018 0.7103
vn 0.5894 0.1042 0.8010
vn 0.7352 -0.2726 0.6206
vn 0.1276 -0.0406 0.9910
vn 0.3241 -0.6971 0.6395
vn 0.6887 0.7251 0.0000
vn 0.6485 0.6229 0.4376
vn 0.2421 0.9702 0.0000
vn 0.2085 0.8049 0.5555
vn 0.8594 -0.1747 0.4804
vn 0.6970 -0.0236 0.7167
vn 0.4541 -0.4901 0.7440
vn 0.0902 -0.0126 0.9958
vn 0.6807 -0.0184 0.7323
vn 0.0833 -0.0062 0.9965
vn 0.6706 -0.0377 0.7408
vn 0.0913 -0.0126 0.9957
vn 0.6719 0.1863 0.7168
vn 0.0476 0.4633 0.8849
vn 0.5916 0.0399 0.8052
vn 0.1077 -0.0126 0.9941
vn 0.6872 -0.4906 0.5357
vn 0.2937 -0.7874 0.5419
vn 0.7509 -0.4203 0.5093
vn 0.3872 -0.7437 0.5450
vn 0.6763 -0.4427 0.5887
vn 0.7950 -0.4444 0.4128
vn 0.3888 -0.7962 0.4635
vn 0.4636 -0.8200 0.3356
vn 0.4688 -0.4348 0.7689
vn 0.2392 -0.7712 0.5899
vn 0.7092 0.6459 0.2825
vn 0.3511 0.9241 0.1505
vn 0.6339 0.6090 0.4767
vn 0.5392 0.5525 0.6355
vn 0.3234 0.9130 0.2487
vn 0.2797 0.9059 0.3181
vn 0.3135 -0.3693 0.8748
vn 0.2898 -0.3844 0.8765
vn 0.4074 -0.8413 0.3552
vn 0.0949 -0.7060 0.7019
vn 0.3753 0.5211 0.7665
vn 0.2005 0.8852 0.4198
vn 0.7350 0.0002 0.6780
vn 0.2238 -0.3471 0.9107
vn 0.3253 0.4139 0.8502
vn 0.4404 0.7652 0.4696
vn 0.8710 -0.4913 0.0000
vn 0.5118 -0.8591 0.0000
vn 0.0350 0.5354 0.8438
vn -0.3003 0.3989 0.8664
vn -0.0959 0.9362 0.3380
vn -0.7639 0.5551 0.3291
vn -0.3857 -0.3267 0.8628
vn -0.2836 -0.4301 0.8570
vn -0.7252 -0.6178 0.3038
vn -0.6653 -0.6731 0.3227
vn -0.5453 -0.0047 0.8382
vn -0.9645 -0.0590 0.2573
vn -0.3331 0.3600 0.8714
vn -0.7541 0.5624 0.3391
vn 0.2326 -0.7198 0.6541
vn 0.0038 -1.0000 -0.0001
vn 0.0387 0.0401 -0.9984
vn 0.3350 0.6175 -0.7116
vn 0.6146 0.1487 -0.7747
vn 0.8073 0.3677 -0.4616
vn 0.0725 0.7546 -0.6521
vn 0.0523 0.7019 -0.7103
vn 0.5434 0.6001 -0.5870
vn 0.5311 0.5580 -0.6376
vn 0.1276 -0.0406 -0.9910
vn 0.3244 -0.6969 -0.6395
vn 0.5894 0.1042 -0.8010
vn 0.7353 -0.2724 -0.6205
vn 0.2080 0.8050 -0.5555
vn 0.6479 0.6233 -0.4378
vn 0.4541 -0.4901 -0.7440
vn 0.0902 -0.0126 -0.9958
vn 0.8594 -0.1747 -0.4804
vn 0.6970 -0.0236 -0.7167
vn 0.0833 -0.0062 -0.9965
vn 0.6807 -0.0184 -0.7323
vn 0.0913 -0.0126 -0.9957
vn 0.6706 -0.0377 -0.7408
vn 0.0476 0.4633 -0.8849
vn 0.6719 0.1863 -0.7168
vn 0.0744 -0.0276 -0.9968
vn 0.5705 0.0171 -0.8211
vn 0.2535 -0.8054 -0.5358
vn 0.6550 -0.5266 -0.5418
vn 0.3710 -0.7533 -0.5430
vn 0.7379 -0.4384 -0.5130
vn 0.3888 -0.7962 -0.4635
vn 0.4636 -0.8200 -0.3356
vn 0.6763 -0.4427 -0.5887
vn 0.7950 -0.4444 -0.4128
vn 0.2392 -0.7712 -0.5899
vn 0.4688 -0.4348 -0.7689
vn 0.3511 0.9241 -0.1505
vn 0.7092 0.6459 -0.2825
vn 0.3234 0.9130 -0.2487
vn 0.2797 0.9059 -0.3181
vn 0.6339 0.6090 -0.4767
vn 0.5392 0.5525 -0.6355
vn 0.4074 -0.8413 -0.3552
vn 0.0949 -0.7060 -0.7019
vn 0.3135 -0.3693 -0.8748
vn 0.2898 -0.3844 -0.8765
vn 0.2005 0.8851 -0.4199
vn 0.3754 0.5210 -0.7665
vn 0.2241 -0.3467 -0.9108
vn 0.7352 0.0003 -0.6778
vn 0.4404 0.7652 -0.4695
vn 0.3253 0.4139 -0.8502
vn -0.0959 0.9362 -0.3379
vn -0.7617 0.5548 -0.3347
vn 0.0350 0.5354 -0.8439
vn -0.2973 0.3974 -0.8681
vn -0.7249 -0.6173 -0.3056
vn -0.6659 -0.6733 -0.3213
vn -0.3853 -0.3262 -0.8632
vn -0.2851 -0.4312 -0.8560
vn -0.9619 -0.0607 -0.2663
vn -0.5393 -0.0060 -0.8421
vn -0.7500 0.5611 -0.3501
vn -0.3263 0.3556 -0.8758
vn 0.0027 -1.0000 0.0021
vn 0.2314 -0.7212 -0.6529
vn -0.8155 -0.1491 0.5591
vn -0.9071 0.3588 0.2199
vn -0.9663 -0.1926 0.1706
vn -0.9966 0.0355 -0.0743
vn -0.8235 0.4833 0.2969
vn -0.8305 0.4482 0.3306
vn -0.9936 0.1087 -0.0298
vn -0.9936 0.1029 -0.0454
vn -0.8774 -0.2206 0.4259
vn -0.5422 -0.8176 0.1938
vn -0.9682 -0.2494 -0.0195
vn -0.7958 -0.5967 -0.1034
vn -0.8004 0.5994 0.0000
vn -0.7699 0.4827 0.4174
vn -0.9809 0.1944 0.0000
vn -0.9915 0.0965 0.0874
vn -0.8125 -0.5175 0.2683
vn -0.8338 0.0141 0.5518
vn -0.9669 -0.2481 -0.0587
vn -0.9810 0.0211 0.1925
vn -0.8421 0.0159 0.5390
vn -0.9857 0.0206 0.1675
vn -0.8490 0.0389 0.5270
vn -0.9892 0.0487 0.1380
vn -0.8079 0.4425 0.3892
vn -0.9598 0.2802 0.0180
vn -0.8581 -0.0883 0.5058
vn -0.9948 -0.0205 0.0999
vn -0.5584 -0.8013 0.2144
vn -0.8749 -0.4762 -0.0873
vn -0.5582 -0.7906 0.2518
vn -0.8749 -0.4773 -0.0819
vn -0.4058 -0.9099 -0.0855
vn -0.4434 -0.8957 -0.0334
vn -0.7244 -0.5571 -0.4061
vn -0.7902 -0.5668 -0.2331
vn -0.3820 -0.9118 -0.1504
vn -0.5993 -0.5612 -0.5708
vn -0.5612 0.8036 -0.1979
vn -0.8791 0.3492 -0.3245
vn -0.4525 0.8291 -0.3284
vn -0.3534 0.8217 -0.4471
vn -0.7361 0.4078 -0.5401
vn -0.5626 0.4500 -0.6935
vn -0.0264 -0.6990 -0.7146
vn -0.3720 -0.9200 -0.1231
vn -0.1322 -0.3233 -0.9370
vn -0.4852 -0.5702 -0.6630
vn -0.2331 0.7873 -0.5707
vn -0.3585 0.4003 -0.8433
vn -0.7600 -0.5339 0.3706
vn -0.9122 -0.4093 -0.0151
vn 0.1787 0.5646 -0.8057
vn -0.0433 0.1729 -0.9839
vn -0.4833 -0.8754 0.0000
vn -0.8216 -0.5700 0.0000
vn -0.0609 0.4711 -0.8800
vn -0.6587 0.2165 -0.7206
vn -0.1377 0.1239 -0.9827
vn -0.4582 0.0384 -0.8880
vn -0.5904 -0.4411 -0.6758
vn -0.6452 -0.5023 -0.5756
vn -0.3556 -0.3037 -0.8839
vn -0.4839 -0.3109 -0.8180
vn -0.5420 -0.0148 -0.8402
vn -0.2482 -0.0819 -0.9652
vn -0.5361 0.2560 -0.8044
vn -0.2965 0.0729 -0.9522
vn -0.2619 -0.5513 -0.7921
vn -0.2616 -0.3266 -0.9082
vn -0.9663 -0.1926 -0.1706
vn -0.9966 0.0355 0.0743
vn -0.8155 -0.1491 -0.5592
vn -0.9071 0.3587 -0.2199
vn -0.9937 0.1078 0.0305
vn -0.9937 0.1025 0.0458
vn -0.8242 0.4826 -0.2963
vn -0.8309 0.4478 -0.3301
vn -0.9682 -0.2494 0.0195
vn -0.7957 -0.5969 0.1032
vn -0.8774 -0.2206 -0.4259
vn -0.5420 -0.8176 -0.1939
vn -0.9915 0.0960 -0.0870
vn -0.7702 0.4824 -0.4171
vn -0.9669 -0.2481 0.0587
vn -0.9810 0.0211 -0.1925
vn -0.8125 -0.5175 -0.2683
vn -0.8338 0.0141 -0.5518
vn -0.9857 0.0206 -0.1675
vn -0.8421 0.0159 -0.5390
vn -0.9892 0.0487 -0.1380
vn -0.8490 0.0389 -0.5270
vn -0.9597 0.2802 -0.0180
vn -0.8079 0.4425 -0.3892
vn -0.9973 0.0093 -0.0721
vn -0.8744 -0.0726 -0.4798
vn -0.8939 -0.4321 0.1193
vn -0.5996 -0.7784 -0.1856
vn -0.8843 -0.4568 0.0967
vn -0.5759 -0.7815 -0.2398
vn -0.7244 -0.5571 0.4061
vn -0.7902 -0.5668 0.2331
vn -0.4058 -0.9099 0.0855
vn -0.4434 -0.8957 0.0334
vn -0.5993 -0.5612 0.5708
vn -0.3820 -0.9118 0.1504
vn -0.8791 0.3491 0.3245
vn -0.5613 0.8036 0.1979
vn -0.7361 0.4078 0.5401
vn -0.5626 0.4500 0.6935
vn -0.4525 0.8291 0.3284
vn -0.3534 0.8217 0.4471
vn -0.1325 -0.3283 0.9352
vn -0.4849 -0.5665 0.6662
vn -0.0264 -0.6960 0.7175
vn -0.3756 -0.9161 0.1401
vn -0.3585 0.4003 0.8433
vn -0.2331 0.7873 0.5707
vn -0.9122 -0.4095 0.0149
vn -0.7598 -0.5341 -0.3707
vn -0.0433 0.1729 0.9839
vn 0.1787 0.5646 0.8057
vn -0.1379 0.1241 0.9826
vn -0.4634 0.0425 0.8851
vn -0.0611 0.4713 0.8798
vn -0.6627 0.2203 0.7157
vn -0.3567 -0.3041 0.8833
vn -0.4836 -0.3108 0.8182
vn -0.5914 -0.4415 0.6747
vn -0.6449 -0.5020 0.5762
vn -0.2514 -0.0805 0.9645
vn -0.5468 -0.0125 0.8372
vn -0.3041 0.0782 0.9494
vn -0.5449 0.2625 0.7963
vn -0.2585 -0.3286 0.9084
vn -0.2588 -0.5540 0.7913
vn 0.9054 -0.0991 0.4129
vn 0.8492 0.2871 0.4431
vn 0.5011 -0.5004 0.7060
vn 0.3813 0.5907 0.7111
vn 0.7978 0.5292 0.2889
vn 0.4213 0.8962 0.1387
vn 0.6992 0.5081 0.5029
vn 0.7538 0.3037 0.5826
vn 0.3843 0.8892 0.2483
vn 0.7788 0.6268 0.0226
vn 0.7013 -0.3638 0.6130
vn 0.8719 -0.3534 0.3388
vn 0.4490 -0.7901 0.4173
vn 0.5744 -0.7871 0.2247
vn 0.7735 -0.0732 0.6295
vn 0.8842 -0.4502 0.1242
vn -0.7855 -0.5585 0.2666
vn -0.8900 0.3923 0.2322
vn -0.9489 -0.3155 -0.0056
vn -0.9922 0.1127 -0.0529
vn -0.5156 0.8315 -0.2069
vn -0.8269 0.4662 -0.3144
vn -0.4037 0.8450 -0.3507
vn -0.1509 0.4229 -0.8935
vn -0.6774 0.5003 -0.5393
vn -0.4485 0.1464 -0.8816
vn -0.2889 -0.9327 -0.2158
vn -0.3430 -0.9329 -0.1095
vn -0.5896 -0.6390 -0.4940
vn -0.7165 -0.6517 -0.2488
vn -0.1299 -0.5459 -0.8277
vn -0.4361 -0.3013 -0.8479
vn 0.5009 -0.5005 -0.7061
vn 0.3807 0.5910 -0.7112
vn 0.9053 -0.0991 -0.4130
vn 0.8491 0.2873 -0.4433
vn 0.4211 0.8963 -0.1386
vn 0.7977 0.5294 -0.2889
vn 0.3861 0.8878 -0.2503
vn 0.7803 0.6247 -0.0297
vn 0.7000 0.5060 -0.5039
vn 0.7526 0.3011 -0.5857
vn 0.4490 -0.7901 -0.4173
vn 0.5744 -0.7871 -0.2247
vn 0.7013 -0.3639 -0.6129
vn 0.8719 -0.3534 -0.3388
vn 0.8842 -0.4493 -0.1280
vn 0.7723 -0.0731 -0.6310
vn -0.9489 -0.3155 0.0056
vn -0.9922 0.1126 0.0530
vn -0.7855 -0.5585 -0.2665
vn -0.8902 0.3920 -0.2321
vn -0.8270 0.4660 0.3144
vn -0.5157 0.8314 0.2069
vn -0.6774 0.5002 0.5393
vn -0.4486 0.1464 0.8816
vn -0.4037 0.8449 0.3507
vn -0.1510 0.4228 0.8935
vn -0.5896 -0.6390 0.4940
vn -0.7165 -0.6517 0.2488
vn -0.2889 -0.9327 0.2158
vn -0.3429 -0.9329 0.1095
vn -0.4361 -0.3013 0.8479
vn -0.1299 -0.5459 0.8277
usemtl Material.002
s 1
f 936/1085/924 976/1086/925 975/1087/926 935/1088/927
f 936/1085/924 937/1089/928 977/1090/929 976/1086/925
f 1617/1091/930 1597/1092/931 1630/1093/932 1650/1094/933
f 1142/1095/934 1061/1096/935 938/1097/936
f 1146/1098/937 1165/1099/938 950/1100/939
f 937/1089/928 939/1101/940 979/1102/941 977/1090/929
f 939/1101/940 940/1103/942 980/1104/943 979/1102/941
f 940/1103/942 941/1105/944 981/1106/945 980/1104/943
f 941/1105/944 942/1107/946 982/1108/947 981/1106/945
f 942/1107/946 943/1109/948 983/1110/949 982/1108/947
f 943/1109/948 944/1111/950 984/1112/951 983/1110/949
f 944/1111/950 945/1113/952 985/1114/953 984/1112/951
f 948/1115/954 946/1116/955 986/1117/956 994/1118/957
f 957/1119/958 971/1120/959 969/1121/960 1361/1122/961
f 1094/1123/962 1090/1124/963 934/1125/964
f 1634/1126/965 1370/1127/966 1374/1128/967 1637/1129/968
f 1606/1130/969 931/1131/970 1130/1132/971 1101/1133/972
f 952/1134/973 1386/1135/974 1421/1136/975 972/1137/976
f 1150/1138/977 1170/1139/978 1113/1140/979
f 1233/1141/980 1137/1142/981 1410/1143/982 1506/1144/983
f 931/1131/970 932/1145/984 930/1146/985 929/1147/986
f 1069/1148/987 1074/1149/988 942/1107/946 941/1105/944
f 1334/1150/989 956/1151/990 974/1152/991 1449/1153/992
f 1397/1154/993 1653/1155/994 1642/1156/995 1378/1157/996
f 929/1147/986 949/1158/997 1150/1138/977 1113/1140/979
f 1381/1159/998 1645/1160/999 955/1161/1000 1405/1162/1001
f 1326/1163/1002 959/1164/1003 960/1165/1004 1329/1166/1005
f 1178/1167/1006 1065/1168/1007 951/1169/1008
f 945/1113/952 948/1115/954 994/1118/957 985/1114/953
f 1086/1170/1009 1094/1123/962 934/1125/964
f 1602/1171/1010 1617/1091/930 1650/1094/933 1633/1172/1011
f 975/1087/926 991/1173/1012 947/1174/1013 935/1088/927
f 1361/1122/961 969/1121/960 1409/1175/1014
f 1357/1176/1015 968/1177/1016 971/1120/959 957/1119/958
f 1353/1178/1017 967/1179/1018 968/1177/1016 1357/1176/1015
f 1349/1180/1019 966/1181/1020 967/1179/1018 1353/1178/1017
f 1342/1182/1021 964/1183/1022 965/1184/1023 1345/1185/1024
f 1629/1186/1025 1342/1182/1021 1393/1187/1026 1649/1188/1027
f 1629/1186/1025 963/1189/1028 964/1183/1022 1342/1182/1021
f 1598/1190/1029 1069/1148/987 941/1105/944 940/1103/942
f 991/1173/1012 978/1191/1030 938/1097/936 947/1174/1013
f 1594/1192/1031 1621/1193/1032 1654/1194/1033 1625/1195/1034
f 1174/1196/1035 1049/1197/1036 933/1198/1037 951/1169/1008
f 1417/1199/1038 973/1200/1039 1438/1201/1040
f 1338/1202/1041 974/1152/991 1445/1203/1042
f 931/1131/970 929/1147/986 1113/1140/979 1130/1132/971
f 930/1146/985 950/1100/939 949/1158/997 929/1147/986
f 1118/1204/1043 1153/1205/1044 1146/1098/937
f 1117/1206/1045 1133/1207/1046 1406/1208/1047 1390/1209/1048
f 1145/1210/1049 1154/1211/1050 1425/1212/1051 1418/1213/1052
f 1438/1201/1040 1430/1214/1053 1434/1215/1054
f 973/1200/1039 972/1137/976 1430/1214/1053 1438/1201/1040
f 1457/1216/1055 1033/1217/1056 1032/1218/1057 1453/1219/1058
f 954/1220/1059 1401/1221/1060 1386/1135/974 952/1134/973
f 1173/1222/1061 1066/1223/1062 1337/1224/1063 1446/1225/1064
f 935/1088/927 947/1174/1013 933/1198/1037 1049/1197/1036
f 959/1164/1003 958/1226/1065 1012/1227/1066 1013/1228/1067
f 959/1164/1003 1013/1228/1067 1014/1229/1068 960/1165/1004
f 1413/1230/1069 961/1231/1070 1334/1150/989
f 1177/1232/1071 1062/1233/1072 1333/1234/1073 1450/1235/1074
f 1141/1236/1075 1202/1237/1076 1473/1238/1077 1414/1239/1078
f 960/1165/1004 1014/1229/1068 1016/1240/1079 962/1241/1080
f 962/1241/1080 1016/1240/1079 1017/1242/1081 963/1189/1028
f 963/1189/1028 1017/1242/1081 1018/1243/1082 964/1183/1022
f 964/1183/1022 1018/1243/1082 1019/1244/1083 965/1184/1023
f 965/1184/1023 1019/1244/1083 1020/1245/1084 966/1181/1020
f 966/1181/1020 1020/1245/1084 1021/1246/1085 967/1179/1018
f 967/1179/1018 1021/1246/1085 1022/1247/1086 968/1177/1016
f 971/1120/959 1031/1248/1087 1023/1249/1088 969/1121/960
f 1093/1250/1089 1085/1251/1090 1358/1252/1091 1366/1253/1092
f 1365/1254/1093 957/1119/958 1361/1122/961
f 1121/1255/1094 1098/1256/1095 1369/1257/1096 1394/1258/1097
f 1098/1256/1095 1102/1259/1098 1373/1260/1099 1369/1257/1096
f 1106/1261/1100 1125/1262/1101 1398/1263/1102 1377/1264/1103
f 1109/1265/1104 1106/1261/1100 1377/1264/1103 1382/1266/1105
f 1129/1267/1106 1114/1268/1107 1385/1269/1108 1402/1270/1109
f 1389/1271/1110 1417/1199/1038 1426/1272/1111
f 954/1220/1059 952/1134/973 953/1273/1112 955/1161/1000
f 1070/1274/1113 1121/1255/1094 1394/1258/1097 1341/1275/1114
f 1125/1262/1101 1057/1276/1115 1330/1277/1116 1398/1263/1102
f 1613/1278/1117 1605/1279/1118 1638/1280/1119 1646/1281/1120
f 1133/1207/1046 1109/1265/1104 1382/1266/1105 1406/1208/1047
f 1102/1259/1098 1129/1267/1106 1402/1270/1109 1373/1260/1099
f 1326/1163/1002 1322/1282/1121 958/1226/1065 959/1164/1003
f 1449/1153/992 974/1152/991 1338/1202/1041
f 968/1177/1016 1022/1247/1086 1031/1248/1087 971/1120/959
f 1357/1176/1015 957/1119/958 1365/1254/1093
f 1137/1142/981 1089/1283/1122 1362/1284/1123 1410/1143/982
f 1012/1227/1066 958/1226/1065 970/1285/1124 1028/1286/1125
f 1089/1283/1122 1093/1250/1089 1366/1253/1092 1362/1284/1123
f 1085/1251/1090 1081/1287/1126 1354/1288/1127 1358/1252/1091
f 1081/1287/1126 1077/1289/1128 1350/1290/1129 1354/1288/1127
f 1077/1289/1128 1073/1291/1130 1346/1292/1131 1350/1290/1129
f 1345/1185/1024 965/1184/1023 966/1181/1020 1349/1180/1019
f 1073/1291/1130 1070/1274/1113 1341/1275/1114 1346/1292/1131
f 1597/1092/931 1594/1192/1031 1625/1195/1034 1630/1093/932
f 1329/1166/1005 960/1165/1004 962/1241/1080 1626/1293/1132
f 1028/1286/1125 970/1285/1124 961/1231/1070 1015/1294/1133
f 1057/1276/1115 1054/1295/1134 1325/1296/1135 1330/1277/1116
f 1445/1203/1042 974/1152/991 956/1151/990 1322/1282/1121
f 1015/1294/1133 961/1231/1070 1413/1230/1069 1474/1297/1136
f 1062/1233/1072 1141/1236/1075 1414/1239/1078 1333/1234/1073
f 1421/1136/975 1386/1135/974 1441/1298/1137
f 953/1273/1112 952/1134/973 972/1137/976 973/1200/1039
f 1405/1162/1001 955/1161/1000 953/1273/1112 1389/1271/1110
f 1154/1211/1050 1117/1206/1045 1390/1209/1048 1425/1212/1051
f 1166/1299/1138 1145/1210/1049 1418/1213/1052 1437/1300/1139
f 1158/1301/1140 1162/1302/1141 1433/1303/1142 1429/1304/1143
f 1169/1305/1144 1149/1306/1145 1422/1307/1146 1442/1308/1147
f 1162/1302/1141 1166/1299/1138 1437/1300/1139 1433/1303/1142
f 1114/1268/1107 1169/1305/1144 1442/1308/1147 1385/1269/1108
f 1066/1223/1062 1177/1232/1071 1450/1235/1074 1337/1224/1063
f 1050/1309/1148 1173/1222/1061 1446/1225/1064 1321/1310/1149
f 1134/1311/1150 1118/1204/1043 930/1146/985 932/1145/984
f 1053/1312/1151 936/1085/924 935/1088/927 1049/1197/1036
f 1601/1313/1152 1606/1130/969 1101/1133/972 1097/1314/1153
f 1606/1130/969 1614/1315/1154 932/1145/984 931/1131/970
f 1058/1316/1155 1126/1317/1156 1622/1318/1157 1593/1319/1158
f 1110/1320/1159 1134/1311/1150 932/1145/984 1614/1315/1154
f 1409/1175/1014 969/1121/960 1023/1249/1088 1505/1321/1160
f 1618/1322/1161 1601/1313/1152 1097/1314/1153 1122/1323/1162
f 1149/1306/1145 1158/1301/1140 1429/1304/1143 1422/1307/1146
f 1637/1129/968 954/1220/1059 955/1161/1000 1645/1160/999
f 1165/1099/938 1161/1324/1163 1157/1325/1164
f 1061/1096/935 1178/1167/1006 951/1169/1008 933/1198/1037
f 1105/1326/1165 1110/1320/1159 1614/1315/1154 1609/1327/1166
f 1074/1149/988 1078/1328/1167 943/1109/948 942/1107/946
f 1457/1216/1055 1462/1329/1168 1034/1330/1169 1033/1217/1056
f 1621/1193/1032 1610/1331/1170 1641/1332/1171 1654/1194/1033
f 972/1137/976 1421/1136/975 1430/1214/1053
f 1078/1328/1167 1082/1333/1172 944/1111/950 943/1109/948
f 950/1100/939 1165/1099/938 1157/1325/1164 949/1158/997
f 1118/1204/1043 1146/1098/937 950/1100/939 930/1146/985
f 1389/1271/1110 953/1273/1112 973/1200/1039 1417/1199/1038
f 1082/1333/1172 1086/1170/1009 945/1113/952 944/1111/950
f 1053/1312/1151 1058/1316/1155 937/1089/928 936/1085/924
f 1126/1317/1156 1105/1326/1165 1609/1327/1166 1622/1318/1157
f 1598/1190/1029 1618/1322/1161 1122/1323/1162 1069/1148/987
f 1593/1319/1158 1598/1190/1029 940/1103/942 939/1101/940
f 1086/1170/1009 934/1125/964 948/1115/954 945/1113/952
f 1138/1334/1173 1234/1335/1174 986/1117/956 946/1116/955
f 1378/1157/996 1642/1156/995 1645/1160/999 1381/1159/998
f 970/1285/1124 956/1151/990 1334/1150/989 961/1231/1070
f 1649/1188/1027 1393/1187/1026 1370/1127/966 1634/1126/965
f 947/1174/1013 938/1097/936 1061/1096/935 933/1198/1037
f 1605/1279/1118 1602/1171/1010 1633/1172/1011 1638/1280/1119
f 1065/1168/1007 1174/1196/1035 951/1169/1008
f 934/1125/964 1090/1124/963 946/1116/955 948/1115/954
f 1610/1331/1170 1613/1278/1117 1646/1281/1120 1641/1332/1171
f 1090/1124/963 1138/1334/1173 946/1116/955
f 978/1191/1030 1201/1336/1175 1142/1095/934 938/1097/936
f 1329/1166/1005 1626/1293/1132 1653/1155/994 1397/1154/993
f 1637/1129/968 1374/1128/967 1401/1221/1060 954/1220/1059
f 949/1158/997 1157/1325/1164 1150/1138/977
f 996/1337/1176 995/1338/1177 975/1087/926 976/1086/925
f 996/1337/1176 976/1086/925 977/1090/929 997/1339/1178
f 1281/1340/1179 998/1341/1180 1194/1342/1181
f 1044/1343/1182 1035/1344/1183 1465/1345/1184 1029/1346/1185
f 1694/1347/1186 1714/1348/1187 1534/1349/1188 1477/1350/1189
f 997/1339/1178 977/1090/929 979/1102/941 999/1351/1190
f 999/1351/1190 979/1102/941 980/1104/943 1000/1352/1191
f 1000/1352/1191 980/1104/943 981/1106/945 1001/1353/1192
f 1001/1353/1192 981/1106/945 982/1108/947 1002/1354/1193
f 1002/1354/1193 982/1108/947 983/1110/949 1003/1355/1194
f 1003/1355/1194 983/1110/949 984/1112/951 1004/1356/1195
f 1004/1356/1195 984/1112/951 985/1114/953 1005/1357/1196
f 1008/1358/1197 994/1118/957 986/1117/956 1006/1359/1198
f 1030/1360/1199 1498/1361/1200 1043/1362/1201 1045/1363/1202
f 1229/1364/1203 993/1365/1204 1225/1366/1205
f 1686/1367/1206 1717/1368/1207 1706/1369/1208 1673/1370/1209
f 1262/1371/1210 1533/1372/1211 1510/1373/1212 1237/1374/1213
f 1250/1375/1214 1521/1376/1215 1518/1377/1216 1245/1378/1217
f 1673/1370/1209 1706/1369/1208 1709/1379/1218 1678/1380/1219
f 1530/1381/1220 1558/1382/1221 1047/1383/1222 1025/1384/1223
f 1257/1385/1224 1285/1386/1225 1294/1387/1226
f 989/1388/1227 987/1389/1228 988/1390/1229 990/1391/1230
f 1210/1392/1231 1481/1393/1232 1478/1394/1233 1205/1395/1234
f 1465/1345/1184 1590/1396/1235 1048/1397/1236 1029/1346/1185
f 1702/1398/1237 1026/1399/1238 1542/1400/1239 1513/1401/1240
f 987/1389/1228 1254/1402/1241 1289/1403/1242 1009/1404/1243
f 1522/1405/1244 1546/1406/1245 1027/1407/1246 1710/1408/1247
f 1186/1409/1248 1182/1410/1249 995/1338/1177 996/1337/1176
f 1317/1411/1250 1011/1412/1251 1198/1413/1252
f 1005/1357/1196 985/1114/953 994/1118/957 1008/1358/1197
f 1221/1414/1253 993/1365/1204 1229/1364/1203
f 975/1087/926 995/1338/1177 1007/1415/1254 991/1173/1012
f 1498/1361/1200 1550/1416/1255 1043/1362/1201
f 1494/1417/1256 1030/1360/1199 1045/1363/1202 1042/1418/1257
f 1490/1419/1258 1494/1417/1256 1042/1418/1257 1041/1420/1259
f 1486/1421/1260 1490/1419/1258 1041/1420/1259 1040/1422/1261
f 1209/1423/1262 1002/1354/1193 1003/1355/1194 1213/1424/1263
f 1482/1425/1264 1486/1421/1260 1040/1422/1261 1039/1426/1265
f 1462/1329/1168 1689/1427/1266 1036/1428/1267 1034/1330/1169
f 1462/1329/1168 1538/1429/1268 1718/1430/1269 1689/1427/1266
f 991/1173/1012 1007/1415/1254 998/1341/1180 978/1191/1030
f 1694/1347/1186 1477/1350/1189 1038/1431/1270 1037/1432/1271
f 1313/1433/1272 1011/1412/1251 992/1434/1273 1182/1410/1249
f 1669/1435/1274 1242/1436/1275 1269/1437/1276 989/1388/1227
f 1318/1438/1277 1589/1439/1278 1466/1440/1279 1193/1441/1280
f 1289/1403/1242 1254/1402/1241 1309/1442/1281
f 988/1390/1229 987/1389/1228 1009/1404/1243 1010/1443/1282
f 1273/1444/1283 990/1391/1230 988/1390/1229 1257/1385/1224
f 1546/1406/1245 1530/1381/1220 1025/1384/1223 1027/1407/1246
f 1286/1445/1284 1557/1446/1285 1566/1447/1286 1293/1448/1287
f 1577/1449/1288 1573/1450/1289 1569/1451/1290
f 1047/1383/1222 1577/1449/1288 1569/1451/1290 1046/1452/1291
f 1270/1453/1292 1541/1454/1293 1526/1455/1294 1253/1456/1295
f 1185/1457/1296 1458/1458/1297 1454/1459/1298 1181/1460/1299
f 1033/1217/1056 1013/1228/1067 1012/1227/1066 1032/1218/1057
f 1033/1217/1056 1034/1330/1169 1014/1229/1068 1013/1228/1067
f 1314/1461/1300 1585/1462/1301 1470/1463/1302 1197/1464/1303
f 1554/1465/1304 1465/1345/1184 1035/1344/1183
f 1282/1466/1305 1553/1467/1306 1473/1468/1077 1202/1469/1076
f 1034/1330/1169 1036/1428/1267 1016/1240/1079 1014/1229/1068
f 1036/1428/1267 1037/1432/1271 1017/1242/1081 1016/1240/1079
f 1037/1432/1271 1038/1431/1270 1018/1243/1082 1017/1242/1081
f 1038/1431/1270 1039/1426/1265 1019/1244/1083 1018/1243/1082
f 1039/1426/1265 1040/1422/1261 1020/1245/1084 1019/1244/1083
f 1040/1422/1261 1041/1420/1259 1021/1246/1085 1020/1245/1084
f 1041/1420/1259 1042/1418/1257 1022/1247/1086 1021/1246/1085
f 1045/1363/1202 1043/1362/1201 1023/1249/1088 1031/1248/1087
f 1230/1470/1307 1501/1471/1308 1493/1472/1309 1222/1473/1310
f 1502/1474/1311 1498/1361/1200 1030/1360/1199
f 1237/1374/1213 1510/1373/1212 1514/1475/1312 1241/1476/1313
f 1670/1477/1314 1701/1478/1315 1698/1479/1316 1665/1480/1317
f 1274/1481/1318 1545/1482/1319 1521/1376/1215 1250/1375/1214
f 1245/1378/1217 1518/1377/1216 1537/1483/1320 1266/1484/1321
f 1562/1485/1322 1582/1486/1323 1525/1487/1324
f 1258/1488/1325 1529/1489/1326 1545/1482/1319 1274/1481/1318
f 1026/1399/1238 1027/1407/1246 1025/1384/1223 1024/1490/1327
f 1477/1350/1189 1482/1425/1264 1039/1426/1265 1038/1431/1270
f 1266/1484/1321 1537/1483/1320 1461/1491/1328 1190/1492/1329
f 1678/1380/1219 1709/1379/1218 1701/1478/1315 1670/1477/1314
f 1024/1490/1327 1046/1452/1291 1562/1485/1322 1525/1487/1324
f 1241/1476/1313 1514/1475/1312 1541/1454/1293 1270/1453/1292
f 1181/1460/1299 1454/1459/1298 1585/1462/1301 1314/1461/1300
f 1590/1396/1235 1469/1493/1330 1048/1397/1236
f 1042/1418/1257 1045/1363/1202 1031/1248/1087 1022/1247/1086
f 1494/1417/1256 1502/1474/1311 1030/1360/1199
f 1278/1494/1331 1549/1495/1332 1497/1496/1333 1226/1497/1334
f 1012/1227/1066 1028/1286/1125 1044/1343/1182 1032/1218/1057
f 1226/1497/1334 1497/1496/1333 1501/1471/1308 1230/1470/1307
f 1222/1473/1310 1493/1472/1309 1489/1498/1335 1218/1499/1336
f 1218/1499/1336 1489/1498/1335 1485/1500/1337 1214/1501/1338
f 1214/1501/1338 1485/1500/1337 1481/1393/1232 1210/1392/1231
f 1205/1395/1234 1478/1394/1233 1533/1372/1211 1262/1371/1210
f 1697/1502/1339 1702/1398/1237 1513/1401/1240 1509/1503/1340
f 1657/1504/1341 1690/1505/1342 1717/1368/1207 1686/1367/1206
f 1662/1506/1343 1693/1507/1344 1690/1505/1342 1657/1504/1341
f 1028/1286/1125 1015/1294/1133 1035/1344/1183 1044/1343/1182
f 1190/1492/1329 1461/1491/1328 1458/1458/1297 1185/1457/1296
f 1586/1508/1345 1453/1219/1058 1029/1346/1185 1048/1397/1236
f 1233/1509/980 1506/1510/983 1549/1495/1332 1278/1494/1331
f 1193/1441/1280 1466/1440/1279 1553/1467/1306 1282/1466/1305
f 1026/1399/1238 1024/1490/1327 1525/1487/1324 1542/1400/1239
f 1025/1384/1223 1047/1383/1222 1046/1452/1291 1024/1490/1327
f 1530/1381/1220 1565/1511/1346 1558/1382/1221
f 1293/1448/1287 1566/1447/1286 1529/1489/1326 1258/1488/1325
f 1305/1512/1347 1578/1513/1348 1557/1446/1285 1286/1445/1284
f 1297/1514/1349 1570/1515/1350 1574/1516/1351 1301/1517/1352
f 1290/1518/1353 1561/1519/1354 1570/1515/1350 1297/1514/1349
f 1301/1517/1352 1574/1516/1351 1578/1513/1348 1305/1512/1347
f 1253/1456/1295 1526/1455/1294 1581/1520/1355 1310/1521/1356
f 1197/1464/1303 1470/1463/1302 1589/1439/1278 1318/1438/1277
f 1032/1218/1057 1044/1343/1182 1029/1346/1185 1453/1219/1058
f 1558/1382/1221 1577/1449/1288 1047/1383/1222
f 995/1338/1177 1182/1410/1249 992/1434/1273 1007/1415/1254
f 1661/1522/1357 1206/1523/1358 1261/1524/1359 1681/1525/1360
f 1669/1435/1274 989/1388/1227 990/1391/1230 1677/1526/1361
f 1189/1527/1362 1658/1528/1363 1685/1529/1364 1265/1530/1365
f 1517/1531/1366 1522/1405/1244 1710/1408/1247 1705/1532/1367
f 1285/1386/1225 1010/1443/1282 1306/1533/1368
f 1681/1525/1360 1261/1524/1359 1238/1534/1369 1666/1535/1370
f 1010/1443/1282 1009/1404/1243 1298/1536/1371 1306/1533/1368
f 1714/1348/1187 1697/1502/1339 1509/1503/1340 1534/1349/1188
f 1306/1533/1368 1298/1536/1371 1302/1537/1372
f 1194/1342/1181 992/1434/1273 1011/1412/1251 1317/1411/1250
f 1246/1538/1373 1674/1539/1374 1677/1526/1361 1249/1540/1375
f 1702/1398/1237 1710/1408/1247 1027/1407/1246 1026/1399/1238
f 1538/1429/1268 1517/1531/1366 1705/1532/1367 1718/1430/1269
f 1046/1452/1291 1569/1451/1290 1562/1485/1322
f 1213/1424/1263 1003/1355/1194 1004/1356/1195 1217/1541/1376
f 1310/1521/1356 1581/1520/1355 1561/1519/1354 1290/1518/1353
f 1257/1385/1224 988/1390/1229 1010/1443/1282 1285/1386/1225
f 989/1388/1227 1269/1437/1276 1254/1402/1241 987/1389/1228
f 1217/1541/1376 1004/1356/1195 1005/1357/1196 1221/1414/1253
f 1186/1409/1248 996/1337/1176 997/1339/1178 1189/1527/1362
f 1265/1530/1365 1685/1529/1364 1674/1539/1374 1246/1538/1373
f 1015/1294/1133 1474/1297/1136 1554/1465/1304 1035/1344/1183
f 1658/1528/1363 999/1351/1190 1000/1352/1191 1661/1522/1357
f 1221/1414/1253 1005/1357/1196 1008/1358/1197 993/1365/1204
f 1277/1542/1377 1006/1359/1198 986/1117/956 1234/1335/1174
f 1249/1540/1375 1677/1526/1361 990/1391/1230 1273/1444/1283
f 1469/1493/1330 1586/1508/1345 1048/1397/1236
f 1666/1535/1370 1238/1534/1369 1242/1436/1275 1669/1435/1274
f 1007/1415/1254 992/1434/1273 1194/1342/1181 998/1341/1180
f 1206/1523/1358 1001/1353/1192 1002/1354/1193 1209/1423/1262
f 1198/1413/1252 1011/1412/1251 1313/1433/1272
f 993/1365/1204 1008/1358/1197 1006/1359/1198 1225/1366/1205
f 1682/1543/1378 1713/1544/1379 1693/1507/1344 1662/1506/1343
f 1225/1366/1205 1006/1359/1198 1277/1542/1377
f 978/1191/1030 998/1341/1180 1281/1340/1179 1201/1336/1175
f 1661/1522/1357 1000/1352/1191 1001/1353/1192 1206/1523/1358
f 1550/1416/1255 1505/1321/1160 1023/1249/1088 1043/1362/1201
f 1009/1404/1243 1289/1403/1242 1298/1536/1371
f 1665/1480/1317 1698/1479/1316 1713/1544/1379 1682/1543/1378
f 1058/1545/1155 1053/1546/1151 1055/1547/1380 1060/1548/1381
f 1060/1548/1381 1055/1547/1380 1056/1549/1382 1059/1550/1383
f 1059/1550/1383 1056/1549/1382 1054/1295/1134 1057/1276/1115
f 1178/1551/1006 1061/1552/935 1063/1553/1384 1180/1554/1385
f 1180/1554/1385 1063/1553/1384 1064/1555/1386 1179/1556/1387
f 1179/1556/1387 1064/1555/1386 1062/1233/1072 1177/1232/1071
f 1174/1557/1035 1065/1558/1007 1067/1559/1388 1176/1560/1389
f 1176/1560/1389 1067/1559/1388 1068/1561/1390 1175/1562/1391
f 1175/1562/1391 1068/1561/1390 1066/1223/1062 1173/1222/1061
f 1142/1563/934 1201/1564/1175 1203/1565/1392 1144/1566/1393
f 1144/1566/1393 1203/1565/1392 1204/1567/1394 1143/1568/1395
f 1143/1568/1395 1204/1567/1394 1202/1237/1076 1141/1236/1075
f 1074/1569/988 1069/1570/987 1071/1571/1396 1076/1572/1397
f 1076/1572/1397 1071/1571/1396 1072/1573/1398 1075/1574/1399
f 1075/1574/1399 1072/1573/1398 1070/1274/1113 1073/1291/1130
f 1078/1575/1167 1074/1569/988 1076/1572/1397 1080/1576/1400
f 1080/1576/1400 1076/1572/1397 1075/1574/1399 1079/1577/1401
f 1079/1577/1401 1075/1574/1399 1073/1291/1130 1077/1289/1128
f 1082/1578/1172 1078/1575/1167 1080/1576/1400 1084/1579/1402
f 1084/1579/1402 1080/1576/1400 1079/1577/1401 1083/1580/1403
f 1083/1580/1403 1079/1577/1401 1077/1289/1128 1081/1287/1126
f 1086/1581/1009 1082/1578/1172 1084/1579/1402 1088/1582/1404
f 1088/1582/1404 1084/1579/1402 1083/1580/1403 1087/1583/1405
f 1087/1583/1405 1083/1580/1403 1081/1287/1126 1085/1251/1090
f 1094/1584/962 1086/1581/1009 1088/1582/1404 1096/1585/1406
f 1096/1585/1406 1088/1582/1404 1087/1583/1405 1095/1586/1407
f 1095/1586/1407 1087/1583/1405 1085/1251/1090 1093/1250/1089
f 1090/1587/963 1094/1584/962 1096/1585/1406 1092/1588/1408
f 1092/1588/1408 1096/1585/1406 1095/1586/1407 1091/1589/1409
f 1091/1589/1409 1095/1586/1407 1093/1250/1089 1089/1283/1122
f 1138/1590/1173 1090/1587/963 1092/1588/1408 1140/1591/1410
f 1140/1591/1410 1092/1588/1408 1091/1589/1409 1139/1592/1411
f 1139/1592/1411 1091/1589/1409 1089/1283/1122 1137/1142/981
f 1122/1593/1162 1097/1594/1153 1099/1595/1412 1124/1596/1413
f 1124/1596/1413 1099/1595/1412 1100/1597/1414 1123/1598/1415
f 1123/1598/1415 1100/1597/1414 1098/1256/1095 1121/1255/1094
f 1097/1594/1153 1101/1599/972 1103/1600/1416 1099/1595/1412
f 1099/1595/1412 1103/1600/1416 1104/1601/1417 1100/1597/1414
f 1100/1597/1414 1104/1601/1417 1102/1259/1098 1098/1256/1095
f 1126/1602/1156 1058/1545/1155 1060/1548/1381 1128/1603/1418
f 1128/1603/1418 1060/1548/1381 1059/1550/1383 1127/1604/1419
f 1127/1604/1419 1059/1550/1383 1057/1276/1115 1125/1262/1101
f 1110/1605/1159 1105/1606/1165 1107/1607/1420 1112/1608/1421
f 1112/1608/1421 1107/1607/1420 1108/1609/1422 1111/1610/1423
f 1111/1610/1423 1108/1609/1422 1106/1261/1100 1109/1265/1104
f 1130/1611/971 1113/1612/979 1115/1613/1424 1132/1614/1425
f 1132/1614/1425 1115/1613/1424 1116/1615/1426 1131/1616/1427
f 1131/1616/1427 1116/1615/1426 1114/1268/1107 1129/1267/1106
f 1134/1617/1150 1110/1605/1159 1112/1608/1421 1136/1618/1428
f 1136/1618/1428 1112/1608/1421 1111/1610/1423 1135/1619/1429
f 1135/1619/1429 1111/1610/1423 1109/1265/1104 1133/1207/1046
f 1069/1570/987 1122/1593/1162 1124/1596/1413 1071/1571/1396
f 1071/1571/1396 1124/1596/1413 1123/1598/1415 1072/1573/1398
f 1072/1573/1398 1123/1598/1415 1121/1255/1094 1070/1274/1113
f 1105/1606/1165 1126/1602/1156 1128/1603/1418 1107/1607/1420
f 1107/1607/1420 1128/1603/1418 1127/1604/1419 1108/1609/1422
f 1108/1609/1422 1127/1604/1419 1125/1262/1101 1106/1261/1100
f 1053/1546/1151 1049/1620/1036 1051/1621/1430 1055/1547/1380
f 1055/1547/1380 1051/1621/1430 1052/1622/1431 1056/1549/1382
f 1056/1549/1382 1052/1622/1431 1050/1309/1148 1054/1295/1134
f 1101/1599/972 1130/1611/971 1132/1614/1425 1103/1600/1416
f 1103/1600/1416 1132/1614/1425 1131/1616/1427 1104/1601/1417
f 1104/1601/1417 1131/1616/1427 1129/1267/1106 1102/1259/1098
f 1118/1623/1043 1134/1617/1150 1136/1618/1428 1120/1624/1432
f 1120/1624/1432 1136/1618/1428 1135/1619/1429 1119/1625/1433
f 1119/1625/1433 1135/1619/1429 1133/1207/1046 1117/1206/1045
f 1234/1626/1174 1138/1590/1173 1140/1591/1410 1236/1627/1434
f 1236/1627/1434 1140/1591/1410 1139/1592/1411 1235/1628/1435
f 1235/1628/1435 1139/1592/1411 1137/1142/981 1233/1141/980
f 1061/1552/935 1142/1563/934 1144/1566/1393 1063/1553/1384
f 1063/1553/1384 1144/1566/1393 1143/1568/1395 1064/1555/1386
f 1064/1555/1386 1143/1568/1395 1141/1236/1075 1062/1233/1072
f 1146/1629/937 1153/1630/1044 1155/1631/1436 1148/1632/1437
f 1148/1632/1437 1155/1631/1436 1156/1633/1438 1147/1634/1439
f 1147/1634/1439 1156/1633/1438 1154/1211/1050 1145/1210/1049
f 1153/1630/1044 1118/1623/1043 1120/1624/1432 1155/1631/1436
f 1155/1631/1436 1120/1624/1432 1119/1625/1433 1156/1633/1438
f 1156/1633/1438 1119/1625/1433 1117/1206/1045 1154/1211/1050
f 1150/1635/977 1157/1636/1164 1159/1637/1440 1152/1638/1441
f 1152/1638/1441 1159/1637/1440 1160/1639/1442 1151/1640/1443
f 1151/1640/1443 1160/1639/1442 1158/1301/1140 1149/1306/1145
f 1157/1636/1164 1161/1641/1163 1163/1642/1444 1159/1637/1440
f 1159/1637/1440 1163/1642/1444 1164/1643/1445 1160/1639/1442
f 1160/1639/1442 1164/1643/1445 1162/1302/1141 1158/1301/1140
f 1161/1641/1163 1165/1644/938 1167/1645/1446 1163/1642/1444
f 1163/1642/1444 1167/1645/1446 1168/1646/1447 1164/1643/1445
f 1164/1643/1445 1168/1646/1447 1166/1299/1138 1162/1302/1141
f 1165/1644/938 1146/1629/937 1148/1632/1437 1167/1645/1446
f 1167/1645/1446 1148/1632/1437 1147/1634/1439 1168/1646/1447
f 1168/1646/1447 1147/1634/1439 1145/1210/1049 1166/1299/1138
f 1170/1647/978 1150/1635/977 1152/1638/1441 1172/1648/1448
f 1172/1648/1448 1152/1638/1441 1151/1640/1443 1171/1649/1449
f 1171/1649/1449 1151/1640/1443 1149/1306/1145 1169/1305/1144
f 1113/1612/979 1170/1647/978 1172/1648/1448 1115/1613/1424
f 1115/1613/1424 1172/1648/1448 1171/1649/1449 1116/1615/1426
f 1116/1615/1426 1171/1649/1449 1169/1305/1144 1114/1268/1107
f 1049/1620/1036 1174/1557/1035 1176/1560/1389 1051/1621/1430
f 1051/1621/1430 1176/1560/1389 1175/1562/1391 1052/1622/1431
f 1052/1622/1431 1175/1562/1391 1173/1222/1061 1050/1309/1148
f 1065/1558/1007 1178/1551/1006 1180/1554/1385 1067/1559/1388
f 1067/1559/1388 1180/1554/1385 1179/1556/1387 1068/1561/1390
f 1068/1561/1390 1179/1556/1387 1177/1232/1071 1066/1223/1062
f 1190/1492/1329 1185/1457/1296 1187/1650/1450 1192/1651/1451
f 1192/1651/1451 1187/1650/1450 1188/1652/1452 1191/1653/1453
f 1191/1653/1453 1188/1652/1452 1186/1654/1248 1189/1655/1362
f 1318/1438/1277 1193/1441/1280 1195/1656/1454 1320/1657/1455
f 1320/1657/1455 1195/1656/1454 1196/1658/1456 1319/1659/1457
f 1319/1659/1457 1196/1658/1456 1194/1660/1181 1317/1661/1250
f 1314/1461/1300 1197/1464/1303 1199/1662/1458 1316/1663/1459
f 1316/1663/1459 1199/1662/1458 1200/1664/1460 1315/1665/1461
f 1315/1665/1461 1200/1664/1460 1198/1666/1252 1313/1667/1272
f 1282/1466/1305 1202/1469/1076 1204/1668/1394 1284/1669/1462
f 1284/1669/1462 1204/1668/1394 1203/1670/1392 1283/1671/1463
f 1283/1671/1463 1203/1670/1392 1201/1672/1175 1281/1673/1179
f 1210/1392/1231 1205/1395/1234 1207/1674/1464 1212/1675/1465
f 1212/1675/1465 1207/1674/1464 1208/1676/1466 1211/1677/1467
f 1211/1677/1467 1208/1676/1466 1206/1678/1358 1209/1679/1262
f 1214/1501/1338 1210/1392/1231 1212/1675/1465 1216/1680/1468
f 1216/1680/1468 1212/1675/1465 1211/1677/1467 1215/1681/1469
f 1215/1681/1469 1211/1677/1467 1209/1679/1262 1213/1682/1263
f 1218/1499/1336 1214/1501/1338 1216/1680/1468 1220/1683/1470
f 1220/1683/1470 1216/1680/1468 1215/1681/1469 1219/1684/1471
f 1219/1684/1471 1215/1681/1469 1213/1682/1263 1217/1685/1376
f 1222/1473/1310 1218/1499/1336 1220/1683/1470 1224/1686/1472
f 1224/1686/1472 1220/1683/1470 1219/1684/1471 1223/1687/1473
f 1223/1687/1473 1219/1684/1471 1217/1685/1376 1221/1688/1253
f 1230/1470/1307 1222/1473/1310 1224/1686/1472 1232/1689/1474
f 1232/1689/1474 1224/1686/1472 1223/1687/1473 1231/1690/1475
f 1231/1690/1475 1223/1687/1473 1221/1688/1253 1229/1691/1203
f 1226/1497/1334 1230/1470/1307 1232/1689/1474 1228/1692/1476
f 1228/1692/1476 1232/1689/1474 1231/1690/1475 1227/1693/1477
f 1227/1693/1477 1231/1694/1475 1229/1695/1203 1225/1696/1205
f 1278/1494/1331 1226/1497/1334 1228/1692/1476 1280/1697/1478
f 1280/1697/1478 1228/1692/1476 1227/1693/1477 1279/1698/1479
f 1279/1698/1479 1227/1693/1477 1225/1696/1205 1277/1699/1377
f 1262/1371/1210 1237/1374/1213 1239/1700/1480 1264/1701/1481
f 1264/1701/1481 1239/1700/1480 1240/1702/1482 1263/1703/1483
f 1263/1703/1483 1240/1702/1482 1238/1704/1369 1261/1705/1359
f 1237/1374/1213 1241/1476/1313 1243/1706/1484 1239/1700/1480
f 1239/1700/1480 1243/1706/1484 1244/1707/1485 1240/1702/1482
f 1240/1702/1482 1244/1707/1485 1242/1708/1275 1238/1704/1369
f 1266/1484/1321 1190/1492/1329 1192/1651/1451 1268/1709/1486
f 1268/1709/1486 1192/1651/1451 1191/1653/1453 1267/1710/1487
f 1267/1710/1487 1191/1653/1453 1189/1655/1362 1265/1711/1365
f 1250/1375/1214 1245/1378/1217 1247/1712/1488 1252/1713/1489
f 1252/1713/1489 1247/1712/1488 1248/1714/1490 1251/1715/1491
f 1251/1715/1491 1248/1714/1490 1246/1716/1373 1249/1717/1375
f 1270/1453/1292 1253/1456/1295 1255/1718/1492 1272/1719/1493
f 1272/1719/1493 1255/1718/1492 1256/1720/1494 1271/1721/1495
f 1271/1721/1495 1256/1720/1494 1254/1722/1241 1269/1723/1276
f 1274/1481/1318 1250/1375/1214 1252/1713/1489 1276/1724/1496
f 1276/1724/1496 1252/1713/1489 1251/1715/1491 1275/1725/1497
f 1275/1725/1497 1251/1715/1491 1249/1717/1375 1273/1726/1283
f 1205/1395/1234 1262/1371/1210 1264/1701/1481 1207/1674/1464
f 1207/1674/1464 1264/1701/1481 1263/1703/1483 1208/1676/1466
f 1208/1676/1466 1263/1703/1483 1261/1705/1359 1206/1678/1358
f 1245/1378/1217 1266/1484/1321 1268/1709/1486 1247/1712/1488
f 1247/1712/1488 1268/1709/1486 1267/1710/1487 1248/1714/1490
f 1248/1714/1490 1267/1710/1487 1265/1711/1365 1246/1716/1373
f 1185/1457/1296 1181/1460/1299 1183/1727/1498 1187/1650/1450
f 1187/1650/1450 1183/1727/1498 1184/1728/1499 1188/1652/1452
f 1188/1652/1452 1184/1728/1499 1182/1729/1249 1186/1654/1248
f 1241/1476/1313 1270/1453/1292 1272/1719/1493 1243/1706/1484
f 1243/1706/1484 1272/1719/1493 1271/1721/1495 1244/1707/1485
f 1244/1707/1485 1271/1721/1495 1269/1723/1276 1242/1708/1275
f 1258/1488/1325 1274/1481/1318 1276/1724/1496 1260/1730/1500
f 1260/1730/1500 1276/1724/1496 1275/1725/1497 1259/1731/1501
f 1259/1731/1501 1275/1725/1497 1273/1726/1283 1257/1732/1224
f 1233/1509/980 1278/1494/1331 1280/1697/1478 1235/1733/1435
f 1235/1733/1435 1280/1697/1478 1279/1698/1479 1236/1734/1434
f 1236/1734/1434 1279/1698/1479 1277/1699/1377 1234/1735/1174
f 1193/1441/1280 1282/1466/1305 1284/1669/1462 1195/1656/1454
f 1195/1656/1454 1284/1669/1462 1283/1671/1463 1196/1658/1456
f 1196/1658/1456 1283/1671/1463 1281/1673/1179 1194/1660/1181
f 1286/1445/1284 1293/1448/1287 1295/1736/1502 1288/1737/1503
f 1288/1737/1503 1295/1736/1502 1296/1738/1504 1287/1739/1505
f 1287/1739/1505 1296/1738/1504 1294/1740/1226 1285/1741/1225
f 1293/1448/1287 1258/1488/1325 1260/1730/1500 1295/1736/1502
f 1295/1736/1502 1260/1730/1500 1259/1731/1501 1296/1738/1504
f 1296/1738/1504 1259/1731/1501 1257/1732/1224 1294/1740/1226
f 1290/1518/1353 1297/1514/1349 1299/1742/1506 1292/1743/1507
f 1292/1743/1507 1299/1742/1506 1300/1744/1508 1291/1745/1509
f 1291/1745/1509 1300/1744/1508 1298/1746/1371 1289/1747/1242
f 1297/1514/1349 1301/1517/1352 1303/1748/1510 1299/1742/1506
f 1299/1742/1506 1303/1748/1510 1304/1749/1511 1300/1744/1508
f 1300/1744/1508 1304/1749/1511 1302/1750/1372 1298/1746/1371
f 1301/1517/1352 1305/1512/1347 1307/1751/1512 1303/1748/1510
f 1303/1748/1510 1307/1751/1512 1308/1752/1513 1304/1749/1511
f 1304/1749/1511 1308/1752/1513 1306/1753/1368 1302/1750/1372
f 1305/1512/1347 1286/1445/1284 1288/1737/1503 1307/1751/1512
f 1307/1751/1512 1288/1737/1503 1287/1739/1505 1308/1752/1513
f 1308/1752/1513 1287/1739/1505 1285/1741/1225 1306/1753/1368
f 1310/1521/1356 1290/1518/1353 1292/1743/1507 1312/1754/1514
f 1312/1754/1514 1292/1743/1507 1291/1745/1509 1311/1755/1515
f 1311/1755/1515 1291/1745/1509 1289/1747/1242 1309/1756/1281
f 1253/1456/1295 1310/1521/1356 1312/1754/1514 1255/1718/1492
f 1255/1718/1492 1312/1754/1514 1311/1755/1515 1256/1720/1494
f 1256/1720/1494 1311/1755/1515 1309/1756/1281 1254/1722/1241
f 1181/1460/1299 1314/1461/1300 1316/1663/1459 1183/1727/1498
f 1183/1727/1498 1316/1663/1459 1315/1665/1461 1184/1728/1499
f 1184/1728/1499 1315/1665/1461 1313/1667/1272 1182/1729/1249
f 1197/1464/1303 1318/1438/1277 1320/1657/1455 1199/1662/1458
f 1199/1662/1458 1320/1657/1455 1319/1659/1457 1200/1664/1460
f 1200/1664/1460 1319/1659/1457 1317/1661/1250 1198/1666/1252
f 958/1226/1065 1322/1282/1121 956/1151/990 970/1285/1124
f 1330/1277/1116 1325/1296/1135 1327/1757/1516 1332/1758/1517
f 1332/1758/1517 1327/1757/1516 1328/1759/1518 1331/1760/1519
f 1331/1760/1519 1328/1759/1518 1326/1761/1002 1329/1762/1005
f 1450/1235/1074 1333/1234/1073 1335/1763/1520 1452/1764/1521
f 1452/1764/1521 1335/1763/1520 1336/1765/1522 1451/1766/1523
f 1451/1766/1523 1336/1765/1522 1334/1767/989 1449/1768/992
f 1446/1225/1064 1337/1224/1063 1339/1769/1524 1448/1770/1525
f 1448/1770/1525 1339/1769/1524 1340/1771/1526 1447/1772/1527
f 1447/1772/1527 1340/1771/1526 1338/1773/1041 1445/1774/1042
f 1414/1239/1078 1473/1238/1077 1475/1775/1528 1416/1776/1529
f 1416/1776/1529 1475/1775/1528 1476/1777/1530 1415/1778/1531
f 1415/1778/1531 1476/1777/1530 1474/1779/1136 1413/1780/1069
f 1346/1292/1131 1341/1275/1114 1343/1781/1532 1348/1782/1533
f 1348/1782/1533 1343/1781/1532 1344/1783/1534 1347/1784/1535
f 1347/1784/1535 1344/1783/1534 1342/1785/1021 1345/1786/1024
f 1350/1290/1129 1346/1292/1131 1348/1782/1533 1352/1787/1536
f 1352/1787/1536 1348/1782/1533 1347/1784/1535 1351/1788/1537
f 1351/1788/1537 1347/1784/1535 1345/1786/1024 1349/1789/1019
f 1354/1288/1127 1350/1290/1129 1352/1787/1536 1356/1790/1538
f 1356/1790/1538 1352/1787/1536 1351/1788/1537 1355/1791/1539
f 1355/1791/1539 1351/1788/1537 1349/1789/1019 1353/1792/1017
f 1358/1252/1091 1354/1288/1127 1356/1790/1538 1360/1793/1540
f 1360/1793/1540 1356/1790/1538 1355/1791/1539 1359/1794/1541
f 1359/1794/1541 1355/1791/1539 1353/1792/1017 1357/1795/1015
f 1366/1253/1092 1358/1252/1091 1360/1793/1540 1368/1796/1542
f 1368/1796/1542 1360/1793/1540 1359/1794/1541 1367/1797/1543
f 1367/1797/1543 1359/1794/1541 1357/1795/1015 1365/1798/1093
f 1362/1284/1123 1366/1253/1092 1368/1796/1542 1364/1799/1544
f 1364/1799/1544 1368/1796/1542 1367/1797/1543 1363/1800/1545
f 1363/1800/1545 1367/1797/1543 1365/1798/1093 1361/1801/961
f 1410/1143/982 1362/1284/1123 1364/1799/1544 1412/1802/1546
f 1412/1802/1546 1364/1799/1544 1363/1800/1545 1411/1803/1547
f 1411/1803/1547 1363/1800/1545 1361/1801/961 1409/1804/1014
f 1394/1258/1097 1369/1257/1096 1371/1805/1548 1396/1806/1549
f 1396/1806/1549 1371/1805/1548 1372/1807/1550 1395/1808/1551
f 1395/1808/1551 1372/1807/1550 1370/1809/966 1393/1810/1026
f 1369/1257/1096 1373/1260/1099 1375/1811/1552 1371/1805/1548
f 1371/1805/1548 1375/1811/1552 1376/1812/1553 1372/1807/1550
f 1372/1807/1550 1376/1812/1553 1374/1813/967 1370/1809/966
f 1398/1263/1102 1330/1277/1116 1332/1758/1517 1400/1814/1554
f 1400/1814/1554 1332/1758/1517 1331/1760/1519 1399/1815/1555
f 1399/1815/1555 1331/1760/1519 1329/1762/1005 1397/1816/993
f 1382/1266/1105 1377/1264/1103 1379/1817/1556 1384/1818/1557
f 1384/1818/1557 1379/1817/1556 1380/1819/1558 1383/1820/1559
f 1383/1820/1559 1380/1819/1558 1378/1821/996 1381/1822/998
f 1402/1270/1109 1385/1269/1108 1387/1823/1560 1404/1824/1561
f 1404/1824/1561 1387/1823/1560 1388/1825/1562 1403/1826/1563
f 1403/1826/1563 1388/1825/1562 1386/1827/974 1401/1828/1060
f 1406/1208/1047 1382/1266/1105 1384/1818/1557 1408/1829/1564
f 1408/1829/1564 1384/1818/1557 1383/1820/1559 1407/1830/1565
f 1407/1830/1565 1383/1820/1559 1381/1822/998 1405/1831/1001
f 1341/1275/1114 1394/1258/1097 1396/1806/1549 1343/1781/1532
f 1343/1781/1532 1396/1806/1549 1395/1808/1551 1344/1783/1534
f 1344/1783/1534 1395/1808/1551 1393/1810/1026 1342/1785/1021
f 1377/1264/1103 1398/1263/1102 1400/1814/1554 1379/1817/1556
f 1379/1817/1556 1400/1814/1554 1399/1815/1555 1380/1819/1558
f 1380/1819/1558 1399/1815/1555 1397/1816/993 1378/1821/996
f 1325/1296/1135 1321/1310/1149 1323/1832/1566 1327/1757/1516
f 1327/1757/1516 1323/1832/1566 1324/1833/1567 1328/1759/1518
f 1328/1759/1518 1324/1833/1567 1322/1834/1121 1326/1761/1002
f 1373/1260/1099 1402/1270/1109 1404/1824/1561 1375/1811/1552
f 1375/1811/1552 1404/1824/1561 1403/1826/1563 1376/1812/1553
f 1376/1812/1553 1403/1826/1563 1401/1828/1060 1374/1813/967
f 1390/1209/1048 1406/1208/1047 1408/1829/1564 1392/1835/1568
f 1392/1835/1568 1408/1829/1564 1407/1830/1565 1391/1836/1569
f 1391/1836/1569 1407/1830/1565 1405/1831/1001 1389/1837/1110
f 1506/1144/983 1410/1143/982 1412/1802/1546 1508/1838/1570
f 1508/1838/1570 1412/1802/1546 1411/1803/1547 1507/1839/1571
f 1507/1839/1571 1411/1803/1547 1409/1804/1014 1505/1840/1160
f 1333/1234/1073 1414/1239/1078 1416/1776/1529 1335/1763/1520
f 1335/1763/1520 1416/1776/1529 1415/1778/1531 1336/1765/1522
f 1336/1765/1522 1415/1778/1531 1413/1780/1069 1334/1767/989
f 1418/1213/1052 1425/1212/1051 1427/1841/1572 1420/1842/1573
f 1420/1842/1573 1427/1841/1572 1428/1843/1574 1419/1844/1575
f 1419/1844/1575 1428/1843/1574 1426/1845/1111 1417/1846/1038
f 1425/1212/1051 1390/1209/1048 1392/1835/1568 1427/1841/1572
f 1427/1841/1572 1392/1835/1568 1391/1836/1569 1428/1843/1574
f 1428/1843/1574 1391/1836/1569 1389/1837/1110 1426/1845/1111
f 1422/1307/1146 1429/1304/1143 1431/1847/1576 1424/1848/1577
f 1424/1848/1577 1431/1847/1576 1432/1849/1578 1423/1850/1579
f 1423/1850/1579 1432/1849/1578 1430/1851/1053 1421/1852/975
f 1429/1304/1143 1433/1303/1142 1435/1853/1580 1431/1847/1576
f 1431/1847/1576 1435/1853/1580 1436/1854/1581 1432/1849/1578
f 1432/1849/1578 1436/1854/1581 1434/1855/1054 1430/1851/1053
f 1433/1303/1142 1437/1300/1139 1439/1856/1582 1435/1853/1580
f 1435/1853/1580 1439/1856/1582 1440/1857/1583 1436/1854/1581
f 1436/1854/1581 1440/1857/1583 1438/1858/1040 1434/1855/1054
f 1437/1300/1139 1418/1213/1052 1420/1842/1573 1439/1856/1582
f 1439/1856/1582 1420/1842/1573 1419/1844/1575 1440/1857/1583
f 1440/1857/1583 1419/1844/1575 1417/1846/1038 1438/1858/1040
f 1442/1308/1147 1422/1307/1146 1424/1848/1577 1444/1859/1584
f 1444/1859/1584 1424/1848/1577 1423/1850/1579 1443/1860/1585
f 1443/1860/1585 1423/1850/1579 1421/1852/975 1441/1861/1137
f 1385/1269/1108 1442/1308/1147 1444/1859/1584 1387/1823/1560
f 1387/1823/1560 1444/1859/1584 1443/1860/1585 1388/1825/1562
f 1388/1825/1562 1443/1860/1585 1441/1861/1137 1386/1827/974
f 1321/1310/1149 1446/1225/1064 1448/1770/1525 1323/1832/1566
f 1323/1832/1566 1448/1770/1525 1447/1772/1527 1324/1833/1567
f 1324/1833/1567 1447/1772/1527 1445/1774/1042 1322/1834/1121
f 1337/1224/1063 1450/1235/1074 1452/1764/1521 1339/1769/1524
f 1339/1769/1524 1452/1764/1521 1451/1766/1523 1340/1771/1526
f 1340/1771/1526 1451/1766/1523 1449/1768/992 1338/1773/1041
f 1462/1862/1168 1457/1863/1055 1459/1864/1586 1464/1865/1587
f 1464/1865/1587 1459/1864/1586 1460/1866/1588 1463/1867/1589
f 1463/1867/1589 1460/1866/1588 1458/1458/1297 1461/1491/1328
f 1590/1868/1235 1465/1869/1184 1467/1870/1590 1592/1871/1591
f 1592/1871/1591 1467/1870/1590 1468/1872/1592 1591/1873/1593
f 1591/1873/1593 1468/1872/1592 1466/1440/1279 1589/1439/1278
f 1586/1874/1345 1469/1875/1330 1471/1876/1594 1588/1877/1595
f 1588/1877/1595 1471/1876/1594 1472/1878/1596 1587/1879/1597
f 1587/1879/1597 1472/1878/1596 1470/1463/1302 1585/1462/1301
f 1554/1880/1304 1474/1881/1136 1476/1882/1530 1556/1883/1598
f 1556/1883/1598 1476/1882/1530 1475/1884/1528 1555/1885/1599
f 1555/1885/1599 1475/1884/1528 1473/1468/1077 1553/1467/1306
f 1482/1886/1264 1477/1887/1189 1479/1888/1600 1484/1889/1601
f 1484/1889/1601 1479/1888/1600 1480/1890/1602 1483/1891/1603
f 1483/1891/1603 1480/1890/1602 1478/1394/1233 1481/1393/1232
f 1486/1892/1260 1482/1886/1264 1484/1889/1601 1488/1893/1604
f 1488/1893/1604 1484/1889/1601 1483/1891/1603 1487/1894/1605
f 1487/1894/1605 1483/1891/1603 1481/1393/1232 1485/1500/1337
f 1490/1895/1258 1486/1892/1260 1488/1893/1604 1492/1896/1606
f 1492/1896/1606 1488/1893/1604 1487/1894/1605 1491/1897/1607
f 1491/1897/1607 1487/1894/1605 1485/1500/1337 1489/1498/1335
f 1494/1898/1256 1490/1895/1258 1492/1896/1606 1496/1899/1608
f 1496/1899/1608 1492/1896/1606 1491/1897/1607 1495/1900/1609
f 1495/1900/1609 1491/1897/1607 1489/1498/1335 1493/1472/1309
f 1502/1901/1311 1494/1898/1256 1496/1899/1608 1504/1902/1610
f 1504/1902/1610 1496/1899/1608 1495/1900/1609 1503/1903/1611
f 1503/1903/1611 1495/1900/1609 1493/1472/1309 1501/1471/1308
f 1498/1904/1200 1502/1901/1311 1504/1902/1610 1500/1905/1612
f 1500/1906/1612 1504/1902/1610 1503/1903/1611 1499/1907/1613
f 1499/1907/1613 1503/1903/1611 1501/1471/1308 1497/1496/1333
f 1550/1908/1255 1498/1909/1200 1500/1906/1612 1552/1910/1614
f 1552/1910/1614 1500/1906/1612 1499/1907/1613 1551/1911/1615
f 1551/1911/1615 1499/1907/1613 1497/1496/1333 1549/1495/1332
f 1534/1912/1188 1509/1913/1340 1511/1914/1616 1536/1915/1617
f 1536/1915/1617 1511/1914/1616 1512/1916/1618 1535/1917/1619
f 1535/1917/1619 1512/1916/1618 1510/1373/1212 1533/1372/1211
f 1509/1913/1340 1513/1918/1240 1515/1919/1620 1511/1914/1616
f 1511/1914/1616 1515/1919/1620 1516/1920/1621 1512/1916/1618
f 1512/1916/1618 1516/1920/1621 1514/1475/1312 1510/1373/1212
f 1538/1921/1268 1462/1862/1168 1464/1865/1587 1540/1922/1622
f 1540/1922/1622 1464/1865/1587 1463/1867/1589 1539/1923/1623
f 1539/1923/1623 1463/1867/1589 1461/1491/1328 1537/1483/1320
f 1522/1924/1244 1517/1925/1366 1519/1926/1624 1524/1927/1625
f 1524/1927/1625 1519/1926/1624 1520/1928/1626 1523/1929/1627
f 1523/1929/1627 1520/1928/1626 1518/1377/1216 1521/1376/1215
f 1542/1930/1239 1525/1931/1324 1527/1932/1628 1544/1933/1629
f 1544/1933/1629 1527/1932/1628 1528/1934/1630 1543/1935/1631
f 1543/1935/1631 1528/1934/1630 1526/1455/1294 1541/1454/1293
f 1546/1936/1245 1522/1924/1244 1524/1927/1625 1548/1937/1632
f 1548/1937/1632 1524/1927/1625 1523/1929/1627 1547/1938/1633
f 1547/1938/1633 1523/1929/1627 1521/1376/1215 1545/1482/1319
f 1477/1887/1189 1534/1912/1188 1536/1915/1617 1479/1888/1600
f 1479/1888/1600 1536/1915/1617 1535/1917/1619 1480/1890/1602
f 1480/1890/1602 1535/1917/1619 1533/1372/1211 1478/1394/1233
f 1517/1925/1366 1538/1921/1268 1540/1922/1622 1519/1926/1624
f 1519/1926/1624 1540/1922/1622 1539/1923/1623 1520/1928/1626
f 1520/1928/1626 1539/1923/1623 1537/1483/1320 1518/1377/1216
f 1457/1863/1055 1453/1939/1058 1455/1940/1634 1459/1864/1586
f 1459/1864/1586 1455/1940/1634 1456/1941/1635 1460/1866/1588
f 1460/1866/1588 1456/1941/1635 1454/1459/1298 1458/1458/1297
f 1513/1918/1240 1542/1930/1239 1544/1933/1629 1515/1919/1620
f 1515/1919/1620 1544/1933/1629 1543/1935/1631 1516/1920/1621
f 1516/1920/1621 1543/1935/1631 1541/1454/1293 1514/1475/1312
f 1530/1942/1220 1546/1936/1245 1548/1937/1632 1532/1943/1636
f 1532/1943/1636 1548/1937/1632 1547/1938/1633 1531/1944/1637
f 1531/1944/1637 1547/1938/1633 1545/1482/1319 1529/1489/1326
f 1505/1945/1160 1550/1908/1255 1552/1910/1614 1507/1946/1571
f 1507/1946/1571 1552/1910/1614 1551/1911/1615 1508/1947/1570
f 1508/1948/1570 1551/1949/1615 1549/1950/1332 1506/1951/983
f 1465/1869/1184 1554/1880/1304 1556/1883/1598 1467/1870/1590
f 1467/1870/1590 1556/1883/1598 1555/1885/1599 1468/1872/1592
f 1468/1872/1592 1555/1885/1599 1553/1467/1306 1466/1440/1279
f 1558/1952/1221 1565/1953/1346 1567/1954/1638 1560/1955/1639
f 1560/1955/1639 1567/1954/1638 1568/1956/1640 1559/1957/1641
f 1559/1957/1641 1568/1956/1640 1566/1447/1286 1557/1446/1285
f 1565/1953/1346 1530/1942/1220 1532/1943/1636 1567/1954/1638
f 1567/1954/1638 1532/1943/1636 1531/1944/1637 1568/1956/1640
f 1568/1956/1640 1531/1944/1637 1529/1489/1326 1566/1447/1286
f 1562/1958/1322 1569/1959/1290 1571/1960/1642 1564/1961/1643
f 1564/1961/1643 1571/1960/1642 1572/1962/1644 1563/1963/1645
f 1563/1963/1645 1572/1962/1644 1570/1515/1350 1561/1519/1354
f 1569/1959/1290 1573/1964/1289 1575/1965/1646 1571/1960/1642
f 1571/1960/1642 1575/1965/1646 1576/1966/1647 1572/1962/1644
f 1572/1962/1644 1576/1966/1647 1574/1516/1351 1570/1515/1350
f 1573/1964/1289 1577/1967/1288 1579/1968/1648 1575/1965/1646
f 1575/1965/1646 1579/1968/1648 1580/1969/1649 1576/1966/1647
f 1576/1966/1647 1580/1969/1649 1578/1513/1348 1574/1516/1351
f 1577/1967/1288 1558/1952/1221 1560/1955/1639 1579/1968/1648
f 1579/1968/1648 1560/1955/1639 1559/1957/1641 1580/1969/1649
f 1580/1969/1649 1559/1957/1641 1557/1446/1285 1578/1513/1348
f 1582/1970/1323 1562/1958/1322 1564/1961/1643 1584/1971/1650
f 1584/1971/1650 1564/1961/1643 1563/1963/1645 1583/1972/1651
f 1583/1972/1651 1563/1963/1645 1561/1519/1354 1581/1520/1355
f 1525/1931/1324 1582/1970/1323 1584/1971/1650 1527/1932/1628
f 1527/1932/1628 1584/1971/1650 1583/1972/1651 1528/1934/1630
f 1528/1934/1630 1583/1972/1651 1581/1520/1355 1526/1455/1294
f 1453/1939/1058 1586/1874/1345 1588/1877/1595 1455/1940/1634
f 1455/1940/1634 1588/1877/1595 1587/1879/1597 1456/1941/1635
f 1456/1941/1635 1587/1879/1597 1585/1462/1301 1454/1459/1298
f 1469/1875/1330 1590/1868/1235 1592/1871/1591 1471/1876/1594
f 1471/1876/1594 1592/1871/1591 1591/1873/1593 1472/1878/1596
f 1472/1878/1596 1591/1873/1593 1589/1439/1278 1470/1463/1302
f 1054/1295/1134 1050/1309/1148 1321/1310/1149 1325/1296/1135
f 1598/1973/1029 1593/1974/1158 1595/1975/1652 1600/1976/1653
f 1600/1976/1653 1595/1975/1652 1596/1977/1654 1599/1978/1655
f 1599/1978/1655 1596/1977/1654 1594/1192/1031 1597/1092/931
f 1618/1979/1161 1598/1973/1029 1600/1976/1653 1620/1980/1656
f 1620/1980/1656 1600/1976/1653 1599/1978/1655 1619/1981/1657
f 1619/1981/1657 1599/1978/1655 1597/1092/931 1617/1091/930
f 1606/1982/969 1601/1983/1152 1603/1984/1658 1608/1985/1659
f 1608/1985/1659 1603/1984/1658 1604/1986/1660 1607/1987/1661
f 1607/1987/1661 1604/1986/1660 1602/1171/1010 1605/1279/1118
f 1622/1988/1157 1609/1989/1166 1611/1990/1662 1624/1991/1663
f 1624/1991/1663 1611/1990/1662 1612/1992/1664 1623/1993/1665
f 1623/1993/1665 1612/1992/1664 1610/1331/1170 1621/1193/1032
f 1614/1994/1154 1606/1982/969 1608/1985/1659 1616/1995/1666
f 1616/1995/1666 1608/1985/1659 1607/1987/1661 1615/1996/1667
f 1615/1996/1667 1607/1987/1661 1605/1279/1118 1613/1278/1117
f 1609/1989/1166 1614/1994/1154 1616/1995/1666 1611/1990/1662
f 1611/1990/1662 1616/1995/1666 1615/1996/1667 1612/1992/1664
f 1612/1992/1664 1615/1996/1667 1613/1278/1117 1610/1331/1170
f 1601/1983/1152 1618/1979/1161 1620/1980/1656 1603/1984/1658
f 1603/1984/1658 1620/1980/1656 1619/1981/1657 1604/1986/1660
f 1604/1986/1660 1619/1981/1657 1617/1091/930 1602/1171/1010
f 1593/1974/1158 1622/1988/1157 1624/1991/1663 1595/1975/1652
f 1595/1975/1652 1624/1991/1663 1623/1993/1665 1596/1977/1654
f 1596/1977/1654 1623/1993/1665 1621/1193/1032 1594/1192/1031
f 1058/1316/1155 1593/1319/1158 939/1101/940 937/1089/928
f 1630/1093/932 1625/1195/1034 1627/1997/1668 1632/1998/1669
f 1632/1998/1669 1627/1997/1668 1628/1999/1670 1631/2000/1671
f 1631/2000/1671 1628/1999/1670 1626/2001/1132 1629/2002/1025
f 1650/1094/933 1630/1093/932 1632/1998/1669 1652/2003/1672
f 1652/2003/1672 1632/1998/1669 1631/2000/1671 1651/2004/1673
f 1651/2004/1673 1631/2000/1671 1629/2002/1025 1649/2005/1027
f 1638/1280/1119 1633/1172/1011 1635/2006/1674 1640/2007/1675
f 1640/2007/1675 1635/2006/1674 1636/2008/1676 1639/2009/1677
f 1639/2009/1677 1636/2008/1676 1634/2010/965 1637/2011/968
f 1654/1194/1033 1641/1332/1171 1643/2012/1678 1656/2013/1679
f 1656/2013/1679 1643/2012/1678 1644/2014/1680 1655/2015/1681
f 1655/2015/1681 1644/2014/1680 1642/2016/995 1653/2017/994
f 1646/1281/1120 1638/1280/1119 1640/2007/1675 1648/2018/1682
f 1648/2018/1682 1640/2007/1675 1639/2009/1677 1647/2019/1683
f 1647/2019/1683 1639/2009/1677 1637/2011/968 1645/2020/999
f 1641/1332/1171 1646/1281/1120 1648/2018/1682 1643/2012/1678
f 1643/2012/1678 1648/2018/1682 1647/2019/1683 1644/2014/1680
f 1644/2014/1680 1647/2019/1683 1645/2020/999 1642/2016/995
f 1633/1172/1011 1650/1094/933 1652/2003/1672 1635/2006/1674
f 1635/2006/1674 1652/2003/1672 1651/2004/1673 1636/2008/1676
f 1636/2008/1676 1651/2004/1673 1649/2005/1027 1634/2010/965
f 1625/1195/1034 1654/1194/1033 1656/2013/1679 1627/1997/1668
f 1627/1997/1668 1656/2013/1679 1655/2015/1681 1628/1999/1670
f 1628/1999/1670 1655/2015/1681 1653/2017/994 1626/2001/1132
f 1626/1293/1132 962/1241/1080 963/1189/1028 1629/1186/1025
f 1662/1506/1343 1657/1504/1341 1659/2021/1684 1664/2022/1685
f 1664/2022/1685 1659/2021/1684 1660/2023/1686 1663/2024/1687
f 1663/2024/1687 1660/2023/1686 1658/2025/1363 1661/2026/1357
f 1682/1543/1378 1662/1506/1343 1664/2022/1685 1684/2027/1688
f 1684/2027/1688 1664/2022/1685 1663/2024/1687 1683/2028/1689
f 1683/2028/1689 1663/2024/1687 1661/2026/1357 1681/2029/1360
f 1670/1477/1314 1665/1480/1317 1667/2030/1690 1672/2031/1691
f 1672/2031/1691 1667/2030/1690 1668/2032/1692 1671/2033/1693
f 1671/2033/1693 1668/2032/1692 1666/2034/1370 1669/2035/1274
f 1686/1367/1206 1673/1370/1209 1675/2036/1694 1688/2037/1695
f 1688/2037/1695 1675/2036/1694 1676/2038/1696 1687/2039/1697
f 1687/2039/1697 1676/2038/1696 1674/2040/1374 1685/2041/1364
f 1678/1380/1219 1670/1477/1314 1672/2031/1691 1680/2042/1698
f 1680/2042/1698 1672/2031/1691 1671/2033/1693 1679/2043/1699
f 1679/2043/1699 1671/2033/1693 1669/2035/1274 1677/2044/1361
f 1673/1370/1209 1678/1380/1219 1680/2042/1698 1675/2036/1694
f 1675/2036/1694 1680/2042/1698 1679/2043/1699 1676/2038/1696
f 1676/2038/1696 1679/2043/1699 1677/2044/1361 1674/2040/1374
f 1665/1480/1317 1682/1543/1378 1684/2027/1688 1667/2030/1690
f 1667/2030/1690 1684/2027/1688 1683/2028/1689 1668/2032/1692
f 1668/2032/1692 1683/2028/1689 1681/2029/1360 1666/2034/1370
f 1657/1504/1341 1686/1367/1206 1688/2037/1695 1659/2021/1684
f 1659/2021/1684 1688/2037/1695 1687/2039/1697 1660/2023/1686
f 1660/2023/1686 1687/2039/1697 1685/2041/1364 1658/2025/1363
f 1189/1527/1362 997/1339/1178 999/1351/1190 1658/1528/1363
f 1694/2045/1186 1689/2046/1266 1691/2047/1700 1696/2048/1701
f 1696/2048/1701 1691/2047/1700 1692/2049/1702 1695/2050/1703
f 1695/2050/1703 1692/2049/1702 1690/1505/1342 1693/1507/1344
f 1714/2051/1187 1694/2045/1186 1696/2048/1701 1716/2052/1704
f 1716/2052/1704 1696/2048/1701 1695/2050/1703 1715/2053/1705
f 1715/2053/1705 1695/2050/1703 1693/1507/1344 1713/1544/1379
f 1702/2054/1237 1697/2055/1339 1699/2056/1706 1704/2057/1707
f 1704/2057/1707 1699/2056/1706 1700/2058/1708 1703/2059/1709
f 1703/2059/1709 1700/2058/1708 1698/1479/1316 1701/1478/1315
f 1718/2060/1269 1705/2061/1367 1707/2062/1710 1720/2063/1711
f 1720/2063/1711 1707/2062/1710 1708/2064/1712 1719/2065/1713
f 1719/2065/1713 1708/2064/1712 1706/1369/1208 1717/1368/1207
f 1710/2066/1247 1702/2054/1237 1704/2057/1707 1712/2067/1714
f 1712/2067/1714 1704/2057/1707 1703/2059/1709 1711/2068/1715
f 1711/2068/1715 1703/2059/1709 1701/1478/1315 1709/1379/1218
f 1705/2061/1367 1710/2066/1247 1712/2067/1714 1707/2062/1710
f 1707/2062/1710 1712/2067/1714 1711/2068/1715 1708/2064/1712
f 1708/2064/1712 1711/2068/1715 1709/1379/1218 1706/1369/1208
f 1697/2055/1339 1714/2051/1187 1716/2052/1704 1699/2056/1706
f 1699/2056/1706 1716/2052/1704 1715/2053/1705 1700/2058/1708
f 1700/2058/1708 1715/2053/1705 1713/1544/1379 1698/1479/1316
f 1689/2046/1266 1718/2060/1269 1720/2063/1711 1691/2047/1700
f 1691/2047/1700 1720/2063/1711 1719/2065/1713 1692/2049/1702
f 1692/2049/1702 1719/2065/1713 1717/1368/1207 1690/1505/1342
f 1689/1427/1266 1694/1347/1186 1037/1432/1271 1036/1428/1267
o tapa.001_Cylinder.005
v 0.574804 2.141685 0.280871
v 0.332325 2.142665 0.487740
v 0.000067 2.144190 0.565126
v -0.333485 2.142853 0.488309
v -0.575553 2.141794 0.280979
v -0.665189 2.142509 -0.000344
v -0.577617 2.143443 -0.282378
v -0.332422 2.140666 -0.486548
v 0.000157 2.142104 -0.563198
v 0.332576 2.141094 -0.487634
v 0.583649 2.152364 -0.287168
v 0.666672 2.143666 -0.000158
v -0.166557 2.143118 0.526683
v -0.457364 2.146059 0.387529
v -0.201527 2.142631 0.518212
v -0.482575 2.145677 0.366190
v -0.431297 2.145901 0.409436
v -0.131262 2.142955 0.534996
v 0.166744 2.144070 0.527507
v 0.131729 2.144408 0.535800
v 0.202063 2.143866 0.519515
v 0.454580 2.142766 0.384991
v 0.429106 2.143176 0.407205
v 0.480569 2.142415 0.363194
v 0.622284 2.143953 0.141261
v 0.613128 2.143896 0.171207
v 0.631608 2.143813 0.111455
v 0.622565 2.143138 -0.140233
v 0.631993 2.143557 -0.110656
v 0.612837 2.143355 -0.170313
v 0.455596 2.142989 -0.385633
v 0.481508 2.143795 -0.364600
v 0.429301 2.141806 -0.407497
v 0.167041 2.145840 -0.528793
v 0.202153 2.145272 -0.520854
v 0.131922 2.145488 -0.536796
v -0.166602 2.143947 -0.527618
v -0.131689 2.143694 -0.535815
v -0.201720 2.142630 -0.518563
v -0.455791 2.143439 -0.386370
v -0.430179 2.143684 -0.408270
v -0.481563 2.143589 -0.364131
v -0.622784 2.144661 -0.141457
v -0.613297 2.144826 -0.171286
v -0.632311 2.144606 -0.111539
v -0.623051 2.144839 0.141408
v -0.632304 2.144611 0.111806
v -0.613801 2.144368 0.171300
v 0.586837 2.154211 0.286189
v 0.588179 2.152807 0.286501
v 0.587277 2.153881 0.286092
v 0.587780 2.153348 0.286219
v 0.339487 2.156420 0.497714
v 0.340098 2.155415 0.498241
v 0.339688 2.156054 0.497951
v 0.340037 2.155910 0.497890
v 0.000101 2.157313 0.576788
v 0.000051 2.156181 0.577856
v 0.000108 2.156830 0.577272
v 0.000078 2.156528 0.577572
v -0.340433 2.155578 0.497461
v -0.340925 2.154425 0.498434
v -0.340678 2.155092 0.497879
v -0.340991 2.154865 0.497997
v -0.587185 2.154469 0.286425
v -0.588410 2.153139 0.286836
v -0.587622 2.154106 0.286398
v -0.588110 2.153499 0.286700
v -0.677634 2.154727 -0.000612
v -0.678780 2.153472 -0.000573
v -0.678097 2.154233 -0.000643
v -0.678591 2.153702 -0.000639
v -0.589639 2.155735 -0.287654
v -0.590466 2.155139 -0.287737
v -0.590005 2.155334 -0.287981
v -0.590276 2.155199 -0.287886
v -0.339914 2.154631 -0.498015
v -0.340735 2.153559 -0.498835
v -0.340192 2.154553 -0.497974
v -0.340483 2.154082 -0.498366
v 0.000595 2.155385 -0.573876
v 0.000674 2.153907 -0.575080
v 0.000592 2.155193 -0.574029
v 0.000686 2.154499 -0.574596
v 0.339809 2.154644 -0.498734
v 0.340678 2.154090 -0.499001
v 0.340019 2.154362 -0.499031
v 0.340367 2.154250 -0.498981
v 0.586235 2.151732 -0.285023
v 0.587214 2.150736 -0.285529
v 0.586689 2.151253 -0.285298
v 0.587047 2.150776 -0.285683
v 0.679569 2.156251 -0.000601
v 0.680601 2.155013 -0.000636
v 0.679570 2.156249 -0.000580
v 0.680103 2.155609 -0.000648
v -0.169767 2.155644 0.536316
v -0.170037 2.154490 0.537368
v -0.169758 2.155295 0.536675
v -0.169894 2.154828 0.537101
v -0.466217 2.158540 0.394430
v -0.467295 2.157009 0.395611
v -0.466545 2.158072 0.394789
v -0.466956 2.157506 0.395217
v -0.205737 2.155017 0.527257
v -0.206079 2.153831 0.528325
v -0.205837 2.154544 0.527703
v -0.205972 2.154080 0.528129
v -0.492592 2.158348 0.372386
v -0.493688 2.156966 0.373588
v -0.492959 2.157879 0.372811
v -0.493299 2.157449 0.373193
v -0.439572 2.158694 0.416936
v -0.440606 2.157133 0.418066
v -0.439894 2.158184 0.417323
v -0.440269 2.157659 0.417685
v -0.133918 2.155571 0.544876
v -0.134132 2.154259 0.546197
v -0.133870 2.155269 0.545206
v -0.133996 2.154708 0.545762
v 0.169974 2.155450 0.536874
v 0.170303 2.154307 0.537973
v 0.170096 2.155270 0.537053
v 0.170236 2.154868 0.537423
v 0.133997 2.155718 0.545559
v 0.134342 2.154670 0.546594
v 0.134100 2.155504 0.545792
v 0.134224 2.155179 0.546098
v 0.206178 2.155383 0.528383
v 0.206474 2.154181 0.529519
v 0.206210 2.155271 0.528488
v 0.206346 2.154699 0.529030
v 0.464333 2.155633 0.392134
v 0.465354 2.154187 0.393181
v 0.464652 2.155163 0.392487
v 0.465034 2.154597 0.392913
v 0.438408 2.156208 0.415521
v 0.439474 2.154886 0.416521
v 0.438738 2.155748 0.415909
v 0.439132 2.155207 0.416359
v 0.489984 2.155765 0.369301
v 0.490869 2.154189 0.370362
v 0.490259 2.155284 0.369620
v 0.490613 2.154685 0.370009
v 0.633056 2.154929 0.143152
v 0.634223 2.153674 0.143675
v 0.633521 2.154459 0.143292
v 0.633951 2.154006 0.143485
v 0.623701 2.154983 0.174055
v 0.625116 2.153575 0.174478
v 0.624053 2.154635 0.174155
v 0.624614 2.154076 0.174326
v 0.642935 2.155037 0.112622
v 0.644194 2.153693 0.112975
v 0.643077 2.154855 0.112754
v 0.643616 2.154275 0.112910
v 0.633830 2.154499 -0.142438
v 0.634947 2.153460 -0.142917
v 0.634343 2.154048 -0.142595
v 0.634786 2.153645 -0.142782
v 0.643895 2.154622 -0.112107
v 0.644915 2.153767 -0.112343
v 0.644408 2.154202 -0.112241
v 0.644842 2.153852 -0.112280
v 0.624474 2.154571 -0.173669
v 0.625910 2.153335 -0.174085
v 0.624876 2.154221 -0.173837
v 0.625390 2.153787 -0.173934
v 0.465162 2.155360 -0.392207
v 0.465900 2.154222 -0.393237
v 0.465424 2.155011 -0.392499
v 0.465827 2.154475 -0.392947
v 0.491380 2.156685 -0.370604
v 0.492233 2.155430 -0.371507
v 0.491701 2.156216 -0.370959
v 0.491983 2.155819 -0.371253
v 0.438062 2.153307 -0.414829
v 0.438963 2.152231 -0.415955
v 0.438194 2.153159 -0.415000
v 0.438610 2.152680 -0.415477
v 0.170210 2.156495 -0.535859
v 0.170544 2.155000 -0.537017
v 0.170315 2.156013 -0.536240
v 0.170440 2.155510 -0.536634
v 0.206281 2.156897 -0.528399
v 0.206663 2.155304 -0.529682
v 0.206403 2.156389 -0.528816
v 0.206530 2.155897 -0.529208
v 0.133880 2.155880 -0.544222
v 0.134159 2.154534 -0.545354
v 0.133971 2.155531 -0.544532
v 0.134052 2.155100 -0.544888
v -0.170174 2.154746 -0.537450
v -0.170555 2.153841 -0.538429
v -0.170314 2.154728 -0.537440
v -0.170461 2.154321 -0.537886
v -0.133982 2.154553 -0.544842
v -0.134207 2.153462 -0.546162
v -0.133828 2.153969 -0.545643
v -0.134048 2.153780 -0.545834
v -0.206106 2.154252 -0.528675
v -0.206280 2.153400 -0.529618
v -0.206101 2.154186 -0.528767
v -0.206142 2.153873 -0.529113
v -0.465299 2.154973 -0.393476
v -0.465971 2.154231 -0.394311
v -0.465700 2.154568 -0.393937
v -0.465700 2.154383 -0.394300
v -0.438558 2.155036 -0.415797
v -0.439751 2.153881 -0.416914
v -0.438940 2.154617 -0.416248
v -0.439372 2.154152 -0.416741
v -0.492048 2.155420 -0.371007
v -0.492679 2.154550 -0.371927
v -0.492052 2.155170 -0.371455
v -0.492312 2.154955 -0.371601
v -0.635161 2.157102 -0.143920
v -0.636071 2.155976 -0.144226
v -0.635176 2.157048 -0.144062
v -0.635478 2.156648 -0.144218
v -0.625306 2.157309 -0.174466
v -0.626415 2.156149 -0.174666
v -0.625749 2.156834 -0.174604
v -0.626322 2.156271 -0.174626
v -0.644438 2.156949 -0.113227
v -0.645722 2.155520 -0.113516
v -0.644579 2.156761 -0.113350
v -0.645097 2.156165 -0.113501
v -0.635413 2.156353 0.143996
v -0.636496 2.155431 0.144305
v -0.635944 2.155927 0.144154
v -0.636301 2.155655 0.144095
v -0.644972 2.156274 0.113548
v -0.646066 2.155265 0.113898
v -0.645156 2.156106 0.113707
v -0.645639 2.155650 0.113875
v -0.625317 2.156081 0.174202
v -0.626676 2.154866 0.174463
v -0.625660 2.155823 0.174178
v -0.626173 2.155350 0.174292
v 0.612813 2.053311 0.298945
v 0.612481 2.052438 0.298331
v 0.612822 2.053306 0.298925
v 0.612481 2.052438 0.298331
v 0.354109 2.054118 0.518717
v 0.354084 2.054114 0.518724
v 0.354109 2.054118 0.518717
v 0.354109 2.054118 0.518717
v 0.000410 2.050581 0.602859
v 0.000497 2.050232 0.602691
v 0.000502 2.050231 0.602691
v 0.000502 2.050231 0.602691
v -0.355469 2.050773 0.521005
v -0.354997 2.050658 0.521170
v -0.355270 2.050725 0.521074
v -0.355008 2.050661 0.521166
v -0.613039 2.052727 0.299272
v -0.613039 2.052727 0.299272
v -0.613039 2.052727 0.299272
v -0.613039 2.052727 0.299272
v -0.712327 2.049826 0.000013
v -0.712110 2.049356 -0.000059
v -0.712110 2.049356 -0.000053
v -0.712110 2.049356 -0.000061
v -0.614568 2.051561 -0.300659
v -0.614432 2.050839 -0.299956
v -0.614565 2.051197 -0.300301
v -0.614649 2.051129 -0.300096
v -0.354846 2.053389 -0.519195
v -0.354377 2.052737 -0.518760
v -0.354708 2.053368 -0.519239
v -0.354212 2.052959 -0.519061
v 0.000006 2.048813 -0.605969
v -0.000011 2.048073 -0.605378
v -0.000048 2.048135 -0.605737
v -0.000029 2.048135 -0.605736
v 0.353839 2.052610 -0.519700
v 0.353281 2.051725 -0.519239
v 0.353811 2.052602 -0.519711
v 0.353540 2.052250 -0.519561
v 0.618665 2.048708 -0.303229
v 0.618100 2.047152 -0.302691
v 0.618545 2.047909 -0.302934
v 0.618436 2.047190 -0.302669
v 0.710308 2.050807 -0.000195
v 0.710233 2.050664 0.000039
v 0.710233 2.050664 0.000039
v 0.710233 2.050664 0.000039
v -0.175044 2.088927 0.553430
v -0.174629 2.087697 0.552398
v -0.174936 2.088720 0.553265
v -0.174769 2.088088 0.552725
v -0.477674 2.089468 0.404296
v -0.476983 2.088861 0.403886
v -0.477873 2.089360 0.404083
v -0.477546 2.089110 0.403960
v -0.211749 2.086282 0.545443
v -0.212146 2.087728 0.546550
v -0.212049 2.086745 0.546045
v -0.212181 2.087098 0.546467
v -0.504885 2.086356 0.382798
v -0.505793 2.087789 0.383257
v -0.505499 2.086550 0.383129
v -0.505830 2.086703 0.382993
v -0.447527 2.091165 0.426160
v -0.448620 2.091945 0.426069
v -0.447905 2.091415 0.426144
v -0.448314 2.091621 0.425979
v -0.137446 2.087425 0.560658
v -0.137716 2.088828 0.561678
v -0.137375 2.087877 0.561070
v -0.137491 2.088558 0.561565
v 0.175336 2.087808 0.554915
v 0.174872 2.086719 0.553643
v 0.175242 2.087478 0.554831
v 0.175056 2.087144 0.554322
v 0.138073 2.086351 0.562182
v 0.138434 2.087723 0.563403
v 0.138212 2.086808 0.562863
v 0.138296 2.087189 0.563295
v 0.211707 2.085903 0.545760
v 0.212227 2.087636 0.546973
v 0.211986 2.086349 0.546411
v 0.212189 2.086738 0.546941
v 0.479132 2.087635 0.406601
v 0.478040 2.085986 0.405674
v 0.479089 2.086758 0.406550
v 0.478681 2.086307 0.406199
v 0.451163 2.085841 0.428534
v 0.451943 2.087711 0.429415
v 0.451702 2.086087 0.429086
v 0.451779 2.086830 0.429305
v 0.504988 2.085898 0.382868
v 0.506036 2.087678 0.383458
v 0.505679 2.086159 0.383386
v 0.505955 2.086776 0.383375
v 0.654321 2.087706 0.148689
v 0.653034 2.086236 0.148457
v 0.654149 2.086931 0.148685
v 0.653714 2.086471 0.148668
v 0.643300 2.085734 0.179690
v 0.644616 2.087630 0.180071
v 0.644130 2.086097 0.179942
v 0.644603 2.086738 0.180082
v 0.661515 2.087407 0.116641
v 0.662322 2.088492 0.116811
v 0.661965 2.087849 0.116565
v 0.662255 2.088217 0.116677
v 0.654858 2.087626 -0.147912
v 0.653434 2.085968 -0.147572
v 0.654592 2.086943 -0.147906
v 0.654042 2.086282 -0.147782
v 0.663201 2.085993 -0.116547
v 0.664471 2.087664 -0.116783
v 0.664089 2.086174 -0.116721
v 0.664419 2.086738 -0.116794
v 0.643483 2.086015 -0.178979
v 0.644721 2.087671 -0.179313
v 0.644361 2.086157 -0.179217
v 0.644686 2.086717 -0.179337
v 0.479054 2.087605 -0.406545
v 0.478029 2.086030 -0.405715
v 0.479122 2.086862 -0.406523
v 0.478660 2.086344 -0.406051
v 0.504973 2.086022 -0.382881
v 0.505978 2.087678 -0.383538
v 0.505679 2.086143 -0.383416
v 0.505876 2.086779 -0.383461
v 0.450992 2.086323 -0.428562
v 0.451754 2.087871 -0.429060
v 0.451416 2.086529 -0.428830
v 0.451557 2.087029 -0.428863
v 0.175384 2.087610 -0.555410
v 0.174970 2.085934 -0.554079
v 0.175301 2.086928 -0.555306
v 0.175094 2.086384 -0.554707
v 0.211726 2.086035 -0.545684
v 0.212204 2.087647 -0.546923
v 0.212037 2.086432 -0.546373
v 0.212175 2.086743 -0.546854
v 0.138186 2.085896 -0.562462
v 0.138553 2.087618 -0.563834
v 0.138281 2.086351 -0.563148
v 0.138498 2.086831 -0.563775
v -0.174828 2.088434 -0.553916
v -0.174475 2.087427 -0.552914
v -0.174623 2.088383 -0.553965
v -0.174489 2.087856 -0.553427
v -0.138197 2.086015 -0.562385
v -0.138528 2.087633 -0.563678
v -0.138362 2.086469 -0.563065
v -0.138460 2.086882 -0.563569
v -0.210743 2.090789 -0.541395
v -0.210981 2.091482 -0.542001
v -0.210964 2.091091 -0.541685
v -0.211088 2.091268 -0.541815
v -0.476067 2.091950 -0.403428
v -0.475288 2.091170 -0.403013
v -0.475883 2.091725 -0.403272
v -0.475420 2.091244 -0.402998
v -0.449358 2.088233 -0.427506
v -0.449840 2.089171 -0.428005
v -0.449536 2.088450 -0.427701
v -0.449629 2.088645 -0.427815
v -0.502957 2.090938 -0.379261
v -0.503711 2.091781 -0.379672
v -0.503094 2.090915 -0.379150
v -0.503353 2.091250 -0.379330
v -0.654494 2.087656 -0.148780
v -0.653121 2.085995 -0.148495
v -0.654388 2.086751 -0.148747
v -0.653944 2.086180 -0.148706
v -0.643288 2.085827 -0.179706
v -0.644498 2.087652 -0.180037
v -0.644055 2.086240 -0.179923
v -0.644405 2.086776 -0.180037
v -0.662792 2.086139 -0.117218
v -0.663947 2.087740 -0.117418
v -0.663509 2.086631 -0.117286
v -0.663772 2.086910 -0.117417
v -0.654302 2.087672 0.148758
v -0.653147 2.086097 0.148477
v -0.654394 2.086725 0.148731
v -0.653898 2.086169 0.148714
v -0.662910 2.086022 0.117291
v -0.664193 2.087656 0.117510
v -0.663800 2.086389 0.117366
v -0.664143 2.086745 0.117504
v -0.643209 2.086007 0.179736
v -0.644524 2.087632 0.180077
v -0.644124 2.086228 0.179936
v -0.644547 2.086725 0.180073
v 0.608053 2.052302 0.297217
v 0.606496 2.053102 0.296838
v 0.607579 2.052463 0.297200
v 0.607148 2.052719 0.297046
v 0.350325 2.052903 0.515821
v 0.349479 2.053416 0.514855
v 0.349934 2.052945 0.515723
v 0.349789 2.053059 0.515512
v 0.000081 2.049742 0.595134
v 0.000073 2.050663 0.593589
v 0.000088 2.049850 0.594813
v 0.000085 2.050312 0.594118
v -0.350270 2.049407 0.515677
v -0.349297 2.050440 0.514030
v -0.349875 2.049786 0.514903
v -0.349552 2.050056 0.514426
v -0.607096 2.051553 0.297751
v -0.605792 2.052241 0.297065
v -0.607031 2.051600 0.297581
v -0.606139 2.052007 0.297412
v -0.700546 2.048724 0.000072
v -0.698364 2.049904 0.000041
v -0.699719 2.048990 0.000077
v -0.699145 2.049372 0.000052
v -0.607454 2.050097 -0.297657
v -0.605814 2.051069 -0.296846
v -0.606730 2.050467 -0.297286
v -0.606117 2.050825 -0.296980
v -0.350970 2.052227 -0.515806
v -0.349873 2.052923 -0.514683
v -0.350525 2.052381 -0.515622
v -0.350218 2.052682 -0.515060
v -0.000013 2.047645 -0.594336
v 0.000004 2.048885 -0.592168
v -0.000007 2.047871 -0.593413
v -0.000008 2.048294 -0.592908
v 0.350382 2.051185 -0.516269
v 0.349560 2.051849 -0.515042
v 0.349883 2.051463 -0.515780
v 0.349682 2.051846 -0.515004
v 0.606269 2.047130 -0.297033
v 0.604168 2.048601 -0.295972
v 0.605395 2.047462 -0.296584
v 0.604606 2.047750 -0.296325
v 0.701033 2.050053 -0.000049
v 0.699055 2.051131 -0.000110
v 0.700399 2.050272 -0.000034
v 0.699917 2.050592 -0.000029
v -0.171932 2.087309 0.544610
v -0.171376 2.088663 0.543039
v -0.171825 2.087832 0.543957
v -0.171579 2.088440 0.543185
v -0.469941 2.088428 0.398739
v -0.468501 2.089787 0.397357
v -0.469706 2.088705 0.398294
v -0.469054 2.089305 0.397748
v -0.207012 2.087788 0.533830
v -0.207733 2.086101 0.535420
v -0.207245 2.087260 0.534205
v -0.207467 2.086536 0.534954
v -0.493753 2.087910 0.374335
v -0.495290 2.086047 0.375474
v -0.494264 2.087172 0.374704
v -0.494695 2.086455 0.375167
v -0.442936 2.091642 0.421265
v -0.443433 2.090654 0.422495
v -0.443009 2.090915 0.422268
v -0.443472 2.090826 0.422124
v -0.135380 2.088814 0.551345
v -0.135667 2.087253 0.552929
v -0.135377 2.088208 0.551769
v -0.135548 2.087788 0.552273
v 0.171706 2.086642 0.544009
v 0.171125 2.088008 0.542161
v 0.171444 2.087066 0.543220
v 0.171301 2.087522 0.542534
v 0.135155 2.087952 0.550278
v 0.135642 2.086307 0.552104
v 0.135264 2.087232 0.550714
v 0.135313 2.086791 0.551362
v 0.206942 2.087665 0.533573
v 0.207672 2.085818 0.535386
v 0.207142 2.086939 0.534006
v 0.207383 2.086246 0.534657
v 0.468865 2.085835 0.397897
v 0.467212 2.087638 0.396499
v 0.468187 2.086255 0.397343
v 0.467529 2.086735 0.396768
v 0.440913 2.087639 0.418806
v 0.442489 2.085891 0.420309
v 0.441247 2.086761 0.419123
v 0.441790 2.086061 0.419628
v 0.493502 2.087639 0.374195
v 0.495225 2.085801 0.375492
v 0.493868 2.086846 0.374500
v 0.494533 2.086229 0.375017
v 0.640419 2.085973 0.145635
v 0.638324 2.087681 0.145165
v 0.639546 2.086334 0.145427
v 0.638742 2.086895 0.145273
v 0.628685 2.087704 0.175641
v 0.630747 2.085776 0.176190
v 0.629152 2.086816 0.175775
v 0.629810 2.086099 0.175952
v 0.649038 2.088645 0.115085
v 0.650721 2.087101 0.115085
v 0.649555 2.088138 0.115058
v 0.650316 2.087404 0.115187
v 0.640690 2.085916 -0.144722
v 0.638549 2.087653 -0.144243
v 0.639868 2.086267 -0.144510
v 0.639017 2.086879 -0.144323
v 0.648112 2.087717 -0.113973
v 0.650293 2.085971 -0.114333
v 0.648806 2.086877 -0.114031
v 0.649300 2.086056 -0.114154
v 0.628953 2.087720 -0.174946
v 0.631019 2.085957 -0.175526
v 0.629387 2.086812 -0.175065
v 0.630076 2.086259 -0.175275
v 0.468875 2.085871 -0.397892
v 0.467246 2.087644 -0.396527
v 0.468213 2.086334 -0.397464
v 0.467579 2.086938 -0.396901
v 0.493600 2.087741 -0.374231
v 0.495232 2.085832 -0.375490
v 0.494088 2.086960 -0.374575
v 0.494513 2.086218 -0.375016
v 0.441089 2.087767 -0.419066
v 0.442575 2.086145 -0.420594
v 0.441525 2.087333 -0.419299
v 0.442165 2.086776 -0.419894
v 0.171635 2.085878 -0.543592
v 0.171019 2.087647 -0.541697
v 0.171440 2.086416 -0.542919
v 0.171179 2.086954 -0.542112
v 0.206941 2.087665 -0.533573
v 0.207679 2.085857 -0.535386
v 0.207121 2.086997 -0.534063
v 0.207391 2.086293 -0.534742
v 0.135119 2.087658 -0.549872
v 0.135591 2.085911 -0.551836
v 0.135188 2.086733 -0.550151
v 0.135404 2.086304 -0.551008
v -0.171660 2.086984 -0.544399
v -0.171100 2.088428 -0.542653
v -0.171387 2.087479 -0.543688
v -0.171249 2.088002 -0.543029
v -0.135143 2.087747 -0.550042
v -0.135625 2.086005 -0.551901
v -0.135240 2.086939 -0.550386
v -0.135323 2.086472 -0.551137
v -0.207580 2.091476 -0.536430
v -0.208222 2.090541 -0.537544
v -0.207791 2.090947 -0.537068
v -0.207965 2.090562 -0.537563
v -0.470043 2.090648 -0.399597
v -0.468749 2.091549 -0.398586
v -0.469632 2.090823 -0.399380
v -0.469162 2.091189 -0.398997
v -0.441826 2.089135 -0.420203
v -0.443108 2.087552 -0.421560
v -0.442153 2.088539 -0.420619
v -0.442510 2.088133 -0.421036
v -0.495691 2.091795 -0.376455
v -0.497415 2.090642 -0.377084
v -0.495869 2.091664 -0.376529
v -0.497042 2.090885 -0.376984
v -0.640412 2.085872 -0.145625
v -0.638261 2.087651 -0.145142
v -0.639504 2.086215 -0.145411
v -0.638692 2.086809 -0.145246
v -0.628725 2.087727 -0.175655
v -0.630768 2.085839 -0.176212
v -0.629197 2.086841 -0.175790
v -0.629838 2.086176 -0.175975
v -0.647975 2.087729 -0.114708
v -0.650089 2.085971 -0.115017
v -0.648514 2.087008 -0.114767
v -0.649282 2.086282 -0.114903
v -0.640409 2.085878 0.145625
v -0.638309 2.087667 0.145149
v -0.639653 2.086356 0.145419
v -0.638685 2.086869 0.145255
v -0.647853 2.087681 0.114666
v -0.650075 2.085962 0.115044
v -0.648494 2.086967 0.114836
v -0.649152 2.086095 0.114872
v -0.628693 2.087705 0.175632
v -0.630789 2.085920 0.176222
v -0.629162 2.086818 0.175765
v -0.629812 2.086148 0.175966
vt 0.644556 0.042342
vt 0.623658 0.042930
vt 0.623297 0.024691
vt 0.647413 0.028386
vt 0.577196 0.045929
vt 0.556331 0.046778
vt 0.556643 0.045970
vt 0.577774 0.043412
vt 0.458571 0.042588
vt 0.457319 0.059653
vt 0.439618 0.057305
vt 0.439734 0.044216
vt 0.398482 0.042324
vt 0.397829 0.057857
vt 0.379757 0.055639
vt 0.380753 0.043143
vt 0.338159 0.042585
vt 0.337120 0.058708
vt 0.318559 0.059228
vt 0.318205 0.044695
vt 0.275263 0.042472
vt 0.256116 0.046872
vt 0.253010 0.030586
vt 0.275484 0.029234
vt 0.213087 0.056955
vt 0.193875 0.063791
vt 0.193735 0.062145
vt 0.213187 0.054389
vt 0.670027 0.048052
vt 0.668663 0.064831
vt 0.654030 0.065281
vt 0.656712 0.047420
vt 0.712117 0.052510
vt 0.709664 0.069708
vt 0.689355 0.066423
vt 0.691094 0.051851
vt 0.600540 0.044605
vt 0.602000 0.062205
vt 0.589169 0.063961
vt 0.589074 0.045597
vt 0.639829 0.284456
vt 0.628805 0.306472
vt 0.625567 0.312321
vt 0.622425 0.318096
vt 0.611142 0.339770
vt 0.591836 0.351516
vt 0.586481 0.354604
vt 0.581218 0.357773
vt 0.561703 0.369531
vt 0.539361 0.367723
vt 0.533268 0.367165
vt 0.527038 0.366781
vt 0.504602 0.364546
vt 0.484526 0.350544
vt 0.479366 0.346576
vt 0.473967 0.342493
vt 0.454052 0.327818
vt 0.442718 0.304207
vt 0.439759 0.297806
vt 0.436621 0.291395
vt 0.425301 0.267832
vt 0.424866 0.241478
vt 0.424672 0.234409
vt 0.424746 0.227327
vt 0.424648 0.201046
vt 0.435692 0.179081
vt 0.438691 0.173125
vt 0.441717 0.167161
vt 0.453014 0.145341
vt 0.472569 0.133769
vt 0.477837 0.130606
vt 0.483157 0.127542
vt 0.502710 0.116449
vt 0.525416 0.117588
vt 0.531508 0.118047
vt 0.537579 0.118617
vt 0.560165 0.120827
vt 0.580301 0.134751
vt 0.585557 0.138711
vt 0.590911 0.142701
vt 0.610240 0.157689
vt 0.621642 0.181512
vt 0.624894 0.187826
vt 0.628048 0.194138
vt 0.639829 0.217738
vt 0.639817 0.244062
vt 0.639761 0.251147
vt 0.639751 0.258267
vt 0.398375 0.041610
vt 0.380246 0.042227
vt 0.380044 0.041756
vt 0.398290 0.040029
vt 0.497109 0.041323
vt 0.477479 0.038358
vt 0.475961 0.024454
vt 0.497597 0.023813
vt 0.458450 0.041767
vt 0.440355 0.043283
vt 0.440067 0.042422
vt 0.458553 0.039093
vt 0.516382 0.043160
vt 0.497045 0.043704
vt 0.497102 0.042347
vt 0.517092 0.040373
vt 0.782948 0.059332
vt 0.759768 0.058065
vt 0.759526 0.057383
vt 0.783041 0.056548
vt 0.712070 0.051634
vt 0.690459 0.050714
vt 0.690508 0.049754
vt 0.712322 0.049593
vt 0.516382 0.044025
vt 0.513711 0.062164
vt 0.496672 0.059997
vt 0.497087 0.044662
vt 0.670348 0.047176
vt 0.656865 0.046680
vt 0.657253 0.044163
vt 0.670443 0.045723
vt 0.601565 0.041667
vt 0.599512 0.027562
vt 0.151931 0.072044
vt 0.127615 0.078186
vt 0.127766 0.076491
vt 0.151854 0.068751
vt 0.152180 0.073003
vt 0.155369 0.093084
vt 0.138797 0.098899
vt 0.128440 0.079271
vt 0.234120 0.048712
vt 0.230319 0.036098
vt 0.338016 0.041752
vt 0.317437 0.043702
vt 0.317391 0.042388
vt 0.337995 0.039681
vt 0.678352 0.321732
vt 0.667385 0.300433
vt 0.664527 0.294602
vt 0.661568 0.288847
vt 0.651040 0.267163
vt 0.651116 0.241492
vt 0.651252 0.234561
vt 0.651318 0.227672
vt 0.651910 0.201854
vt 0.663539 0.178827
vt 0.666705 0.172649
vt 0.669884 0.166538
vt 0.681491 0.143380
vt 0.700648 0.128820
vt 0.705916 0.124980
vt 0.711040 0.121273
vt 0.731137 0.107870
vt 0.753286 0.105826
vt 0.759267 0.105483
vt 0.765194 0.105121
vt 0.787551 0.104145
vt 0.806706 0.115372
vt 0.811830 0.118517
vt 0.816939 0.121648
vt 0.835951 0.133379
vt 0.846734 0.154986
vt 0.849684 0.160797
vt 0.852579 0.166563
vt 0.862662 0.188323
vt 0.862592 0.214088
vt 0.862662 0.221035
vt 0.862583 0.227901
vt 0.861643 0.253666
vt 0.850665 0.276942
vt 0.847566 0.283103
vt 0.844478 0.289265
vt 0.832326 0.312000
vt 0.812980 0.326284
vt 0.807709 0.330172
vt 0.802612 0.334029
vt 0.783593 0.349621
vt 0.760470 0.349512
vt 0.754433 0.349938
vt 0.748502 0.350334
vt 0.726373 0.351707
vt 0.707238 0.340065
vt 0.702126 0.336964
vt 0.696981 0.333887
vt 0.829258 0.062922
vt 0.806428 0.057912
vt 0.805879 0.042798
vt 0.830885 0.043685
vt 0.690609 0.048673
vt 0.670442 0.044812
vt 0.670221 0.032009
vt 0.692446 0.031671
vt 0.275111 0.046323
vt 0.275136 0.062772
vt 0.257743 0.064091
vt 0.254489 0.049763
vt 0.439857 0.041432
vt 0.419180 0.040804
vt 0.418140 0.028037
vt 0.438624 0.025056
vt 0.643603 0.046161
vt 0.639854 0.063291
vt 0.621174 0.061312
vt 0.621278 0.045882
vt 0.193612 0.061058
vt 0.172411 0.062907
vt 0.168120 0.049311
vt 0.189038 0.041540
vt 0.379580 0.040804
vt 0.360581 0.039543
vt 0.360217 0.027547
vt 0.379854 0.025787
vt 0.556459 0.044879
vt 0.536573 0.040390
vt 0.535961 0.026833
vt 0.557150 0.027527
vt 0.898035 0.067549
vt 0.874658 0.064447
vt 0.874376 0.048398
vt 0.897651 0.047845
vt 0.759060 0.056153
vt 0.737466 0.051147
vt 0.737475 0.037031
vt 0.761281 0.038268
vt 0.317339 0.041339
vt 0.297204 0.040519
vt 0.294581 0.027860
vt 0.316797 0.024749
vt 0.643637 0.045276
vt 0.623309 0.044900
vt 0.623548 0.044014
vt 0.644275 0.043253
vt 0.275011 0.045480
vt 0.255261 0.048595
vt 0.255353 0.048062
vt 0.275207 0.043384
vt 0.657467 0.043309
vt 0.658020 0.028413
vt 0.601579 0.043768
vt 0.588726 0.045025
vt 0.589154 0.042602
vt 0.601679 0.042568
vt 0.737666 0.055476
vt 0.738079 0.073796
vt 0.723959 0.072852
vt 0.724902 0.054289
vt 0.589192 0.041786
vt 0.577996 0.042425
vt 0.579927 0.027945
vt 0.588802 0.027000
vt 0.737766 0.054513
vt 0.724904 0.053567
vt 0.725044 0.050574
vt 0.737525 0.052189
vt 0.807046 0.062864
vt 0.807174 0.082136
vt 0.793665 0.081457
vt 0.794891 0.061754
vt 0.576323 0.064033
vt 0.576925 0.046847
vt 0.556521 0.062627
vt 0.556282 0.047814
vt 0.712452 0.048617
vt 0.715436 0.035522
vt 0.725075 0.049763
vt 0.727365 0.035078
vt 0.807067 0.061873
vt 0.794901 0.060928
vt 0.794769 0.057448
vt 0.806557 0.059028
vt 0.875103 0.068799
vt 0.874156 0.089787
vt 0.861490 0.088435
vt 0.863008 0.068240
vt 0.783108 0.055428
vt 0.785592 0.041234
vt 0.760452 0.059293
vt 0.758706 0.075137
vt 0.794756 0.056456
vt 0.796228 0.041267
vt 0.875267 0.068022
vt 0.863019 0.067484
vt 0.863200 0.063785
vt 0.874932 0.065443
vt 0.173521 0.067675
vt 0.179435 0.084984
vt 0.167561 0.089707
vt 0.163006 0.070498
vt 0.779923 0.078851
vt 0.782965 0.060319
vt 0.852388 0.061594
vt 0.855558 0.046470
vt 0.829021 0.065864
vt 0.827852 0.082058
vt 0.829883 0.064814
vt 0.829692 0.064149
vt 0.863261 0.062799
vt 0.865364 0.046945
vt 0.173428 0.066702
vt 0.162855 0.069753
vt 0.162288 0.066134
vt 0.172681 0.063909
vt 0.234620 0.052902
vt 0.239780 0.068849
vt 0.227897 0.072812
vt 0.223898 0.055443
vt 0.851804 0.065854
vt 0.852251 0.062705
vt 0.848914 0.085827
vt 0.851822 0.066896
vt 0.151808 0.067585
vt 0.128063 0.075048
vt 0.126485 0.055090
vt 0.150440 0.052258
vt 0.899080 0.071581
vt 0.893665 0.093185
vt 0.898826 0.070320
vt 0.898480 0.068831
vt 0.162137 0.065205
vt 0.158886 0.050498
vt 0.234667 0.052084
vt 0.223814 0.054742
vt 0.223580 0.051618
vt 0.234300 0.049608
vt 0.297454 0.044339
vt 0.300435 0.060817
vt 0.287620 0.062362
vt 0.286275 0.045405
vt 0.213152 0.053384
vt 0.211916 0.039463
vt 0.194003 0.064815
vt 0.197707 0.078558
vt 0.223497 0.050762
vt 0.220368 0.037169
vt 0.297511 0.043473
vt 0.286247 0.044733
vt 0.286191 0.041970
vt 0.297309 0.041468
vt 0.362082 0.041873
vt 0.362463 0.056100
vt 0.349904 0.057557
vt 0.350665 0.042143
vt 0.215672 0.075506
vt 0.213283 0.057810
vt 0.286174 0.041171
vt 0.284403 0.027680
vt 0.362134 0.041117
vt 0.349707 0.041536
vt 0.349511 0.039142
vt 0.361887 0.040425
vt 0.421972 0.043570
vt 0.422519 0.058276
vt 0.410008 0.058472
vt 0.409857 0.042485
vt 0.338009 0.038731
vt 0.340224 0.026124
vt 0.349488 0.038424
vt 0.351134 0.025533
vt 0.420147 0.042682
vt 0.409608 0.041862
vt 0.409195 0.040167
vt 0.419655 0.041671
vt 0.478089 0.042867
vt 0.479177 0.060943
vt 0.468267 0.060664
vt 0.468156 0.042889
vt 0.398344 0.039182
vt 0.400426 0.027296
vt 0.409126 0.039565
vt 0.410038 0.026968
vt 0.478156 0.042044
vt 0.468125 0.042159
vt 0.467961 0.038959
vt 0.477636 0.039298
vt 0.536262 0.045085
vt 0.537241 0.063714
vt 0.525473 0.063398
vt 0.526329 0.044647
vt 0.458568 0.038161
vt 0.459680 0.024848
vt 0.467917 0.038097
vt 0.468041 0.024233
vt 0.536438 0.044207
vt 0.526392 0.043912
vt 0.526808 0.040613
vt 0.536532 0.041375
vt 0.517290 0.039394
vt 0.519556 0.025528
vt 0.526905 0.039754
vt 0.527435 0.025650
vt 0.827825 0.082423
vt 0.807186 0.082431
vt 0.827701 0.082779
vt 0.807173 0.082766
vt 0.827398 0.083119
vt 0.807166 0.083054
vt 0.758724 0.075508
vt 0.738056 0.074106
vt 0.758012 0.075785
vt 0.738031 0.074431
vt 0.757908 0.076140
vt 0.737997 0.074710
vt 0.621017 0.061636
vt 0.602031 0.062502
vt 0.621237 0.061970
vt 0.602080 0.062797
vt 0.621244 0.062300
vt 0.602101 0.063090
vt 0.556556 0.062968
vt 0.537243 0.064009
vt 0.556562 0.063308
vt 0.537269 0.064300
vt 0.556747 0.063649
vt 0.537351 0.064544
vt 0.496595 0.060297
vt 0.479121 0.061246
vt 0.496581 0.060599
vt 0.479121 0.061534
vt 0.496584 0.060902
vt 0.479190 0.061754
vt 0.438893 0.057573
vt 0.422502 0.058527
vt 0.438548 0.057863
vt 0.422442 0.058770
vt 0.438574 0.058162
vt 0.422617 0.059007
vt 0.379732 0.055945
vt 0.362474 0.056367
vt 0.379675 0.056250
vt 0.362510 0.056614
vt 0.378934 0.056516
vt 0.362577 0.056855
vt 0.258166 0.064335
vt 0.239847 0.069135
vt 0.258869 0.064528
vt 0.239935 0.069425
vt 0.258962 0.064826
vt 0.239992 0.069674
vt 0.198915 0.078559
vt 0.179548 0.085268
vt 0.198940 0.078883
vt 0.179677 0.085540
vt 0.199034 0.079191
vt 0.179748 0.085794
vt 0.893544 0.093513
vt 0.874065 0.090111
vt 0.893389 0.093833
vt 0.874014 0.090438
vt 0.894307 0.094346
vt 0.874059 0.090703
vt 0.689336 0.066780
vt 0.668670 0.065126
vt 0.689320 0.067139
vt 0.668658 0.065463
vt 0.689274 0.067494
vt 0.668564 0.065752
vt 0.318569 0.059546
vt 0.300463 0.061096
vt 0.318618 0.059862
vt 0.300486 0.061351
vt 0.318630 0.060180
vt 0.300518 0.061605
vt 0.654060 0.065535
vt 0.639869 0.063577
vt 0.654060 0.065787
vt 0.639852 0.063855
vt 0.653999 0.066036
vt 0.639820 0.064134
vt 0.589190 0.064228
vt 0.576327 0.064335
vt 0.589227 0.064532
vt 0.576322 0.064618
vt 0.589253 0.064782
vt 0.576315 0.064919
vt 0.723937 0.073156
vt 0.709603 0.070018
vt 0.723878 0.073401
vt 0.709518 0.070297
vt 0.723770 0.073639
vt 0.709426 0.070575
vt 0.793611 0.081693
vt 0.779781 0.079113
vt 0.793571 0.082011
vt 0.779714 0.079452
vt 0.793537 0.082277
vt 0.779659 0.079761
vt 0.861504 0.088662
vt 0.848851 0.086142
vt 0.861487 0.088920
vt 0.848783 0.086480
vt 0.861445 0.089185
vt 0.848729 0.086740
vt 0.167567 0.089937
vt 0.155369 0.093344
vt 0.167627 0.090177
vt 0.155486 0.093569
vt 0.167716 0.090439
vt 0.155582 0.093829
vt 0.138960 0.099164
vt 0.139094 0.099438
vt 0.140002 0.099419
vt 0.227875 0.073044
vt 0.215728 0.075745
vt 0.227951 0.073324
vt 0.215783 0.075984
vt 0.228008 0.073535
vt 0.215839 0.076245
vt 0.287642 0.062582
vt 0.275162 0.063048
vt 0.287671 0.062803
vt 0.275192 0.063291
vt 0.287693 0.063023
vt 0.275221 0.063538
vt 0.349939 0.057804
vt 0.337084 0.058972
vt 0.349946 0.058026
vt 0.336952 0.059240
vt 0.348887 0.058362
vt 0.337085 0.059557
vt 0.409831 0.058681
vt 0.397709 0.058096
vt 0.409980 0.058898
vt 0.397679 0.058392
vt 0.409974 0.059159
vt 0.397653 0.058671
vt 0.468190 0.060959
vt 0.457307 0.059881
vt 0.468199 0.061150
vt 0.457218 0.060169
vt 0.468497 0.061354
vt 0.457192 0.060430
vt 0.525374 0.063596
vt 0.513726 0.062407
vt 0.525440 0.063806
vt 0.513687 0.062678
vt 0.525426 0.064065
vt 0.513579 0.062904
vt 0.760493 0.058906
vt 0.782925 0.059958
vt 0.760530 0.058526
vt 0.782947 0.059653
vt 0.691211 0.051501
vt 0.712040 0.052227
vt 0.691249 0.051143
vt 0.712049 0.051956
vt 0.556297 0.047467
vt 0.576764 0.046474
vt 0.556314 0.047123
vt 0.577105 0.046207
vt 0.497061 0.044339
vt 0.516338 0.043706
vt 0.496479 0.044001
vt 0.516310 0.043491
vt 0.439910 0.043900
vt 0.458504 0.042289
vt 0.440370 0.043587
vt 0.458475 0.042060
vt 0.380180 0.042832
vt 0.398426 0.042082
vt 0.380004 0.042524
vt 0.398400 0.041848
vt 0.318214 0.044350
vt 0.338078 0.042308
vt 0.317469 0.044042
vt 0.338051 0.042059
vt 0.193853 0.064491
vt 0.213155 0.057510
vt 0.193714 0.064179
vt 0.213098 0.057272
vt 0.127824 0.078998
vt 0.152050 0.072665
vt 0.127716 0.078593
vt 0.151968 0.072405
vt 0.829726 0.065548
vt 0.851790 0.066534
vt 0.829855 0.065185
vt 0.851784 0.066211
vt 0.621956 0.045544
vt 0.643547 0.045871
vt 0.622656 0.045219
vt 0.643565 0.045598
vt 0.255200 0.049297
vt 0.275033 0.046016
vt 0.255272 0.048942
vt 0.275004 0.045781
vt 0.656785 0.047197
vt 0.670298 0.047791
vt 0.656821 0.046903
vt 0.670369 0.047461
vt 0.588509 0.045450
vt 0.600685 0.044342
vt 0.588580 0.045242
vt 0.601293 0.044051
vt 0.724882 0.054065
vt 0.737748 0.055124
vt 0.724883 0.053842
vt 0.737764 0.054845
vt 0.794923 0.061457
vt 0.807132 0.062511
vt 0.794919 0.061223
vt 0.807103 0.062240
vt 0.863012 0.067963
vt 0.875262 0.068551
vt 0.862992 0.067741
vt 0.875319 0.068295
vt 0.898740 0.071131
vt 0.898787 0.070726
vt 0.162971 0.070257
vt 0.173523 0.067316
vt 0.162917 0.069979
vt 0.173495 0.067056
vt 0.223827 0.055226
vt 0.234609 0.052580
vt 0.223784 0.054977
vt 0.234638 0.052332
vt 0.286274 0.045203
vt 0.297502 0.044053
vt 0.286273 0.044959
vt 0.297534 0.043760
vt 0.349691 0.041977
vt 0.362267 0.041622
vt 0.349681 0.041739
vt 0.362196 0.041369
vt 0.409843 0.042281
vt 0.421993 0.043291
vt 0.409796 0.042055
vt 0.421984 0.043042
vt 0.468159 0.042622
vt 0.478131 0.042567
vt 0.468134 0.042411
vt 0.478184 0.042354
vt 0.526329 0.044362
vt 0.536339 0.044766
vt 0.526379 0.044146
vt 0.536383 0.044525
vt 0.759025 0.056950
vt 0.783038 0.056172
vt 0.759006 0.056550
vt 0.783063 0.055794
vt 0.690550 0.049401
vt 0.712313 0.049241
vt 0.690583 0.049037
vt 0.712397 0.048938
vt 0.556345 0.045599
vt 0.577885 0.043116
vt 0.556535 0.045251
vt 0.577916 0.042770
vt 0.497114 0.042010
vt 0.517141 0.040055
vt 0.497106 0.041671
vt 0.517241 0.039711
vt 0.440005 0.042099
vt 0.458539 0.038777
vt 0.439939 0.041768
vt 0.458549 0.038473
vt 0.379700 0.041450
vt 0.398280 0.039706
vt 0.379688 0.041130
vt 0.398303 0.039458
vt 0.317374 0.042043
vt 0.337956 0.039355
vt 0.317360 0.041690
vt 0.337993 0.039041
vt 0.193696 0.061786
vt 0.213199 0.054053
vt 0.193727 0.061408
vt 0.213155 0.053723
vt 0.127837 0.076012
vt 0.151822 0.068367
vt 0.127925 0.075542
vt 0.151793 0.067996
vt 0.829428 0.063739
vt 0.852275 0.062329
vt 0.829353 0.063334
vt 0.852326 0.061961
vt 0.623553 0.043660
vt 0.644378 0.042981
vt 0.623615 0.043297
vt 0.644453 0.042610
vt 0.255439 0.047694
vt 0.275233 0.043094
vt 0.255290 0.047354
vt 0.275252 0.042771
vt 0.657265 0.043869
vt 0.670445 0.045389
vt 0.657320 0.043520
vt 0.670479 0.045112
vt 0.589108 0.042402
vt 0.601410 0.042309
vt 0.589145 0.042061
vt 0.601852 0.042057
vt 0.725050 0.050262
vt 0.737507 0.051844
vt 0.725084 0.049982
vt 0.737492 0.051480
vt 0.794751 0.057123
vt 0.806496 0.058660
vt 0.794743 0.056791
vt 0.806450 0.058267
vt 0.863218 0.063451
vt 0.874799 0.065175
vt 0.863227 0.063108
vt 0.874751 0.064763
vt 0.898324 0.068408
vt 0.898158 0.067976
vt 0.162236 0.065842
vt 0.172610 0.063561
vt 0.162183 0.065498
vt 0.172518 0.063242
vt 0.223588 0.051341
vt 0.234164 0.049278
vt 0.223553 0.051023
vt 0.234113 0.048948
vt 0.286181 0.041710
vt 0.297279 0.041154
vt 0.286177 0.041413
vt 0.297253 0.040833
vt 0.349487 0.038875
vt 0.360647 0.040071
vt 0.349500 0.038618
vt 0.360616 0.039833
vt 0.409141 0.039980
vt 0.419495 0.041428
vt 0.409125 0.039768
vt 0.419293 0.041030
vt 0.467944 0.038671
vt 0.477588 0.038999
vt 0.467922 0.038375
vt 0.477536 0.038659
vt 0.526832 0.040343
vt 0.536569 0.041040
vt 0.526888 0.040019
vt 0.536573 0.040719
vn 0.2328 -0.4735 -0.8495
vn 0.3213 -0.6009 -0.7319
vn 0.2767 -0.7664 -0.5796
vn 0.1398 -0.8017 -0.5811
vn -0.0484 -0.9492 0.3110
vn -0.1178 -0.9917 0.0508
vn 0.1374 -0.9891 -0.0521
vn 0.2530 -0.9653 -0.0643
vn -0.9546 0.0892 -0.2842
vn -0.8171 0.5131 -0.2627
vn -0.7358 0.5313 -0.4199
vn -0.7415 -0.2128 -0.6363
vn -0.6923 -0.1622 -0.7031
vn -0.5482 0.5303 -0.6467
vn -0.3808 0.4934 -0.7820
vn -0.5865 -0.2370 -0.7745
vn -0.2584 0.0562 -0.9644
vn -0.1853 0.5065 -0.8421
vn 0.0021 0.4709 -0.8822
vn 0.0074 -0.0116 -0.9999
vn -0.2183 -0.4204 0.8807
vn -0.3409 -0.5116 0.7887
vn -0.2837 -0.7691 0.5727
vn -0.1376 -0.7909 0.5962
vn -0.0015 -0.9751 -0.2218
vn 0.0189 -0.9959 -0.0886
vn -0.1254 -0.9890 0.0783
vn -0.2153 -0.9756 0.0429
vn -0.2491 -0.1540 0.9561
vn -0.2040 0.4740 0.8565
vn -0.2050 0.4769 0.8547
vn -0.2055 -0.0851 0.9749
vn 0.2480 0.0026 0.9687
vn 0.2029 0.4818 0.8524
vn -0.0066 0.4659 0.8848
vn -0.0433 -0.1658 0.9852
vn -0.6421 -0.2152 0.7357
vn -0.5635 0.4563 0.6887
vn -0.5554 0.4806 0.6785
vn -0.5864 -0.1911 0.7871
vn 0.1860 0.8930 0.4097
vn 0.2524 0.9247 0.2850
vn 0.2592 0.9231 0.2839
vn 0.2755 0.9093 0.3117
vn 0.3533 0.8872 0.2966
vn 0.3508 0.9298 0.1110
vn 0.3596 0.9263 0.1121
vn 0.3627 0.9242 0.1196
vn 0.3571 0.9294 -0.0931
vn 0.3188 0.9416 -0.1082
vn 0.3224 0.9410 -0.1025
vn 0.3295 0.9377 -0.1104
vn 0.3382 0.9136 -0.2256
vn 0.2444 0.9272 -0.2838
vn 0.2105 0.9353 -0.2842
vn 0.2061 0.9433 -0.2601
vn 0.1671 0.9189 -0.3572
vn 0.0866 0.9129 -0.3987
vn 0.0855 0.9070 -0.4122
vn 0.0892 0.9085 -0.4083
vn 0.0073 0.9091 -0.4166
vn -0.0675 0.9422 -0.3281
vn -0.0639 0.9450 -0.3207
vn -0.0896 0.9216 -0.3776
vn -0.1291 0.8849 -0.4476
vn -0.1878 0.9556 -0.2269
vn -0.1880 0.9550 -0.2294
vn -0.2032 0.9483 -0.2438
vn -0.3340 0.9190 -0.2096
vn -0.3606 0.9253 -0.1172
vn -0.3815 0.9171 -0.1154
vn -0.3862 0.9157 -0.1108
vn -0.4416 0.8972 -0.0010
vn -0.3471 0.9326 0.0986
vn -0.3086 0.9458 0.1011
vn -0.3208 0.9403 0.1130
vn -0.3297 0.9112 0.2469
vn -0.2489 0.9287 0.2748
vn -0.2380 0.9299 0.2805
vn -0.2417 0.9235 0.2979
vn -0.1785 0.9026 0.3916
vn -0.0923 0.9198 0.3814
vn -0.0951 0.9226 0.3739
vn -0.0902 0.9235 0.3728
vn -0.0026 0.9091 0.4164
vn 0.0880 0.9316 0.3526
vn 0.0854 0.9342 0.3464
vn 0.0901 0.9168 0.3890
vn -0.4119 -0.8856 -0.2143
vn -0.3264 -0.8811 -0.3421
vn 0.1151 -0.9892 0.0908
vn 0.0510 -0.9498 0.3086
vn 0.7922 -0.6102 0.0074
vn 0.8628 -0.4423 0.2445
vn 0.5718 -0.8004 0.1797
vn 0.6497 -0.7602 0.0006
vn -0.2736 -0.9596 0.0653
vn -0.3279 -0.9189 -0.2195
vn 0.1272 -0.9915 0.0258
vn 0.1312 -0.9753 0.1773
vn -0.1439 -0.9694 0.1988
vn -0.2119 -0.9632 0.1656
vn 0.1080 -0.9941 0.0101
vn 0.1422 -0.9843 0.1039
vn 0.1993 -0.9789 0.0454
vn 0.0312 -0.9556 0.2931
vn -0.0277 -0.9964 -0.0800
vn 0.0082 -0.9849 -0.1731
vn 0.1961 -0.9463 0.2567
vn -0.1741 -0.8837 0.4343
vn -0.0063 -0.9755 -0.2198
vn 0.0557 -0.9616 -0.2686
vn -0.9399 0.1164 0.3208
vn -0.8222 0.5138 0.2446
vn -0.8691 0.4945 0.0087
vn -0.9998 -0.0107 0.0151
vn -0.2220 -0.8815 0.4167
vn -0.0663 -0.9168 0.3938
vn 0.0878 -0.9492 -0.3021
vn -0.0522 -0.9496 -0.3091
vn 0.5450 -0.5309 -0.6489
vn 0.3875 -0.8013 -0.4558
vn 0.1079 -0.9765 -0.1867
vn 0.2567 -0.9654 0.0458
vn -0.1153 -0.9931 -0.0184
vn -0.1104 -0.9879 -0.1092
vn 0.9433 0.0707 -0.3242
vn 0.8242 0.4998 -0.2662
vn 0.8821 0.4710 0.0016
vn 0.9919 0.0009 -0.1269
vn -0.5398 -0.4909 0.6838
vn -0.3844 -0.8029 0.4556
vn -0.2199 -0.9446 -0.2434
vn 0.0067 -0.9720 -0.2346
vn 0.0037 -0.9868 0.1615
vn -0.0863 -0.9644 0.2500
vn -0.5229 -0.7747 -0.3553
vn -0.3815 -0.8070 -0.4508
vn -0.3876 -0.8025 -0.4537
vn -0.3859 -0.8059 -0.4490
vn -0.2824 -0.7709 -0.5709
vn -0.1354 -0.7977 -0.5876
vn -0.1386 -0.7924 -0.5940
vn -0.1368 -0.7949 -0.5911
vn -0.0014 -0.7640 -0.6451
vn 0.1344 -0.8021 -0.5819
vn 0.1413 -0.8045 -0.5768
vn 0.4071 -0.7926 -0.4538
vn 0.4031 -0.7933 -0.4562
vn 0.5341 -0.7659 -0.3578
vn 0.5705 -0.8009 -0.1818
vn 0.5788 -0.7951 -0.1812
vn 0.5730 -0.8000 -0.1780
vn 0.5772 -0.7959 0.1825
vn 0.5712 -0.8015 0.1770
vn 0.5389 -0.7647 0.3533
vn 0.3779 -0.8132 0.4425
vn 0.3731 -0.8100 0.4523
vn 0.3706 -0.8099 0.4546
vn 0.2796 -0.7801 0.5597
vn 0.1303 -0.8107 0.5708
vn 0.1239 -0.8003 0.5865
vn 0.1283 -0.7946 0.5933
vn 0.0003 -0.7606 0.6493
vn -0.1320 -0.7878 0.6016
vn -0.1377 -0.7830 0.6065
vn -0.3846 -0.7984 0.4631
vn -0.3892 -0.7808 0.4887
vn -0.5608 -0.7365 0.3781
vn -0.5972 -0.7837 0.1710
vn -0.5736 -0.7985 0.1824
vn -0.5660 -0.8038 0.1831
vn -0.6473 -0.7622 0.0030
vn -0.5614 -0.8066 -0.1846
vn -0.5683 -0.8018 -0.1848
vn -0.5646 -0.8057 -0.1787
vn -0.6809 -0.5701 -0.4597
vn -0.5982 -0.4287 -0.6770
vn -0.0099 -0.5506 -0.8347
vn 0.1746 -0.4595 -0.8708
vn 0.2119 0.0899 -0.9731
vn 0.1954 0.4447 -0.8741
vn 0.4186 0.5215 -0.7435
vn 0.5749 -0.0610 -0.8159
vn 0.7085 -0.5884 0.3897
vn 0.5460 -0.5872 0.5975
vn -0.1966 0.0483 0.9793
vn -0.2005 0.4747 0.8570
vn -0.3692 0.4570 0.8092
vn -0.6026 -0.3556 0.7144
vn -0.7621 -0.4338 0.4806
vn -0.8894 -0.3630 0.2779
vn 0.3570 -0.6582 0.6628
vn 0.1976 -0.5582 0.8058
vn 0.6987 -0.5740 -0.4270
vn 0.8623 -0.4124 -0.2937
vn -0.7711 -0.6363 0.0207
vn -0.8412 -0.4765 -0.2555
vn -0.3749 -0.5802 -0.7231
vn -0.2244 -0.4626 -0.8577
vn -0.0094 -0.4770 0.8788
vn -0.1851 -0.3556 0.9161
vn 0.0604 -0.9086 0.4133
vn -0.0507 -0.9357 0.3490
vn 0.0555 -0.9897 -0.1317
vn 0.1889 -0.9577 -0.2170
vn -0.0367 -0.9317 -0.3614
vn 0.1606 -0.9429 -0.2918
vn -0.1122 -0.9798 0.1655
vn -0.1590 -0.9649 0.2090
vn 0.2129 -0.4559 -0.8642
vn -0.3348 -0.9304 0.1493
vn -0.1609 -0.9354 0.3149
vn 0.2119 -0.9677 -0.1366
vn -0.0149 -0.9731 -0.2298
vn 0.2138 0.0973 0.9720
vn 0.2002 0.4755 0.8566
vn 0.1997 0.4957 0.8452
vn 0.2199 0.0395 0.9747
vn 0.5884 -0.5228 -0.6167
vn 0.5984 -0.5078 -0.6197
vn -0.0471 -0.9350 0.3515
vn 0.0549 -0.9600 0.2745
vn -0.0610 -0.9702 -0.2344
vn -0.1539 -0.9762 -0.1525
vn 0.6423 0.0939 0.7606
vn 0.5787 0.4863 0.6546
vn 0.5753 0.5027 0.6452
vn 0.6509 0.0768 0.7553
vn -0.5716 0.4944 0.6548
vn -0.6210 0.0289 0.7833
vn -0.7311 0.4898 0.4750
vn -0.8260 0.0719 0.5590
vn -0.1770 -0.4380 -0.8813
vn -0.2062 -0.4260 -0.8809
vn 0.0345 -0.9716 0.2340
vn 0.1124 -0.9848 0.1319
vn -0.1256 -0.9809 -0.1483
vn -0.2121 -0.9740 -0.0790
vn 0.9531 0.0475 0.2990
vn 0.8313 0.4900 0.2623
vn 0.8209 0.5139 0.2488
vn 0.9601 0.0570 0.2738
vn -0.5716 -0.4255 -0.7016
vn 0.4592 0.0396 0.8874
vn 0.3863 0.4492 0.8056
vn -0.6018 -0.3712 -0.7071
vn 0.3198 -0.9213 0.2211
vn 0.2301 -0.9723 0.0401
vn -0.1893 -0.9781 -0.0858
vn -0.2289 -0.9716 0.0594
vn 0.9550 0.1032 -0.2778
vn 0.7872 0.5605 -0.2573
vn 0.8043 0.5383 -0.2515
vn 0.9523 0.0589 -0.2993
vn 0.5715 0.4848 0.6621
vn 0.6568 0.0580 0.7518
vn -0.8535 -0.4322 -0.2911
vn 0.7480 0.0551 0.6613
vn 0.7270 0.4797 0.4911
vn 0.1386 -0.9893 0.0457
vn -0.1395 -0.9868 -0.0824
vn -0.8645 -0.4102 -0.2904
vn 0.1427 -0.9828 0.1175
vn 0.1435 -0.9886 -0.0454
vn -0.1345 -0.9900 0.0415
vn -0.1097 -0.9765 0.1856
vn 0.6579 0.0343 -0.7523
vn 0.5286 0.5491 -0.6473
vn 0.5258 0.5320 -0.6637
vn 0.6373 0.0790 -0.7665
vn 0.2208 -0.9720 -0.0795
vn -0.1369 -0.9751 -0.1744
vn 0.8204 0.5074 0.2636
vn 0.9477 0.1295 0.2915
vn -0.8504 -0.4653 0.2456
vn -0.8693 -0.4102 0.2758
vn 0.2827 -0.9499 -0.1329
vn 0.1200 -0.9814 -0.1495
vn -0.1736 -0.9653 0.1951
vn -0.0968 -0.9510 0.2936
vn 0.2451 0.0750 -0.9666
vn 0.1921 0.4617 -0.8660
vn 0.1867 0.4587 -0.8687
vn 0.2194 0.0729 -0.9729
vn -0.5918 -0.4017 0.6988
vn 0.8160 0.0125 -0.5779
vn 0.7218 0.5553 -0.4130
vn -0.5737 -0.4546 0.6813
vn 0.1945 -0.9500 -0.2441
vn 0.0644 -0.9583 -0.2784
vn -0.0623 -0.9595 0.2745
vn 0.0799 -0.9703 0.2283
vn -0.2442 -0.1317 -0.9607
vn -0.2089 0.4996 -0.8407
vn -0.2048 0.5170 -0.8310
vn -0.2958 -0.1495 -0.9435
vn 0.5690 0.4901 -0.6603
vn 0.6234 0.0879 -0.7769
vn -0.2054 -0.3618 0.9093
vn -0.0148 -0.9038 -0.4276
vn -0.1555 -0.9344 -0.3206
vn -0.0048 -0.9588 0.2839
vn 0.1298 -0.9896 -0.0616
vn -0.5764 -0.2260 -0.7852
vn -0.5552 0.5060 -0.6600
vn -0.5511 0.5243 -0.6492
vn -0.6504 -0.2285 -0.7244
vn 0.1669 -0.4105 0.8965
vn 0.1568 -0.4665 0.8705
vn -0.1713 -0.9128 -0.3706
vn -0.2738 -0.9323 -0.2361
vn 0.1147 -0.9717 0.2065
vn 0.2106 -0.9769 0.0349
vn -0.9442 0.0623 -0.3234
vn -0.8412 0.4801 -0.2488
vn -0.8416 0.4733 -0.2600
vn -0.9528 0.0668 -0.2960
vn 0.4931 -0.5449 0.6781
vn 0.5037 -0.5794 0.6407
vn -0.2261 -0.9480 -0.2241
vn -0.1844 -0.9814 -0.0530
vn 0.1635 -0.9850 0.0546
vn 0.1777 -0.9801 -0.0877
vn -0.9407 0.1634 0.2973
vn -0.8112 0.5148 0.2772
vn -0.8105 0.5235 0.2627
vn -0.9427 0.1507 0.2978
vn 0.8709 -0.3983 0.2877
vn 0.8784 -0.3885 0.2782
vn -0.1460 -0.9842 -0.1002
vn -0.1072 -0.9937 0.0328
vn 0.1644 -0.9850 -0.0521
vn 0.0917 -0.9817 -0.1668
vn 0.8541 -0.4646 -0.2338
vn 0.8764 -0.3946 -0.2758
vn 0.6068 0.6914 0.3921
vn 0.4930 0.6679 0.5575
vn 0.5987 0.7025 0.3847
vn 0.4972 0.6594 0.5638
vn 0.3736 0.6909 0.6189
vn 0.1672 0.6689 0.7243
vn 0.2727 0.6694 0.6910
vn 0.1662 0.6710 0.7226
vn -0.3521 0.6894 0.6330
vn -0.4506 0.6990 0.5553
vn -0.2718 0.7024 0.6578
vn -0.4404 0.7143 0.5438
vn -0.5796 0.7225 0.3768
vn -0.6462 0.7285 0.2273
vn -0.5818 0.7343 0.3497
vn -0.6228 0.7511 0.2189
vn -0.7161 0.6977 -0.0204
vn -0.7186 0.6639 -0.2072
vn -0.7121 0.7020 -0.0095
vn -0.7120 0.6715 -0.2051
vn -0.5310 0.7545 -0.3857
vn -0.4165 0.7601 -0.4988
vn -0.5110 0.7591 -0.4031
vn -0.3824 0.7994 -0.4633
vn -0.2916 0.7491 -0.5948
vn -0.1612 0.7331 -0.6608
vn -0.3052 0.7812 -0.5445
vn -0.1619 0.7282 -0.6659
vn 0.2996 0.7351 -0.6081
vn 0.3809 0.7913 -0.4782
vn 0.2573 0.7011 -0.6650
vn 0.3816 0.7907 -0.4787
vn 0.5477 0.7035 -0.4528
vn 0.6122 0.7637 -0.2048
vn 0.5642 0.7438 -0.3584
vn 0.6195 0.7566 -0.2092
vn 0.7343 0.6788 -0.0063
vn 0.6965 0.6800 0.2290
vn 0.6997 0.7078 0.0963
vn 0.6827 0.6951 0.2251
vn -0.0016 0.6996 0.7145
vn -0.1707 0.6953 0.6981
vn 0.0021 0.7175 0.6965
vn -0.1684 0.7061 0.6877
vn 0.0090 0.6597 -0.7514
vn 0.1645 0.6362 -0.7538
vn -0.0005 0.6859 -0.7276
vn 0.1621 0.6474 -0.7447
vn -0.1782 0.6865 0.7049
vn -0.1751 0.6734 0.7183
vn -0.1743 0.7014 0.6911
vn -0.1715 0.6886 0.7045
vn -0.4437 0.7259 0.5255
vn -0.4593 0.7285 0.5082
vn -0.4429 0.7282 0.5230
vn -0.4589 0.7296 0.5070
vn 0.1684 0.7012 0.6927
vn 0.1725 0.6946 0.6984
vn 0.1635 0.7211 0.6732
vn 0.1667 0.7205 0.6731
vn 0.4782 0.7056 0.5228
vn 0.4692 0.7023 0.5353
vn 0.4764 0.7067 0.5230
vn 0.4545 0.7271 0.5145
vn 0.6738 0.7081 0.2112
vn 0.6730 0.7080 0.2141
vn 0.6668 0.7152 0.2093
vn 0.6571 0.7242 0.2091
vn 0.6273 0.7528 -0.1995
vn 0.6774 0.7000 -0.2259
vn 0.6081 0.7700 -0.1930
vn 0.6200 0.7562 -0.2088
vn 0.4017 0.7418 -0.5369
vn 0.4644 0.7035 -0.5379
vn 0.3929 0.7516 -0.5297
vn 0.4469 0.7290 -0.5184
vn 0.1569 0.6332 -0.7579
vn 0.1666 0.6161 -0.7698
vn 0.1552 0.6424 -0.7505
vn 0.1619 0.6437 -0.7479
vn -0.1488 0.7516 -0.6425
vn -0.1424 0.7179 -0.6814
vn -0.1474 0.7803 -0.6078
vn -0.1418 0.7326 -0.6657
vn -0.3803 0.8038 -0.4575
vn -0.3971 0.7832 -0.4784
vn -0.3628 0.8205 -0.4417
vn -0.3728 0.8124 -0.4483
vn -0.7170 0.6614 -0.2199
vn -0.6675 0.7132 -0.2139
vn -0.6976 0.6833 -0.2155
vn -0.6666 0.7137 -0.2151
vn -0.6347 0.7450 0.2052
vn -0.6588 0.7276 0.1912
vn -0.6053 0.7704 0.2001
vn -0.6392 0.7461 0.1861
vn 0.4268 -0.3706 0.8249
vn 0.6557 -0.2877 0.6980
vn 0.3572 -0.8249 0.4380
vn 0.5086 -0.7271 0.4612
vn 0.0134 -0.5853 0.8107
vn 0.2822 -0.5415 0.7919
vn 0.1404 -0.7757 0.6153
vn 0.2474 -0.8043 0.5402
vn -0.7847 -0.3305 0.5244
vn -0.5357 -0.3026 0.7883
vn -0.4591 -0.8355 0.3018
vn -0.2880 -0.7727 0.5656
vn -0.8176 -0.5521 0.1633
vn -0.8373 -0.4021 0.3704
vn -0.5257 -0.7828 -0.3329
vn -0.4721 -0.8249 0.3109
vn -0.6225 -0.5703 -0.5359
vn -0.9236 -0.3148 -0.2185
vn -0.6988 -0.6517 -0.2947
vn -0.6883 -0.7191 -0.0954
vn -0.2702 -0.6407 -0.7187
vn -0.6042 -0.6438 -0.4695
vn -0.1776 -0.6801 -0.7112
vn -0.5699 -0.7033 -0.4249
vn -0.1791 -0.5646 -0.8057
vn -0.3139 -0.4887 -0.8140
vn 0.1520 -0.8693 -0.4704
vn -0.2786 -0.7990 -0.5329
vn 0.8020 -0.2793 -0.5279
vn 0.5538 -0.2915 -0.7799
vn 0.5739 -0.7886 -0.2207
vn 0.3146 -0.7549 -0.5754
vn 0.8890 -0.4369 0.1368
vn 0.8610 -0.3612 -0.3579
vn 0.6303 -0.7752 0.0419
vn 0.5257 -0.7919 -0.3106
vn 0.8440 -0.2921 0.4498
vn 0.9230 -0.3093 0.2289
vn 0.5244 -0.8021 0.2856
vn 0.6322 -0.7715 0.0712
vn -0.3428 -0.7034 0.6226
vn -0.1088 -0.4172 0.9023
vn -0.2723 -0.8177 0.5072
vn -0.0196 -0.7135 0.7003
vn 0.3591 -0.3658 -0.8586
vn 0.1378 -0.4331 -0.8907
vn 0.2857 -0.7292 -0.6218
vn 0.0419 -0.7674 -0.6397
vn -0.1545 -0.5757 0.8029
vn -0.2937 -0.5817 0.7585
vn -0.1314 -0.6917 0.7101
vn -0.2838 -0.6170 0.7340
vn -0.5078 -0.4581 0.7296
vn -0.4965 -0.7240 0.4788
vn -0.3434 -0.7639 0.5464
vn -0.4066 -0.8729 0.2697
vn 0.1783 -0.5500 0.8159
vn 0.1217 -0.4735 0.8723
vn 0.1155 -0.8335 0.5403
vn 0.0151 -0.8220 0.5693
vn 0.6082 -0.3402 0.7171
vn 0.5701 -0.3089 0.7613
vn 0.4021 -0.7831 0.4743
vn 0.3358 -0.7604 0.5558
vn 0.8729 -0.4290 0.2324
vn 0.8328 -0.4361 0.3408
vn 0.5929 -0.7916 0.1475
vn 0.6496 -0.6884 0.3226
vn 0.8762 -0.3945 -0.2767
vn 0.9311 -0.3021 -0.2045
vn 0.5510 -0.8162 -0.1737
vn 0.6153 -0.7870 -0.0437
vn 0.5980 -0.3602 -0.7159
vn 0.6381 -0.3927 -0.6622
vn 0.3795 -0.8035 -0.4586
vn 0.5220 -0.7063 -0.4781
vn 0.1940 -0.4950 -0.8469
vn 0.2873 -0.5000 -0.8170
vn 0.1294 -0.8155 -0.5641
vn 0.2563 -0.8197 -0.5122
vn -0.2628 -0.4818 -0.8359
vn -0.1091 -0.5539 -0.8254
vn -0.2263 -0.7568 -0.6132
vn -0.1154 -0.6942 -0.7104
vn -0.5131 -0.6692 -0.5374
vn -0.3494 -0.7008 -0.6219
vn -0.4452 -0.7647 -0.4658
vn -0.3481 -0.6455 -0.6798
vn -0.8794 -0.3917 -0.2706
vn -0.8216 -0.4438 -0.3577
vn -0.5741 -0.8000 -0.1744
vn -0.5464 -0.7719 -0.3248
vn -0.8962 -0.3435 0.2806
vn -0.9247 -0.3074 0.2244
vn -0.4787 -0.8652 0.1492
vn -0.5140 -0.8573 0.0296
vn -0.2212 -0.8808 -0.4186
vn -0.2285 -0.8845 -0.4067
vn -0.2991 -0.7459 -0.5951
vn -0.4288 -0.6801 -0.5945
vn 0.0070 -0.8366 -0.5477
vn -0.0171 -0.8506 -0.5255
vn -0.0030 -0.7720 -0.6356
vn -0.0826 -0.7324 -0.6758
vn 0.3326 -0.8939 -0.3005
vn 0.4542 -0.8151 -0.3596
vn 0.5304 -0.7695 -0.3555
vn 0.4998 -0.7545 -0.4254
vn 0.4352 -0.9003 0.0070
vn 0.5097 -0.8585 -0.0555
vn 0.6726 -0.7399 -0.0146
vn 0.6927 -0.7068 -0.1435
vn 0.4073 -0.8794 0.2463
vn 0.4473 -0.8604 0.2439
vn 0.5480 -0.7879 0.2809
vn 0.7012 -0.6556 0.2803
vn 0.2488 -0.9297 0.2716
vn 0.2446 -0.8354 0.4923
vn 0.2573 -0.8348 0.4867
vn 0.2870 -0.7996 0.5275
vn 0.0106 -0.8944 0.4470
vn -0.0061 -0.8526 0.5225
vn 0.0008 -0.7501 0.6613
vn 0.0751 -0.6982 0.7119
vn -0.3428 -0.9053 0.2509
vn -0.4162 -0.8441 0.3379
vn -0.5513 -0.7423 0.3808
vn -0.5280 -0.6731 0.5179
vn -0.4683 -0.8833 -0.0204
vn -0.5119 -0.8563 0.0677
vn -0.6771 -0.7348 0.0397
vn -0.7157 -0.6807 0.1563
vn -0.4112 -0.8748 -0.2560
vn -0.4656 -0.8520 -0.2392
vn -0.5556 -0.7579 -0.3420
vn -0.6878 -0.6710 -0.2769
vn 0.1777 -0.8672 -0.4650
vn 0.2297 -0.8011 -0.5526
vn 0.2325 -0.7950 -0.5603
vn 0.2394 -0.7291 -0.6411
vn -0.2339 -0.8582 0.4568
vn -0.2005 -0.8267 0.5256
vn -0.2700 -0.7887 0.5523
vn -0.2098 -0.6976 0.6850
vn 0.1600 -0.7794 -0.6057
vn 0.0487 -0.8043 -0.5922
vn 0.1801 -0.7042 -0.6867
vn 0.0732 -0.7286 -0.6810
vn 0.4210 -0.8219 -0.3837
vn 0.3359 -0.8567 -0.3913
vn 0.4606 -0.7735 -0.4353
vn 0.2534 -0.8134 -0.5235
vn -0.1264 -0.8424 -0.5238
vn -0.2017 -0.8360 -0.5103
vn -0.1655 -0.6996 -0.6951
vn -0.2195 -0.7219 -0.6562
vn -0.3052 -0.8808 -0.3619
vn -0.3787 -0.8676 -0.3221
vn -0.4879 -0.6550 -0.5770
vn -0.4939 -0.7163 -0.4928
vn -0.4993 -0.8462 -0.1860
vn -0.5457 -0.8302 -0.1135
vn -0.7130 -0.6541 -0.2526
vn -0.6517 -0.7463 -0.1352
vn -0.4625 -0.8747 0.1450
vn -0.3747 -0.8932 0.2487
vn -0.7241 -0.6507 0.2288
vn -0.6900 -0.6640 0.2882
vn -0.3818 -0.8139 0.4379
vn -0.2889 -0.8413 0.4568
vn -0.4624 -0.7063 0.5360
vn -0.3645 -0.7645 0.5316
vn -0.1211 -0.8340 0.5383
vn -0.0008 -0.8800 0.4749
vn -0.1590 -0.6840 0.7120
vn -0.0914 -0.6869 0.7209
vn 0.0618 -0.8202 0.5687
vn 0.1160 -0.8381 0.5329
vn 0.0841 -0.7300 0.6782
vn 0.1715 -0.8146 0.5541
vn 0.3136 -0.8387 0.4451
vn 0.3921 -0.8702 0.2982
vn 0.3410 -0.8123 0.4732
vn 0.4248 -0.8345 0.3508
vn 0.4770 -0.8654 0.1532
vn 0.5005 -0.8639 0.0559
vn 0.7285 -0.6445 0.2319
vn 0.6912 -0.7090 0.1395
vn 0.4686 -0.8708 -0.1486
vn 0.3975 -0.8869 -0.2352
vn 0.7126 -0.6641 -0.2261
vn 0.6699 -0.6889 -0.2770
usemtl Material.002
s 1
f 2209/2069/1716 2166/2070/1717 1724/2071/1718 1735/2072/1719
f 2021/2073/1720 1978/2074/1721 2169/2075/1722 2214/2076/1723
f 2134/2077/1724 1942/2078/1725 1794/2079/1726 1985/2080/1727
f 2122/2081/1728 1930/2082/1729 1798/2083/1730 1989/2084/1731
f 2110/2085/1732 1918/2086/1733 1802/2087/1734 1993/2088/1735
f 2289/2089/1736 2190/2090/1737 1730/2091/1738 1755/2092/1739
f 2085/2093/1740 2002/2094/1741 2193/2095/1742 2278/2096/1743
f 2030/2097/1744 1838/2098/1745 1818/2099/1746 2009/2100/1747
f 2038/2101/1748 1846/2102/1749 1778/2103/1750 1969/2104/1751
f 2026/2105/1752 1834/2106/1753 1822/2107/1754 2013/2108/1755
f 1773/2109/1756 1857/2110/1757 1853/2111/1758 1861/2112/1759 1769/2113/1760 1869/2114/1761 1865/2115/1762 1873/2116/1763 1813/2117/1764 1881/2118/1765 1877/2119/1766 1885/2120/1767 1809/2121/1768 1893/2122/1769 1889/2123/1770 1897/2124/1771 1805/2125/1772 1905/2126/1773 1901/2127/1774 1909/2128/1775 1801/2129/1776 1917/2130/1777 1913/2131/1778 1921/2132/1779 1797/2133/1780 1929/2134/1781 1925/2135/1782 1933/2136/1783 1793/2137/1784 1941/2138/1785 1937/2139/1786 1945/2140/1787 1789/2141/1788 1953/2142/1789 1949/2143/1790 1957/2144/1791 1785/2145/1792 1829/2146/1793 1821/2147/1794 1833/2148/1795 1781/2149/1796 1825/2150/1797 1817/2151/1798 1837/2152/1799 1777/2153/1800 1845/2154/1801 1841/2155/1802 1849/2156/1803
f 2121/2157/1804 1990/2158/1805 2181/2159/1806 2314/2160/1807
f 2174/2161/1808 2329/2162/1809 1765/2163/1810 1726/2164/1811
f 2133/2165/1812 1986/2166/1813 2177/2167/1814 2326/2168/1815
f 2145/2169/1816 1982/2170/1817 2173/2171/1818 2338/2172/1819
f 2049/2173/1820 1966/2174/1821 2157/2175/1822 2242/2176/1823
f 2037/2177/1824 1970/2178/1825 2161/2179/1826 2230/2180/1827
f 2146/2181/1828 1954/2182/1829 1790/2183/1830 1981/2184/1831
f 2029/2185/1832 2010/2186/1833 2201/2187/1834 2222/2188/1835
f 2166/2070/1717 2217/2189/1836 1737/2190/1837 1724/2071/1718
f 2073/2191/1838 2006/2192/1839 2197/2193/1840 2266/2194/1841
f 2074/2195/1842 1882/2196/1843 1814/2197/1844 2005/2198/1845
f 2190/2090/1737 2281/2199/1846 1753/2200/1847 1730/2091/1738
f 2109/2201/1848 1994/2202/1849 2185/2203/1850 2302/2204/1851
f 1721/2205/1852 1744/2206/1853 1742/2207/1854 1743/2208/1855 1722/2209/1856 1741/2210/1857 1739/2211/1858 1740/2212/1859 1723/2213/1860 1738/2214/1861 1733/2215/1862 1735/2216/1719 1724/2217/1718 1737/2218/1837 1734/2219/1863 1736/2220/1864 1725/2221/1865 1768/2222/1866 1766/2223/1867 1767/2224/1868 1726/2225/1811 1765/2226/1810 1763/2227/1869 1764/2228/1870 1727/2229/1871 1762/2230/1872 1760/2231/1873 1761/2232/1874 1728/2233/1875 1759/2234/1876 1757/2235/1877 1758/2236/1878 1729/2237/1879 1756/2238/1880 1754/2239/1881 1755/2240/1739 1730/2241/1738 1753/2242/1847 1751/2243/1882 1752/2244/1883 1731/2245/1884 1750/2246/1885 1748/2247/1886 1749/2248/1887 1732/2249/1888 1747/2250/1889 1745/2251/1890 1746/2252/1891
f 2154/2253/1892 2245/2254/1893 1744/2255/1853 1721/2256/1852
f 2162/2257/1894 2221/2258/1895 1738/2259/1861 1723/2260/1860
f 2098/2261/1896 1906/2262/1897 1806/2263/1898 1997/2264/1899
f 2178/2265/1900 2317/2266/1901 1762/2267/1872 1727/2268/1871
f 2018/2269/1902 1826/2270/1903 1782/2271/1904 1973/2272/1905
f 2194/2273/1906 2269/2274/1907 1750/2275/1885 1731/2276/1884
f 2182/2277/1908 2305/2278/1909 1759/2279/1876 1728/2280/1875
f 2170/2281/1910 2341/2282/1911 1768/2283/1866 1725/2284/1865
f 2198/2285/1912 2257/2286/1913 1747/2287/1889 1732/2288/1888
f 2158/2289/1914 2233/2290/1915 1741/2291/1857 1722/2292/1856
f 2186/2293/1916 2293/2294/1917 1756/2295/1880 1729/2296/1879
f 2017/2297/1918 1974/2298/1919 2165/2299/1920 2210/2300/1921
f 2097/2301/1922 1998/2302/1923 2189/2303/1924 2290/2304/1925
f 2202/2305/1926 2209/2069/1716 1735/2072/1719 1733/2306/1862
f 2025/2307/1927 2014/2308/1928 2205/2309/1929 2218/2310/1930
f 2042/2311/1931 1850/2312/1932 1842/2313/1933 2033/2314/1934
f 2206/2315/1935 2213/2316/1936 1736/2317/1864 1734/2318/1863
f 2041/2319/1937 2034/2320/1938 2225/2321/1939 2234/2322/1940
f 2054/2323/1941 1862/2324/1942 1854/2325/1943 2045/2326/1944
f 2010/2186/1833 2017/2297/1918 2210/2300/1921 2201/2187/1834
f 2009/2100/1747 1818/2099/1746 1826/2270/1903 2018/2269/1902
f 2221/2258/1895 2202/2305/1926 1733/2306/1862 1738/2259/1861
f 2014/2308/1928 2021/2073/1720 2214/2076/1723 2205/2309/1929
f 2013/2108/1755 1822/2107/1754 1830/2327/1945 2022/2328/1946
f 2217/2189/1836 2206/2315/1935 1734/2318/1863 1737/2190/1837
f 2022/2328/1946 1830/2327/1945 1786/2329/1947 1977/2330/1948
f 1973/2272/1905 1782/2271/1904 1834/2106/1753 2026/2105/1752
f 1974/2298/1919 2025/2307/1927 2218/2310/1930 2165/2299/1920
f 2229/2331/1949 2162/2257/1894 1723/2260/1860 1740/2332/1859
f 1969/2104/1751 1778/2103/1750 1838/2098/1745 2030/2097/1744
f 1970/2178/1825 2029/2185/1832 2222/2188/1835 2161/2179/1826
f 2226/2333/1950 2229/2331/1949 1740/2332/1859 1739/2334/1858
f 2053/2335/1951 2046/2336/1952 2237/2337/1953 2246/2338/1954
f 2066/2339/1955 1874/2340/1956 1866/2341/1957 2057/2342/1958
f 2034/2320/1938 2037/2177/1824 2230/2180/1827 2225/2321/1939
f 2033/2314/1934 1842/2313/1933 1846/2102/1749 2038/2101/1748
f 2233/2290/1915 2226/2333/1950 1739/2334/1858 1741/2291/1857
f 2241/2343/1959 2158/2289/1914 1722/2292/1856 1743/2344/1855
f 1965/2345/1960 1774/2346/1961 1850/2312/1932 2042/2311/1931
f 1966/2174/1821 2041/2319/1937 2234/2322/1940 2157/2175/1822
f 2238/2347/1962 2241/2343/1959 1743/2344/1855 1742/2348/1854
f 2065/2349/1963 2058/2350/1964 2249/2351/1965 2258/2352/1966
f 2078/2353/1967 1886/2354/1968 1878/2355/1969 2069/2356/1970
f 2046/2336/1952 2049/2173/1820 2242/2176/1823 2237/2337/1953
f 2045/2326/1944 1854/2325/1943 1858/2357/1971 2050/2358/1972
f 2245/2254/1893 2238/2347/1962 1742/2348/1854 1744/2255/1853
f 2253/2359/1973 2154/2253/1892 1721/2256/1852 1746/2360/1891
f 1961/2361/1974 1770/2362/1975 1862/2324/1942 2054/2323/1941
f 1962/2363/1976 2053/2335/1951 2246/2338/1954 2153/2364/1977
f 2250/2365/1978 2253/2359/1973 1746/2360/1891 1745/2366/1890
f 2077/2367/1979 2070/2368/1980 2261/2369/1981 2270/2370/1982
f 2090/2371/1983 1898/2372/1984 1890/2373/1985 2081/2374/1986
f 2058/2350/1964 2061/2375/1987 2254/2376/1988 2249/2351/1965
f 2057/2342/1958 1866/2341/1957 1870/2377/1989 2062/2378/1990
f 2257/2286/1913 2250/2365/1978 1745/2366/1890 1747/2287/1889
f 2265/2379/1991 2198/2380/1912 1732/2381/1888 1749/2382/1887
f 2005/2383/1845 1814/2384/1844 1874/2340/1956 2066/2339/1955
f 2006/2385/1839 2065/2349/1963 2258/2352/1966 2197/2386/1840
f 2262/2387/1992 2265/2379/1991 1749/2382/1887 1748/2388/1886
f 2089/2389/1993 2082/2390/1994 2273/2391/1995 2282/2392/1996
f 2102/2393/1997 1910/2394/1998 1902/2395/1999 2093/2396/2000
f 2070/2368/1980 2073/2191/1838 2266/2194/1841 2261/2369/1981
f 2069/2356/1970 1878/2355/1969 1882/2196/1843 2074/2195/1842
f 2269/2274/1907 2262/2387/1992 1748/2388/1886 1750/2275/1885
f 2277/2397/2001 2194/2273/1906 1731/2276/1884 1752/2398/1883
f 2001/2399/2002 1810/2400/2003 1886/2354/1968 2078/2353/1967
f 2002/2094/1741 2077/2367/1979 2270/2370/1982 2193/2095/1742
f 2274/2401/2004 2277/2397/2001 1752/2398/1883 1751/2402/1882
f 2101/2403/2005 2094/2404/2006 2285/2405/2007 2294/2406/2008
f 2114/2407/2009 1922/2408/2010 1914/2409/2011 2105/2410/2012
f 2082/2390/1994 2085/2093/1740 2278/2096/1743 2273/2391/1995
f 2081/2374/1986 1890/2373/1985 1894/2411/2013 2086/2412/2014
f 2281/2199/1846 2274/2401/2004 1751/2402/1882 1753/2200/1847
f 2086/2412/2014 1894/2411/2013 1810/2400/2003 2001/2399/2002
f 1997/2264/1899 1806/2263/1898 1898/2372/1984 2090/2371/1983
f 1998/2302/1923 2089/2389/1993 2282/2392/1996 2189/2303/1924
f 2286/2413/2015 2289/2089/1736 1755/2092/1739 1754/2414/1881
f 2113/2415/2016 2106/2416/2017 2297/2417/2018 2306/2418/2019
f 2126/2419/2020 1934/2420/2021 1926/2421/2022 2117/2422/2023
f 2094/2404/2006 2097/2301/1922 2290/2304/1925 2285/2405/2007
f 2093/2396/2000 1902/2395/1999 1906/2262/1897 2098/2261/1896
f 2293/2294/1917 2286/2413/2015 1754/2414/1881 1756/2295/1880
f 2301/2423/2024 2186/2293/1916 1729/2296/1879 1758/2424/1878
f 1993/2088/1735 1802/2087/1734 1910/2394/1998 2102/2393/1997
f 1994/2202/1849 2101/2403/2005 2294/2406/2008 2185/2203/1850
f 2298/2425/2025 2301/2423/2024 1758/2424/1878 1757/2426/1877
f 2125/2427/2026 2118/2428/2027 2309/2429/2028 2318/2430/2029
f 2138/2431/2030 1946/2432/2031 1938/2433/2032 2129/2434/2033
f 2106/2416/2017 2109/2201/1848 2302/2204/1851 2297/2417/2018
f 2105/2410/2012 1914/2409/2011 1918/2086/1733 2110/2085/1732
f 2305/2278/1909 2298/2425/2025 1757/2426/1877 1759/2279/1876
f 2313/2435/2034 2182/2277/1908 1728/2280/1875 1761/2436/1874
f 1989/2084/1731 1798/2083/1730 1922/2408/2010 2114/2407/2009
f 1990/2158/1805 2113/2415/2016 2306/2418/2019 2181/2159/1806
f 2310/2437/2035 2313/2435/2034 1761/2436/1874 1760/2438/1873
f 2137/2439/2036 2130/2440/2037 2321/2441/2038 2330/2442/2039
f 2150/2443/2040 1958/2444/2041 1950/2445/2042 2141/2446/2043
f 2118/2428/2027 2121/2157/1804 2314/2160/1807 2309/2429/2028
f 2117/2422/2023 1926/2421/2022 1930/2082/1729 2122/2081/1728
f 2317/2266/1901 2310/2437/2035 1760/2438/1873 1762/2267/1872
f 2325/2447/2044 2178/2265/1900 1727/2268/1871 1764/2448/1870
f 1985/2080/1727 1794/2079/1726 1934/2420/2021 2126/2419/2020
f 1986/2166/1813 2125/2427/2026 2318/2430/2029 2177/2167/1814
f 2322/2449/2045 2325/2447/2044 1764/2448/1870 1763/2450/1869
f 2149/2451/2046 2142/2452/2047 2333/2453/2048 2342/2454/2049
f 2130/2440/2037 2133/2165/1812 2326/2168/1815 2321/2441/2038
f 2129/2434/2033 1938/2433/2032 1942/2078/1725 2134/2077/1724
f 2329/2162/1809 2322/2449/2045 1763/2450/1869 1765/2163/1810
f 2337/2455/2050 2174/2161/1808 1726/2164/1811 1767/2456/1868
f 1981/2184/1831 1790/2183/1830 1946/2432/2031 2138/2431/2030
f 1982/2170/1817 2137/2439/2036 2330/2442/2039 2173/2171/1818
f 2334/2457/2051 2337/2455/2050 1767/2456/1868 1766/2458/1867
f 2141/2446/2043 1950/2445/2042 1954/2182/1829 2146/2181/1828
f 2142/2452/2047 2145/2169/1816 2338/2172/1819 2333/2453/2048
f 2341/2282/1911 2334/2457/2051 1766/2458/1867 1768/2283/1866
f 2213/2316/1936 2170/2281/1910 1725/2284/1865 1736/2317/1864
f 1978/2074/1721 2149/2451/2046 2342/2454/2049 2169/2075/1722
f 1977/2330/1948 1786/2329/1947 1958/2444/2041 2150/2443/2040
f 1862/2324/1942 1770/2362/1975 1772/2459/2052 1864/2460/2053
f 1864/2460/2053 1772/2459/2052 1771/2461/2054 1863/2462/2055
f 1863/2462/2055 1771/2461/2054 1769/2463/1760 1861/2464/1759
f 1850/2312/1932 1774/2346/1961 1776/2465/2056 1852/2466/2057
f 1852/2466/2057 1776/2465/2056 1775/2467/2058 1851/2468/2059
f 1851/2468/2059 1775/2467/2058 1773/2469/1756 1849/2470/1803
f 1834/2106/1753 1782/2271/1904 1784/2471/2060 1836/2472/2061
f 1836/2472/2061 1784/2471/2060 1783/2473/2062 1835/2474/2063
f 1835/2474/2063 1783/2473/2062 1781/2475/1796 1833/2476/1795
f 1958/2444/2041 1786/2329/1947 1788/2477/2064 1960/2478/2065
f 1960/2478/2065 1788/2477/2064 1787/2479/2066 1959/2480/2067
f 1959/2480/2067 1787/2479/2066 1785/2481/1792 1957/2482/1791
f 1946/2432/2031 1790/2183/1830 1792/2483/2068 1948/2484/2069
f 1948/2484/2069 1792/2483/2068 1791/2485/2070 1947/2486/2071
f 1947/2486/2071 1791/2485/2070 1789/2487/1788 1945/2488/1787
f 1934/2420/2021 1794/2079/1726 1796/2489/2072 1936/2490/2073
f 1936/2490/2073 1796/2489/2072 1795/2491/2074 1935/2492/2075
f 1935/2492/2075 1795/2491/2074 1793/2493/1784 1933/2494/1783
f 1922/2408/2010 1798/2083/1730 1800/2495/2076 1924/2496/2077
f 1924/2496/2077 1800/2495/2076 1799/2497/2078 1923/2498/2079
f 1923/2498/2079 1799/2497/2078 1797/2499/1780 1921/2500/1779
f 1898/2372/1984 1806/2263/1898 1808/2501/2080 1900/2502/2081
f 1900/2502/2081 1808/2501/2080 1807/2503/2082 1899/2504/2083
f 1899/2504/2083 1807/2503/2082 1805/2505/1772 1897/2506/1771
f 1886/2354/1968 1810/2400/2003 1812/2507/2084 1888/2508/2085
f 1888/2508/2085 1812/2507/2084 1811/2509/2086 1887/2510/2087
f 1887/2510/2087 1811/2509/2086 1809/2511/1768 1885/2512/1767
f 1874/2340/1956 1814/2384/1844 1816/2513/2088 1876/2514/2089
f 1876/2514/2089 1816/2513/2088 1815/2515/2090 1875/2516/2091
f 1875/2516/2091 1815/2515/2090 1813/2517/1764 1873/2518/1763
f 1838/2098/1745 1778/2103/1750 1780/2519/2092 1840/2520/2093
f 1840/2520/2093 1780/2519/2092 1779/2521/2094 1839/2522/2095
f 1839/2522/2095 1779/2521/2094 1777/2523/1800 1837/2524/1799
f 1910/2394/1998 1802/2087/1734 1804/2525/2096 1912/2526/2097
f 1912/2526/2097 1804/2525/2096 1803/2527/2098 1911/2528/2099
f 1911/2528/2099 1803/2527/2098 1801/2529/1776 1909/2530/1775
f 1826/2270/1903 1818/2099/1746 1820/2531/2100 1828/2532/2101
f 1828/2532/2101 1820/2531/2100 1819/2533/2102 1827/2534/2103
f 1827/2534/2103 1819/2533/2102 1817/2535/1798 1825/2536/1797
f 1830/2327/1945 1822/2107/1754 1824/2537/2104 1832/2538/2105
f 1832/2538/2105 1824/2537/2104 1823/2539/2106 1831/2540/2107
f 1831/2540/2107 1823/2539/2106 1821/2541/1794 1829/2542/1793
f 1782/2271/1904 1826/2270/1903 1828/2532/2101 1784/2471/2060
f 1784/2471/2060 1828/2532/2101 1827/2534/2103 1783/2473/2062
f 1783/2473/2062 1827/2534/2103 1825/2536/1797 1781/2475/1796
f 1786/2329/1947 1830/2327/1945 1832/2538/2105 1788/2477/2064
f 1788/2477/2064 1832/2538/2105 1831/2540/2107 1787/2479/2066
f 1787/2479/2066 1831/2540/2107 1829/2542/1793 1785/2481/1792
f 1822/2107/1754 1834/2106/1753 1836/2472/2061 1824/2537/2104
f 1824/2537/2104 1836/2472/2061 1835/2474/2063 1823/2539/2106
f 1823/2539/2106 1835/2474/2063 1833/2476/1795 1821/2541/1794
f 1818/2099/1746 1838/2098/1745 1840/2520/2093 1820/2531/2100
f 1820/2531/2100 1840/2520/2093 1839/2522/2095 1819/2533/2102
f 1819/2533/2102 1839/2522/2095 1837/2524/1799 1817/2535/1798
f 1846/2102/1749 1842/2313/1933 1844/2543/2108 1848/2544/2109
f 1848/2544/2109 1844/2543/2108 1843/2545/2110 1847/2546/2111
f 1847/2546/2111 1843/2545/2110 1841/2547/1802 1845/2548/1801
f 1778/2103/1750 1846/2102/1749 1848/2544/2109 1780/2519/2092
f 1780/2519/2092 1848/2544/2109 1847/2546/2111 1779/2521/2094
f 1779/2521/2094 1847/2546/2111 1845/2548/1801 1777/2523/1800
f 1842/2313/1933 1850/2312/1932 1852/2466/2057 1844/2543/2108
f 1844/2543/2108 1852/2466/2057 1851/2468/2059 1843/2545/2110
f 1843/2545/2110 1851/2468/2059 1849/2470/1803 1841/2547/1802
f 1858/2357/1971 1854/2325/1943 1856/2549/2112 1860/2550/2113
f 1860/2550/2113 1856/2549/2112 1855/2551/2114 1859/2552/2115
f 1859/2552/2115 1855/2551/2114 1853/2553/1758 1857/2554/1757
f 1774/2346/1961 1858/2357/1971 1860/2550/2113 1776/2465/2056
f 1776/2465/2056 1860/2550/2113 1859/2552/2115 1775/2467/2058
f 1775/2467/2058 1859/2552/2115 1857/2554/1757 1773/2469/1756
f 1854/2325/1943 1862/2324/1942 1864/2460/2053 1856/2549/2112
f 1856/2549/2112 1864/2460/2053 1863/2462/2055 1855/2551/2114
f 1855/2551/2114 1863/2462/2055 1861/2464/1759 1853/2553/1758
f 1870/2377/1989 1866/2341/1957 1868/2555/2116 1872/2556/2117
f 1872/2556/2117 1868/2555/2116 1867/2557/2118 1871/2558/2119
f 1871/2558/2119 1867/2557/2118 1865/2559/1762 1869/2560/1761
f 1770/2362/1975 1870/2377/1989 1872/2556/2117 1772/2459/2052
f 1772/2459/2052 1872/2556/2117 1871/2558/2119 1771/2461/2054
f 1771/2461/2054 1871/2558/2119 1869/2560/1761 1769/2463/1760
f 1866/2341/1957 1874/2340/1956 1876/2514/2089 1868/2555/2116
f 1868/2555/2116 1876/2514/2089 1875/2516/2091 1867/2557/2118
f 1867/2557/2118 1875/2516/2091 1873/2518/1763 1865/2559/1762
f 1882/2196/1843 1878/2355/1969 1880/2561/2120 1884/2562/2121
f 1884/2562/2121 1880/2561/2120 1879/2563/2122 1883/2564/2123
f 1883/2564/2123 1879/2563/2122 1877/2565/1766 1881/2566/1765
f 1814/2197/1844 1882/2196/1843 1884/2562/2121 1816/2567/2088
f 1816/2567/2088 1884/2562/2121 1883/2564/2123 1815/2568/2090
f 1815/2568/2090 1883/2564/2123 1881/2566/1765 1813/2569/1764
f 1878/2355/1969 1886/2354/1968 1888/2508/2085 1880/2561/2120
f 1880/2561/2120 1888/2508/2085 1887/2510/2087 1879/2563/2122
f 1879/2563/2122 1887/2510/2087 1885/2512/1767 1877/2565/1766
f 1894/2411/2013 1890/2373/1985 1892/2570/2124 1896/2571/2125
f 1896/2571/2125 1892/2570/2124 1891/2572/2126 1895/2573/2127
f 1895/2573/2127 1891/2572/2126 1889/2574/1770 1893/2575/1769
f 1810/2400/2003 1894/2411/2013 1896/2571/2125 1812/2507/2084
f 1812/2507/2084 1896/2571/2125 1895/2573/2127 1811/2509/2086
f 1811/2509/2086 1895/2573/2127 1893/2575/1769 1809/2511/1768
f 1890/2373/1985 1898/2372/1984 1900/2502/2081 1892/2570/2124
f 1892/2570/2124 1900/2502/2081 1899/2504/2083 1891/2572/2126
f 1891/2572/2126 1899/2504/2083 1897/2506/1771 1889/2574/1770
f 1906/2262/1897 1902/2395/1999 1904/2576/2128 1908/2577/2129
f 1908/2577/2129 1904/2576/2128 1903/2578/2130 1907/2579/2131
f 1907/2579/2131 1903/2578/2130 1901/2580/1774 1905/2581/1773
f 1806/2263/1898 1906/2262/1897 1908/2577/2129 1808/2501/2080
f 1808/2501/2080 1908/2577/2129 1907/2579/2131 1807/2503/2082
f 1807/2503/2082 1907/2579/2131 1905/2581/1773 1805/2505/1772
f 1902/2395/1999 1910/2394/1998 1912/2526/2097 1904/2576/2128
f 1904/2576/2128 1912/2526/2097 1911/2528/2099 1903/2578/2130
f 1903/2578/2130 1911/2528/2099 1909/2530/1775 1901/2580/1774
f 1918/2086/1733 1914/2409/2011 1916/2582/2132 1920/2583/2133
f 1920/2583/2133 1916/2582/2132 1915/2584/2134 1919/2585/2135
f 1919/2585/2135 1915/2584/2134 1913/2586/1778 1917/2587/1777
f 1802/2087/1734 1918/2086/1733 1920/2583/2133 1804/2525/2096
f 1804/2525/2096 1920/2583/2133 1919/2585/2135 1803/2527/2098
f 1803/2527/2098 1919/2585/2135 1917/2587/1777 1801/2529/1776
f 1914/2409/2011 1922/2408/2010 1924/2496/2077 1916/2582/2132
f 1916/2582/2132 1924/2496/2077 1923/2498/2079 1915/2584/2134
f 1915/2584/2134 1923/2498/2079 1921/2500/1779 1913/2586/1778
f 1930/2082/1729 1926/2421/2022 1928/2588/2136 1932/2589/2137
f 1932/2589/2137 1928/2588/2136 1927/2590/2138 1931/2591/2139
f 1931/2591/2139 1927/2590/2138 1925/2592/1782 1929/2593/1781
f 1798/2083/1730 1930/2082/1729 1932/2589/2137 1800/2495/2076
f 1800/2495/2076 1932/2589/2137 1931/2591/2139 1799/2497/2078
f 1799/2497/2078 1931/2591/2139 1929/2593/1781 1797/2499/1780
f 1926/2421/2022 1934/2420/2021 1936/2490/2073 1928/2588/2136
f 1928/2588/2136 1936/2490/2073 1935/2492/2075 1927/2590/2138
f 1927/2590/2138 1935/2492/2075 1933/2494/1783 1925/2592/1782
f 1942/2078/1725 1938/2433/2032 1940/2594/2140 1944/2595/2141
f 1944/2595/2141 1940/2594/2140 1939/2596/2142 1943/2597/2143
f 1943/2597/2143 1939/2596/2142 1937/2598/1786 1941/2599/1785
f 1794/2079/1726 1942/2078/1725 1944/2595/2141 1796/2489/2072
f 1796/2489/2072 1944/2595/2141 1943/2597/2143 1795/2491/2074
f 1795/2491/2074 1943/2597/2143 1941/2599/1785 1793/2493/1784
f 1938/2433/2032 1946/2432/2031 1948/2484/2069 1940/2594/2140
f 1940/2594/2140 1948/2484/2069 1947/2486/2071 1939/2596/2142
f 1939/2596/2142 1947/2486/2071 1945/2488/1787 1937/2598/1786
f 1954/2182/1829 1950/2445/2042 1952/2600/2144 1956/2601/2145
f 1956/2601/2145 1952/2600/2144 1951/2602/2146 1955/2603/2147
f 1955/2603/2147 1951/2602/2146 1949/2604/1790 1953/2605/1789
f 1790/2183/1830 1954/2182/1829 1956/2601/2145 1792/2483/2068
f 1792/2483/2068 1956/2601/2145 1955/2603/2147 1791/2485/2070
f 1791/2485/2070 1955/2603/2147 1953/2605/1789 1789/2487/1788
f 1950/2445/2042 1958/2444/2041 1960/2478/2065 1952/2600/2144
f 1952/2600/2144 1960/2478/2065 1959/2480/2067 1951/2602/2146
f 1951/2602/2146 1959/2480/2067 1957/2482/1791 1949/2604/1790
f 2050/2358/1972 1858/2357/1971 1774/2346/1961 1965/2345/1960
f 2050/2358/1972 1965/2345/1960 1967/2606/2148 2052/2607/2149
f 2052/2607/2149 1967/2606/2148 1968/2608/2150 2051/2609/2151
f 2051/2609/2151 1968/2608/2150 1966/2174/1821 2049/2173/1820
f 2038/2101/1748 1969/2104/1751 1971/2610/2152 2040/2611/2153
f 2040/2611/2153 1971/2610/2152 1972/2612/2154 2039/2613/2155
f 2039/2613/2155 1972/2612/2154 1970/2178/1825 2037/2177/1824
f 2022/2328/1946 1977/2330/1948 1979/2614/2156 2024/2615/2157
f 2024/2615/2157 1979/2614/2156 1980/2616/2158 2023/2617/2159
f 2023/2617/2159 1980/2616/2158 1978/2074/1721 2021/2073/1720
f 2146/2181/1828 1981/2184/1831 1983/2618/2160 2148/2619/2161
f 2148/2619/2161 1983/2618/2160 1984/2620/2162 2147/2621/2163
f 2147/2621/2163 1984/2620/2162 1982/2170/1817 2145/2169/1816
f 2134/2077/1724 1985/2080/1727 1987/2622/2164 2136/2623/2165
f 2136/2623/2165 1987/2622/2164 1988/2624/2166 2135/2625/2167
f 2135/2625/2167 1988/2624/2166 1986/2166/1813 2133/2165/1812
f 2122/2081/1728 1989/2084/1731 1991/2626/2168 2124/2627/2169
f 2124/2627/2169 1991/2626/2168 1992/2628/2170 2123/2629/2171
f 2123/2629/2171 1992/2628/2170 1990/2158/1805 2121/2157/1804
f 2110/2085/1732 1993/2088/1735 1995/2630/2172 2112/2631/2173
f 2112/2631/2173 1995/2630/2172 1996/2632/2174 2111/2633/2175
f 2111/2633/2175 1996/2632/2174 1994/2202/1849 2109/2201/1848
f 2086/2412/2014 2001/2399/2002 2003/2634/2176 2088/2635/2177
f 2088/2635/2177 2003/2634/2176 2004/2636/2178 2087/2637/2179
f 2087/2637/2179 2004/2636/2178 2002/2094/1741 2085/2093/1740
f 2074/2195/1842 2005/2198/1845 2007/2638/2180 2076/2639/2181
f 2076/2639/2181 2007/2638/2180 2008/2640/2182 2075/2641/2183
f 2075/2641/2183 2008/2640/2182 2006/2192/1839 2073/2191/1838
f 2062/2378/1990 1961/2361/1974 1963/2642/2184 2064/2643/2185
f 2064/2643/2185 1963/2642/2184 1964/2644/2186 2063/2645/2187
f 2063/2645/2187 1964/2644/2186 1962/2363/1976 2061/2375/1987
f 2018/2269/1902 1973/2272/1905 1975/2646/2188 2020/2647/2189
f 2020/2647/2189 1975/2646/2188 1976/2648/2190 2019/2649/2191
f 2019/2649/2191 1976/2648/2190 1974/2298/1919 2017/2297/1918
f 2098/2261/1896 1997/2264/1899 1999/2650/2192 2100/2651/2193
f 2100/2651/2193 1999/2650/2192 2000/2652/2194 2099/2653/2195
f 2099/2653/2195 2000/2652/2194 1998/2302/1923 2097/2301/1922
f 2030/2097/1744 2009/2100/1747 2011/2654/2196 2032/2655/2197
f 2032/2655/2197 2011/2654/2196 2012/2656/2198 2031/2657/2199
f 2031/2657/2199 2012/2656/2198 2010/2186/1833 2029/2185/1832
f 2026/2105/1752 2013/2108/1755 2015/2658/2200 2028/2659/2201
f 2028/2659/2201 2015/2658/2200 2016/2660/2202 2027/2661/2203
f 2027/2661/2203 2016/2660/2202 2014/2308/1928 2025/2307/1927
f 2009/2100/1747 2018/2269/1902 2020/2647/2189 2011/2654/2196
f 2011/2654/2196 2020/2647/2189 2019/2649/2191 2012/2656/2198
f 2012/2656/2198 2019/2649/2191 2017/2297/1918 2010/2186/1833
f 2013/2108/1755 2022/2328/1946 2024/2615/2157 2015/2658/2200
f 2015/2658/2200 2024/2615/2157 2023/2617/2159 2016/2660/2202
f 2016/2660/2202 2023/2617/2159 2021/2073/1720 2014/2308/1928
f 1973/2272/1905 2026/2105/1752 2028/2659/2201 1975/2646/2188
f 1975/2646/2188 2028/2659/2201 2027/2661/2203 1976/2648/2190
f 1976/2648/2190 2027/2661/2203 2025/2307/1927 1974/2298/1919
f 1969/2104/1751 2030/2097/1744 2032/2655/2197 1971/2610/2152
f 1971/2610/2152 2032/2655/2197 2031/2657/2199 1972/2612/2154
f 1972/2612/2154 2031/2657/2199 2029/2185/1832 1970/2178/1825
f 2042/2311/1931 2033/2314/1934 2035/2662/2204 2044/2663/2205
f 2044/2663/2205 2035/2662/2204 2036/2664/2206 2043/2665/2207
f 2043/2665/2207 2036/2664/2206 2034/2320/1938 2041/2319/1937
f 2033/2314/1934 2038/2101/1748 2040/2611/2153 2035/2662/2204
f 2035/2662/2204 2040/2611/2153 2039/2613/2155 2036/2664/2206
f 2036/2664/2206 2039/2613/2155 2037/2177/1824 2034/2320/1938
f 1965/2345/1960 2042/2311/1931 2044/2663/2205 1967/2606/2148
f 1967/2606/2148 2044/2663/2205 2043/2665/2207 1968/2608/2150
f 1968/2608/2150 2043/2665/2207 2041/2319/1937 1966/2174/1821
f 2054/2323/1941 2045/2326/1944 2047/2666/2208 2056/2667/2209
f 2056/2667/2209 2047/2666/2208 2048/2668/2210 2055/2669/2211
f 2055/2669/2211 2048/2668/2210 2046/2336/1952 2053/2335/1951
f 2045/2326/1944 2050/2358/1972 2052/2607/2149 2047/2666/2208
f 2047/2666/2208 2052/2607/2149 2051/2609/2151 2048/2668/2210
f 2048/2668/2210 2051/2609/2151 2049/2173/1820 2046/2336/1952
f 1961/2361/1974 2054/2323/1941 2056/2667/2209 1963/2642/2184
f 1963/2642/2184 2056/2667/2209 2055/2669/2211 1964/2644/2186
f 1964/2644/2186 2055/2669/2211 2053/2335/1951 1962/2363/1976
f 2066/2339/1955 2057/2342/1958 2059/2670/2212 2068/2671/2213
f 2068/2671/2213 2059/2670/2212 2060/2672/2214 2067/2673/2215
f 2067/2673/2215 2060/2672/2214 2058/2350/1964 2065/2349/1963
f 2057/2342/1958 2062/2378/1990 2064/2643/2185 2059/2670/2212
f 2059/2670/2212 2064/2643/2185 2063/2645/2187 2060/2672/2214
f 2060/2672/2214 2063/2645/2187 2061/2375/1987 2058/2350/1964
f 2005/2383/1845 2066/2339/1955 2068/2671/2213 2007/2674/2180
f 2007/2674/2180 2068/2671/2213 2067/2673/2215 2008/2675/2182
f 2008/2675/2182 2067/2673/2215 2065/2349/1963 2006/2385/1839
f 2078/2353/1967 2069/2356/1970 2071/2676/2216 2080/2677/2217
f 2080/2677/2217 2071/2676/2216 2072/2678/2218 2079/2679/2219
f 2079/2679/2219 2072/2678/2218 2070/2368/1980 2077/2367/1979
f 2069/2356/1970 2074/2195/1842 2076/2639/2181 2071/2676/2216
f 2071/2676/2216 2076/2639/2181 2075/2641/2183 2072/2678/2218
f 2072/2678/2218 2075/2641/2183 2073/2191/1838 2070/2368/1980
f 2001/2399/2002 2078/2353/1967 2080/2677/2217 2003/2634/2176
f 2003/2634/2176 2080/2677/2217 2079/2679/2219 2004/2636/2178
f 2004/2636/2178 2079/2679/2219 2077/2367/1979 2002/2094/1741
f 2090/2371/1983 2081/2374/1986 2083/2680/2220 2092/2681/2221
f 2092/2681/2221 2083/2680/2220 2084/2682/2222 2091/2683/2223
f 2091/2683/2223 2084/2682/2222 2082/2390/1994 2089/2389/1993
f 2081/2374/1986 2086/2412/2014 2088/2635/2177 2083/2680/2220
f 2083/2680/2220 2088/2635/2177 2087/2637/2179 2084/2682/2222
f 2084/2682/2222 2087/2637/2179 2085/2093/1740 2082/2390/1994
f 1997/2264/1899 2090/2371/1983 2092/2681/2221 1999/2650/2192
f 1999/2650/2192 2092/2681/2221 2091/2683/2223 2000/2652/2194
f 2000/2652/2194 2091/2683/2223 2089/2389/1993 1998/2302/1923
f 2102/2393/1997 2093/2396/2000 2095/2684/2224 2104/2685/2225
f 2104/2685/2225 2095/2684/2224 2096/2686/2226 2103/2687/2227
f 2103/2687/2227 2096/2686/2226 2094/2404/2006 2101/2403/2005
f 2093/2396/2000 2098/2261/1896 2100/2651/2193 2095/2684/2224
f 2095/2684/2224 2100/2651/2193 2099/2653/2195 2096/2686/2226
f 2096/2686/2226 2099/2653/2195 2097/2301/1922 2094/2404/2006
f 1993/2088/1735 2102/2393/1997 2104/2685/2225 1995/2630/2172
f 1995/2630/2172 2104/2685/2225 2103/2687/2227 1996/2632/2174
f 1996/2632/2174 2103/2687/2227 2101/2403/2005 1994/2202/1849
f 2114/2407/2009 2105/2410/2012 2107/2688/2228 2116/2689/2229
f 2116/2689/2229 2107/2688/2228 2108/2690/2230 2115/2691/2231
f 2115/2691/2231 2108/2690/2230 2106/2416/2017 2113/2415/2016
f 2105/2410/2012 2110/2085/1732 2112/2631/2173 2107/2688/2228
f 2107/2688/2228 2112/2631/2173 2111/2633/2175 2108/2690/2230
f 2108/2690/2230 2111/2633/2175 2109/2201/1848 2106/2416/2017
f 1989/2084/1731 2114/2407/2009 2116/2689/2229 1991/2626/2168
f 1991/2626/2168 2116/2689/2229 2115/2691/2231 1992/2628/2170
f 1992/2628/2170 2115/2691/2231 2113/2415/2016 1990/2158/1805
f 2126/2419/2020 2117/2422/2023 2119/2692/2232 2128/2693/2233
f 2128/2693/2233 2119/2692/2232 2120/2694/2234 2127/2695/2235
f 2127/2695/2235 2120/2694/2234 2118/2428/2027 2125/2427/2026
f 2117/2422/2023 2122/2081/1728 2124/2627/2169 2119/2692/2232
f 2119/2692/2232 2124/2627/2169 2123/2629/2171 2120/2694/2234
f 2120/2694/2234 2123/2629/2171 2121/2157/1804 2118/2428/2027
f 1985/2080/1727 2126/2419/2020 2128/2693/2233 1987/2622/2164
f 1987/2622/2164 2128/2693/2233 2127/2695/2235 1988/2624/2166
f 1988/2624/2166 2127/2695/2235 2125/2427/2026 1986/2166/1813
f 2138/2431/2030 2129/2434/2033 2131/2696/2236 2140/2697/2237
f 2140/2697/2237 2131/2696/2236 2132/2698/2238 2139/2699/2239
f 2139/2699/2239 2132/2698/2238 2130/2440/2037 2137/2439/2036
f 2129/2434/2033 2134/2077/1724 2136/2623/2165 2131/2696/2236
f 2131/2696/2236 2136/2623/2165 2135/2625/2167 2132/2698/2238
f 2132/2698/2238 2135/2625/2167 2133/2165/1812 2130/2440/2037
f 1981/2184/1831 2138/2431/2030 2140/2697/2237 1983/2618/2160
f 1983/2618/2160 2140/2697/2237 2139/2699/2239 1984/2620/2162
f 1984/2620/2162 2139/2699/2239 2137/2439/2036 1982/2170/1817
f 2150/2443/2040 2141/2446/2043 2143/2700/2240 2152/2701/2241
f 2152/2701/2241 2143/2700/2240 2144/2702/2242 2151/2703/2243
f 2151/2703/2243 2144/2702/2242 2142/2452/2047 2149/2451/2046
f 2141/2446/2043 2146/2181/1828 2148/2619/2161 2143/2700/2240
f 2143/2700/2240 2148/2619/2161 2147/2621/2163 2144/2702/2242
f 2144/2702/2242 2147/2621/2163 2145/2169/1816 2142/2452/2047
f 1977/2330/1948 2150/2443/2040 2152/2701/2241 1979/2614/2156
f 1979/2614/2156 2152/2701/2241 2151/2703/2243 1980/2616/2158
f 1980/2616/2158 2151/2703/2243 2149/2451/2046 1978/2074/1721
f 2062/2378/1990 1870/2377/1989 1770/2362/1975 1961/2361/1974
f 2242/2176/1823 2157/2175/1822 2159/2704/2244 2244/2705/2245
f 2244/2705/2245 2159/2704/2244 2160/2706/2246 2243/2707/2247
f 2243/2707/2247 2160/2706/2246 2158/2289/1914 2241/2343/1959
f 2230/2180/1827 2161/2179/1826 2163/2708/2248 2232/2709/2249
f 2232/2709/2249 2163/2708/2248 2164/2710/2250 2231/2711/2251
f 2231/2711/2251 2164/2710/2250 2162/2257/1894 2229/2331/1949
f 2214/2076/1723 2169/2075/1722 2171/2712/2252 2216/2713/2253
f 2216/2713/2253 2171/2712/2252 2172/2714/2254 2215/2715/2255
f 2215/2715/2255 2172/2714/2254 2170/2281/1910 2213/2316/1936
f 2338/2172/1819 2173/2171/1818 2175/2716/2256 2340/2717/2257
f 2340/2717/2257 2175/2716/2256 2176/2718/2258 2339/2719/2259
f 2339/2719/2259 2176/2718/2258 2174/2161/1808 2337/2455/2050
f 2326/2168/1815 2177/2167/1814 2179/2720/2260 2328/2721/2261
f 2328/2721/2261 2179/2720/2260 2180/2722/2262 2327/2723/2263
f 2327/2723/2263 2180/2722/2262 2178/2265/1900 2325/2447/2044
f 2314/2160/1807 2181/2159/1806 2183/2724/2264 2316/2725/2265
f 2316/2725/2265 2183/2724/2264 2184/2726/2266 2315/2727/2267
f 2315/2727/2267 2184/2726/2266 2182/2277/1908 2313/2435/2034
f 2302/2204/1851 2185/2203/1850 2187/2728/2268 2304/2729/2269
f 2304/2729/2269 2187/2728/2268 2188/2730/2270 2303/2731/2271
f 2303/2731/2271 2188/2730/2270 2186/2293/1916 2301/2423/2024
f 2278/2096/1743 2193/2095/1742 2195/2732/2272 2280/2733/2273
f 2280/2733/2273 2195/2732/2272 2196/2734/2274 2279/2735/2275
f 2279/2735/2275 2196/2734/2274 2194/2273/1906 2277/2397/2001
f 2266/2194/1841 2197/2193/1840 2199/2736/2276 2268/2737/2277
f 2268/2737/2277 2199/2736/2276 2200/2738/2278 2267/2739/2279
f 2267/2739/2279 2200/2738/2278 2198/2380/1912 2265/2379/1991
f 2254/2376/1988 2153/2364/1977 2155/2740/2280 2256/2741/2281
f 2256/2741/2281 2155/2740/2280 2156/2742/2282 2255/2743/2283
f 2255/2743/2283 2156/2742/2282 2154/2253/1892 2253/2359/1973
f 2210/2300/1921 2165/2299/1920 2167/2744/2284 2212/2745/2285
f 2212/2745/2285 2167/2744/2284 2168/2746/2286 2211/2747/2287
f 2211/2747/2287 2168/2746/2286 2166/2070/1717 2209/2069/1716
f 2290/2304/1925 2189/2303/1924 2191/2748/2288 2292/2749/2289
f 2292/2749/2289 2191/2748/2288 2192/2750/2290 2291/2751/2291
f 2291/2751/2291 2192/2750/2290 2190/2090/1737 2289/2089/1736
f 2222/2188/1835 2201/2187/1834 2203/2752/2292 2224/2753/2293
f 2224/2753/2293 2203/2752/2292 2204/2754/2294 2223/2755/2295
f 2223/2755/2295 2204/2754/2294 2202/2305/1926 2221/2258/1895
f 2218/2310/1930 2205/2309/1929 2207/2756/2296 2220/2757/2297
f 2220/2757/2297 2207/2756/2296 2208/2758/2298 2219/2759/2299
f 2219/2759/2299 2208/2758/2298 2206/2315/1935 2217/2189/1836
f 2201/2187/1834 2210/2300/1921 2212/2745/2285 2203/2752/2292
f 2203/2752/2292 2212/2745/2285 2211/2747/2287 2204/2754/2294
f 2204/2754/2294 2211/2747/2287 2209/2069/1716 2202/2305/1926
f 2205/2309/1929 2214/2076/1723 2216/2713/2253 2207/2756/2296
f 2207/2756/2296 2216/2713/2253 2215/2715/2255 2208/2758/2298
f 2208/2758/2298 2215/2715/2255 2213/2316/1936 2206/2315/1935
f 2165/2299/1920 2218/2310/1930 2220/2757/2297 2167/2744/2284
f 2167/2744/2284 2220/2757/2297 2219/2759/2299 2168/2746/2286
f 2168/2746/2286 2219/2759/2299 2217/2189/1836 2166/2070/1717
f 2161/2179/1826 2222/2188/1835 2224/2753/2293 2163/2708/2248
f 2163/2708/2248 2224/2753/2293 2223/2755/2295 2164/2710/2250
f 2164/2710/2250 2223/2755/2295 2221/2258/1895 2162/2257/1894
f 2234/2322/1940 2225/2321/1939 2227/2760/2300 2236/2761/2301
f 2236/2761/2301 2227/2760/2300 2228/2762/2302 2235/2763/2303
f 2235/2763/2303 2228/2762/2302 2226/2333/1950 2233/2290/1915
f 2225/2321/1939 2230/2180/1827 2232/2709/2249 2227/2760/2300
f 2227/2760/2300 2232/2709/2249 2231/2711/2251 2228/2762/2302
f 2228/2762/2302 2231/2711/2251 2229/2331/1949 2226/2333/1950
f 2157/2175/1822 2234/2322/1940 2236/2761/2301 2159/2704/2244
f 2159/2704/2244 2236/2761/2301 2235/2763/2303 2160/2706/2246
f 2160/2706/2246 2235/2763/2303 2233/2290/1915 2158/2289/1914
f 2246/2338/1954 2237/2337/1953 2239/2764/2304 2248/2765/2305
f 2248/2765/2305 2239/2764/2304 2240/2766/2306 2247/2767/2307
f 2247/2767/2307 2240/2766/2306 2238/2347/1962 2245/2254/1893
f 2237/2337/1953 2242/2176/1823 2244/2705/2245 2239/2764/2304
f 2239/2764/2304 2244/2705/2245 2243/2707/2247 2240/2766/2306
f 2240/2766/2306 2243/2707/2247 2241/2343/1959 2238/2347/1962
f 2153/2364/1977 2246/2338/1954 2248/2765/2305 2155/2740/2280
f 2155/2740/2280 2248/2765/2305 2247/2767/2307 2156/2742/2282
f 2156/2742/2282 2247/2767/2307 2245/2254/1893 2154/2253/1892
f 2258/2352/1966 2249/2351/1965 2251/2768/2308 2260/2769/2309
f 2260/2769/2309 2251/2768/2308 2252/2770/2310 2259/2771/2311
f 2259/2771/2311 2252/2770/2310 2250/2365/1978 2257/2286/1913
f 2249/2351/1965 2254/2376/1988 2256/2741/2281 2251/2768/2308
f 2251/2768/2308 2256/2741/2281 2255/2743/2283 2252/2770/2310
f 2252/2770/2310 2255/2743/2283 2253/2359/1973 2250/2365/1978
f 2197/2386/1840 2258/2352/1966 2260/2769/2309 2199/2772/2276
f 2199/2772/2276 2260/2769/2309 2259/2771/2311 2200/2773/2278
f 2200/2773/2278 2259/2771/2311 2257/2286/1913 2198/2285/1912
f 2270/2370/1982 2261/2369/1981 2263/2774/2312 2272/2775/2313
f 2272/2775/2313 2263/2774/2312 2264/2776/2314 2271/2777/2315
f 2271/2777/2315 2264/2776/2314 2262/2387/1992 2269/2274/1907
f 2261/2369/1981 2266/2194/1841 2268/2737/2277 2263/2774/2312
f 2263/2774/2312 2268/2737/2277 2267/2739/2279 2264/2776/2314
f 2264/2776/2314 2267/2739/2279 2265/2379/1991 2262/2387/1992
f 2193/2095/1742 2270/2370/1982 2272/2775/2313 2195/2732/2272
f 2195/2732/2272 2272/2775/2313 2271/2777/2315 2196/2734/2274
f 2196/2734/2274 2271/2777/2315 2269/2274/1907 2194/2273/1906
f 2282/2392/1996 2273/2391/1995 2275/2778/2316 2284/2779/2317
f 2284/2779/2317 2275/2778/2316 2276/2780/2318 2283/2781/2319
f 2283/2781/2319 2276/2780/2318 2274/2401/2004 2281/2199/1846
f 2273/2391/1995 2278/2096/1743 2280/2733/2273 2275/2778/2316
f 2275/2778/2316 2280/2733/2273 2279/2735/2275 2276/2780/2318
f 2276/2780/2318 2279/2735/2275 2277/2397/2001 2274/2401/2004
f 2189/2303/1924 2282/2392/1996 2284/2779/2317 2191/2748/2288
f 2191/2748/2288 2284/2779/2317 2283/2781/2319 2192/2750/2290
f 2192/2750/2290 2283/2781/2319 2281/2199/1846 2190/2090/1737
f 2294/2406/2008 2285/2405/2007 2287/2782/2320 2296/2783/2321
f 2296/2783/2321 2287/2782/2320 2288/2784/2322 2295/2785/2323
f 2295/2785/2323 2288/2784/2322 2286/2413/2015 2293/2294/1917
f 2285/2405/2007 2290/2304/1925 2292/2749/2289 2287/2782/2320
f 2287/2782/2320 2292/2749/2289 2291/2751/2291 2288/2784/2322
f 2288/2784/2322 2291/2751/2291 2289/2089/1736 2286/2413/2015
f 2185/2203/1850 2294/2406/2008 2296/2783/2321 2187/2728/2268
f 2187/2728/2268 2296/2783/2321 2295/2785/2323 2188/2730/2270
f 2188/2730/2270 2295/2785/2323 2293/2294/1917 2186/2293/1916
f 2306/2418/2019 2297/2417/2018 2299/2786/2324 2308/2787/2325
f 2308/2787/2325 2299/2786/2324 2300/2788/2326 2307/2789/2327
f 2307/2789/2327 2300/2788/2326 2298/2425/2025 2305/2278/1909
f 2297/2417/2018 2302/2204/1851 2304/2729/2269 2299/2786/2324
f 2299/2786/2324 2304/2729/2269 2303/2731/2271 2300/2788/2326
f 2300/2788/2326 2303/2731/2271 2301/2423/2024 2298/2425/2025
f 2181/2159/1806 2306/2418/2019 2308/2787/2325 2183/2724/2264
f 2183/2724/2264 2308/2787/2325 2307/2789/2327 2184/2726/2266
f 2184/2726/2266 2307/2789/2327 2305/2278/1909 2182/2277/1908
f 2318/2430/2029 2309/2429/2028 2311/2790/2328 2320/2791/2329
f 2320/2791/2329 2311/2790/2328 2312/2792/2330 2319/2793/2331
f 2319/2793/2331 2312/2792/2330 2310/2437/2035 2317/2266/1901
f 2309/2429/2028 2314/2160/1807 2316/2725/2265 2311/2790/2328
f 2311/2790/2328 2316/2725/2265 2315/2727/2267 2312/2792/2330
f 2312/2792/2330 2315/2727/2267 2313/2435/2034 2310/2437/2035
f 2177/2167/1814 2318/2430/2029 2320/2791/2329 2179/2720/2260
f 2179/2720/2260 2320/2791/2329 2319/2793/2331 2180/2722/2262
f 2180/2722/2262 2319/2793/2331 2317/2266/1901 2178/2265/1900
f 2330/2442/2039 2321/2441/2038 2323/2794/2332 2332/2795/2333
f 2332/2795/2333 2323/2794/2332 2324/2796/2334 2331/2797/2335
f 2331/2797/2335 2324/2796/2334 2322/2449/2045 2329/2162/1809
f 2321/2441/2038 2326/2168/1815 2328/2721/2261 2323/2794/2332
f 2323/2794/2332 2328/2721/2261 2327/2723/2263 2324/2796/2334
f 2324/2796/2334 2327/2723/2263 2325/2447/2044 2322/2449/2045
f 2173/2171/1818 2330/2442/2039 2332/2795/2333 2175/2716/2256
f 2175/2716/2256 2332/2795/2333 2331/2797/2335 2176/2718/2258
f 2176/2718/2258 2331/2797/2335 2329/2162/1809 2174/2161/1808
f 2342/2454/2049 2333/2453/2048 2335/2798/2336 2344/2799/2337
f 2344/2799/2337 2335/2798/2336 2336/2800/2338 2343/2801/2339
f 2343/2801/2339 2336/2800/2338 2334/2457/2051 2341/2282/1911
f 2333/2453/2048 2338/2172/1819 2340/2717/2257 2335/2798/2336
f 2335/2798/2336 2340/2717/2257 2339/2719/2259 2336/2800/2338
f 2336/2800/2338 2339/2719/2259 2337/2455/2050 2334/2457/2051
f 2169/2075/1722 2342/2454/2049 2344/2799/2337 2171/2712/2252
f 2171/2712/2252 2344/2799/2337 2343/2801/2339 2172/2714/2254
f 2172/2714/2254 2343/2801/2339 2341/2282/1911 2170/2281/1910
f 2061/2375/1987 1962/2363/1976 2153/2364/1977 2254/2376/1988
o ojo_d_lp_Cube.003
v 0.483339 1.121370 0.516321
v 0.464538 1.231507 0.507164
v 0.738697 1.108782 0.137036
v 0.723966 1.224903 0.137957
v 0.604347 1.125321 0.534261
v 0.585392 1.235377 0.525222
v 0.859709 1.112151 0.155486
v 0.845261 1.228781 0.154992
v 0.715177 1.107279 0.272020
v 0.702243 1.228268 0.272424
v 0.823492 1.110654 0.290028
v 0.821646 1.228194 0.290028
v 0.661332 1.111265 0.357779
v 0.771523 1.231750 0.371948
v 0.650657 1.231297 0.354116
v 0.782359 1.114955 0.375698
vt 0.064819 0.119776
vt 0.035816 0.119508
vt 0.037570 0.087078
vt 0.065472 0.087121
vt 0.062522 0.370581
vt 0.034621 0.370438
vt 0.037459 0.341366
vt 0.065472 0.341541
vt 0.063636 0.285701
vt 0.035662 0.285828
vt 0.031509 0.228498
vt 0.058210 0.229083
vt 0.027827 0.199590
vt 0.054543 0.200140
vt 0.156029 0.294656
vt 0.136995 0.307148
vt 0.141976 0.263044
vt 0.161014 0.250559
vt 0.178381 0.294967
vt 0.199961 0.302089
vt 0.218140 0.343058
vt 0.196526 0.335987
vt 0.184227 0.252732
vt 0.205825 0.260022
vt 0.198208 0.284194
vt 0.176891 0.277153
vt 0.172628 0.334900
vt 0.153531 0.347315
vt 0.141919 0.324144
vt 0.159199 0.313237
vt 0.037089 0.308691
vt 0.065107 0.308329
vt 0.062220 0.143792
vt 0.033515 0.142434
vn -0.5654 -0.8018 -0.1934
vn -0.6457 0.7139 -0.2709
vn -0.5260 0.5396 -0.6573
vn -0.4311 -0.6065 -0.6680
vn 0.6362 0.6063 -0.4771
vn 0.7131 -0.5330 -0.4553
vn 0.6048 -0.6092 0.5128
vn 0.5514 0.7163 0.4276
vn 0.1750 0.6759 0.7159
vn 0.2571 -0.5458 0.7975
vn -0.8378 0.5146 0.1824
vn -0.7675 -0.5709 0.2914
vn -0.4828 -0.7963 -0.3644
vn -0.5293 0.7006 -0.4784
vn 0.6825 0.6892 0.2432
vn 0.7007 -0.6603 0.2701
usemtl Material.004
s 1
f 2353/2802/2340 2354/2803/2341 2348/2804/2342 2347/2805/2343
f 2347/2806/2343 2348/2807/2342 2352/2808/2344 2351/2809/2345
f 2360/2810/2346 2358/2811/2347 2350/2812/2348 2349/2813/2349
f 2349/2813/2349 2350/2812/2348 2346/2814/2350 2345/2815/2351
f 2357/2816/2352 2360/2817/2346 2349/2818/2349 2345/2819/2351
f 2358/2820/2347 2359/2821/2353 2346/2822/2350 2350/2823/2348
f 2352/2824/2344 2348/2825/2342 2354/2826/2341 2356/2827/2354
f 2347/2828/2343 2351/2829/2345 2355/2830/2355 2353/2831/2340
f 2351/2809/2345 2352/2808/2344 2356/2832/2354 2355/2833/2355
f 2357/2834/2352 2359/2835/2353 2354/2803/2341 2353/2802/2340
f 2345/2815/2351 2346/2814/2350 2359/2835/2353 2357/2834/2352
f 2356/2827/2354 2354/2826/2341 2359/2821/2353 2358/2820/2347
f 2353/2831/2340 2355/2830/2355 2360/2817/2346 2357/2816/2352
f 2355/2833/2355 2356/2832/2354 2358/2811/2347 2360/2810/2346
o ojo_i_lp_Cube.004
v 0.472006 1.121370 -0.516321
v 0.453204 1.231507 -0.507164
v 0.727364 1.108782 -0.137036
v 0.712633 1.224903 -0.137957
v 0.593014 1.125321 -0.534261
v 0.574059 1.235377 -0.525222
v 0.848376 1.112151 -0.155486
v 0.833928 1.228781 -0.154992
v 0.703844 1.107279 -0.272020
v 0.690910 1.228268 -0.272424
v 0.812159 1.110654 -0.290028
v 0.810313 1.228194 -0.290028
v 0.649999 1.111265 -0.357779
v 0.760190 1.231750 -0.371948
v 0.639324 1.231297 -0.354116
v 0.771026 1.114955 -0.375698
vt 0.115431 0.146598
vt 0.116053 0.115473
vt 0.089459 0.115433
vt 0.087787 0.146343
vt 0.113242 0.385650
vt 0.116054 0.357971
vt 0.089353 0.357804
vt 0.086648 0.385514
vt 0.114303 0.304748
vt 0.109131 0.250783
vt 0.083682 0.250225
vt 0.087641 0.304869
vt 0.105637 0.223196
vt 0.080172 0.222672
vt 0.197785 0.168484
vt 0.207989 0.121864
vt 0.186245 0.133116
vt 0.176043 0.179744
vt 0.140882 0.168173
vt 0.155283 0.214210
vt 0.177518 0.224393
vt 0.163076 0.178407
vt 0.152265 0.123756
vt 0.141457 0.148958
vt 0.163378 0.159073
vt 0.174455 0.134171
vt 0.211095 0.213368
vt 0.199123 0.188711
vt 0.179434 0.198469
vt 0.189295 0.224539
vt 0.115706 0.326316
vt 0.089000 0.326661
vt 0.112954 0.169489
vt 0.085594 0.168195
vn -0.5654 -0.8018 0.1934
vn -0.4311 -0.6065 0.6680
vn -0.5260 0.5396 0.6573
vn -0.6457 0.7139 0.2709
vn 0.7131 -0.5330 0.4553
vn 0.6362 0.6063 0.4771
vn 0.6048 -0.6092 -0.5128
vn 0.2571 -0.5458 -0.7975
vn 0.1750 0.6759 -0.7159
vn 0.5514 0.7163 -0.4276
vn -0.7675 -0.5709 -0.2914
vn -0.8378 0.5146 -0.1824
vn -0.4828 -0.7963 0.3644
vn -0.5293 0.7006 0.4784
vn 0.6825 0.6892 -0.2432
vn 0.7007 -0.6603 -0.2701
usemtl Material.004
s 1
f 2369/2836/2356 2363/2837/2357 2364/2838/2358 2370/2839/2359
f 2363/2840/2357 2367/2841/2360 2368/2842/2361 2364/2843/2358
f 2376/2844/2362 2365/2845/2363 2366/2846/2364 2374/2847/2365
f 2365/2845/2363 2361/2848/2366 2362/2849/2367 2366/2846/2364
f 2373/2850/2368 2361/2851/2366 2365/2852/2363 2376/2853/2362
f 2374/2854/2365 2366/2855/2364 2362/2856/2367 2375/2857/2369
f 2368/2858/2361 2372/2859/2370 2370/2860/2359 2364/2861/2358
f 2363/2862/2357 2369/2863/2356 2371/2864/2371 2367/2865/2360
f 2367/2841/2360 2371/2866/2371 2372/2867/2370 2368/2842/2361
f 2373/2868/2368 2369/2836/2356 2370/2839/2359 2375/2869/2369
f 2361/2848/2366 2373/2868/2368 2375/2869/2369 2362/2849/2367
f 2372/2859/2370 2374/2854/2365 2375/2857/2369 2370/2860/2359
f 2369/2863/2356 2373/2850/2368 2376/2853/2362 2371/2864/2371
f 2371/2866/2371 2376/2844/2362 2374/2847/2365 2372/2867/2370
o Sphere.002
v 0.767835 1.912954 -0.015321
v 0.778095 1.898756 -0.024791
v 0.782483 1.879332 -0.024791
v 0.779323 1.862102 -0.015321
v 0.774546 1.914470 -0.005852
v 0.788954 1.901209 -0.009469
v 0.793341 1.881785 -0.009469
v 0.786033 1.863618 -0.005852
v 0.774546 1.914470 0.005852
v 0.788954 1.901209 0.009469
v 0.793341 1.881785 0.009469
v 0.786033 1.863618 0.005852
v 0.767835 1.912954 0.015321
v 0.778095 1.898756 0.024791
v 0.782483 1.879332 0.024791
v 0.779323 1.862102 0.015321
v 0.756977 1.910501 0.018938
v 0.760527 1.894787 0.030643
v 0.764915 1.875363 0.030643
v 0.768464 1.859650 0.018938
v 0.755621 1.916503 0.000000
v 0.746119 1.908048 0.015321
v 0.742958 1.890818 0.024791
v 0.747346 1.871395 0.024791
v 0.757606 1.857197 0.015321
v 0.739408 1.906532 0.005852
v 0.732100 1.888365 0.009469
v 0.736488 1.868942 0.009469
v 0.750896 1.855681 0.005852
v 0.769820 1.853647 0.000000
v 0.739408 1.906532 -0.005852
v 0.732100 1.888365 -0.009469
v 0.736488 1.868942 -0.009469
v 0.750896 1.855681 -0.005852
v 0.746119 1.908048 -0.015321
v 0.742958 1.890818 -0.024791
v 0.747346 1.871395 -0.024791
v 0.757606 1.857197 -0.015321
v 0.756977 1.910501 -0.018938
v 0.760527 1.894787 -0.030643
v 0.764915 1.875363 -0.030643
v 0.768464 1.859650 -0.018938
vt 0.777624 0.420670
vt 0.753291 0.419708
vt 0.753425 0.400987
vt 0.779584 0.404031
vt 0.735334 0.419816
vt 0.713947 0.422810
vt 0.711579 0.408135
vt 0.732999 0.402025
vt 0.838944 0.563672
vt 0.822022 0.586963
vt 0.811564 0.572569
vt 0.838942 0.534882
vt 0.838942 0.563671
vt 0.822020 0.540380
vt 0.811564 0.554776
vt 0.727478 0.380705
vt 0.754566 0.376727
vt 0.811561 0.554775
vt 0.783534 0.386866
vt 0.706021 0.394283
vt 0.822022 0.540381
vt 0.762076 0.554974
vt 0.734989 0.558952
vt 0.736130 0.534692
vt 0.756556 0.533654
vt 0.811561 0.572567
vt 0.783534 0.541396
vt 0.777976 0.527544
vt 0.706021 0.548813
vt 0.709970 0.531648
vt 0.838944 0.534883
vt 0.736263 0.515971
vt 0.754220 0.515863
vt 0.822020 0.586962
vt 0.775608 0.512869
vt 0.711930 0.515009
vt 0.855866 0.540381
vt 0.736352 0.499172
vt 0.753256 0.499513
vt 0.838942 0.592460
vt 0.774784 0.498030
vt 0.713102 0.498906
vt 0.866324 0.554776
vt 0.736485 0.483179
vt 0.752942 0.483745
vt 0.855863 0.586962
vt 0.774716 0.483037
vt 0.713917 0.483211
vt 0.866324 0.572569
vt 0.736611 0.467522
vt 0.752944 0.468157
vt 0.866322 0.572567
vt 0.775051 0.467864
vt 0.714503 0.467815
vt 0.855866 0.586963
vt 0.736612 0.451934
vt 0.753070 0.452500
vt 0.866322 0.554775
vt 0.775638 0.452468
vt 0.714839 0.452642
vt 0.838944 0.592462
vt 0.736298 0.436166
vt 0.753203 0.436507
vt 0.855863 0.540380
vt 0.776453 0.436773
vt 0.714771 0.437649
vn 0.1719 -0.7613 -0.6252
vn 0.0644 -0.2853 -0.9563
vn 0.6127 -0.1614 -0.7736
vn 0.5304 -0.6803 -0.5058
vn -0.0644 0.2853 -0.9563
vn -0.1719 0.7613 -0.6252
vn 0.1865 0.8422 -0.5058
vn 0.4838 0.4091 -0.7736
vn 0.2203 -0.9754 0.0000
vn -0.2203 0.9754 0.0000
vn 0.7520 -0.6302 -0.1932
vn 0.8227 0.4857 -0.2955
vn 0.9515 -0.0849 -0.2955
vn 0.4080 0.8923 -0.1932
vn 0.7520 -0.6302 0.1932
vn 0.8227 0.4857 0.2955
vn 0.9515 -0.0849 0.2955
vn 0.4080 0.8923 0.1932
vn 0.5304 -0.6803 0.5058
vn 0.4838 0.4091 0.7736
vn 0.6127 -0.1614 0.7736
vn 0.1865 0.8422 0.5058
vn 0.1719 -0.7613 0.6252
vn -0.0644 0.2853 0.9563
vn 0.0644 -0.2853 0.9563
vn -0.1719 0.7613 0.6252
vn -0.1865 -0.8422 0.5058
vn -0.6127 0.1614 0.7736
vn -0.4838 -0.4091 0.7736
vn -0.5304 0.6803 0.5058
vn -0.4080 -0.8923 0.1932
vn -0.9515 0.0849 0.2955
vn -0.8227 -0.4857 0.2955
vn -0.7520 0.6302 0.1932
vn -0.4080 -0.8923 -0.1932
vn -0.9515 0.0849 -0.2955
vn -0.8227 -0.4857 -0.2955
vn -0.7520 0.6302 -0.1932
vn -0.1865 -0.8422 -0.5058
vn -0.6127 0.1614 -0.7736
vn -0.4838 -0.4091 -0.7736
vn -0.5304 0.6803 -0.5058
usemtl Material.001
s 1
f 2418/2870/2372 2417/2871/2373 2379/2872/2374 2380/2873/2375
f 2416/2874/2376 2415/2875/2377 2377/2876/2378 2378/2877/2379
f 2406/2878/2380 2418/2879/2372 2380/2880/2375
f 2417/2871/2373 2416/2874/2376 2378/2877/2379 2379/2872/2374
f 2415/2881/2377 2397/2882/2381 2377/2883/2378
f 2406/2878/2380 2380/2880/2375 2384/2884/2382
f 2379/2872/2374 2378/2877/2379 2382/2885/2383 2383/2886/2384
f 2377/2883/2378 2397/2882/2381 2381/2887/2385
f 2380/2873/2375 2379/2872/2374 2383/2886/2384 2384/2888/2382
f 2378/2877/2379 2377/2876/2378 2381/2889/2385 2382/2885/2383
f 2406/2878/2380 2384/2884/2382 2388/2890/2386
f 2383/2891/2384 2382/2892/2383 2386/2893/2387 2387/2894/2388
f 2381/2887/2385 2397/2882/2381 2385/2895/2389
f 2384/2896/2382 2383/2891/2384 2387/2894/2388 2388/2897/2386
f 2382/2892/2383 2381/2898/2385 2385/2899/2389 2386/2893/2387
f 2406/2878/2380 2388/2890/2386 2392/2900/2390
f 2387/2894/2388 2386/2893/2387 2390/2901/2391 2391/2902/2392
f 2385/2895/2389 2397/2882/2381 2389/2903/2393
f 2388/2897/2386 2387/2894/2388 2391/2902/2392 2392/2904/2390
f 2386/2893/2387 2385/2899/2389 2389/2905/2393 2390/2901/2391
f 2406/2878/2380 2392/2900/2390 2396/2906/2394
f 2391/2902/2392 2390/2901/2391 2394/2907/2395 2395/2908/2396
f 2389/2903/2393 2397/2882/2381 2393/2909/2397
f 2392/2904/2390 2391/2902/2392 2395/2908/2396 2396/2910/2394
f 2390/2901/2391 2389/2905/2393 2393/2911/2397 2394/2907/2395
f 2406/2878/2380 2396/2906/2394 2401/2912/2398
f 2395/2908/2396 2394/2907/2395 2399/2913/2399 2400/2914/2400
f 2393/2909/2397 2397/2882/2381 2398/2915/2401
f 2396/2910/2394 2395/2908/2396 2400/2914/2400 2401/2916/2398
f 2394/2907/2395 2393/2911/2397 2398/2917/2401 2399/2913/2399
f 2406/2878/2380 2401/2912/2398 2405/2918/2402
f 2400/2914/2400 2399/2913/2399 2403/2919/2403 2404/2920/2404
f 2398/2915/2401 2397/2882/2381 2402/2921/2405
f 2401/2916/2398 2400/2914/2400 2404/2920/2404 2405/2922/2402
f 2399/2913/2399 2398/2917/2401 2402/2923/2405 2403/2919/2403
f 2406/2878/2380 2405/2918/2402 2410/2924/2406
f 2404/2920/2404 2403/2919/2403 2408/2925/2407 2409/2926/2408
f 2402/2921/2405 2397/2882/2381 2407/2927/2409
f 2405/2922/2402 2404/2920/2404 2409/2926/2408 2410/2928/2406
f 2403/2919/2403 2402/2923/2405 2407/2929/2409 2408/2925/2407
f 2406/2878/2380 2410/2924/2406 2414/2930/2410
f 2409/2926/2408 2408/2925/2407 2412/2931/2411 2413/2932/2412
f 2407/2927/2409 2397/2882/2381 2411/2933/2413
f 2410/2928/2406 2409/2926/2408 2413/2932/2412 2414/2934/2410
f 2408/2925/2407 2407/2929/2409 2411/2935/2413 2412/2931/2411
f 2406/2878/2380 2414/2930/2410 2418/2879/2372
f 2413/2932/2412 2412/2931/2411 2416/2874/2376 2417/2871/2373
f 2411/2933/2413 2397/2882/2381 2415/2881/2377
f 2414/2934/2410 2413/2932/2412 2417/2871/2373 2418/2870/2372
f 2412/2931/2411 2411/2935/2413 2415/2875/2377 2416/2874/2376
o Sphere.003
v 0.763224 1.781161 -0.175786
v 0.779391 1.769781 -0.178166
v 0.786016 1.751003 -0.178166
v 0.780569 1.731998 -0.175786
v 0.762019 1.780735 -0.164151
v 0.777441 1.769094 -0.159341
v 0.784066 1.750315 -0.159341
v 0.779364 1.731573 -0.164151
v 0.754595 1.778116 -0.155490
v 0.765429 1.764856 -0.145326
v 0.772054 1.746077 -0.145326
v 0.771940 1.728954 -0.155490
v 0.743788 1.774303 -0.153110
v 0.747943 1.758686 -0.141475
v 0.754568 1.739908 -0.141475
v 0.761133 1.725141 -0.153110
v 0.733725 1.770753 -0.157920
v 0.731661 1.752942 -0.149259
v 0.738287 1.734163 -0.149259
v 0.751071 1.721591 -0.157920
v 0.743690 1.780794 -0.171935
v 0.728251 1.768822 -0.168084
v 0.722804 1.749817 -0.165704
v 0.729429 1.731038 -0.165704
v 0.745596 1.719659 -0.168084
v 0.729456 1.769247 -0.179719
v 0.724754 1.750505 -0.184529
v 0.731379 1.731726 -0.184529
v 0.746801 1.720084 -0.179719
v 0.765130 1.720026 -0.171935
v 0.736880 1.771866 -0.188380
v 0.736766 1.754743 -0.198544
v 0.743391 1.735964 -0.198544
v 0.754225 1.722704 -0.188380
v 0.747687 1.775679 -0.190760
v 0.754252 1.760912 -0.202395
v 0.760878 1.742134 -0.202395
v 0.765033 1.726517 -0.190760
v 0.757749 1.779229 -0.185950
v 0.770533 1.766657 -0.194611
v 0.777159 1.747878 -0.194611
v 0.775095 1.730067 -0.185950
vt 0.777624 0.420669
vt 0.753291 0.419707
vt 0.753425 0.400986
vt 0.779584 0.404030
vt 0.735335 0.419815
vt 0.713947 0.422809
vt 0.711579 0.408133
vt 0.732999 0.402023
vt 0.838941 0.563671
vt 0.822019 0.586962
vt 0.811561 0.572568
vt 0.838941 0.534882
vt 0.838941 0.563671
vt 0.822019 0.540380
vt 0.811561 0.554775
vt 0.727478 0.380703
vt 0.754566 0.376726
vt 0.811561 0.554775
vt 0.783534 0.386865
vt 0.706021 0.394281
vt 0.822019 0.540380
vt 0.762077 0.554973
vt 0.734989 0.558950
vt 0.736130 0.534690
vt 0.756556 0.533653
vt 0.811561 0.572567
vt 0.783534 0.541395
vt 0.777976 0.527543
vt 0.706021 0.548811
vt 0.709971 0.531646
vt 0.838941 0.534882
vt 0.736263 0.515969
vt 0.754220 0.515861
vt 0.822019 0.586962
vt 0.775608 0.512867
vt 0.711931 0.515007
vt 0.855863 0.540380
vt 0.736352 0.499171
vt 0.753256 0.499511
vt 0.838941 0.592460
vt 0.774784 0.498029
vt 0.713102 0.498904
vt 0.866321 0.554775
vt 0.736485 0.483177
vt 0.752943 0.483743
vt 0.855863 0.586962
vt 0.774716 0.483036
vt 0.713917 0.483210
vt 0.866321 0.572568
vt 0.736611 0.467520
vt 0.752944 0.468156
vt 0.866322 0.572567
vt 0.775051 0.467863
vt 0.714504 0.467813
vt 0.855863 0.586962
vt 0.736612 0.451933
vt 0.753070 0.452499
vt 0.866322 0.554775
vt 0.775638 0.452466
vt 0.714839 0.452640
vt 0.838941 0.592461
vt 0.736299 0.436165
vt 0.753203 0.436505
vt 0.855863 0.540380
vt 0.776453 0.436772
vt 0.714771 0.437647
vn 0.6562 -0.5961 -0.4627
vn 0.7038 -0.0618 -0.7076
vn 0.9803 0.0357 -0.1944
vn 0.8369 -0.5323 -0.1271
vn 0.5092 0.4898 -0.7076
vn 0.1369 0.8759 -0.4627
vn 0.3176 0.9396 -0.1271
vn 0.7856 0.5873 -0.1944
vn 0.3327 -0.9430 0.0000
vn -0.3327 0.9430 0.0000
vn 0.7971 -0.5463 0.2570
vn 0.7248 0.5658 0.3930
vn 0.9194 0.0142 0.3930
vn 0.2778 0.9256 0.2570
vn 0.5520 -0.6328 0.5429
vn 0.3499 0.4336 0.8304
vn 0.5445 -0.1180 0.8304
vn 0.0327 0.8391 0.5429
vn 0.1953 -0.7587 0.6215
vn -0.1957 0.2411 0.9505
vn -0.0011 -0.3105 0.9505
vn -0.3240 0.7132 0.6215
vn -0.1369 -0.8759 0.4627
vn -0.7038 0.0618 0.7076
vn -0.5092 -0.4898 0.7076
vn -0.6562 0.5961 0.4627
vn -0.3176 -0.9396 0.1271
vn -0.9803 -0.0357 0.1944
vn -0.7856 -0.5873 0.1944
vn -0.8369 0.5323 0.1271
vn -0.2778 -0.9256 -0.2570
vn -0.9194 -0.0142 -0.3930
vn -0.7248 -0.5658 -0.3930
vn -0.7971 0.5463 -0.2570
vn -0.0327 -0.8391 -0.5429
vn -0.5445 0.1180 -0.8304
vn -0.3499 -0.4336 -0.8304
vn -0.5520 0.6328 -0.5429
vn 0.3240 -0.7132 -0.6215
vn 0.0011 0.3105 -0.9505
vn 0.1957 -0.2411 -0.9505
vn -0.1953 0.7587 -0.6215
usemtl Material.001
s 1
f 2460/2936/2414 2459/2937/2415 2421/2938/2416 2422/2939/2417
f 2458/2940/2418 2457/2941/2419 2419/2942/2420 2420/2943/2421
f 2448/2944/2422 2460/2945/2414 2422/2946/2417
f 2459/2937/2415 2458/2940/2418 2420/2943/2421 2421/2938/2416
f 2457/2947/2419 2439/2948/2423 2419/2949/2420
f 2448/2944/2422 2422/2946/2417 2426/2950/2424
f 2421/2938/2416 2420/2943/2421 2424/2951/2425 2425/2952/2426
f 2419/2949/2420 2439/2948/2423 2423/2953/2427
f 2422/2939/2417 2421/2938/2416 2425/2952/2426 2426/2954/2424
f 2420/2943/2421 2419/2942/2420 2423/2955/2427 2424/2951/2425
f 2448/2944/2422 2426/2950/2424 2430/2956/2428
f 2425/2957/2426 2424/2958/2425 2428/2959/2429 2429/2960/2430
f 2423/2953/2427 2439/2948/2423 2427/2961/2431
f 2426/2962/2424 2425/2957/2426 2429/2960/2430 2430/2963/2428
f 2424/2958/2425 2423/2964/2427 2427/2965/2431 2428/2959/2429
f 2448/2944/2422 2430/2956/2428 2434/2966/2432
f 2429/2960/2430 2428/2959/2429 2432/2967/2433 2433/2968/2434
f 2427/2961/2431 2439/2948/2423 2431/2969/2435
f 2430/2963/2428 2429/2960/2430 2433/2968/2434 2434/2970/2432
f 2428/2959/2429 2427/2965/2431 2431/2971/2435 2432/2967/2433
f 2448/2944/2422 2434/2966/2432 2438/2972/2436
f 2433/2968/2434 2432/2967/2433 2436/2973/2437 2437/2974/2438
f 2431/2969/2435 2439/2948/2423 2435/2975/2439
f 2434/2970/2432 2433/2968/2434 2437/2974/2438 2438/2976/2436
f 2432/2967/2433 2431/2971/2435 2435/2977/2439 2436/2973/2437
f 2448/2944/2422 2438/2972/2436 2443/2978/2440
f 2437/2974/2438 2436/2973/2437 2441/2979/2441 2442/2980/2442
f 2435/2975/2439 2439/2948/2423 2440/2981/2443
f 2438/2976/2436 2437/2974/2438 2442/2980/2442 2443/2982/2440
f 2436/2973/2437 2435/2977/2439 2440/2983/2443 2441/2979/2441
f 2448/2944/2422 2443/2978/2440 2447/2984/2444
f 2442/2980/2442 2441/2979/2441 2445/2985/2445 2446/2986/2446
f 2440/2981/2443 2439/2948/2423 2444/2987/2447
f 2443/2982/2440 2442/2980/2442 2446/2986/2446 2447/2988/2444
f 2441/2979/2441 2440/2983/2443 2444/2989/2447 2445/2985/2445
f 2448/2944/2422 2447/2984/2444 2452/2990/2448
f 2446/2986/2446 2445/2985/2445 2450/2991/2449 2451/2992/2450
f 2444/2987/2447 2439/2948/2423 2449/2993/2451
f 2447/2988/2444 2446/2986/2446 2451/2992/2450 2452/2994/2448
f 2445/2985/2445 2444/2989/2447 2449/2995/2451 2450/2991/2449
f 2448/2944/2422 2452/2990/2448 2456/2996/2452
f 2451/2992/2450 2450/2991/2449 2454/2997/2453 2455/2998/2454
f 2449/2993/2451 2439/2948/2423 2453/2999/2455
f 2452/2994/2448 2451/2992/2450 2455/2998/2454 2456/3000/2452
f 2450/2991/2449 2449/2995/2451 2453/3001/2455 2454/2997/2453
f 2448/2944/2422 2456/2996/2452 2460/2945/2414
f 2455/2998/2454 2454/2997/2453 2458/2940/2418 2459/2937/2415
f 2453/2999/2455 2439/2948/2423 2457/2947/2419
f 2456/3000/2452 2455/2998/2454 2459/2937/2415 2460/2936/2414
f 2454/2997/2453 2453/3001/2455 2457/2941/2419 2458/2940/2418
o Sphere.004
v 0.856195 1.582126 -0.016983
v 0.865653 1.567380 -0.026452
v 0.868956 1.547743 -0.026452
v 0.864845 1.530715 -0.016983
v 0.862980 1.583267 -0.007514
v 0.876630 1.569227 -0.011131
v 0.879934 1.549590 -0.011131
v 0.871629 1.531857 -0.007514
v 0.862980 1.583267 0.004190
v 0.876630 1.569227 0.007807
v 0.879934 1.549590 0.007807
v 0.871629 1.531857 0.004190
v 0.856195 1.582126 0.013660
v 0.865653 1.567380 0.023129
v 0.868956 1.547743 0.023129
v 0.864845 1.530715 0.013660
v 0.845218 1.580279 0.017277
v 0.847891 1.564392 0.028981
v 0.851195 1.544755 0.028981
v 0.853867 1.528868 0.017277
v 0.844197 1.586347 -0.001662
v 0.834240 1.578432 0.013660
v 0.830129 1.561404 0.023129
v 0.833433 1.541767 0.023129
v 0.842890 1.527022 0.013660
v 0.827456 1.577290 0.004190
v 0.819152 1.559557 0.007807
v 0.822455 1.539920 0.007807
v 0.836106 1.525880 0.004190
v 0.854888 1.522800 -0.001662
v 0.827456 1.577290 -0.007514
v 0.819152 1.559557 -0.011131
v 0.822455 1.539920 -0.011131
v 0.836106 1.525880 -0.007514
v 0.834240 1.578432 -0.016983
v 0.830129 1.561404 -0.026452
v 0.833433 1.541767 -0.026452
v 0.842890 1.527022 -0.016983
v 0.845218 1.580279 -0.020600
v 0.847891 1.564392 -0.032305
v 0.851195 1.544755 -0.032305
v 0.853867 1.528868 -0.020600
vt 0.777624 0.420669
vt 0.753291 0.419707
vt 0.753425 0.400986
vt 0.779584 0.404030
vt 0.735334 0.419815
vt 0.713946 0.422809
vt 0.711579 0.408133
vt 0.732999 0.402023
vt 0.838941 0.563671
vt 0.822019 0.586962
vt 0.811561 0.572568
vt 0.838942 0.534883
vt 0.838942 0.563672
vt 0.822020 0.540381
vt 0.811561 0.554775
vt 0.727478 0.380703
vt 0.754566 0.376726
vt 0.811562 0.554776
vt 0.783533 0.386865
vt 0.706021 0.394281
vt 0.822019 0.540380
vt 0.762076 0.554973
vt 0.734989 0.558950
vt 0.736130 0.534690
vt 0.756556 0.533653
vt 0.811562 0.572569
vt 0.783533 0.541395
vt 0.777976 0.527543
vt 0.706021 0.548811
vt 0.709970 0.531646
vt 0.838941 0.534882
vt 0.736263 0.515969
vt 0.754220 0.515861
vt 0.822020 0.586963
vt 0.775608 0.512867
vt 0.711930 0.515007
vt 0.855863 0.540380
vt 0.736352 0.499171
vt 0.753256 0.499511
vt 0.838942 0.592462
vt 0.774784 0.498029
vt 0.713102 0.498904
vt 0.866321 0.554775
vt 0.736485 0.483177
vt 0.752942 0.483743
vt 0.855864 0.586963
vt 0.774716 0.483036
vt 0.713917 0.483210
vt 0.866321 0.572568
vt 0.736611 0.467520
vt 0.752944 0.468156
vt 0.866322 0.572569
vt 0.775051 0.467863
vt 0.714503 0.467813
vt 0.855863 0.586962
vt 0.736612 0.451933
vt 0.753070 0.452499
vt 0.866322 0.554776
vt 0.775638 0.452466
vt 0.714839 0.452640
vt 0.838941 0.592461
vt 0.736298 0.436165
vt 0.753203 0.436505
vt 0.855864 0.540381
vt 0.776453 0.436772
vt 0.714771 0.437647
vn 0.1295 -0.7696 -0.6252
vn 0.0485 -0.2884 -0.9563
vn 0.6028 -0.1952 -0.7736
vn 0.4919 -0.7086 -0.5058
vn -0.0485 0.2884 -0.9563
vn -0.1295 0.7696 -0.6252
vn 0.2329 0.8306 -0.5058
vn 0.5058 0.3817 -0.7736
vn 0.1659 -0.9861 0.0000
vn -0.1659 0.9861 0.0000
vn 0.7158 -0.6709 -0.1932
vn 0.8483 0.4393 -0.2955
vn 0.9454 -0.1375 -0.2955
vn 0.4569 0.8683 -0.1932
vn 0.7158 -0.6709 0.1932
vn 0.8483 0.4393 0.2955
vn 0.9454 -0.1375 0.2955
vn 0.4569 0.8683 0.1932
vn 0.4919 -0.7086 0.5058
vn 0.5058 0.3817 0.7736
vn 0.6028 -0.1952 0.7736
vn 0.2329 0.8306 0.5058
vn 0.1295 -0.7696 0.6252
vn -0.0485 0.2884 0.9563
vn 0.0485 -0.2884 0.9563
vn -0.1295 0.7696 0.6252
vn -0.2329 -0.8306 0.5058
vn -0.6028 0.1952 0.7736
vn -0.5058 -0.3817 0.7736
vn -0.4919 0.7086 0.5058
vn -0.4569 -0.8683 0.1932
vn -0.9454 0.1375 0.2955
vn -0.8483 -0.4393 0.2955
vn -0.7158 0.6709 0.1932
vn -0.4569 -0.8683 -0.1932
vn -0.9454 0.1375 -0.2955
vn -0.8483 -0.4393 -0.2955
vn -0.7158 0.6709 -0.1932
vn -0.2329 -0.8306 -0.5058
vn -0.6028 0.1952 -0.7736
vn -0.5058 -0.3817 -0.7736
vn -0.4919 0.7086 -0.5058
usemtl Material.001
s 1
f 2502/3002/2456 2501/3003/2457 2463/3004/2458 2464/3005/2459
f 2500/3006/2460 2499/3007/2461 2461/3008/2462 2462/3009/2463
f 2490/3010/2464 2502/3011/2456 2464/3012/2459
f 2501/3003/2457 2500/3006/2460 2462/3009/2463 2463/3004/2458
f 2499/3013/2461 2481/3014/2465 2461/3015/2462
f 2490/3010/2464 2464/3012/2459 2468/3016/2466
f 2463/3004/2458 2462/3009/2463 2466/3017/2467 2467/3018/2468
f 2461/3015/2462 2481/3014/2465 2465/3019/2469
f 2464/3005/2459 2463/3004/2458 2467/3018/2468 2468/3020/2466
f 2462/3009/2463 2461/3008/2462 2465/3021/2469 2466/3017/2467
f 2490/3010/2464 2468/3016/2466 2472/3022/2470
f 2467/3023/2468 2466/3024/2467 2470/3025/2471 2471/3026/2472
f 2465/3019/2469 2481/3014/2465 2469/3027/2473
f 2468/3028/2466 2467/3023/2468 2471/3026/2472 2472/3029/2470
f 2466/3024/2467 2465/3030/2469 2469/3031/2473 2470/3025/2471
f 2490/3010/2464 2472/3022/2470 2476/3032/2474
f 2471/3026/2472 2470/3025/2471 2474/3033/2475 2475/3034/2476
f 2469/3027/2473 2481/3014/2465 2473/3035/2477
f 2472/3029/2470 2471/3026/2472 2475/3034/2476 2476/3036/2474
f 2470/3025/2471 2469/3031/2473 2473/3037/2477 2474/3033/2475
f 2490/3010/2464 2476/3032/2474 2480/3038/2478
f 2475/3034/2476 2474/3033/2475 2478/3039/2479 2479/3040/2480
f 2473/3035/2477 2481/3014/2465 2477/3041/2481
f 2476/3036/2474 2475/3034/2476 2479/3040/2480 2480/3042/2478
f 2474/3033/2475 2473/3037/2477 2477/3043/2481 2478/3039/2479
f 2490/3010/2464 2480/3038/2478 2485/3044/2482
f 2479/3040/2480 2478/3039/2479 2483/3045/2483 2484/3046/2484
f 2477/3041/2481 2481/3014/2465 2482/3047/2485
f 2480/3042/2478 2479/3040/2480 2484/3046/2484 2485/3048/2482
f 2478/3039/2479 2477/3043/2481 2482/3049/2485 2483/3045/2483
f 2490/3010/2464 2485/3044/2482 2489/3050/2486
f 2484/3046/2484 2483/3045/2483 2487/3051/2487 2488/3052/2488
f 2482/3047/2485 2481/3014/2465 2486/3053/2489
f 2485/3048/2482 2484/3046/2484 2488/3052/2488 2489/3054/2486
f 2483/3045/2483 2482/3049/2485 2486/3055/2489 2487/3051/2487
f 2490/3010/2464 2489/3050/2486 2494/3056/2490
f 2488/3052/2488 2487/3051/2487 2492/3057/2491 2493/3058/2492
f 2486/3053/2489 2481/3014/2465 2491/3059/2493
f 2489/3054/2486 2488/3052/2488 2493/3058/2492 2494/3060/2490
f 2487/3051/2487 2486/3055/2489 2491/3061/2493 2492/3057/2491
f 2490/3010/2464 2494/3056/2490 2498/3062/2494
f 2493/3058/2492 2492/3057/2491 2496/3063/2495 2497/3064/2496
f 2491/3059/2493 2481/3014/2465 2495/3065/2497
f 2494/3060/2490 2493/3058/2492 2497/3064/2496 2498/3066/2494
f 2492/3057/2491 2491/3061/2493 2495/3067/2497 2496/3063/2495
f 2490/3010/2464 2498/3062/2494 2502/3011/2456
f 2497/3064/2496 2496/3063/2495 2500/3006/2460 2501/3003/2457
f 2495/3065/2497 2481/3014/2465 2499/3013/2461
f 2498/3066/2494 2497/3064/2496 2501/3003/2457 2502/3002/2456
f 2496/3063/2495 2495/3067/2497 2499/3007/2461 2500/3006/2460
o Sphere.005
v 0.901951 1.298589 -0.015321
v 0.910776 1.283457 -0.024791
v 0.913245 1.263698 -0.024791
v 0.908417 1.246859 -0.015321
v 0.908778 1.299443 -0.005852
v 0.921821 1.284838 -0.009469
v 0.924291 1.265079 -0.009469
v 0.915244 1.247712 -0.005852
v 0.908778 1.299443 0.005852
v 0.921821 1.284838 0.009469
v 0.924291 1.265079 0.009469
v 0.915244 1.247712 0.005852
v 0.901951 1.298589 0.015321
v 0.910776 1.283457 0.024791
v 0.913245 1.263698 0.024791
v 0.908417 1.246859 0.015321
v 0.890905 1.297209 0.018938
v 0.892903 1.281223 0.030643
v 0.895373 1.261464 0.030643
v 0.897371 1.245479 0.018938
v 0.890142 1.303315 0.000000
v 0.879860 1.295828 0.015321
v 0.875031 1.278989 0.024791
v 0.877501 1.259230 0.024791
v 0.886325 1.244098 0.015321
v 0.873033 1.294975 0.005852
v 0.863985 1.277609 0.009469
v 0.866455 1.257850 0.009469
v 0.879499 1.243245 0.005852
v 0.898134 1.239373 0.000000
v 0.873033 1.294975 -0.005852
v 0.863985 1.277609 -0.009469
v 0.866455 1.257850 -0.009469
v 0.879499 1.243245 -0.005852
v 0.879860 1.295828 -0.015321
v 0.875031 1.278989 -0.024791
v 0.877501 1.259230 -0.024791
v 0.886325 1.244098 -0.015321
v 0.890905 1.297209 -0.018938
v 0.892903 1.281223 -0.030643
v 0.895373 1.261464 -0.030643
v 0.897371 1.245479 -0.018938
vt 0.777625 0.420670
vt 0.753292 0.419708
vt 0.753425 0.400987
vt 0.779585 0.404031
vt 0.735335 0.419816
vt 0.713947 0.422810
vt 0.711579 0.408134
vt 0.732999 0.402025
vt 0.838941 0.563671
vt 0.822019 0.586962
vt 0.811561 0.572568
vt 0.838935 0.534883
vt 0.838935 0.563672
vt 0.822013 0.540381
vt 0.811561 0.554775
vt 0.727479 0.380704
vt 0.754566 0.376727
vt 0.811555 0.554776
vt 0.783534 0.386866
vt 0.706022 0.394282
vt 0.822019 0.540380
vt 0.762077 0.554974
vt 0.734990 0.558951
vt 0.736131 0.534691
vt 0.756557 0.533654
vt 0.811555 0.572569
vt 0.783534 0.541396
vt 0.777977 0.527544
vt 0.706022 0.548813
vt 0.709971 0.531648
vt 0.838941 0.534882
vt 0.736264 0.515971
vt 0.754221 0.515862
vt 0.822013 0.586963
vt 0.775609 0.512869
vt 0.711931 0.515008
vt 0.855863 0.540380
vt 0.736353 0.499172
vt 0.753257 0.499513
vt 0.838935 0.592462
vt 0.774784 0.498030
vt 0.713103 0.498905
vt 0.866321 0.554775
vt 0.736485 0.483178
vt 0.752943 0.483744
vt 0.855857 0.586963
vt 0.774717 0.483037
vt 0.713918 0.483211
vt 0.866321 0.572568
vt 0.736611 0.467521
vt 0.752945 0.468157
vt 0.866316 0.572569
vt 0.775052 0.467864
vt 0.714504 0.467815
vt 0.855863 0.586962
vt 0.736613 0.451934
vt 0.753071 0.452500
vt 0.866316 0.554776
vt 0.775638 0.452467
vt 0.714839 0.452642
vt 0.838941 0.592461
vt 0.736299 0.436166
vt 0.753203 0.436507
vt 0.855857 0.540381
vt 0.776453 0.436773
vt 0.714772 0.437648
vn 0.0968 -0.7744 -0.6252
vn 0.0363 -0.2902 -0.9563
vn 0.5940 -0.2205 -0.7736
vn 0.4614 -0.7288 -0.5058
vn -0.0363 0.2902 -0.9563
vn -0.0968 0.7744 -0.6252
vn 0.2679 0.8200 -0.5058
vn 0.5214 0.3599 -0.7736
vn 0.1240 -0.9922 0.0000
vn -0.1240 0.9922 0.0000
vn 0.6868 -0.7006 -0.1932
vn 0.8661 0.4030 -0.2955
vn 0.9387 -0.1774 -0.2955
vn 0.4932 0.8481 -0.1932
vn 0.6868 -0.7006 0.1932
vn 0.8661 0.4030 0.2955
vn 0.9387 -0.1774 0.2955
vn 0.4932 0.8481 0.1932
vn 0.4614 -0.7288 0.5058
vn 0.5214 0.3599 0.7736
vn 0.5940 -0.2205 0.7736
vn 0.2678 0.8200 0.5058
vn 0.0968 -0.7744 0.6252
vn -0.0363 0.2902 0.9563
vn 0.0363 -0.2902 0.9563
vn -0.0968 0.7744 0.6252
vn -0.2679 -0.8200 0.5058
vn -0.5940 0.2205 0.7736
vn -0.5214 -0.3599 0.7736
vn -0.4614 0.7288 0.5058
vn -0.4932 -0.8481 0.1932
vn -0.9387 0.1774 0.2955
vn -0.8661 -0.4030 0.2955
vn -0.6868 0.7006 0.1932
vn -0.4932 -0.8481 -0.1932
vn -0.9387 0.1774 -0.2955
vn -0.8661 -0.4030 -0.2955
vn -0.6868 0.7006 -0.1932
vn -0.2679 -0.8200 -0.5058
vn -0.5940 0.2205 -0.7736
vn -0.5214 -0.3599 -0.7736
vn -0.4614 0.7288 -0.5058
usemtl Material.001
s 1
f 2544/3068/2498 2543/3069/2499 2505/3070/2500 2506/3071/2501
f 2542/3072/2502 2541/3073/2503 2503/3074/2504 2504/3075/2505
f 2532/3076/2506 2544/3077/2498 2506/3078/2501
f 2543/3069/2499 2542/3072/2502 2504/3075/2505 2505/3070/2500
f 2541/3079/2503 2523/3080/2507 2503/3081/2504
f 2532/3076/2506 2506/3078/2501 2510/3082/2508
f 2505/3070/2500 2504/3075/2505 2508/3083/2509 2509/3084/2510
f 2503/3081/2504 2523/3080/2507 2507/3085/2511
f 2506/3071/2501 2505/3070/2500 2509/3084/2510 2510/3086/2508
f 2504/3075/2505 2503/3074/2504 2507/3087/2511 2508/3083/2509
f 2532/3076/2506 2510/3082/2508 2514/3088/2512
f 2509/3089/2510 2508/3090/2509 2512/3091/2513 2513/3092/2514
f 2507/3085/2511 2523/3080/2507 2511/3093/2515
f 2510/3094/2508 2509/3089/2510 2513/3092/2514 2514/3095/2512
f 2508/3090/2509 2507/3096/2511 2511/3097/2515 2512/3091/2513
f 2532/3076/2506 2514/3088/2512 2518/3098/2516
f 2513/3092/2514 2512/3091/2513 2516/3099/2517 2517/3100/2518
f 2511/3093/2515 2523/3080/2507 2515/3101/2519
f 2514/3095/2512 2513/3092/2514 2517/3100/2518 2518/3102/2516
f 2512/3091/2513 2511/3097/2515 2515/3103/2519 2516/3099/2517
f 2532/3076/2506 2518/3098/2516 2522/3104/2520
f 2517/3100/2518 2516/3099/2517 2520/3105/2521 2521/3106/2522
f 2515/3101/2519 2523/3080/2507 2519/3107/2523
f 2518/3102/2516 2517/3100/2518 2521/3106/2522 2522/3108/2520
f 2516/3099/2517 2515/3103/2519 2519/3109/2523 2520/3105/2521
f 2532/3076/2506 2522/3104/2520 2527/3110/2524
f 2521/3106/2522 2520/3105/2521 2525/3111/2525 2526/3112/2526
f 2519/3107/2523 2523/3080/2507 2524/3113/2527
f 2522/3108/2520 2521/3106/2522 2526/3112/2526 2527/3114/2524
f 2520/3105/2521 2519/3109/2523 2524/3115/2527 2525/3111/2525
f 2532/3076/2506 2527/3110/2524 2531/3116/2528
f 2526/3112/2526 2525/3111/2525 2529/3117/2529 2530/3118/2530
f 2524/3113/2527 2523/3080/2507 2528/3119/2531
f 2527/3114/2524 2526/3112/2526 2530/3118/2530 2531/3120/2528
f 2525/3111/2525 2524/3115/2527 2528/3121/2531 2529/3117/2529
f 2532/3076/2506 2531/3116/2528 2536/3122/2532
f 2530/3118/2530 2529/3117/2529 2534/3123/2533 2535/3124/2534
f 2528/3119/2531 2523/3080/2507 2533/3125/2535
f 2531/3120/2528 2530/3118/2530 2535/3124/2534 2536/3126/2532
f 2529/3117/2529 2528/3121/2531 2533/3127/2535 2534/3123/2533
f 2532/3076/2506 2536/3122/2532 2540/3128/2536
f 2535/3124/2534 2534/3123/2533 2538/3129/2537 2539/3130/2538
f 2533/3125/2535 2523/3080/2507 2537/3131/2539
f 2536/3126/2532 2535/3124/2534 2539/3130/2538 2540/3132/2536
f 2534/3123/2533 2533/3127/2535 2537/3133/2539 2538/3129/2537
f 2532/3076/2506 2540/3128/2536 2544/3077/2498
f 2539/3130/2538 2538/3129/2537 2542/3072/2502 2543/3069/2499
f 2537/3131/2539 2523/3080/2507 2541/3079/2503
f 2540/3132/2536 2539/3130/2538 2543/3069/2499 2544/3068/2498
f 2538/3129/2537 2537/3133/2539 2541/3073/2503 2542/3072/2502
o Sphere.006
v 0.926954 1.047832 -0.015321
v 0.934436 1.031992 -0.024791
v 0.935185 1.012093 -0.024791
v 0.928917 0.995736 -0.015321
v 0.933829 1.048091 -0.005852
v 0.945559 1.032411 -0.009469
v 0.946309 1.012512 -0.009469
v 0.935791 0.995995 -0.005852
v 0.933829 1.048091 0.005852
v 0.945559 1.032411 0.009469
v 0.946309 1.012512 0.009469
v 0.935791 0.995995 0.005852
v 0.926954 1.047832 0.015321
v 0.934436 1.031992 0.024791
v 0.935185 1.012093 0.024791
v 0.928917 0.995736 0.015321
v 0.915831 1.047413 0.018938
v 0.916437 1.031314 0.030643
v 0.917186 1.011415 0.030643
v 0.917793 0.995317 0.018938
v 0.915599 1.053562 0.000000
v 0.904707 1.046994 0.015321
v 0.898438 1.030636 0.024791
v 0.899188 1.010738 0.024791
v 0.906669 0.994898 0.015321
v 0.897832 1.046735 0.005852
v 0.887314 1.030218 0.009469
v 0.888064 1.010319 0.009469
v 0.899794 0.994639 0.005852
v 0.918024 0.989168 0.000000
v 0.897832 1.046735 -0.005852
v 0.887314 1.030218 -0.009469
v 0.888064 1.010319 -0.009469
v 0.899794 0.994639 -0.005852
v 0.904707 1.046994 -0.015321
v 0.898438 1.030636 -0.024791
v 0.899188 1.010738 -0.024791
v 0.906669 0.994898 -0.015321
v 0.915831 1.047413 -0.018938
v 0.916437 1.031314 -0.030643
v 0.917186 1.011415 -0.030643
v 0.917793 0.995317 -0.018938
vt 0.777624 0.420670
vt 0.753292 0.419708
vt 0.753425 0.400987
vt 0.779584 0.404031
vt 0.735335 0.419816
vt 0.713947 0.422810
vt 0.711579 0.408135
vt 0.732999 0.402025
vt 0.838942 0.563671
vt 0.822020 0.586962
vt 0.811561 0.572567
vt 0.838941 0.534882
vt 0.838941 0.563671
vt 0.822019 0.540380
vt 0.811561 0.554775
vt 0.727478 0.380705
vt 0.754566 0.376727
vt 0.811561 0.554775
vt 0.783534 0.386866
vt 0.706021 0.394283
vt 0.822020 0.540380
vt 0.762077 0.554974
vt 0.734989 0.558952
vt 0.736130 0.534692
vt 0.756556 0.533654
vt 0.811561 0.572567
vt 0.783534 0.541396
vt 0.777976 0.527544
vt 0.706021 0.548813
vt 0.709971 0.531648
vt 0.838942 0.534882
vt 0.736264 0.515971
vt 0.754221 0.515863
vt 0.822019 0.586962
vt 0.775608 0.512869
vt 0.711931 0.515009
vt 0.855863 0.540380
vt 0.736352 0.499172
vt 0.753256 0.499513
vt 0.838941 0.592460
vt 0.774784 0.498030
vt 0.713102 0.498906
vt 0.866322 0.554775
vt 0.736485 0.483179
vt 0.752943 0.483745
vt 0.855863 0.586962
vt 0.774716 0.483037
vt 0.713917 0.483211
vt 0.866322 0.572567
vt 0.736611 0.467522
vt 0.752944 0.468157
vt 0.866322 0.572567
vt 0.775051 0.467864
vt 0.714504 0.467815
vt 0.855863 0.586962
vt 0.736612 0.451934
vt 0.753070 0.452500
vt 0.866322 0.554775
vt 0.775638 0.452468
vt 0.714839 0.452642
vt 0.838942 0.592460
vt 0.736299 0.436166
vt 0.753203 0.436507
vt 0.855863 0.540380
vt 0.776453 0.436773
vt 0.714771 0.437649
vn 0.0294 -0.7799 -0.6252
vn 0.0110 -0.2922 -0.9563
vn 0.5727 -0.2711 -0.7736
vn 0.3966 -0.7660 -0.5058
vn -0.0110 0.2922 -0.9563
vn -0.0294 0.7799 -0.6252
vn 0.3378 0.7937 -0.5058
vn 0.5506 0.3134 -0.7736
vn 0.0376 -0.9993 0.0000
vn -0.0376 0.9993 0.0000
vn 0.6236 -0.7575 -0.1932
vn 0.8978 0.3265 -0.2955
vn 0.9198 -0.2580 -0.2955
vn 0.5648 0.8022 -0.1932
vn 0.6236 -0.7575 0.1932
vn 0.8978 0.3265 0.2955
vn 0.9198 -0.2580 0.2955
vn 0.5648 0.8022 0.1932
vn 0.3966 -0.7660 0.5058
vn 0.5507 0.3134 0.7736
vn 0.5727 -0.2711 0.7736
vn 0.3378 0.7937 0.5058
vn 0.0294 -0.7799 0.6252
vn -0.0110 0.2922 0.9563
vn 0.0110 -0.2922 0.9563
vn -0.0294 0.7799 0.6252
vn -0.3378 -0.7937 0.5058
vn -0.5727 0.2711 0.7736
vn -0.5506 -0.3134 0.7736
vn -0.3966 0.7660 0.5058
vn -0.5648 -0.8023 0.1932
vn -0.9198 0.2580 0.2955
vn -0.8978 -0.3265 0.2955
vn -0.6236 0.7575 0.1932
vn -0.5648 -0.8023 -0.1932
vn -0.9198 0.2580 -0.2955
vn -0.8978 -0.3265 -0.2955
vn -0.6236 0.7575 -0.1932
vn -0.3378 -0.7937 -0.5058
vn -0.5727 0.2711 -0.7736
vn -0.5506 -0.3134 -0.7736
vn -0.3966 0.7660 -0.5058
usemtl Material.001
s 1
f 2586/3134/2540 2585/3135/2541 2547/3136/2542 2548/3137/2543
f 2584/3138/2544 2583/3139/2545 2545/3140/2546 2546/3141/2547
f 2574/3142/2548 2586/3143/2540 2548/3144/2543
f 2585/3135/2541 2584/3138/2544 2546/3141/2547 2547/3136/2542
f 2583/3145/2545 2565/3146/2549 2545/3147/2546
f 2574/3142/2548 2548/3144/2543 2552/3148/2550
f 2547/3136/2542 2546/3141/2547 2550/3149/2551 2551/3150/2552
f 2545/3147/2546 2565/3146/2549 2549/3151/2553
f 2548/3137/2543 2547/3136/2542 2551/3150/2552 2552/3152/2550
f 2546/3141/2547 2545/3140/2546 2549/3153/2553 2550/3149/2551
f 2574/3142/2548 2552/3148/2550 2556/3154/2554
f 2551/3155/2552 2550/3156/2551 2554/3157/2555 2555/3158/2556
f 2549/3151/2553 2565/3146/2549 2553/3159/2557
f 2552/3160/2550 2551/3155/2552 2555/3158/2556 2556/3161/2554
f 2550/3156/2551 2549/3162/2553 2553/3163/2557 2554/3157/2555
f 2574/3142/2548 2556/3154/2554 2560/3164/2558
f 2555/3158/2556 2554/3157/2555 2558/3165/2559 2559/3166/2560
f 2553/3159/2557 2565/3146/2549 2557/3167/2561
f 2556/3161/2554 2555/3158/2556 2559/3166/2560 2560/3168/2558
f 2554/3157/2555 2553/3163/2557 2557/3169/2561 2558/3165/2559
f 2574/3142/2548 2560/3164/2558 2564/3170/2562
f 2559/3166/2560 2558/3165/2559 2562/3171/2563 2563/3172/2564
f 2557/3167/2561 2565/3146/2549 2561/3173/2565
f 2560/3168/2558 2559/3166/2560 2563/3172/2564 2564/3174/2562
f 2558/3165/2559 2557/3169/2561 2561/3175/2565 2562/3171/2563
f 2574/3142/2548 2564/3170/2562 2569/3176/2566
f 2563/3172/2564 2562/3171/2563 2567/3177/2567 2568/3178/2568
f 2561/3173/2565 2565/3146/2549 2566/3179/2569
f 2564/3174/2562 2563/3172/2564 2568/3178/2568 2569/3180/2566
f 2562/3171/2563 2561/3175/2565 2566/3181/2569 2567/3177/2567
f 2574/3142/2548 2569/3176/2566 2573/3182/2570
f 2568/3178/2568 2567/3177/2567 2571/3183/2571 2572/3184/2572
f 2566/3179/2569 2565/3146/2549 2570/3185/2573
f 2569/3180/2566 2568/3178/2568 2572/3184/2572 2573/3186/2570
f 2567/3177/2567 2566/3181/2569 2570/3187/2573 2571/3183/2571
f 2574/3142/2548 2573/3182/2570 2578/3188/2574
f 2572/3184/2572 2571/3183/2571 2576/3189/2575 2577/3190/2576
f 2570/3185/2573 2565/3146/2549 2575/3191/2577
f 2573/3186/2570 2572/3184/2572 2577/3190/2576 2578/3192/2574
f 2571/3183/2571 2570/3187/2573 2575/3193/2577 2576/3189/2575
f 2574/3142/2548 2578/3188/2574 2582/3194/2578
f 2577/3190/2576 2576/3189/2575 2580/3195/2579 2581/3196/2580
f 2575/3191/2577 2565/3146/2549 2579/3197/2581
f 2578/3192/2574 2577/3190/2576 2581/3196/2580 2582/3198/2578
f 2576/3189/2575 2575/3193/2577 2579/3199/2581 2580/3195/2579
f 2574/3142/2548 2582/3194/2578 2586/3143/2540
f 2581/3196/2580 2580/3195/2579 2584/3138/2544 2585/3135/2541
f 2579/3197/2581 2565/3146/2549 2583/3145/2545
f 2582/3198/2578 2581/3196/2580 2585/3135/2541 2586/3134/2540
f 2580/3195/2579 2579/3199/2581 2583/3139/2545 2584/3138/2544
o Sphere.007
v 0.933839 0.722069 -0.015321
v 0.940172 0.705736 -0.024791
v 0.939500 0.685834 -0.024791
v 0.932081 0.669966 -0.015321
v 0.940715 0.721837 -0.005852
v 0.951297 0.705360 -0.009469
v 0.950625 0.685459 -0.009469
v 0.938957 0.669733 -0.005852
v 0.940715 0.721837 0.005852
v 0.951297 0.705360 0.009469
v 0.950625 0.685459 0.009469
v 0.938957 0.669733 0.005852
v 0.933839 0.722069 0.015321
v 0.940172 0.705736 0.024791
v 0.939500 0.685834 0.024791
v 0.932081 0.669966 0.015321
v 0.922714 0.722444 0.018938
v 0.922171 0.706343 0.030643
v 0.921499 0.686442 0.030643
v 0.920956 0.670341 0.018938
v 0.922921 0.728594 0.000000
v 0.911589 0.722819 0.015321
v 0.904169 0.706951 0.024791
v 0.903498 0.687049 0.024791
v 0.909830 0.670716 0.015321
v 0.904713 0.723051 0.005852
v 0.893044 0.707326 0.009469
v 0.892372 0.687425 0.009469
v 0.902954 0.670948 0.005852
v 0.920748 0.664191 0.000000
v 0.904713 0.723051 -0.005852
v 0.893044 0.707326 -0.009469
v 0.892372 0.687425 -0.009469
v 0.902954 0.670948 -0.005852
v 0.911589 0.722819 -0.015321
v 0.904169 0.706951 -0.024791
v 0.903498 0.687049 -0.024791
v 0.909830 0.670716 -0.015321
v 0.922714 0.722444 -0.018938
v 0.922171 0.706343 -0.030643
v 0.921499 0.686442 -0.030643
v 0.920956 0.670341 -0.018938
vt 0.777624 0.420669
vt 0.753292 0.419707
vt 0.753425 0.400986
vt 0.779584 0.404030
vt 0.735335 0.419815
vt 0.713947 0.422809
vt 0.711579 0.408133
vt 0.732999 0.402023
vt 0.838941 0.563671
vt 0.822019 0.586962
vt 0.811561 0.572567
vt 0.838941 0.534885
vt 0.838941 0.563674
vt 0.822019 0.540383
vt 0.811561 0.554775
vt 0.727478 0.380703
vt 0.754566 0.376726
vt 0.811561 0.554777
vt 0.783534 0.386865
vt 0.706021 0.394281
vt 0.822019 0.540380
vt 0.762077 0.554973
vt 0.734989 0.558950
vt 0.736130 0.534690
vt 0.756556 0.533653
vt 0.811561 0.572570
vt 0.783534 0.541395
vt 0.777976 0.527543
vt 0.706021 0.548811
vt 0.709971 0.531646
vt 0.838941 0.534882
vt 0.736263 0.515969
vt 0.754220 0.515861
vt 0.822019 0.586965
vt 0.775608 0.512867
vt 0.711931 0.515007
vt 0.855863 0.540380
vt 0.736352 0.499171
vt 0.753256 0.499511
vt 0.838941 0.592463
vt 0.774784 0.498029
vt 0.713102 0.498904
vt 0.866321 0.554775
vt 0.736485 0.483177
vt 0.752943 0.483743
vt 0.855863 0.586965
vt 0.774716 0.483036
vt 0.713917 0.483210
vt 0.866321 0.572567
vt 0.736611 0.467520
vt 0.752944 0.468156
vt 0.866322 0.572570
vt 0.775051 0.467863
vt 0.714504 0.467813
vt 0.855863 0.586962
vt 0.736612 0.451933
vt 0.753070 0.452499
vt 0.866322 0.554777
vt 0.775638 0.452466
vt 0.714839 0.452640
vt 0.838941 0.592460
vt 0.736299 0.436165
vt 0.753203 0.436505
vt 0.855863 0.540383
vt 0.776453 0.436772
vt 0.714771 0.437647
vn -0.0263 -0.7800 -0.6252
vn -0.0099 -0.2923 -0.9563
vn 0.5519 -0.3113 -0.7736
vn 0.3410 -0.7924 -0.5058
vn 0.0099 0.2923 -0.9563
vn 0.0263 0.7800 -0.6252
vn 0.3936 0.7676 -0.5058
vn 0.5716 0.2734 -0.7736
vn -0.0337 -0.9994 0.0000
vn 0.0337 0.9994 0.0000
vn 0.5679 -0.8000 -0.1932
vn 0.9188 0.2616 -0.2955
vn 0.8991 -0.3230 -0.2955
vn 0.6206 0.7599 -0.1932
vn 0.5679 -0.8000 0.1932
vn 0.9188 0.2616 0.2955
vn 0.8991 -0.3230 0.2955
vn 0.6206 0.7599 0.1932
vn 0.3410 -0.7924 0.5058
vn 0.5716 0.2734 0.7736
vn 0.5519 -0.3113 0.7736
vn 0.3936 0.7676 0.5058
vn -0.0263 -0.7800 0.6252
vn 0.0099 0.2923 0.9563
vn -0.0099 -0.2923 0.9563
vn 0.0263 0.7800 0.6252
vn -0.3936 -0.7676 0.5058
vn -0.5519 0.3113 0.7736
vn -0.5716 -0.2734 0.7736
vn -0.3410 0.7924 0.5058
vn -0.6206 -0.7599 0.1932
vn -0.8991 0.3230 0.2955
vn -0.9188 -0.2616 0.2955
vn -0.5679 0.8000 0.1932
vn -0.6206 -0.7599 -0.1932
vn -0.8991 0.3230 -0.2955
vn -0.9188 -0.2616 -0.2955
vn -0.5679 0.8000 -0.1932
vn -0.3936 -0.7676 -0.5058
vn -0.5519 0.3113 -0.7736
vn -0.5716 -0.2734 -0.7736
vn -0.3410 0.7924 -0.5058
usemtl Material.001
s 1
f 2628/3200/2582 2627/3201/2583 2589/3202/2584 2590/3203/2585
f 2626/3204/2586 2625/3205/2587 2587/3206/2588 2588/3207/2589
f 2616/3208/2590 2628/3209/2582 2590/3210/2585
f 2627/3201/2583 2626/3204/2586 2588/3207/2589 2589/3202/2584
f 2625/3211/2587 2607/3212/2591 2587/3213/2588
f 2616/3208/2590 2590/3210/2585 2594/3214/2592
f 2589/3202/2584 2588/3207/2589 2592/3215/2593 2593/3216/2594
f 2587/3213/2588 2607/3212/2591 2591/3217/2595
f 2590/3203/2585 2589/3202/2584 2593/3216/2594 2594/3218/2592
f 2588/3207/2589 2587/3206/2588 2591/3219/2595 2592/3215/2593
f 2616/3208/2590 2594/3214/2592 2598/3220/2596
f 2593/3221/2594 2592/3222/2593 2596/3223/2597 2597/3224/2598
f 2591/3217/2595 2607/3212/2591 2595/3225/2599
f 2594/3226/2592 2593/3221/2594 2597/3224/2598 2598/3227/2596
f 2592/3222/2593 2591/3228/2595 2595/3229/2599 2596/3223/2597
f 2616/3208/2590 2598/3220/2596 2602/3230/2600
f 2597/3224/2598 2596/3223/2597 2600/3231/2601 2601/3232/2602
f 2595/3225/2599 2607/3212/2591 2599/3233/2603
f 2598/3227/2596 2597/3224/2598 2601/3232/2602 2602/3234/2600
f 2596/3223/2597 2595/3229/2599 2599/3235/2603 2600/3231/2601
f 2616/3208/2590 2602/3230/2600 2606/3236/2604
f 2601/3232/2602 2600/3231/2601 2604/3237/2605 2605/3238/2606
f 2599/3233/2603 2607/3212/2591 2603/3239/2607
f 2602/3234/2600 2601/3232/2602 2605/3238/2606 2606/3240/2604
f 2600/3231/2601 2599/3235/2603 2603/3241/2607 2604/3237/2605
f 2616/3208/2590 2606/3236/2604 2611/3242/2608
f 2605/3238/2606 2604/3237/2605 2609/3243/2609 2610/3244/2610
f 2603/3239/2607 2607/3212/2591 2608/3245/2611
f 2606/3240/2604 2605/3238/2606 2610/3244/2610 2611/3246/2608
f 2604/3237/2605 2603/3241/2607 2608/3247/2611 2609/3243/2609
f 2616/3208/2590 2611/3242/2608 2615/3248/2612
f 2610/3244/2610 2609/3243/2609 2613/3249/2613 2614/3250/2614
f 2608/3245/2611 2607/3212/2591 2612/3251/2615
f 2611/3246/2608 2610/3244/2610 2614/3250/2614 2615/3252/2612
f 2609/3243/2609 2608/3247/2611 2612/3253/2615 2613/3249/2613
f 2616/3208/2590 2615/3248/2612 2620/3254/2616
f 2614/3250/2614 2613/3249/2613 2618/3255/2617 2619/3256/2618
f 2612/3251/2615 2607/3212/2591 2617/3257/2619
f 2615/3252/2612 2614/3250/2614 2619/3256/2618 2620/3258/2616
f 2613/3249/2613 2612/3253/2615 2617/3259/2619 2618/3255/2617
f 2616/3208/2590 2620/3254/2616 2624/3260/2620
f 2619/3256/2618 2618/3255/2617 2622/3261/2621 2623/3262/2622
f 2617/3257/2619 2607/3212/2591 2621/3263/2623
f 2620/3258/2616 2619/3256/2618 2623/3262/2622 2624/3264/2620
f 2618/3255/2617 2617/3259/2619 2621/3265/2623 2622/3261/2621
f 2616/3208/2590 2624/3260/2620 2628/3209/2582
f 2623/3262/2622 2622/3261/2621 2626/3204/2586 2627/3201/2583
f 2621/3263/2623 2607/3212/2591 2625/3211/2587
f 2624/3264/2620 2623/3262/2622 2627/3201/2583 2628/3200/2582
f 2622/3261/2621 2621/3265/2623 2625/3205/2587 2626/3204/2586
o Sphere.008
v 0.933839 0.378973 -0.015321
v 0.940172 0.362640 -0.024791
v 0.939500 0.342738 -0.024791
v 0.932081 0.326870 -0.015321
v 0.940715 0.378741 -0.005852
v 0.951297 0.362264 -0.009469
v 0.950625 0.342363 -0.009469
v 0.938957 0.326638 -0.005852
v 0.940715 0.378741 0.005852
v 0.951297 0.362264 0.009469
v 0.950625 0.342363 0.009469
v 0.938957 0.326638 0.005852
v 0.933839 0.378973 0.015321
v 0.940172 0.362640 0.024791
v 0.939500 0.342738 0.024791
v 0.932081 0.326870 0.015321
v 0.922714 0.379348 0.018938
v 0.922171 0.363247 0.030643
v 0.921499 0.343346 0.030643
v 0.920956 0.327245 0.018938
v 0.922921 0.385498 0.000000
v 0.911589 0.379723 0.015321
v 0.904169 0.363855 0.024791
v 0.903498 0.343953 0.024791
v 0.909830 0.327620 0.015321
v 0.904713 0.379956 0.005852
v 0.893044 0.364230 0.009469
v 0.892372 0.344329 0.009469
v 0.902954 0.327852 0.005852
v 0.920748 0.321095 0.000000
v 0.904713 0.379956 -0.005852
v 0.893044 0.364230 -0.009469
v 0.892372 0.344329 -0.009469
v 0.902954 0.327852 -0.005852
v 0.911589 0.379723 -0.015321
v 0.904169 0.363855 -0.024791
v 0.903498 0.343953 -0.024791
v 0.909830 0.327620 -0.015321
v 0.922714 0.379348 -0.018938
v 0.922171 0.363247 -0.030643
v 0.921499 0.343346 -0.030643
v 0.920956 0.327245 -0.018938
vt 0.777624 0.420670
vt 0.753291 0.419708
vt 0.753425 0.400987
vt 0.779584 0.404031
vt 0.735334 0.419816
vt 0.713947 0.422810
vt 0.711579 0.408135
vt 0.732999 0.402025
vt 0.838944 0.563672
vt 0.822022 0.586963
vt 0.811564 0.572568
vt 0.838941 0.534882
vt 0.838941 0.563671
vt 0.822019 0.540380
vt 0.811564 0.554776
vt 0.727478 0.380705
vt 0.754566 0.376727
vt 0.811561 0.554775
vt 0.783534 0.386866
vt 0.706021 0.394283
vt 0.822022 0.540381
vt 0.762077 0.554974
vt 0.734989 0.558952
vt 0.736130 0.534692
vt 0.756556 0.533654
vt 0.811561 0.572567
vt 0.783534 0.541396
vt 0.777976 0.527544
vt 0.706021 0.548813
vt 0.709971 0.531648
vt 0.838944 0.534883
vt 0.736263 0.515971
vt 0.754220 0.515863
vt 0.822019 0.586962
vt 0.775608 0.512869
vt 0.711930 0.515009
vt 0.855866 0.540381
vt 0.736352 0.499172
vt 0.753256 0.499513
vt 0.838941 0.592460
vt 0.774784 0.498030
vt 0.713102 0.498906
vt 0.866324 0.554776
vt 0.736485 0.483179
vt 0.752943 0.483745
vt 0.855863 0.586962
vt 0.774716 0.483037
vt 0.713917 0.483211
vt 0.866324 0.572568
vt 0.736611 0.467522
vt 0.752944 0.468157
vt 0.866321 0.572567
vt 0.775051 0.467864
vt 0.714503 0.467815
vt 0.855866 0.586963
vt 0.736612 0.451934
vt 0.753070 0.452500
vt 0.866321 0.554775
vt 0.775638 0.452468
vt 0.714839 0.452642
vt 0.838944 0.592461
vt 0.736299 0.436166
vt 0.753203 0.436507
vt 0.855863 0.540380
vt 0.776453 0.436773
vt 0.714771 0.437649
vn -0.0263 -0.7800 -0.6252
vn -0.0099 -0.2923 -0.9563
vn 0.5519 -0.3113 -0.7736
vn 0.3410 -0.7924 -0.5058
vn 0.0099 0.2923 -0.9563
vn 0.0263 0.7800 -0.6252
vn 0.3936 0.7676 -0.5058
vn 0.5716 0.2734 -0.7736
vn -0.0337 -0.9994 0.0000
vn 0.0337 0.9994 0.0000
vn 0.5679 -0.8000 -0.1932
vn 0.9188 0.2616 -0.2955
vn 0.8991 -0.3230 -0.2955
vn 0.6206 0.7599 -0.1932
vn 0.5679 -0.8000 0.1932
vn 0.9188 0.2616 0.2955
vn 0.8991 -0.3230 0.2955
vn 0.6206 0.7599 0.1932
vn 0.3410 -0.7924 0.5058
vn 0.5716 0.2734 0.7736
vn 0.5519 -0.3113 0.7736
vn 0.3936 0.7676 0.5058
vn -0.0263 -0.7800 0.6252
vn 0.0099 0.2923 0.9563
vn -0.0099 -0.2923 0.9563
vn 0.0263 0.7800 0.6252
vn -0.3936 -0.7676 0.5058
vn -0.5519 0.3113 0.7736
vn -0.5716 -0.2734 0.7736
vn -0.3410 0.7924 0.5058
vn -0.6206 -0.7599 0.1932
vn -0.8991 0.3230 0.2955
vn -0.9188 -0.2616 0.2955
vn -0.5679 0.8000 0.1932
vn -0.6206 -0.7599 -0.1932
vn -0.8991 0.3230 -0.2955
vn -0.9188 -0.2616 -0.2955
vn -0.5679 0.8000 -0.1932
vn -0.3936 -0.7676 -0.5058
vn -0.5519 0.3113 -0.7736
vn -0.5716 -0.2734 -0.7736
vn -0.3410 0.7924 -0.5058
usemtl Material.001
s 1
f 2670/3266/2624 2669/3267/2625 2631/3268/2626 2632/3269/2627
f 2668/3270/2628 2667/3271/2629 2629/3272/2630 2630/3273/2631
f 2658/3274/2632 2670/3275/2624 2632/3276/2627
f 2669/3267/2625 2668/3270/2628 2630/3273/2631 2631/3268/2626
f 2667/3277/2629 2649/3278/2633 2629/3279/2630
f 2658/3274/2632 2632/3276/2627 2636/3280/2634
f 2631/3268/2626 2630/3273/2631 2634/3281/2635 2635/3282/2636
f 2629/3279/2630 2649/3278/2633 2633/3283/2637
f 2632/3269/2627 2631/3268/2626 2635/3282/2636 2636/3284/2634
f 2630/3273/2631 2629/3272/2630 2633/3285/2637 2634/3281/2635
f 2658/3274/2632 2636/3280/2634 2640/3286/2638
f 2635/3287/2636 2634/3288/2635 2638/3289/2639 2639/3290/2640
f 2633/3283/2637 2649/3278/2633 2637/3291/2641
f 2636/3292/2634 2635/3287/2636 2639/3290/2640 2640/3293/2638
f 2634/3288/2635 2633/3294/2637 2637/3295/2641 2638/3289/2639
f 2658/3274/2632 2640/3286/2638 2644/3296/2642
f 2639/3290/2640 2638/3289/2639 2642/3297/2643 2643/3298/2644
f 2637/3291/2641 2649/3278/2633 2641/3299/2645
f 2640/3293/2638 2639/3290/2640 2643/3298/2644 2644/3300/2642
f 2638/3289/2639 2637/3295/2641 2641/3301/2645 2642/3297/2643
f 2658/3274/2632 2644/3296/2642 2648/3302/2646
f 2643/3298/2644 2642/3297/2643 2646/3303/2647 2647/3304/2648
f 2641/3299/2645 2649/3278/2633 2645/3305/2649
f 2644/3300/2642 2643/3298/2644 2647/3304/2648 2648/3306/2646
f 2642/3297/2643 2641/3301/2645 2645/3307/2649 2646/3303/2647
f 2658/3274/2632 2648/3302/2646 2653/3308/2650
f 2647/3304/2648 2646/3303/2647 2651/3309/2651 2652/3310/2652
f 2645/3305/2649 2649/3278/2633 2650/3311/2653
f 2648/3306/2646 2647/3304/2648 2652/3310/2652 2653/3312/2650
f 2646/3303/2647 2645/3307/2649 2650/3313/2653 2651/3309/2651
f 2658/3274/2632 2653/3308/2650 2657/3314/2654
f 2652/3310/2652 2651/3309/2651 2655/3315/2655 2656/3316/2656
f 2650/3311/2653 2649/3278/2633 2654/3317/2657
f 2653/3312/2650 2652/3310/2652 2656/3316/2656 2657/3318/2654
f 2651/3309/2651 2650/3313/2653 2654/3319/2657 2655/3315/2655
f 2658/3274/2632 2657/3314/2654 2662/3320/2658
f 2656/3316/2656 2655/3315/2655 2660/3321/2659 2661/3322/2660
f 2654/3317/2657 2649/3278/2633 2659/3323/2661
f 2657/3318/2654 2656/3316/2656 2661/3322/2660 2662/3324/2658
f 2655/3315/2655 2654/3319/2657 2659/3325/2661 2660/3321/2659
f 2658/3274/2632 2662/3320/2658 2666/3326/2662
f 2661/3322/2660 2660/3321/2659 2664/3327/2663 2665/3328/2664
f 2659/3323/2661 2649/3278/2633 2663/3329/2665
f 2662/3324/2658 2661/3322/2660 2665/3328/2664 2666/3330/2662
f 2660/3321/2659 2659/3325/2661 2663/3331/2665 2664/3327/2663
f 2658/3274/2632 2666/3326/2662 2670/3275/2624
f 2665/3328/2664 2664/3327/2663 2668/3270/2628 2669/3267/2625
f 2663/3329/2665 2649/3278/2633 2667/3277/2629
f 2666/3330/2662 2665/3328/2664 2669/3267/2625 2670/3266/2624
f 2664/3327/2663 2663/3331/2665 2667/3271/2629 2668/3270/2628
o Sphere.009
v 0.929043 0.083702 -0.015321
v 0.935375 0.067370 -0.024791
v 0.934704 0.047468 -0.024791
v 0.927285 0.031599 -0.015321
v 0.935919 0.083470 -0.005852
v 0.946501 0.066994 -0.009469
v 0.945829 0.047093 -0.009469
v 0.934160 0.031367 -0.005852
v 0.935919 0.083470 0.005852
v 0.946501 0.066994 0.009469
v 0.945829 0.047093 0.009469
v 0.934160 0.031367 0.005852
v 0.929043 0.083702 0.015321
v 0.935375 0.067370 0.024791
v 0.934704 0.047468 0.024791
v 0.927285 0.031599 0.015321
v 0.917918 0.084078 0.018938
v 0.917374 0.067977 0.030643
v 0.916703 0.048076 0.030643
v 0.916159 0.031975 0.018938
v 0.918125 0.090228 0.000000
v 0.906792 0.084453 0.015321
v 0.899373 0.068585 0.024791
v 0.898701 0.048683 0.024791
v 0.905034 0.032350 0.015321
v 0.899916 0.084685 0.005852
v 0.888248 0.068960 0.009469
v 0.887576 0.049058 0.009469
v 0.898158 0.032582 0.005852
v 0.915952 0.025825 0.000000
v 0.899916 0.084685 -0.005852
v 0.888248 0.068960 -0.009469
v 0.887576 0.049058 -0.009469
v 0.898158 0.032582 -0.005852
v 0.906792 0.084453 -0.015321
v 0.899373 0.068585 -0.024791
v 0.898701 0.048683 -0.024791
v 0.905034 0.032350 -0.015321
v 0.917918 0.084078 -0.018938
v 0.917374 0.067977 -0.030643
v 0.916703 0.048076 -0.030643
v 0.916159 0.031975 -0.018938
vt 0.777624 0.420670
vt 0.753291 0.419708
vt 0.753425 0.400987
vt 0.779584 0.404031
vt 0.735334 0.419816
vt 0.713947 0.422810
vt 0.711579 0.408135
vt 0.732999 0.402025
vt 0.838944 0.563672
vt 0.822022 0.586963
vt 0.811564 0.572568
vt 0.838941 0.534883
vt 0.838941 0.563672
vt 0.822020 0.540381
vt 0.811564 0.554776
vt 0.727478 0.380705
vt 0.754566 0.376727
vt 0.811561 0.554776
vt 0.783534 0.386866
vt 0.706021 0.394283
vt 0.822022 0.540381
vt 0.762077 0.554974
vt 0.734989 0.558951
vt 0.736130 0.534692
vt 0.756556 0.533654
vt 0.811561 0.572569
vt 0.783534 0.541396
vt 0.777976 0.527544
vt 0.706021 0.548813
vt 0.709971 0.531648
vt 0.838944 0.534883
vt 0.736263 0.515971
vt 0.754220 0.515862
vt 0.822020 0.586963
vt 0.775608 0.512869
vt 0.711930 0.515008
vt 0.855866 0.540381
vt 0.736352 0.499172
vt 0.753256 0.499513
vt 0.838941 0.592462
vt 0.774784 0.498030
vt 0.713102 0.498905
vt 0.866324 0.554776
vt 0.736485 0.483178
vt 0.752943 0.483745
vt 0.855863 0.586963
vt 0.774716 0.483037
vt 0.713917 0.483211
vt 0.866324 0.572568
vt 0.736611 0.467521
vt 0.752944 0.468157
vt 0.866322 0.572569
vt 0.775051 0.467864
vt 0.714503 0.467815
vt 0.855866 0.586963
vt 0.736612 0.451934
vt 0.753070 0.452500
vt 0.866322 0.554776
vt 0.775638 0.452468
vt 0.714839 0.452642
vt 0.838944 0.592461
vt 0.736299 0.436166
vt 0.753203 0.436507
vt 0.855863 0.540381
vt 0.776453 0.436773
vt 0.714771 0.437648
vn -0.0263 -0.7800 -0.6252
vn -0.0099 -0.2923 -0.9563
vn 0.5519 -0.3113 -0.7736
vn 0.3410 -0.7924 -0.5058
vn 0.0099 0.2923 -0.9563
vn 0.0263 0.7800 -0.6252
vn 0.3936 0.7676 -0.5058
vn 0.5716 0.2734 -0.7736
vn -0.0337 -0.9994 0.0000
vn 0.0337 0.9994 0.0000
vn 0.5679 -0.8000 -0.1932
vn 0.9188 0.2616 -0.2955
vn 0.8991 -0.3230 -0.2955
vn 0.6206 0.7599 -0.1932
vn 0.5679 -0.8000 0.1932
vn 0.9188 0.2616 0.2955
vn 0.8991 -0.3230 0.2955
vn 0.6206 0.7599 0.1932
vn 0.3410 -0.7924 0.5058
vn 0.5716 0.2734 0.7736
vn 0.5519 -0.3113 0.7736
vn 0.3936 0.7676 0.5058
vn -0.0263 -0.7800 0.6252
vn 0.0099 0.2923 0.9563
vn -0.0099 -0.2923 0.9563
vn 0.0263 0.7800 0.6252
vn -0.3936 -0.7676 0.5058
vn -0.5519 0.3113 0.7736
vn -0.5716 -0.2734 0.7736
vn -0.3410 0.7924 0.5058
vn -0.6206 -0.7599 0.1932
vn -0.8991 0.3230 0.2955
vn -0.9188 -0.2616 0.2955
vn -0.5679 0.8000 0.1932
vn -0.6206 -0.7599 -0.1932
vn -0.8991 0.3230 -0.2955
vn -0.9188 -0.2616 -0.2955
vn -0.5679 0.8000 -0.1932
vn -0.3936 -0.7676 -0.5058
vn -0.5519 0.3113 -0.7736
vn -0.5716 -0.2734 -0.7736
vn -0.3410 0.7924 -0.5058
usemtl Material.001
s 1
f 2712/3332/2666 2711/3333/2667 2673/3334/2668 2674/3335/2669
f 2710/3336/2670 2709/3337/2671 2671/3338/2672 2672/3339/2673
f 2700/3340/2674 2712/3341/2666 2674/3342/2669
f 2711/3333/2667 2710/3336/2670 2672/3339/2673 2673/3334/2668
f 2709/3343/2671 2691/3344/2675 2671/3345/2672
f 2700/3340/2674 2674/3342/2669 2678/3346/2676
f 2673/3334/2668 2672/3339/2673 2676/3347/2677 2677/3348/2678
f 2671/3345/2672 2691/3344/2675 2675/3349/2679
f 2674/3335/2669 2673/3334/2668 2677/3348/2678 2678/3350/2676
f 2672/3339/2673 2671/3338/2672 2675/3351/2679 2676/3347/2677
f 2700/3340/2674 2678/3346/2676 2682/3352/2680
f 2677/3353/2678 2676/3354/2677 2680/3355/2681 2681/3356/2682
f 2675/3349/2679 2691/3344/2675 2679/3357/2683
f 2678/3358/2676 2677/3353/2678 2681/3356/2682 2682/3359/2680
f 2676/3354/2677 2675/3360/2679 2679/3361/2683 2680/3355/2681
f 2700/3340/2674 2682/3352/2680 2686/3362/2684
f 2681/3356/2682 2680/3355/2681 2684/3363/2685 2685/3364/2686
f 2679/3357/2683 2691/3344/2675 2683/3365/2687
f 2682/3359/2680 2681/3356/2682 2685/3364/2686 2686/3366/2684
f 2680/3355/2681 2679/3361/2683 2683/3367/2687 2684/3363/2685
f 2700/3340/2674 2686/3362/2684 2690/3368/2688
f 2685/3364/2686 2684/3363/2685 2688/3369/2689 2689/3370/2690
f 2683/3365/2687 2691/3344/2675 2687/3371/2691
f 2686/3366/2684 2685/3364/2686 2689/3370/2690 2690/3372/2688
f 2684/3363/2685 2683/3367/2687 2687/3373/2691 2688/3369/2689
f 2700/3340/2674 2690/3368/2688 2695/3374/2692
f 2689/3370/2690 2688/3369/2689 2693/3375/2693 2694/3376/2694
f 2687/3371/2691 2691/3344/2675 2692/3377/2695
f 2690/3372/2688 2689/3370/2690 2694/3376/2694 2695/3378/2692
f 2688/3369/2689 2687/3373/2691 2692/3379/2695 2693/3375/2693
f 2700/3340/2674 2695/3374/2692 2699/3380/2696
f 2694/3376/2694 2693/3375/2693 2697/3381/2697 2698/3382/2698
f 2692/3377/2695 2691/3344/2675 2696/3383/2699
f 2695/3378/2692 2694/3376/2694 2698/3382/2698 2699/3384/2696
f 2693/3375/2693 2692/3379/2695 2696/3385/2699 2697/3381/2697
f 2700/3340/2674 2699/3380/2696 2704/3386/2700
f 2698/3382/2698 2697/3381/2697 2702/3387/2701 2703/3388/2702
f 2696/3383/2699 2691/3344/2675 2701/3389/2703
f 2699/3384/2696 2698/3382/2698 2703/3388/2702 2704/3390/2700
f 2697/3381/2697 2696/3385/2699 2701/3391/2703 2702/3387/2701
f 2700/3340/2674 2704/3386/2700 2708/3392/2704
f 2703/3388/2702 2702/3387/2701 2706/3393/2705 2707/3394/2706
f 2701/3389/2703 2691/3344/2675 2705/3395/2707
f 2704/3390/2700 2703/3388/2702 2707/3394/2706 2708/3396/2704
f 2702/3387/2701 2701/3391/2703 2705/3397/2707 2706/3393/2705
f 2700/3340/2674 2708/3392/2704 2712/3341/2666
f 2707/3394/2706 2706/3393/2705 2710/3336/2670 2711/3333/2667
f 2705/3395/2707 2691/3344/2675 2709/3343/2671
f 2708/3396/2704 2707/3394/2706 2711/3333/2667 2712/3332/2666
f 2706/3393/2705 2705/3397/2707 2709/3337/2671 2710/3336/2670
o Sphere.010
v 0.847641 1.300258 -0.246841
v 0.857665 1.285892 -0.256310
v 0.861730 1.266398 -0.256310
v 0.858284 1.249223 -0.246841
v 0.854376 1.301663 -0.237371
v 0.868562 1.288164 -0.240988
v 0.872627 1.268671 -0.240988
v 0.865018 1.250628 -0.237371
v 0.854376 1.301663 -0.225667
v 0.868562 1.288164 -0.222050
v 0.872627 1.268671 -0.222050
v 0.865018 1.250628 -0.225667
v 0.847641 1.300258 -0.216198
v 0.857665 1.285892 -0.206729
v 0.861730 1.266398 -0.206729
v 0.858284 1.249223 -0.216198
v 0.836744 1.297986 -0.212581
v 0.840033 1.282215 -0.200876
v 0.844098 1.262722 -0.200876
v 0.847386 1.246951 -0.212581
v 0.835488 1.304010 -0.231519
v 0.825847 1.295713 -0.216198
v 0.822401 1.278538 -0.206729
v 0.826466 1.259045 -0.206729
v 0.836489 1.244678 -0.216198
v 0.819112 1.294309 -0.225667
v 0.811503 1.276266 -0.222050
v 0.815568 1.256772 -0.222050
v 0.829754 1.243274 -0.225667
v 0.848642 1.240927 -0.231519
v 0.819112 1.294309 -0.237371
v 0.811503 1.276266 -0.240988
v 0.815568 1.256772 -0.240988
v 0.829754 1.243274 -0.237371
v 0.825847 1.295713 -0.246841
v 0.822401 1.278538 -0.256310
v 0.826466 1.259045 -0.256310
v 0.836489 1.244678 -0.246841
v 0.836744 1.297986 -0.250458
v 0.840033 1.282215 -0.262162
v 0.844098 1.262722 -0.262162
v 0.847386 1.246951 -0.250458
vt 0.777624 0.420670
vt 0.753291 0.419708
vt 0.753425 0.400987
vt 0.779584 0.404031
vt 0.735334 0.419816
vt 0.713947 0.422810
vt 0.711579 0.408134
vt 0.732999 0.402025
vt 0.838944 0.563672
vt 0.822022 0.586963
vt 0.811564 0.572568
vt 0.838941 0.534885
vt 0.838941 0.563674
vt 0.822019 0.540383
vt 0.811564 0.554776
vt 0.727478 0.380704
vt 0.754566 0.376727
vt 0.811561 0.554777
vt 0.783534 0.386866
vt 0.706021 0.394282
vt 0.822022 0.540381
vt 0.762077 0.554974
vt 0.734989 0.558951
vt 0.736130 0.534691
vt 0.756556 0.533654
vt 0.811561 0.572570
vt 0.783534 0.541396
vt 0.777976 0.527544
vt 0.706021 0.548813
vt 0.709971 0.531647
vt 0.838944 0.534883
vt 0.736263 0.515971
vt 0.754220 0.515862
vt 0.822019 0.586965
vt 0.775608 0.512868
vt 0.711930 0.515008
vt 0.855866 0.540381
vt 0.736352 0.499172
vt 0.753256 0.499512
vt 0.838941 0.592463
vt 0.774784 0.498030
vt 0.713102 0.498905
vt 0.866324 0.554776
vt 0.736485 0.483178
vt 0.752943 0.483744
vt 0.855863 0.586965
vt 0.774716 0.483037
vt 0.713917 0.483211
vt 0.866324 0.572568
vt 0.736611 0.467521
vt 0.752944 0.468157
vt 0.866321 0.572570
vt 0.775051 0.467864
vt 0.714503 0.467814
vt 0.855866 0.586963
vt 0.736612 0.451934
vt 0.753070 0.452500
vt 0.866321 0.554777
vt 0.775638 0.452467
vt 0.714839 0.452641
vt 0.838944 0.592461
vt 0.736299 0.436166
vt 0.753203 0.436506
vt 0.855863 0.540383
vt 0.776453 0.436773
vt 0.714771 0.437648
vn 0.1593 -0.7640 -0.6252
vn 0.0597 -0.2863 -0.9563
vn 0.6099 -0.1716 -0.7736
vn 0.5191 -0.6890 -0.5058
vn -0.0597 0.2863 -0.9563
vn -0.1593 0.7640 -0.6252
vn 0.2004 0.8390 -0.5058
vn 0.4905 0.4010 -0.7736
vn 0.2041 -0.9789 0.0000
vn -0.2041 0.9789 0.0000
vn 0.7414 -0.6426 -0.1932
vn 0.8306 0.4720 -0.2955
vn 0.9500 -0.1007 -0.2955
vn 0.4228 0.8854 -0.1932
vn 0.7414 -0.6426 0.1932
vn 0.8306 0.4720 0.2955
vn 0.9500 -0.1007 0.2955
vn 0.4228 0.8854 0.1932
vn 0.5191 -0.6890 0.5058
vn 0.4905 0.4010 0.7736
vn 0.6099 -0.1716 0.7736
vn 0.2004 0.8390 0.5058
vn 0.1593 -0.7640 0.6252
vn -0.0597 0.2863 0.9563
vn 0.0597 -0.2863 0.9563
vn -0.1593 0.7640 0.6252
vn -0.2004 -0.8390 0.5058
vn -0.6099 0.1716 0.7736
vn -0.4905 -0.4010 0.7736
vn -0.5191 0.6890 0.5058
vn -0.4228 -0.8854 0.1932
vn -0.9500 0.1007 0.2955
vn -0.8306 -0.4720 0.2955
vn -0.7414 0.6426 0.1932
vn -0.4228 -0.8854 -0.1932
vn -0.9500 0.1007 -0.2955
vn -0.8306 -0.4720 -0.2955
vn -0.7414 0.6426 -0.1932
vn -0.2004 -0.8390 -0.5058
vn -0.6099 0.1716 -0.7736
vn -0.4905 -0.4010 -0.7736
vn -0.5191 0.6890 -0.5058
usemtl Material.001
s 1
f 2754/3398/2708 2753/3399/2709 2715/3400/2710 2716/3401/2711
f 2752/3402/2712 2751/3403/2713 2713/3404/2714 2714/3405/2715
f 2742/3406/2716 2754/3407/2708 2716/3408/2711
f 2753/3399/2709 2752/3402/2712 2714/3405/2715 2715/3400/2710
f 2751/3409/2713 2733/3410/2717 2713/3411/2714
f 2742/3406/2716 2716/3408/2711 2720/3412/2718
f 2715/3400/2710 2714/3405/2715 2718/3413/2719 2719/3414/2720
f 2713/3411/2714 2733/3410/2717 2717/3415/2721
f 2716/3401/2711 2715/3400/2710 2719/3414/2720 2720/3416/2718
f 2714/3405/2715 2713/3404/2714 2717/3417/2721 2718/3413/2719
f 2742/3406/2716 2720/3412/2718 2724/3418/2722
f 2719/3419/2720 2718/3420/2719 2722/3421/2723 2723/3422/2724
f 2717/3415/2721 2733/3410/2717 2721/3423/2725
f 2720/3424/2718 2719/3419/2720 2723/3422/2724 2724/3425/2722
f 2718/3420/2719 2717/3426/2721 2721/3427/2725 2722/3421/2723
f 2742/3406/2716 2724/3418/2722 2728/3428/2726
f 2723/3422/2724 2722/3421/2723 2726/3429/2727 2727/3430/2728
f 2721/3423/2725 2733/3410/2717 2725/3431/2729
f 2724/3425/2722 2723/3422/2724 2727/3430/2728 2728/3432/2726
f 2722/3421/2723 2721/3427/2725 2725/3433/2729 2726/3429/2727
f 2742/3406/2716 2728/3428/2726 2732/3434/2730
f 2727/3430/2728 2726/3429/2727 2730/3435/2731 2731/3436/2732
f 2725/3431/2729 2733/3410/2717 2729/3437/2733
f 2728/3432/2726 2727/3430/2728 2731/3436/2732 2732/3438/2730
f 2726/3429/2727 2725/3433/2729 2729/3439/2733 2730/3435/2731
f 2742/3406/2716 2732/3434/2730 2737/3440/2734
f 2731/3436/2732 2730/3435/2731 2735/3441/2735 2736/3442/2736
f 2729/3437/2733 2733/3410/2717 2734/3443/2737
f 2732/3438/2730 2731/3436/2732 2736/3442/2736 2737/3444/2734
f 2730/3435/2731 2729/3439/2733 2734/3445/2737 2735/3441/2735
f 2742/3406/2716 2737/3440/2734 2741/3446/2738
f 2736/3442/2736 2735/3441/2735 2739/3447/2739 2740/3448/2740
f 2734/3443/2737 2733/3410/2717 2738/3449/2741
f 2737/3444/2734 2736/3442/2736 2740/3448/2740 2741/3450/2738
f 2735/3441/2735 2734/3445/2737 2738/3451/2741 2739/3447/2739
f 2742/3406/2716 2741/3446/2738 2746/3452/2742
f 2740/3448/2740 2739/3447/2739 2744/3453/2743 2745/3454/2744
f 2738/3449/2741 2733/3410/2717 2743/3455/2745
f 2741/3450/2738 2740/3448/2740 2745/3454/2744 2746/3456/2742
f 2739/3447/2739 2738/3451/2741 2743/3457/2745 2744/3453/2743
f 2742/3406/2716 2746/3452/2742 2750/3458/2746
f 2745/3454/2744 2744/3453/2743 2748/3459/2747 2749/3460/2748
f 2743/3455/2745 2733/3410/2717 2747/3461/2749
f 2746/3456/2742 2745/3454/2744 2749/3460/2748 2750/3462/2746
f 2744/3453/2743 2743/3457/2745 2747/3463/2749 2748/3459/2747
f 2742/3406/2716 2750/3458/2746 2754/3407/2708
f 2749/3460/2748 2748/3459/2747 2752/3402/2712 2753/3399/2709
f 2747/3461/2749 2733/3410/2717 2751/3409/2713
f 2750/3462/2746 2749/3460/2748 2753/3399/2709 2754/3398/2708
f 2748/3459/2747 2747/3463/2749 2751/3403/2713 2752/3402/2712
o Sphere.011
v 0.641143 1.305526 -0.515221
v 0.652555 1.290476 -0.521528
v 0.656567 1.271137 -0.518986
v 0.651647 1.254898 -0.508565
v 0.646272 1.307936 -0.504980
v 0.660854 1.294376 -0.504958
v 0.664867 1.275038 -0.502416
v 0.656777 1.257308 -0.498324
v 0.644395 1.309059 -0.493482
v 0.657817 1.296192 -0.486354
v 0.661830 1.276854 -0.483811
v 0.654900 1.258431 -0.486826
v 0.636229 1.308464 -0.485118
v 0.644604 1.295230 -0.472820
v 0.648617 1.275891 -0.470278
v 0.646733 1.257836 -0.478462
v 0.624893 1.306379 -0.483083
v 0.626262 1.291857 -0.469528
v 0.630274 1.272519 -0.466986
v 0.635397 1.255751 -0.476427
v 0.626690 1.310539 -0.502474
v 0.614716 1.303601 -0.488155
v 0.609796 1.287361 -0.477734
v 0.613809 1.268023 -0.475192
v 0.625221 1.252973 -0.481499
v 0.609587 1.301190 -0.498396
v 0.601497 1.283461 -0.494304
v 0.605509 1.264123 -0.491762
v 0.620092 1.250563 -0.491740
v 0.639674 1.247960 -0.494247
v 0.611464 1.300068 -0.509894
v 0.604534 1.281645 -0.512909
v 0.608546 1.262307 -0.510367
v 0.621969 1.249440 -0.503238
v 0.619630 1.300663 -0.518258
v 0.617747 1.282607 -0.526442
v 0.621759 1.263269 -0.523900
v 0.630135 1.250035 -0.511602
v 0.630967 1.302747 -0.520293
v 0.636090 1.285980 -0.529735
v 0.640102 1.266642 -0.527192
v 0.641471 1.252120 -0.513637
vt 0.777624 0.420670
vt 0.753291 0.419708
vt 0.753425 0.400987
vt 0.779584 0.404031
vt 0.735334 0.419816
vt 0.713947 0.422810
vt 0.711579 0.408135
vt 0.732999 0.402025
vt 0.838941 0.563671
vt 0.822019 0.586962
vt 0.811561 0.572567
vt 0.838942 0.534885
vt 0.838942 0.563674
vt 0.822020 0.540383
vt 0.811561 0.554775
vt 0.727478 0.380705
vt 0.754566 0.376727
vt 0.811561 0.554777
vt 0.783534 0.386866
vt 0.706021 0.394283
vt 0.822019 0.540380
vt 0.762077 0.554974
vt 0.734989 0.558951
vt 0.736130 0.534692
vt 0.756556 0.533654
vt 0.811561 0.572570
vt 0.783534 0.541396
vt 0.777976 0.527544
vt 0.706021 0.548813
vt 0.709971 0.531648
vt 0.838941 0.534882
vt 0.736263 0.515971
vt 0.754220 0.515862
vt 0.822020 0.586965
vt 0.775608 0.512869
vt 0.711930 0.515008
vt 0.855863 0.540380
vt 0.736352 0.499172
vt 0.753256 0.499513
vt 0.838942 0.592463
vt 0.774784 0.498030
vt 0.713102 0.498905
vt 0.866321 0.554775
vt 0.736485 0.483178
vt 0.752943 0.483745
vt 0.855863 0.586965
vt 0.774716 0.483037
vt 0.713917 0.483211
vt 0.866321 0.572567
vt 0.736611 0.467521
vt 0.752944 0.468157
vt 0.866322 0.572570
vt 0.775051 0.467864
vt 0.714503 0.467815
vt 0.855863 0.586962
vt 0.736612 0.451934
vt 0.753070 0.452500
vt 0.866322 0.554777
vt 0.775638 0.452468
vt 0.714839 0.452642
vt 0.838941 0.592460
vt 0.736299 0.436166
vt 0.753203 0.436507
vt 0.855863 0.540383
vt 0.776453 0.436773
vt 0.714771 0.437648
vn 0.2575 -0.8178 -0.5146
vn 0.2123 -0.3757 -0.9021
vn 0.7261 -0.2354 -0.6460
vn 0.5935 -0.7261 -0.3471
vn 0.0944 0.1923 -0.9767
vn -0.0570 0.6980 -0.7138
vn 0.2789 0.7897 -0.5464
vn 0.6082 0.3326 -0.7207
vn 0.2015 -0.9711 0.1277
vn -0.2015 0.9711 -0.1277
vn 0.7628 -0.6465 -0.0090
vn 0.8672 0.4543 -0.2036
vn 0.9851 -0.1137 -0.1289
vn 0.4483 0.8693 -0.2083
vn 0.7008 -0.6095 0.3706
vn 0.7725 0.5110 0.3770
vn 0.8903 -0.0570 0.4517
vn 0.3863 0.9063 0.1713
vn 0.4312 -0.6291 0.6467
vn 0.3601 0.4810 0.7993
vn 0.4780 -0.0871 0.8740
vn 0.1167 0.8867 0.4474
vn 0.0570 -0.6980 0.7138
vn -0.2123 0.3757 0.9021
vn -0.0944 -0.1923 0.9767
vn -0.2575 0.8178 0.5146
vn -0.2789 -0.7897 0.5464
vn -0.7261 0.2354 0.6460
vn -0.6082 -0.3326 0.7207
vn -0.5935 0.7261 0.3471
vn -0.4483 -0.8693 0.2083
vn -0.9851 0.1137 0.1289
vn -0.8672 -0.4543 0.2036
vn -0.7628 0.6465 0.0090
vn -0.3863 -0.9063 -0.1713
vn -0.8903 0.0570 -0.4517
vn -0.7725 -0.5110 -0.3770
vn -0.7008 0.6095 -0.3706
vn -0.1167 -0.8867 -0.4474
vn -0.4780 0.0871 -0.8740
vn -0.3601 -0.4810 -0.7993
vn -0.4312 0.6291 -0.6467
usemtl Material.001
s 1
f 2796/3464/2750 2795/3465/2751 2757/3466/2752 2758/3467/2753
f 2794/3468/2754 2793/3469/2755 2755/3470/2756 2756/3471/2757
f 2784/3472/2758 2796/3473/2750 2758/3474/2753
f 2795/3465/2751 2794/3468/2754 2756/3471/2757 2757/3466/2752
f 2793/3475/2755 2775/3476/2759 2755/3477/2756
f 2784/3472/2758 2758/3474/2753 2762/3478/2760
f 2757/3466/2752 2756/3471/2757 2760/3479/2761 2761/3480/2762
f 2755/3477/2756 2775/3476/2759 2759/3481/2763
f 2758/3467/2753 2757/3466/2752 2761/3480/2762 2762/3482/2760
f 2756/3471/2757 2755/3470/2756 2759/3483/2763 2760/3479/2761
f 2784/3472/2758 2762/3478/2760 2766/3484/2764
f 2761/3485/2762 2760/3486/2761 2764/3487/2765 2765/3488/2766
f 2759/3481/2763 2775/3476/2759 2763/3489/2767
f 2762/3490/2760 2761/3485/2762 2765/3488/2766 2766/3491/2764
f 2760/3486/2761 2759/3492/2763 2763/3493/2767 2764/3487/2765
f 2784/3472/2758 2766/3484/2764 2770/3494/2768
f 2765/3488/2766 2764/3487/2765 2768/3495/2769 2769/3496/2770
f 2763/3489/2767 2775/3476/2759 2767/3497/2771
f 2766/3491/2764 2765/3488/2766 2769/3496/2770 2770/3498/2768
f 2764/3487/2765 2763/3493/2767 2767/3499/2771 2768/3495/2769
f 2784/3472/2758 2770/3494/2768 2774/3500/2772
f 2769/3496/2770 2768/3495/2769 2772/3501/2773 2773/3502/2774
f 2767/3497/2771 2775/3476/2759 2771/3503/2775
f 2770/3498/2768 2769/3496/2770 2773/3502/2774 2774/3504/2772
f 2768/3495/2769 2767/3499/2771 2771/3505/2775 2772/3501/2773
f 2784/3472/2758 2774/3500/2772 2779/3506/2776
f 2773/3502/2774 2772/3501/2773 2777/3507/2777 2778/3508/2778
f 2771/3503/2775 2775/3476/2759 2776/3509/2779
f 2774/3504/2772 2773/3502/2774 2778/3508/2778 2779/3510/2776
f 2772/3501/2773 2771/3505/2775 2776/3511/2779 2777/3507/2777
f 2784/3472/2758 2779/3506/2776 2783/3512/2780
f 2778/3508/2778 2777/3507/2777 2781/3513/2781 2782/3514/2782
f 2776/3509/2779 2775/3476/2759 2780/3515/2783
f 2779/3510/2776 2778/3508/2778 2782/3514/2782 2783/3516/2780
f 2777/3507/2777 2776/3511/2779 2780/3517/2783 2781/3513/2781
f 2784/3472/2758 2783/3512/2780 2788/3518/2784
f 2782/3514/2782 2781/3513/2781 2786/3519/2785 2787/3520/2786
f 2780/3515/2783 2775/3476/2759 2785/3521/2787
f 2783/3516/2780 2782/3514/2782 2787/3520/2786 2788/3522/2784
f 2781/3513/2781 2780/3517/2783 2785/3523/2787 2786/3519/2785
f 2784/3472/2758 2788/3518/2784 2792/3524/2788
f 2787/3520/2786 2786/3519/2785 2790/3525/2789 2791/3526/2790
f 2785/3521/2787 2775/3476/2759 2789/3527/2791
f 2788/3522/2784 2787/3520/2786 2791/3526/2790 2792/3528/2788
f 2786/3519/2785 2785/3523/2787 2789/3529/2791 2790/3525/2789
f 2784/3472/2758 2792/3524/2788 2796/3473/2750
f 2791/3526/2790 2790/3525/2789 2794/3468/2754 2795/3465/2751
f 2789/3527/2791 2775/3476/2759 2793/3475/2755
f 2792/3528/2788 2791/3526/2790 2795/3465/2751 2796/3464/2750
f 2790/3525/2789 2789/3529/2791 2793/3469/2755 2794/3468/2754
o Sphere.012
v 0.664155 1.082226 -0.526071
v 0.675567 1.067176 -0.532378
v 0.679579 1.047838 -0.529836
v 0.674659 1.031598 -0.519415
v 0.669284 1.084636 -0.515830
v 0.683866 1.071076 -0.515808
v 0.687879 1.051738 -0.513266
v 0.679788 1.034009 -0.509174
v 0.667407 1.085759 -0.504332
v 0.680829 1.072892 -0.497203
v 0.684842 1.053554 -0.494661
v 0.677912 1.035131 -0.497676
v 0.659241 1.085164 -0.495968
v 0.667616 1.071930 -0.483670
v 0.671629 1.052592 -0.481128
v 0.669745 1.034536 -0.489312
v 0.647905 1.083079 -0.493933
v 0.649274 1.068557 -0.480378
v 0.653286 1.049219 -0.477836
v 0.658409 1.032452 -0.487277
v 0.649702 1.087239 -0.513324
v 0.637728 1.080301 -0.499005
v 0.632808 1.064062 -0.488584
v 0.636821 1.044723 -0.486042
v 0.648233 1.029673 -0.492349
v 0.632599 1.077891 -0.509246
v 0.624509 1.060161 -0.505154
v 0.628521 1.040823 -0.502612
v 0.643104 1.027263 -0.502590
v 0.662686 1.024660 -0.505096
v 0.634476 1.076768 -0.520744
v 0.627546 1.058345 -0.523759
v 0.631558 1.039007 -0.521217
v 0.644981 1.026140 -0.514088
v 0.642642 1.077363 -0.529108
v 0.640759 1.059308 -0.537292
v 0.644771 1.039969 -0.534750
v 0.653147 1.026735 -0.522452
v 0.653978 1.079448 -0.531143
v 0.659101 1.062680 -0.540584
v 0.663114 1.043342 -0.538042
v 0.664483 1.028820 -0.524487
vt 0.777624 0.420669
vt 0.753292 0.419707
vt 0.753425 0.400986
vt 0.779584 0.404030
vt 0.735335 0.419815
vt 0.713947 0.422809
vt 0.711579 0.408133
vt 0.732999 0.402023
vt 0.838944 0.563672
vt 0.822022 0.586963
vt 0.811564 0.572569
vt 0.838941 0.534882
vt 0.838941 0.563671
vt 0.822019 0.540380
vt 0.811564 0.554776
vt 0.727478 0.380703
vt 0.754566 0.376726
vt 0.811561 0.554775
vt 0.783534 0.386865
vt 0.706021 0.394281
vt 0.822022 0.540381
vt 0.762077 0.554973
vt 0.734989 0.558950
vt 0.736130 0.534690
vt 0.756556 0.533653
vt 0.811561 0.572567
vt 0.783534 0.541395
vt 0.777976 0.527543
vt 0.706021 0.548811
vt 0.709971 0.531646
vt 0.838944 0.534883
vt 0.736264 0.515969
vt 0.754221 0.515861
vt 0.822019 0.586962
vt 0.775608 0.512867
vt 0.711931 0.515007
vt 0.855866 0.540381
vt 0.736352 0.499171
vt 0.753256 0.499511
vt 0.838941 0.592460
vt 0.774784 0.498029
vt 0.713102 0.498904
vt 0.866324 0.554776
vt 0.736485 0.483177
vt 0.752943 0.483743
vt 0.855863 0.586962
vt 0.774716 0.483036
vt 0.713917 0.483210
vt 0.866324 0.572568
vt 0.736611 0.467520
vt 0.752944 0.468156
vt 0.866321 0.572567
vt 0.775051 0.467863
vt 0.714504 0.467813
vt 0.855866 0.586963
vt 0.736612 0.451933
vt 0.753070 0.452499
vt 0.866321 0.554775
vt 0.775638 0.452466
vt 0.714839 0.452640
vt 0.838944 0.592461
vt 0.736299 0.436165
vt 0.753203 0.436505
vt 0.855863 0.540380
vt 0.776453 0.436772
vt 0.714771 0.437647
vn 0.2575 -0.8178 -0.5146
vn 0.2123 -0.3757 -0.9021
vn 0.7261 -0.2354 -0.6460
vn 0.5935 -0.7261 -0.3471
vn 0.0944 0.1923 -0.9767
vn -0.0570 0.6980 -0.7138
vn 0.2789 0.7897 -0.5464
vn 0.6082 0.3326 -0.7207
vn 0.2015 -0.9711 0.1277
vn -0.2015 0.9711 -0.1277
vn 0.7628 -0.6465 -0.0090
vn 0.8672 0.4543 -0.2036
vn 0.9851 -0.1137 -0.1289
vn 0.4483 0.8693 -0.2083
vn 0.7008 -0.6095 0.3706
vn 0.7725 0.5110 0.3770
vn 0.8903 -0.0570 0.4517
vn 0.3863 0.9063 0.1713
vn 0.4312 -0.6291 0.6467
vn 0.3601 0.4810 0.7993
vn 0.4780 -0.0871 0.8740
vn 0.1167 0.8867 0.4474
vn 0.0570 -0.6980 0.7138
vn -0.2123 0.3757 0.9021
vn -0.0944 -0.1923 0.9767
vn -0.2575 0.8178 0.5146
vn -0.2789 -0.7897 0.5464
vn -0.7261 0.2354 0.6460
vn -0.6082 -0.3326 0.7207
vn -0.5935 0.7261 0.3471
vn -0.4483 -0.8693 0.2083
vn -0.9851 0.1137 0.1289
vn -0.8672 -0.4543 0.2036
vn -0.7628 0.6465 0.0090
vn -0.3863 -0.9063 -0.1713
vn -0.8903 0.0570 -0.4517
vn -0.7725 -0.5110 -0.3770
vn -0.7008 0.6095 -0.3705
vn -0.1167 -0.8867 -0.4474
vn -0.4780 0.0871 -0.8740
vn -0.3601 -0.4810 -0.7993
vn -0.4312 0.6291 -0.6467
usemtl Material.001
s 1
f 2838/3530/2792 2837/3531/2793 2799/3532/2794 2800/3533/2795
f 2836/3534/2796 2835/3535/2797 2797/3536/2798 2798/3537/2799
f 2826/3538/2800 2838/3539/2792 2800/3540/2795
f 2837/3531/2793 2836/3534/2796 2798/3537/2799 2799/3532/2794
f 2835/3541/2797 2817/3542/2801 2797/3543/2798
f 2826/3538/2800 2800/3540/2795 2804/3544/2802
f 2799/3532/2794 2798/3537/2799 2802/3545/2803 2803/3546/2804
f 2797/3543/2798 2817/3542/2801 2801/3547/2805
f 2800/3533/2795 2799/3532/2794 2803/3546/2804 2804/3548/2802
f 2798/3537/2799 2797/3536/2798 2801/3549/2805 2802/3545/2803
f 2826/3538/2800 2804/3544/2802 2808/3550/2806
f 2803/3551/2804 2802/3552/2803 2806/3553/2807 2807/3554/2808
f 2801/3547/2805 2817/3542/2801 2805/3555/2809
f 2804/3556/2802 2803/3551/2804 2807/3554/2808 2808/3557/2806
f 2802/3552/2803 2801/3558/2805 2805/3559/2809 2806/3553/2807
f 2826/3538/2800 2808/3550/2806 2812/3560/2810
f 2807/3554/2808 2806/3553/2807 2810/3561/2811 2811/3562/2812
f 2805/3555/2809 2817/3542/2801 2809/3563/2813
f 2808/3557/2806 2807/3554/2808 2811/3562/2812 2812/3564/2810
f 2806/3553/2807 2805/3559/2809 2809/3565/2813 2810/3561/2811
f 2826/3538/2800 2812/3560/2810 2816/3566/2814
f 2811/3562/2812 2810/3561/2811 2814/3567/2815 2815/3568/2816
f 2809/3563/2813 2817/3542/2801 2813/3569/2817
f 2812/3564/2810 2811/3562/2812 2815/3568/2816 2816/3570/2814
f 2810/3561/2811 2809/3565/2813 2813/3571/2817 2814/3567/2815
f 2826/3538/2800 2816/3566/2814 2821/3572/2818
f 2815/3568/2816 2814/3567/2815 2819/3573/2819 2820/3574/2820
f 2813/3569/2817 2817/3542/2801 2818/3575/2821
f 2816/3570/2814 2815/3568/2816 2820/3574/2820 2821/3576/2818
f 2814/3567/2815 2813/3571/2817 2818/3577/2821 2819/3573/2819
f 2826/3538/2800 2821/3572/2818 2825/3578/2822
f 2820/3574/2820 2819/3573/2819 2823/3579/2823 2824/3580/2824
f 2818/3575/2821 2817/3542/2801 2822/3581/2825
f 2821/3576/2818 2820/3574/2820 2824/3580/2824 2825/3582/2822
f 2819/3573/2819 2818/3577/2821 2822/3583/2825 2823/3579/2823
f 2826/3538/2800 2825/3578/2822 2830/3584/2826
f 2824/3580/2824 2823/3579/2823 2828/3585/2827 2829/3586/2828
f 2822/3581/2825 2817/3542/2801 2827/3587/2829
f 2825/3582/2822 2824/3580/2824 2829/3586/2828 2830/3588/2826
f 2823/3579/2823 2822/3583/2825 2827/3589/2829 2828/3585/2827
f 2826/3538/2800 2830/3584/2826 2834/3590/2830
f 2829/3586/2828 2828/3585/2827 2832/3591/2831 2833/3592/2832
f 2827/3587/2829 2817/3542/2801 2831/3593/2833
f 2830/3588/2826 2829/3586/2828 2833/3592/2832 2834/3594/2830
f 2828/3585/2827 2827/3589/2829 2831/3595/2833 2832/3591/2831
f 2826/3538/2800 2834/3590/2830 2838/3539/2792
f 2833/3592/2832 2832/3591/2831 2836/3534/2796 2837/3531/2793
f 2831/3593/2833 2817/3542/2801 2835/3541/2797
f 2834/3594/2830 2833/3592/2832 2837/3531/2793 2838/3530/2792
f 2832/3591/2831 2831/3595/2833 2835/3535/2797 2836/3534/2796
o Sphere.013_Sphere.014
v 0.869796 1.031147 -0.247495
v 0.876089 1.015676 -0.258338
v 0.877173 0.995802 -0.258938
v 0.872635 0.979115 -0.249064
v 0.877972 1.031340 -0.239122
v 0.889318 1.015989 -0.244791
v 0.890403 0.996115 -0.245390
v 0.880811 0.979309 -0.240691
v 0.879678 1.031085 -0.227546
v 0.892079 1.015575 -0.226059
v 0.893163 0.995701 -0.226659
v 0.882518 0.979053 -0.229114
v 0.874263 1.030477 -0.217187
v 0.883316 1.014592 -0.209299
v 0.884401 0.994717 -0.209898
v 0.877102 0.978445 -0.218756
v 0.863794 1.029749 -0.212003
v 0.866377 1.013415 -0.200912
v 0.867462 0.993540 -0.201511
v 0.866633 0.977717 -0.213572
v 0.860698 1.036305 -0.230550
v 0.852270 1.029180 -0.213974
v 0.847732 1.012493 -0.204101
v 0.848817 0.992619 -0.204700
v 0.855110 0.977148 -0.215543
v 0.844094 1.028986 -0.222347
v 0.834503 1.012180 -0.217648
v 0.835587 0.992305 -0.218248
v 0.846934 0.976954 -0.223916
v 0.864208 0.971990 -0.232489
v 0.842388 1.029242 -0.233924
v 0.831742 1.012594 -0.236380
v 0.832827 0.992719 -0.236979
v 0.845227 0.977210 -0.235493
v 0.847803 1.029850 -0.244283
v 0.840505 1.013577 -0.253140
v 0.841589 0.993703 -0.253739
v 0.850643 0.977818 -0.245851
v 0.858272 1.030577 -0.249466
v 0.857443 1.014755 -0.261528
v 0.858528 0.994880 -0.262127
v 0.861112 0.978546 -0.251035
vt 0.777624 0.420670
vt 0.753292 0.419708
vt 0.753425 0.400987
vt 0.779584 0.404031
vt 0.735335 0.419816
vt 0.713947 0.422810
vt 0.711579 0.408134
vt 0.732999 0.402025
vt 0.838941 0.563671
vt 0.822019 0.586962
vt 0.811561 0.572568
vt 0.838935 0.534883
vt 0.838935 0.563672
vt 0.822013 0.540381
vt 0.811561 0.554775
vt 0.727478 0.380704
vt 0.754566 0.376727
vt 0.811555 0.554776
vt 0.783534 0.386866
vt 0.706021 0.394282
vt 0.822019 0.540380
vt 0.762077 0.554974
vt 0.734989 0.558951
vt 0.736130 0.534691
vt 0.756556 0.533654
vt 0.811555 0.572569
vt 0.783534 0.541396
vt 0.777976 0.527544
vt 0.706021 0.548813
vt 0.709971 0.531647
vt 0.838941 0.534882
vt 0.736263 0.515971
vt 0.754220 0.515862
vt 0.822013 0.586963
vt 0.775608 0.512868
vt 0.711931 0.515008
vt 0.855863 0.540380
vt 0.736352 0.499172
vt 0.753256 0.499512
vt 0.838935 0.592461
vt 0.774784 0.498030
vt 0.713102 0.498905
vt 0.866321 0.554775
vt 0.736485 0.483178
vt 0.752943 0.483744
vt 0.855857 0.586963
vt 0.774716 0.483037
vt 0.713917 0.483211
vt 0.866321 0.572568
vt 0.736611 0.467521
vt 0.752944 0.468157
vt 0.866316 0.572569
vt 0.775051 0.467864
vt 0.714504 0.467814
vt 0.855863 0.586962
vt 0.736612 0.451934
vt 0.753070 0.452500
vt 0.866316 0.554776
vt 0.775638 0.452467
vt 0.714839 0.452641
vt 0.838941 0.592461
vt 0.736299 0.436166
vt 0.753203 0.436506
vt 0.855857 0.540381
vt 0.776453 0.436773
vt 0.714771 0.437648
vn -0.0486 -0.7653 -0.6419
vn -0.1234 -0.2710 -0.9546
vn 0.4584 -0.2422 -0.8551
vn 0.3318 -0.7465 -0.5768
vn -0.1553 0.3128 -0.9370
vn -0.1336 0.7926 -0.5949
vn 0.2468 0.8114 -0.5298
vn 0.4265 0.3416 -0.8375
vn 0.0544 -0.9980 -0.0301
vn -0.0544 0.9980 0.0301
vn 0.6017 -0.7400 -0.3004
vn 0.8394 0.3513 -0.4147
vn 0.8712 -0.2325 -0.4323
vn 0.5167 0.8178 -0.2534
vn 0.6580 -0.7485 0.0818
vn 0.9255 0.3384 0.1698
vn 0.9574 -0.2454 0.1522
vn 0.5730 0.8093 0.1288
vn 0.4793 -0.7686 0.4237
vn 0.6521 0.3077 0.6929
vn 0.6839 -0.2761 0.6753
vn 0.3942 0.7893 0.4707
vn 0.1336 -0.7926 0.5949
vn 0.1234 0.2710 0.9546
vn 0.1553 -0.3128 0.9370
vn 0.0486 0.7653 0.6419
vn -0.2468 -0.8114 0.5298
vn -0.4584 0.2422 0.8551
vn -0.4265 -0.3416 0.8375
vn -0.3318 0.7465 0.5768
vn -0.5167 -0.8178 0.2534
vn -0.8712 0.2325 0.4323
vn -0.8394 -0.3513 0.4147
vn -0.6017 0.7400 0.3004
vn -0.5730 -0.8093 -0.1288
vn -0.9574 0.2454 -0.1522
vn -0.9255 -0.3384 -0.1698
vn -0.6580 0.7485 -0.0818
vn -0.3942 -0.7893 -0.4707
vn -0.6839 0.2761 -0.6753
vn -0.6521 -0.3077 -0.6929
vn -0.4793 0.7686 -0.4237
usemtl Material.001
s 1
f 2880/3596/2834 2879/3597/2835 2841/3598/2836 2842/3599/2837
f 2878/3600/2838 2877/3601/2839 2839/3602/2840 2840/3603/2841
f 2868/3604/2842 2880/3605/2834 2842/3606/2837
f 2879/3597/2835 2878/3600/2838 2840/3603/2841 2841/3598/2836
f 2877/3607/2839 2859/3608/2843 2839/3609/2840
f 2868/3604/2842 2842/3606/2837 2846/3610/2844
f 2841/3598/2836 2840/3603/2841 2844/3611/2845 2845/3612/2846
f 2839/3609/2840 2859/3608/2843 2843/3613/2847
f 2842/3599/2837 2841/3598/2836 2845/3612/2846 2846/3614/2844
f 2840/3603/2841 2839/3602/2840 2843/3615/2847 2844/3611/2845
f 2868/3604/2842 2846/3610/2844 2850/3616/2848
f 2845/3617/2846 2844/3618/2845 2848/3619/2849 2849/3620/2850
f 2843/3613/2847 2859/3608/2843 2847/3621/2851
f 2846/3622/2844 2845/3617/2846 2849/3620/2850 2850/3623/2848
f 2844/3618/2845 2843/3624/2847 2847/3625/2851 2848/3619/2849
f 2868/3604/2842 2850/3616/2848 2854/3626/2852
f 2849/3620/2850 2848/3619/2849 2852/3627/2853 2853/3628/2854
f 2847/3621/2851 2859/3608/2843 2851/3629/2855
f 2850/3623/2848 2849/3620/2850 2853/3628/2854 2854/3630/2852
f 2848/3619/2849 2847/3625/2851 2851/3631/2855 2852/3627/2853
f 2868/3604/2842 2854/3626/2852 2858/3632/2856
f 2853/3628/2854 2852/3627/2853 2856/3633/2857 2857/3634/2858
f 2851/3629/2855 2859/3608/2843 2855/3635/2859
f 2854/3630/2852 2853/3628/2854 2857/3634/2858 2858/3636/2856
f 2852/3627/2853 2851/3631/2855 2855/3637/2859 2856/3633/2857
f 2868/3604/2842 2858/3632/2856 2863/3638/2860
f 2857/3634/2858 2856/3633/2857 2861/3639/2861 2862/3640/2862
f 2855/3635/2859 2859/3608/2843 2860/3641/2863
f 2858/3636/2856 2857/3634/2858 2862/3640/2862 2863/3642/2860
f 2856/3633/2857 2855/3637/2859 2860/3643/2863 2861/3639/2861
f 2868/3604/2842 2863/3638/2860 2867/3644/2864
f 2862/3640/2862 2861/3639/2861 2865/3645/2865 2866/3646/2866
f 2860/3641/2863 2859/3608/2843 2864/3647/2867
f 2863/3642/2860 2862/3640/2862 2866/3646/2866 2867/3648/2864
f 2861/3639/2861 2860/3643/2863 2864/3649/2867 2865/3645/2865
f 2868/3604/2842 2867/3644/2864 2872/3650/2868
f 2866/3646/2866 2865/3645/2865 2870/3651/2869 2871/3652/2870
f 2864/3647/2867 2859/3608/2843 2869/3653/2871
f 2867/3648/2864 2866/3646/2866 2871/3652/2870 2872/3654/2868
f 2865/3645/2865 2864/3649/2867 2869/3655/2871 2870/3651/2869
f 2868/3604/2842 2872/3650/2868 2876/3656/2872
f 2871/3652/2870 2870/3651/2869 2874/3657/2873 2875/3658/2874
f 2869/3653/2871 2859/3608/2843 2873/3659/2875
f 2872/3654/2868 2871/3652/2870 2875/3658/2874 2876/3660/2872
f 2870/3651/2869 2869/3655/2871 2873/3661/2875 2874/3657/2873
f 2868/3604/2842 2876/3656/2872 2880/3605/2834
f 2875/3658/2874 2874/3657/2873 2878/3600/2838 2879/3597/2835
f 2873/3659/2875 2859/3608/2843 2877/3607/2839
f 2876/3660/2872 2875/3658/2874 2879/3597/2835 2880/3596/2834
f 2874/3657/2873 2873/3661/2875 2877/3601/2839 2878/3600/2838
o Sphere.014_Sphere.015
v 0.869669 1.030477 0.214408
v 0.876088 1.014592 0.204259
v 0.877299 0.994718 0.204523
v 0.872839 0.978446 0.215098
v 0.877822 1.031085 0.222784
v 0.889279 1.015576 0.217812
v 0.890490 0.995702 0.218076
v 0.880991 0.979053 0.223475
v 0.879499 1.031341 0.234365
v 0.891992 1.015990 0.236551
v 0.893203 0.996116 0.236815
v 0.882668 0.979309 0.235056
v 0.874059 1.031147 0.244727
v 0.883191 1.015676 0.253317
v 0.884402 0.995802 0.253581
v 0.877229 0.979116 0.245418
v 0.863581 1.030578 0.249912
v 0.866237 1.014755 0.261706
v 0.867448 0.994881 0.261970
v 0.866751 0.978546 0.250603
v 0.860494 1.036305 0.231092
v 0.852067 1.029850 0.247940
v 0.847607 1.013578 0.258515
v 0.848818 0.993704 0.258779
v 0.855237 0.977819 0.248631
v 0.843915 1.029243 0.239563
v 0.834416 1.012594 0.244962
v 0.835627 0.992720 0.245226
v 0.847084 0.977211 0.240254
v 0.864412 0.971991 0.231946
v 0.842238 1.028987 0.227982
v 0.831703 1.012180 0.226223
v 0.832914 0.992306 0.226487
v 0.845407 0.976955 0.228673
v 0.847677 1.029180 0.217620
v 0.840504 1.012494 0.209457
v 0.841715 0.992620 0.209721
v 0.850847 0.977149 0.218311
v 0.858155 1.029750 0.212435
v 0.857458 1.013415 0.201068
v 0.858669 0.993541 0.201332
v 0.861325 0.977718 0.213126
vt 0.777624 0.420670
vt 0.753291 0.419708
vt 0.753425 0.400987
vt 0.779584 0.404031
vt 0.735335 0.419816
vt 0.713947 0.422810
vt 0.711579 0.408135
vt 0.732999 0.402025
vt 0.838941 0.563671
vt 0.822020 0.586962
vt 0.811561 0.572568
vt 0.838935 0.534883
vt 0.838935 0.563672
vt 0.822013 0.540381
vt 0.811561 0.554775
vt 0.727478 0.380705
vt 0.754566 0.376727
vt 0.811555 0.554776
vt 0.783534 0.386866
vt 0.706021 0.394283
vt 0.822020 0.540380
vt 0.762077 0.554974
vt 0.734989 0.558952
vt 0.736130 0.534692
vt 0.756556 0.533654
vt 0.811555 0.572569
vt 0.783534 0.541396
vt 0.777976 0.527544
vt 0.706021 0.548813
vt 0.709971 0.531648
vt 0.838941 0.534882
vt 0.736263 0.515971
vt 0.754220 0.515863
vt 0.822013 0.586963
vt 0.775608 0.512869
vt 0.711931 0.515009
vt 0.855863 0.540380
vt 0.736352 0.499172
vt 0.753256 0.499513
vt 0.838935 0.592461
vt 0.774784 0.498030
vt 0.713102 0.498906
vt 0.866322 0.554775
vt 0.736485 0.483179
vt 0.752943 0.483745
vt 0.855857 0.586963
vt 0.774716 0.483037
vt 0.713917 0.483211
vt 0.866322 0.572568
vt 0.736611 0.467522
vt 0.752944 0.468157
vt 0.866316 0.572569
vt 0.775051 0.467864
vt 0.714504 0.467815
vt 0.855863 0.586962
vt 0.736612 0.451934
vt 0.753070 0.452500
vt 0.866316 0.554776
vt 0.775638 0.452468
vt 0.714839 0.452642
vt 0.838942 0.592461
vt 0.736299 0.436166
vt 0.753203 0.436507
vt 0.855857 0.540381
vt 0.776453 0.436773
vt 0.714771 0.437649
vn -0.0421 -0.7926 -0.6083
vn -0.1192 -0.3128 -0.9423
vn 0.4622 -0.2761 -0.8427
vn 0.3380 -0.7686 -0.5431
vn -0.1548 0.2710 -0.9500
vn -0.1370 0.7653 -0.6290
vn 0.2431 0.7893 -0.5638
vn 0.4266 0.3077 -0.8505
vn 0.0608 -0.9980 0.0132
vn -0.0608 0.9980 -0.0132
vn 0.6071 -0.7485 -0.2666
vn 0.8383 0.3384 -0.4275
vn 0.8738 -0.2454 -0.4197
vn 0.5123 0.8093 -0.2873
vn 0.6625 -0.7400 0.1157
vn 0.9229 0.3513 0.1573
vn 0.9585 -0.2325 0.1650
vn 0.5676 0.8178 0.0950
vn 0.4829 -0.7465 0.4578
vn 0.6483 0.3416 0.6805
vn 0.6838 -0.2422 0.6882
vn 0.3880 0.8114 0.4371
vn 0.1370 -0.7653 0.6290
vn 0.1192 0.3128 0.9423
vn 0.1548 -0.2710 0.9500
vn 0.0421 0.7926 0.6083
vn -0.2431 -0.7893 0.5638
vn -0.4622 0.2761 0.8427
vn -0.4266 -0.3077 0.8505
vn -0.3380 0.7686 0.5431
vn -0.5123 -0.8093 0.2873
vn -0.8738 0.2454 0.4197
vn -0.8383 -0.3384 0.4275
vn -0.6071 0.7485 0.2666
vn -0.5676 -0.8178 -0.0950
vn -0.9585 0.2325 -0.1650
vn -0.9229 -0.3513 -0.1573
vn -0.6625 0.7400 -0.1157
vn -0.3880 -0.8114 -0.4371
vn -0.6838 0.2422 -0.6882
vn -0.6483 -0.3416 -0.6805
vn -0.4829 0.7465 -0.4578
usemtl Material.001
s 1
f 2922/3662/2876 2921/3663/2877 2883/3664/2878 2884/3665/2879
f 2920/3666/2880 2919/3667/2881 2881/3668/2882 2882/3669/2883
f 2910/3670/2884 2922/3671/2876 2884/3672/2879
f 2921/3663/2877 2920/3666/2880 2882/3669/2883 2883/3664/2878
f 2919/3673/2881 2901/3674/2885 2881/3675/2882
f 2910/3670/2884 2884/3672/2879 2888/3676/2886
f 2883/3664/2878 2882/3669/2883 2886/3677/2887 2887/3678/2888
f 2881/3675/2882 2901/3674/2885 2885/3679/2889
f 2884/3665/2879 2883/3664/2878 2887/3678/2888 2888/3680/2886
f 2882/3669/2883 2881/3668/2882 2885/3681/2889 2886/3677/2887
f 2910/3670/2884 2888/3676/2886 2892/3682/2890
f 2887/3683/2888 2886/3684/2887 2890/3685/2891 2891/3686/2892
f 2885/3679/2889 2901/3674/2885 2889/3687/2893
f 2888/3688/2886 2887/3683/2888 2891/3686/2892 2892/3689/2890
f 2886/3684/2887 2885/3690/2889 2889/3691/2893 2890/3685/2891
f 2910/3670/2884 2892/3682/2890 2896/3692/2894
f 2891/3686/2892 2890/3685/2891 2894/3693/2895 2895/3694/2896
f 2889/3687/2893 2901/3674/2885 2893/3695/2897
f 2892/3689/2890 2891/3686/2892 2895/3694/2896 2896/3696/2894
f 2890/3685/2891 2889/3691/2893 2893/3697/2897 2894/3693/2895
f 2910/3670/2884 2896/3692/2894 2900/3698/2898
f 2895/3694/2896 2894/3693/2895 2898/3699/2899 2899/3700/2900
f 2893/3695/2897 2901/3674/2885 2897/3701/2901
f 2896/3696/2894 2895/3694/2896 2899/3700/2900 2900/3702/2898
f 2894/3693/2895 2893/3697/2897 2897/3703/2901 2898/3699/2899
f 2910/3670/2884 2900/3698/2898 2905/3704/2902
f 2899/3700/2900 2898/3699/2899 2903/3705/2903 2904/3706/2904
f 2897/3701/2901 2901/3674/2885 2902/3707/2905
f 2900/3702/2898 2899/3700/2900 2904/3706/2904 2905/3708/2902
f 2898/3699/2899 2897/3703/2901 2902/3709/2905 2903/3705/2903
f 2910/3670/2884 2905/3704/2902 2909/3710/2906
f 2904/3706/2904 2903/3705/2903 2907/3711/2907 2908/3712/2908
f 2902/3707/2905 2901/3674/2885 2906/3713/2909
f 2905/3708/2902 2904/3706/2904 2908/3712/2908 2909/3714/2906
f 2903/3705/2903 2902/3709/2905 2906/3715/2909 2907/3711/2907
f 2910/3670/2884 2909/3710/2906 2914/3716/2910
f 2908/3712/2908 2907/3711/2907 2912/3717/2911 2913/3718/2912
f 2906/3713/2909 2901/3674/2885 2911/3719/2913
f 2909/3714/2906 2908/3712/2908 2913/3718/2912 2914/3720/2910
f 2907/3711/2907 2906/3715/2909 2911/3721/2913 2912/3717/2911
f 2910/3670/2884 2914/3716/2910 2918/3722/2914
f 2913/3718/2912 2912/3717/2911 2916/3723/2915 2917/3724/2916
f 2911/3719/2913 2901/3674/2885 2915/3725/2917
f 2914/3720/2910 2913/3718/2912 2917/3724/2916 2918/3726/2914
f 2912/3717/2911 2911/3721/2913 2915/3727/2917 2916/3723/2915
f 2910/3670/2884 2918/3722/2914 2922/3671/2876
f 2917/3724/2916 2916/3723/2915 2920/3666/2880 2921/3663/2877
f 2915/3725/2917 2901/3674/2885 2919/3673/2881
f 2918/3726/2914 2917/3724/2916 2921/3663/2877 2922/3662/2876
f 2916/3723/2915 2915/3727/2917 2919/3667/2881 2920/3666/2880
o Sphere.015_Sphere.016
v 0.438575 1.299257 -0.653356
v 0.449421 1.285052 -0.662137
v 0.452380 1.265389 -0.663206
v 0.446321 1.247779 -0.656156
v 0.443484 1.299418 -0.642732
v 0.457363 1.285312 -0.644947
v 0.460322 1.265649 -0.646016
v 0.451230 1.247940 -0.645532
v 0.441294 1.298465 -0.631274
v 0.453820 1.283771 -0.626407
v 0.456779 1.264108 -0.627476
v 0.449040 1.246987 -0.634073
v 0.432841 1.296763 -0.623358
v 0.440144 1.281016 -0.613599
v 0.443103 1.261353 -0.614668
v 0.440588 1.245285 -0.626158
v 0.421355 1.294961 -0.622008
v 0.421559 1.278101 -0.611415
v 0.424518 1.258438 -0.612485
v 0.429102 1.243483 -0.624808
v 0.423985 1.302579 -0.640218
v 0.411223 1.293748 -0.627741
v 0.405165 1.276138 -0.620690
v 0.408123 1.256475 -0.621759
v 0.418969 1.242270 -0.630540
v 0.406314 1.293587 -0.638365
v 0.397222 1.275878 -0.637880
v 0.400181 1.256215 -0.638950
v 0.414061 1.242109 -0.641164
v 0.433560 1.238949 -0.643678
v 0.408504 1.294540 -0.649823
v 0.400765 1.277419 -0.656420
v 0.403724 1.257757 -0.657490
v 0.416251 1.243062 -0.652623
v 0.416956 1.296242 -0.657739
v 0.414441 1.280174 -0.669228
v 0.417400 1.260511 -0.670297
v 0.424703 1.244764 -0.660538
v 0.428442 1.298044 -0.659088
v 0.433026 1.283089 -0.671412
v 0.435985 1.263426 -0.672481
v 0.436189 1.246566 -0.661888
vt 0.777624 0.420670
vt 0.753292 0.419708
vt 0.753425 0.400987
vt 0.779584 0.404031
vt 0.735335 0.419816
vt 0.713947 0.422810
vt 0.711579 0.408135
vt 0.732999 0.402025
vt 0.838941 0.563671
vt 0.822019 0.586962
vt 0.811561 0.572567
vt 0.838935 0.534883
vt 0.838935 0.563672
vt 0.822013 0.540381
vt 0.811561 0.554775
vt 0.727478 0.380705
vt 0.754566 0.376727
vt 0.811555 0.554776
vt 0.783534 0.386866
vt 0.706021 0.394283
vt 0.822019 0.540380
vt 0.762077 0.554974
vt 0.734989 0.558952
vt 0.736130 0.534692
vt 0.756556 0.533654
vt 0.811555 0.572568
vt 0.783534 0.541396
vt 0.777976 0.527544
vt 0.706021 0.548813
vt 0.709971 0.531648
vt 0.838941 0.534882
vt 0.736263 0.515971
vt 0.754220 0.515863
vt 0.822013 0.586963
vt 0.775608 0.512869
vt 0.711931 0.515009
vt 0.855863 0.540380
vt 0.736352 0.499172
vt 0.753256 0.499513
vt 0.838935 0.592461
vt 0.774784 0.498030
vt 0.713102 0.498906
vt 0.866322 0.554775
vt 0.736485 0.483179
vt 0.752943 0.483745
vt 0.855857 0.586963
vt 0.774716 0.483037
vt 0.713917 0.483211
vt 0.866322 0.572567
vt 0.736611 0.467522
vt 0.752944 0.468157
vt 0.866316 0.572568
vt 0.775051 0.467864
vt 0.714504 0.467815
vt 0.855863 0.586962
vt 0.736612 0.451934
vt 0.753070 0.452500
vt 0.866316 0.554776
vt 0.775638 0.452468
vt 0.714839 0.452642
vt 0.838941 0.592460
vt 0.736299 0.436166
vt 0.753203 0.436507
vt 0.855857 0.540381
vt 0.776453 0.436773
vt 0.714771 0.437649
vn 0.2329 -0.7197 -0.6540
vn 0.2224 -0.2109 -0.9518
vn 0.7340 -0.1497 -0.6624
vn 0.5675 -0.6797 -0.4647
vn 0.1354 0.3666 -0.9204
vn 0.0010 0.8215 -0.5701
vn 0.3355 0.8616 -0.3809
vn 0.6471 0.4279 -0.6310
vn 0.1486 -0.9874 -0.0537
vn -0.1486 0.9874 0.0537
vn 0.7295 -0.6744 -0.1140
vn 0.8950 0.4360 -0.0945
vn 0.9819 -0.1416 -0.1259
vn 0.4976 0.8669 -0.0302
vn 0.6572 -0.7058 0.2643
vn 0.7844 0.3879 0.4840
vn 0.8713 -0.1897 0.4526
vn 0.4253 0.8354 0.3481
vn 0.3782 -0.7620 0.5256
vn 0.3576 0.3020 0.8837
vn 0.4445 -0.2756 0.8523
vn 0.1462 0.7792 0.6094
vn -0.0010 -0.8215 0.5701
vn -0.2224 0.2109 0.9518
vn -0.1354 -0.3666 0.9204
vn -0.2329 0.7197 0.6540
vn -0.3355 -0.8616 0.3809
vn -0.7340 0.1497 0.6624
vn -0.6471 -0.4279 0.6310
vn -0.5675 0.6797 0.4647
vn -0.4976 -0.8669 0.0302
vn -0.9819 0.1416 0.1259
vn -0.8950 -0.4360 0.0945
vn -0.7295 0.6744 0.1140
vn -0.4253 -0.8354 -0.3481
vn -0.8713 0.1897 -0.4526
vn -0.7844 -0.3879 -0.4840
vn -0.6572 0.7058 -0.2643
vn -0.1462 -0.7792 -0.6094
vn -0.4445 0.2756 -0.8523
vn -0.3576 -0.3020 -0.8837
vn -0.3782 0.7620 -0.5256
usemtl Material.001
s 1
f 2964/3728/2918 2963/3729/2919 2925/3730/2920 2926/3731/2921
f 2962/3732/2922 2961/3733/2923 2923/3734/2924 2924/3735/2925
f 2952/3736/2926 2964/3737/2918 2926/3738/2921
f 2963/3729/2919 2962/3732/2922 2924/3735/2925 2925/3730/2920
f 2961/3739/2923 2943/3740/2927 2923/3741/2924
f 2952/3736/2926 2926/3738/2921 2930/3742/2928
f 2925/3730/2920 2924/3735/2925 2928/3743/2929 2929/3744/2930
f 2923/3741/2924 2943/3740/2927 2927/3745/2931
f 2926/3731/2921 2925/3730/2920 2929/3744/2930 2930/3746/2928
f 2924/3735/2925 2923/3734/2924 2927/3747/2931 2928/3743/2929
f 2952/3736/2926 2930/3742/2928 2934/3748/2932
f 2929/3749/2930 2928/3750/2929 2932/3751/2933 2933/3752/2934
f 2927/3745/2931 2943/3740/2927 2931/3753/2935
f 2930/3754/2928 2929/3749/2930 2933/3752/2934 2934/3755/2932
f 2928/3750/2929 2927/3756/2931 2931/3757/2935 2932/3751/2933
f 2952/3736/2926 2934/3748/2932 2938/3758/2936
f 2933/3752/2934 2932/3751/2933 2936/3759/2937 2937/3760/2938
f 2931/3753/2935 2943/3740/2927 2935/3761/2939
f 2934/3755/2932 2933/3752/2934 2937/3760/2938 2938/3762/2936
f 2932/3751/2933 2931/3757/2935 2935/3763/2939 2936/3759/2937
f 2952/3736/2926 2938/3758/2936 2942/3764/2940
f 2937/3760/2938 2936/3759/2937 2940/3765/2941 2941/3766/2942
f 2935/3761/2939 2943/3740/2927 2939/3767/2943
f 2938/3762/2936 2937/3760/2938 2941/3766/2942 2942/3768/2940
f 2936/3759/2937 2935/3763/2939 2939/3769/2943 2940/3765/2941
f 2952/3736/2926 2942/3764/2940 2947/3770/2944
f 2941/3766/2942 2940/3765/2941 2945/3771/2945 2946/3772/2946
f 2939/3767/2943 2943/3740/2927 2944/3773/2947
f 2942/3768/2940 2941/3766/2942 2946/3772/2946 2947/3774/2944
f 2940/3765/2941 2939/3769/2943 2944/3775/2947 2945/3771/2945
f 2952/3736/2926 2947/3770/2944 2951/3776/2948
f 2946/3772/2946 2945/3771/2945 2949/3777/2949 2950/3778/2950
f 2944/3773/2947 2943/3740/2927 2948/3779/2951
f 2947/3774/2944 2946/3772/2946 2950/3778/2950 2951/3780/2948
f 2945/3771/2945 2944/3775/2947 2948/3781/2951 2949/3777/2949
f 2952/3736/2926 2951/3776/2948 2956/3782/2952
f 2950/3778/2950 2949/3777/2949 2954/3783/2953 2955/3784/2954
f 2948/3779/2951 2943/3740/2927 2953/3785/2955
f 2951/3780/2948 2950/3778/2950 2955/3784/2954 2956/3786/2952
f 2949/3777/2949 2948/3781/2951 2953/3787/2955 2954/3783/2953
f 2952/3736/2926 2956/3782/2952 2960/3788/2956
f 2955/3784/2954 2954/3783/2953 2958/3789/2957 2959/3790/2958
f 2953/3785/2955 2943/3740/2927 2957/3791/2959
f 2956/3786/2952 2955/3784/2954 2959/3790/2958 2960/3792/2956
f 2954/3783/2953 2953/3787/2955 2957/3793/2959 2958/3789/2957
f 2952/3736/2926 2960/3788/2956 2964/3737/2918
f 2959/3790/2958 2958/3789/2957 2962/3732/2922 2963/3729/2919
f 2957/3791/2959 2943/3740/2927 2961/3739/2923
f 2960/3792/2956 2959/3790/2958 2963/3729/2919 2964/3728/2918
f 2958/3789/2957 2957/3793/2959 2961/3733/2923 2962/3732/2922
o Sphere.016_Sphere.017
v 0.450902 1.118549 -0.656203
v 0.461532 1.104226 -0.665055
v 0.464344 1.084538 -0.666062
v 0.458264 1.067006 -0.658838
v 0.455956 1.118731 -0.645647
v 0.469709 1.104520 -0.647976
v 0.472521 1.084833 -0.648982
v 0.463317 1.067188 -0.648283
v 0.453915 1.117852 -0.634155
v 0.466407 1.103098 -0.629382
v 0.469219 1.083410 -0.630388
v 0.461277 1.066309 -0.636791
v 0.445560 1.116248 -0.626117
v 0.452888 1.100502 -0.616376
v 0.455700 1.080814 -0.617382
v 0.452921 1.064705 -0.628753
v 0.434081 1.114531 -0.624603
v 0.434316 1.097724 -0.613926
v 0.437128 1.078036 -0.614932
v 0.441443 1.062988 -0.627239
v 0.436514 1.122037 -0.642886
v 0.423864 1.113357 -0.630191
v 0.417784 1.095825 -0.622967
v 0.420596 1.076138 -0.623974
v 0.431226 1.061814 -0.632827
v 0.418811 1.113175 -0.640746
v 0.409607 1.095531 -0.640047
v 0.412419 1.075843 -0.641053
v 0.426172 1.061632 -0.643382
v 0.445614 1.058326 -0.646144
v 0.420851 1.114055 -0.652238
v 0.412909 1.096953 -0.658641
v 0.415721 1.077266 -0.659647
v 0.428213 1.062512 -0.654874
v 0.429207 1.115659 -0.660276
v 0.426428 1.099549 -0.671647
v 0.429240 1.079862 -0.672653
v 0.436568 1.064116 -0.662912
v 0.440685 1.117376 -0.661791
v 0.445000 1.102327 -0.674097
v 0.447812 1.082640 -0.675104
v 0.448047 1.065833 -0.664426
vt 0.777624 0.420670
vt 0.753292 0.419708
vt 0.753425 0.400987
vt 0.779584 0.404031
vt 0.735335 0.419816
vt 0.713947 0.422810
vt 0.711579 0.408134
vt 0.732999 0.402025
vt 0.838941 0.563671
vt 0.822019 0.586962
vt 0.811561 0.572568
vt 0.838941 0.534885
vt 0.838941 0.563674
vt 0.822019 0.540383
vt 0.811561 0.554775
vt 0.727478 0.380704
vt 0.754566 0.376727
vt 0.811561 0.554777
vt 0.783534 0.386866
vt 0.706021 0.394282
vt 0.822019 0.540380
vt 0.762077 0.554974
vt 0.734989 0.558951
vt 0.736130 0.534691
vt 0.756556 0.533654
vt 0.811561 0.572570
vt 0.783534 0.541396
vt 0.777976 0.527544
vt 0.706021 0.548813
vt 0.709971 0.531647
vt 0.838941 0.534882
vt 0.736264 0.515971
vt 0.754221 0.515862
vt 0.822019 0.586965
vt 0.775608 0.512868
vt 0.711931 0.515008
vt 0.855863 0.540380
vt 0.736352 0.499172
vt 0.753256 0.499512
vt 0.838941 0.592463
vt 0.774784 0.498030
vt 0.713102 0.498905
vt 0.866322 0.554775
vt 0.736485 0.483178
vt 0.752943 0.483744
vt 0.855863 0.586965
vt 0.774716 0.483037
vt 0.713917 0.483211
vt 0.866322 0.572568
vt 0.736611 0.467521
vt 0.752944 0.468157
vt 0.866322 0.572570
vt 0.775051 0.467864
vt 0.714504 0.467814
vt 0.855863 0.586962
vt 0.736612 0.451934
vt 0.753070 0.452500
vt 0.866322 0.554777
vt 0.775638 0.452467
vt 0.714839 0.452641
vt 0.838941 0.592461
vt 0.736299 0.436166
vt 0.753203 0.436506
vt 0.855863 0.540383
vt 0.776453 0.436773
vt 0.714771 0.437648
vn 0.2192 -0.7246 -0.6533
vn 0.2080 -0.2173 -0.9536
vn 0.7239 -0.1581 -0.6715
vn 0.5565 -0.6859 -0.4688
vn 0.1254 0.3610 -0.9241
vn -0.0012 0.8186 -0.5744
vn 0.3361 0.8573 -0.3899
vn 0.6413 0.4202 -0.6419
vn 0.1412 -0.9887 -0.0505
vn -0.1412 0.9887 0.0505
vn 0.7233 -0.6799 -0.1203
vn 0.8965 0.4294 -0.1089
vn 0.9791 -0.1489 -0.1385
vn 0.5029 0.8633 -0.0414
vn 0.6560 -0.7089 0.2590
vn 0.7935 0.3850 0.4713
vn 0.8760 -0.1933 0.4418
vn 0.4356 0.8343 0.3379
vn 0.3801 -0.7619 0.5244
vn 0.3716 0.3040 0.8772
vn 0.4541 -0.2743 0.8476
vn 0.1597 0.7813 0.6033
vn 0.0012 -0.8186 0.5744
vn -0.2080 0.2173 0.9536
vn -0.1254 -0.3610 0.9241
vn -0.2192 0.7246 0.6533
vn -0.3361 -0.8573 0.3899
vn -0.7239 0.1581 0.6715
vn -0.6413 -0.4202 0.6419
vn -0.5565 0.6859 0.4688
vn -0.5029 -0.8633 0.0414
vn -0.9791 0.1489 0.1385
vn -0.8965 -0.4294 0.1089
vn -0.7233 0.6799 0.1203
vn -0.4356 -0.8343 -0.3379
vn -0.8760 0.1933 -0.4418
vn -0.7935 -0.3850 -0.4713
vn -0.6560 0.7089 -0.2590
vn -0.1597 -0.7813 -0.6033
vn -0.4541 0.2743 -0.8476
vn -0.3716 -0.3040 -0.8772
vn -0.3801 0.7619 -0.5244
usemtl Material.001
s 1
f 3006/3794/2960 3005/3795/2961 2967/3796/2962 2968/3797/2963
f 3004/3798/2964 3003/3799/2965 2965/3800/2966 2966/3801/2967
f 2994/3802/2968 3006/3803/2960 2968/3804/2963
f 3005/3795/2961 3004/3798/2964 2966/3801/2967 2967/3796/2962
f 3003/3805/2965 2985/3806/2969 2965/3807/2966
f 2994/3802/2968 2968/3804/2963 2972/3808/2970
f 2967/3796/2962 2966/3801/2967 2970/3809/2971 2971/3810/2972
f 2965/3807/2966 2985/3806/2969 2969/3811/2973
f 2968/3797/2963 2967/3796/2962 2971/3810/2972 2972/3812/2970
f 2966/3801/2967 2965/3800/2966 2969/3813/2973 2970/3809/2971
f 2994/3802/2968 2972/3808/2970 2976/3814/2974
f 2971/3815/2972 2970/3816/2971 2974/3817/2975 2975/3818/2976
f 2969/3811/2973 2985/3806/2969 2973/3819/2977
f 2972/3820/2970 2971/3815/2972 2975/3818/2976 2976/3821/2974
f 2970/3816/2971 2969/3822/2973 2973/3823/2977 2974/3817/2975
f 2994/3802/2968 2976/3814/2974 2980/3824/2978
f 2975/3818/2976 2974/3817/2975 2978/3825/2979 2979/3826/2980
f 2973/3819/2977 2985/3806/2969 2977/3827/2981
f 2976/3821/2974 2975/3818/2976 2979/3826/2980 2980/3828/2978
f 2974/3817/2975 2973/3823/2977 2977/3829/2981 2978/3825/2979
f 2994/3802/2968 2980/3824/2978 2984/3830/2982
f 2979/3826/2980 2978/3825/2979 2982/3831/2983 2983/3832/2984
f 2977/3827/2981 2985/3806/2969 2981/3833/2985
f 2980/3828/2978 2979/3826/2980 2983/3832/2984 2984/3834/2982
f 2978/3825/2979 2977/3829/2981 2981/3835/2985 2982/3831/2983
f 2994/3802/2968 2984/3830/2982 2989/3836/2986
f 2983/3832/2984 2982/3831/2983 2987/3837/2987 2988/3838/2988
f 2981/3833/2985 2985/3806/2969 2986/3839/2989
f 2984/3834/2982 2983/3832/2984 2988/3838/2988 2989/3840/2986
f 2982/3831/2983 2981/3835/2985 2986/3841/2989 2987/3837/2987
f 2994/3802/2968 2989/3836/2986 2993/3842/2990
f 2988/3838/2988 2987/3837/2987 2991/3843/2991 2992/3844/2992
f 2986/3839/2989 2985/3806/2969 2990/3845/2993
f 2989/3840/2986 2988/3838/2988 2992/3844/2992 2993/3846/2990
f 2987/3837/2987 2986/3841/2989 2990/3847/2993 2991/3843/2991
f 2994/3802/2968 2993/3842/2990 2998/3848/2994
f 2992/3844/2992 2991/3843/2991 2996/3849/2995 2997/3850/2996
f 2990/3845/2993 2985/3806/2969 2995/3851/2997
f 2993/3846/2990 2992/3844/2992 2997/3850/2996 2998/3852/2994
f 2991/3843/2991 2990/3847/2993 2995/3853/2997 2996/3849/2995
f 2994/3802/2968 2998/3848/2994 3002/3854/2998
f 2997/3850/2996 2996/3849/2995 3000/3855/2999 3001/3856/3000
f 2995/3851/2997 2985/3806/2969 2999/3857/3001
f 2998/3852/2994 2997/3850/2996 3001/3856/3000 3002/3858/2998
f 2996/3849/2995 2995/3853/2997 2999/3859/3001 3000/3855/2999
f 2994/3802/2968 3002/3854/2998 3006/3803/2960
f 3001/3856/3000 3000/3855/2999 3004/3798/2964 3005/3795/2961
f 2999/3857/3001 2985/3806/2969 3003/3805/2965
f 3002/3858/2998 3001/3856/3000 3005/3795/2961 3006/3794/2960
f 3000/3855/2999 2999/3859/3001 3003/3799/2965 3004/3798/2964
o Sphere.017_Sphere.018
v 0.101887 1.204099 -0.745238
v 0.110485 1.188668 -0.754429
v 0.111039 1.168788 -0.755437
v 0.103338 1.152054 -0.747877
v 0.107353 1.203727 -0.734894
v 0.119329 1.188066 -0.737693
v 0.119883 1.168186 -0.738701
v 0.108803 1.151681 -0.737534
v 0.105694 1.203094 -0.723325
v 0.116644 1.187042 -0.718974
v 0.117198 1.167162 -0.719982
v 0.107144 1.151048 -0.725965
v 0.097544 1.202442 -0.714949
v 0.103458 1.185987 -0.705422
v 0.104012 1.166107 -0.706430
v 0.098994 1.150396 -0.717589
v 0.086016 1.202020 -0.712966
v 0.084806 1.185304 -0.702213
v 0.085360 1.165425 -0.703221
v 0.087467 1.149975 -0.715606
v 0.088530 1.209188 -0.731374
v 0.075514 1.201990 -0.718133
v 0.067813 1.185255 -0.710573
v 0.068367 1.165375 -0.711581
v 0.076965 1.149944 -0.720773
v 0.070049 1.202362 -0.728477
v 0.058969 1.185857 -0.727309
v 0.059523 1.165977 -0.728317
v 0.071499 1.150316 -0.731116
v 0.090322 1.144856 -0.734636
v 0.071708 1.202995 -0.740046
v 0.061654 1.186881 -0.746028
v 0.062208 1.167002 -0.747037
v 0.073158 1.150949 -0.742685
v 0.079858 1.203647 -0.748421
v 0.074840 1.187936 -0.759580
v 0.075394 1.168056 -0.760589
v 0.081308 1.151601 -0.751061
v 0.091385 1.204069 -0.750405
v 0.093492 1.188619 -0.762789
v 0.094046 1.168739 -0.763797
v 0.092836 1.152023 -0.753044
vt 0.777624 0.420670
vt 0.753291 0.419708
vt 0.753425 0.400987
vt 0.779584 0.404031
vt 0.735334 0.419816
vt 0.713946 0.422810
vt 0.711579 0.408135
vt 0.732999 0.402025
vt 0.838944 0.563672
vt 0.822022 0.586963
vt 0.811564 0.572569
vt 0.838935 0.534883
vt 0.838935 0.563672
vt 0.822013 0.540381
vt 0.811564 0.554776
vt 0.727478 0.380705
vt 0.754566 0.376727
vt 0.811555 0.554776
vt 0.783533 0.386866
vt 0.706021 0.394283
vt 0.822022 0.540381
vt 0.762076 0.554974
vt 0.734989 0.558951
vt 0.736130 0.534692
vt 0.756556 0.533654
vt 0.811555 0.572569
vt 0.783533 0.541396
vt 0.777976 0.527544
vt 0.706021 0.548813
vt 0.709970 0.531648
vt 0.838944 0.534883
vt 0.736263 0.515971
vt 0.754220 0.515862
vt 0.822013 0.586963
vt 0.775608 0.512869
vt 0.711930 0.515008
vt 0.855866 0.540381
vt 0.736352 0.499172
vt 0.753256 0.499513
vt 0.838935 0.592462
vt 0.774784 0.498030
vt 0.713102 0.498905
vt 0.866324 0.554776
vt 0.736485 0.483178
vt 0.752942 0.483745
vt 0.855857 0.586963
vt 0.774716 0.483037
vt 0.713917 0.483211
vt 0.866324 0.572569
vt 0.736611 0.467521
vt 0.752944 0.468157
vt 0.866316 0.572569
vt 0.775051 0.467864
vt 0.714503 0.467815
vt 0.855866 0.586963
vt 0.736612 0.451934
vt 0.753070 0.452500
vt 0.866316 0.554776
vt 0.775638 0.452468
vt 0.714839 0.452642
vt 0.838944 0.592462
vt 0.736298 0.436166
vt 0.753203 0.436507
vt 0.855857 0.540381
vt 0.776453 0.436773
vt 0.714771 0.437648
vn 0.1103 -0.7453 -0.6575
vn 0.1437 -0.2403 -0.9600
vn 0.6740 -0.2387 -0.6991
vn 0.4570 -0.7443 -0.4869
vn 0.1274 0.3437 -0.9304
vn 0.0669 0.8129 -0.5785
vn 0.4136 0.8140 -0.4079
vn 0.6577 0.3452 -0.6695
vn 0.0278 -0.9983 -0.0506
vn -0.0278 0.9983 0.0506
vn 0.6375 -0.7566 -0.1455
vn 0.9337 0.3264 -0.1472
vn 0.9499 -0.2575 -0.1768
vn 0.5940 0.8017 -0.0664
vn 0.5827 -0.7775 0.2365
vn 0.8499 0.2945 0.4369
vn 0.8662 -0.2895 0.4073
vn 0.5393 0.7808 0.3155
vn 0.3136 -0.7990 0.5130
vn 0.4384 0.2616 0.8599
vn 0.4547 -0.3224 0.8303
vn 0.2702 0.7592 0.5920
vn -0.0669 -0.8129 0.5784
vn -0.1437 0.2403 0.9600
vn -0.1274 -0.3437 0.9304
vn -0.1103 0.7453 0.6575
vn -0.4136 -0.8140 0.4079
vn -0.6740 0.2387 0.6991
vn -0.6577 -0.3452 0.6695
vn -0.4570 0.7443 0.4869
vn -0.5940 -0.8017 0.0664
vn -0.9499 0.2575 0.1768
vn -0.9337 -0.3264 0.1472
vn -0.6375 0.7566 0.1454
vn -0.5393 -0.7808 -0.3155
vn -0.8662 0.2895 -0.4073
vn -0.8499 -0.2945 -0.4369
vn -0.5827 0.7775 -0.2365
vn -0.2702 -0.7592 -0.5920
vn -0.4547 0.3224 -0.8303
vn -0.4384 -0.2616 -0.8599
vn -0.3136 0.7990 -0.5130
usemtl Material.001
s 1
f 3048/3860/3002 3047/3861/3003 3009/3862/3004 3010/3863/3005
f 3046/3864/3006 3045/3865/3007 3007/3866/3008 3008/3867/3009
f 3036/3868/3010 3048/3869/3002 3010/3870/3005
f 3047/3861/3003 3046/3864/3006 3008/3867/3009 3009/3862/3004
f 3045/3871/3007 3027/3872/3011 3007/3873/3008
f 3036/3868/3010 3010/3870/3005 3014/3874/3012
f 3009/3862/3004 3008/3867/3009 3012/3875/3013 3013/3876/3014
f 3007/3873/3008 3027/3872/3011 3011/3877/3015
f 3010/3863/3005 3009/3862/3004 3013/3876/3014 3014/3878/3012
f 3008/3867/3009 3007/3866/3008 3011/3879/3015 3012/3875/3013
f 3036/3868/3010 3014/3874/3012 3018/3880/3016
f 3013/3881/3014 3012/3882/3013 3016/3883/3017 3017/3884/3018
f 3011/3877/3015 3027/3872/3011 3015/3885/3019
f 3014/3886/3012 3013/3881/3014 3017/3884/3018 3018/3887/3016
f 3012/3882/3013 3011/3888/3015 3015/3889/3019 3016/3883/3017
f 3036/3868/3010 3018/3880/3016 3022/3890/3020
f 3017/3884/3018 3016/3883/3017 3020/3891/3021 3021/3892/3022
f 3015/3885/3019 3027/3872/3011 3019/3893/3023
f 3018/3887/3016 3017/3884/3018 3021/3892/3022 3022/3894/3020
f 3016/3883/3017 3015/3889/3019 3019/3895/3023 3020/3891/3021
f 3036/3868/3010 3022/3890/3020 3026/3896/3024
f 3021/3892/3022 3020/3891/3021 3024/3897/3025 3025/3898/3026
f 3019/3893/3023 3027/3872/3011 3023/3899/3027
f 3022/3894/3020 3021/3892/3022 3025/3898/3026 3026/3900/3024
f 3020/3891/3021 3019/3895/3023 3023/3901/3027 3024/3897/3025
f 3036/3868/3010 3026/3896/3024 3031/3902/3028
f 3025/3898/3026 3024/3897/3025 3029/3903/3029 3030/3904/3030
f 3023/3899/3027 3027/3872/3011 3028/3905/3031
f 3026/3900/3024 3025/3898/3026 3030/3904/3030 3031/3906/3028
f 3024/3897/3025 3023/3901/3027 3028/3907/3031 3029/3903/3029
f 3036/3868/3010 3031/3902/3028 3035/3908/3032
f 3030/3904/3030 3029/3903/3029 3033/3909/3033 3034/3910/3034
f 3028/3905/3031 3027/3872/3011 3032/3911/3035
f 3031/3906/3028 3030/3904/3030 3034/3910/3034 3035/3912/3032
f 3029/3903/3029 3028/3907/3031 3032/3913/3035 3033/3909/3033
f 3036/3868/3010 3035/3908/3032 3040/3914/3036
f 3034/3910/3034 3033/3909/3033 3038/3915/3037 3039/3916/3038
f 3032/3911/3035 3027/3872/3011 3037/3917/3039
f 3035/3912/3032 3034/3910/3034 3039/3916/3038 3040/3918/3036
f 3033/3909/3033 3032/3913/3035 3037/3919/3039 3038/3915/3037
f 3036/3868/3010 3040/3914/3036 3044/3920/3040
f 3039/3916/3038 3038/3915/3037 3042/3921/3041 3043/3922/3042
f 3037/3917/3039 3027/3872/3011 3041/3923/3043
f 3040/3918/3036 3039/3916/3038 3043/3922/3042 3044/3924/3040
f 3038/3915/3037 3037/3919/3039 3041/3925/3043 3042/3921/3041
f 3036/3868/3010 3044/3920/3040 3048/3869/3002
f 3043/3922/3042 3042/3921/3041 3046/3864/3006 3047/3861/3003
f 3041/3923/3043 3027/3872/3011 3045/3871/3007
f 3044/3924/3040 3043/3922/3042 3047/3861/3003 3048/3860/3002
f 3042/3921/3041 3041/3925/3043 3045/3865/3007 3046/3864/3006
o Sphere.018_Sphere.019
v 0.186670 1.367615 -0.701397
v 0.194026 1.353011 -0.712760
v 0.193754 1.333349 -0.715897
v 0.185958 1.316138 -0.709609
v 0.192811 1.365963 -0.691572
v 0.203964 1.350337 -0.696862
v 0.203692 1.330675 -0.699999
v 0.192100 1.314486 -0.699783
v 0.191925 1.364136 -0.680045
v 0.202529 1.347382 -0.678211
v 0.202257 1.327720 -0.681348
v 0.191213 1.312659 -0.688256
v 0.184348 1.362833 -0.671219
v 0.190270 1.345273 -0.663931
v 0.189998 1.325611 -0.667068
v 0.183636 1.311356 -0.679431
v 0.172975 1.362551 -0.668466
v 0.171869 1.344817 -0.659476
v 0.171597 1.325155 -0.662613
v 0.172264 1.311074 -0.676678
v 0.174494 1.371583 -0.686148
v 0.162151 1.363398 -0.672837
v 0.154354 1.346188 -0.666549
v 0.154082 1.326525 -0.669686
v 0.161439 1.311921 -0.681049
v 0.156009 1.365051 -0.682663
v 0.144416 1.348861 -0.682447
v 0.144144 1.329199 -0.685584
v 0.155297 1.313574 -0.690874
v 0.173614 1.307954 -0.696298
v 0.156896 1.366877 -0.694190
v 0.145851 1.351817 -0.701098
v 0.145579 1.332154 -0.704235
v 0.156184 1.315400 -0.702401
v 0.164472 1.368180 -0.703015
v 0.158110 1.353925 -0.715378
v 0.157838 1.334263 -0.718515
v 0.163760 1.316703 -0.711227
v 0.175845 1.368462 -0.705768
v 0.176512 1.354381 -0.719833
v 0.176240 1.334719 -0.722970
v 0.175133 1.316985 -0.713980
vt 0.777625 0.420670
vt 0.753292 0.419707
vt 0.753425 0.400987
vt 0.779585 0.404031
vt 0.735335 0.419816
vt 0.713947 0.422809
vt 0.711579 0.408134
vt 0.732999 0.402024
vt 0.838942 0.563672
vt 0.822020 0.586963
vt 0.811561 0.572569
vt 0.838941 0.534883
vt 0.838941 0.563672
vt 0.822019 0.540381
vt 0.811561 0.554776
vt 0.727479 0.380704
vt 0.754566 0.376727
vt 0.811561 0.554776
vt 0.783534 0.386865
vt 0.706022 0.394282
vt 0.822020 0.540381
vt 0.762077 0.554974
vt 0.734990 0.558951
vt 0.736131 0.534691
vt 0.756557 0.533653
vt 0.811561 0.572569
vt 0.783534 0.541396
vt 0.777977 0.527544
vt 0.706022 0.548812
vt 0.709971 0.531647
vt 0.838942 0.534883
vt 0.736264 0.515970
vt 0.754221 0.515862
vt 0.822019 0.586963
vt 0.775609 0.512868
vt 0.711931 0.515008
vt 0.855863 0.540381
vt 0.736353 0.499172
vt 0.753257 0.499512
vt 0.838941 0.592462
vt 0.774784 0.498030
vt 0.713103 0.498905
vt 0.866322 0.554776
vt 0.736485 0.483178
vt 0.752943 0.483744
vt 0.855863 0.586963
vt 0.774717 0.483037
vt 0.713918 0.483211
vt 0.866322 0.572569
vt 0.736611 0.467521
vt 0.752945 0.468157
vt 0.866322 0.572569
vt 0.775052 0.467864
vt 0.714504 0.467814
vt 0.855863 0.586963
vt 0.736613 0.451934
vt 0.753071 0.452500
vt 0.866322 0.554776
vt 0.775638 0.452467
vt 0.714839 0.452641
vt 0.838942 0.592461
vt 0.736299 0.436166
vt 0.753203 0.436506
vt 0.855863 0.540381
vt 0.776453 0.436773
vt 0.714772 0.437648
vn 0.0367 -0.6730 -0.7387
vn 0.0684 -0.1396 -0.9878
vn 0.6150 -0.1823 -0.7671
vn 0.3941 -0.7010 -0.5943
vn 0.0764 0.4380 -0.8957
vn 0.0580 0.8682 -0.4928
vn 0.4154 0.8402 -0.3485
vn 0.6230 0.3952 -0.6750
vn -0.0136 -0.9874 -0.1575
vn 0.0136 0.9874 0.1575
vn 0.5968 -0.7555 -0.2700
vn 0.9331 0.3118 -0.1788
vn 0.9251 -0.2658 -0.2710
vn 0.6182 0.7857 -0.0241
vn 0.5676 -0.8159 0.1105
vn 0.8884 0.2196 0.4032
vn 0.8804 -0.3580 0.3110
vn 0.5889 0.7254 0.3564
vn 0.3174 -0.8589 0.4019
vn 0.5058 0.1538 0.8488
vn 0.4978 -0.4238 0.7567
vn 0.3387 0.6823 0.6478
vn -0.0580 -0.8682 0.4928
vn -0.0684 0.1396 0.9878
vn -0.0764 -0.4380 0.8957
vn -0.0367 0.6730 0.7387
vn -0.4154 -0.8402 0.3485
vn -0.6150 0.1823 0.7671
vn -0.6230 -0.3952 0.6750
vn -0.3941 0.7010 0.5943
vn -0.6182 -0.7857 0.0241
vn -0.9251 0.2658 0.2710
vn -0.9331 -0.3118 0.1788
vn -0.5968 0.7555 0.2700
vn -0.5889 -0.7254 -0.3564
vn -0.8804 0.3580 -0.3110
vn -0.8884 -0.2196 -0.4032
vn -0.5676 0.8159 -0.1105
vn -0.3387 -0.6823 -0.6478
vn -0.4978 0.4238 -0.7567
vn -0.5058 -0.1538 -0.8488
vn -0.3174 0.8589 -0.4019
usemtl Material.001
s 1
f 3090/3926/3044 3089/3927/3045 3051/3928/3046 3052/3929/3047
f 3088/3930/3048 3087/3931/3049 3049/3932/3050 3050/3933/3051
f 3078/3934/3052 3090/3935/3044 3052/3936/3047
f 3089/3927/3045 3088/3930/3048 3050/3933/3051 3051/3928/3046
f 3087/3937/3049 3069/3938/3053 3049/3939/3050
f 3078/3934/3052 3052/3936/3047 3056/3940/3054
f 3051/3928/3046 3050/3933/3051 3054/3941/3055 3055/3942/3056
f 3049/3939/3050 3069/3938/3053 3053/3943/3057
f 3052/3929/3047 3051/3928/3046 3055/3942/3056 3056/3944/3054
f 3050/3933/3051 3049/3932/3050 3053/3945/3057 3054/3941/3055
f 3078/3934/3052 3056/3940/3054 3060/3946/3058
f 3055/3947/3056 3054/3948/3055 3058/3949/3059 3059/3950/3060
f 3053/3943/3057 3069/3938/3053 3057/3951/3061
f 3056/3952/3054 3055/3947/3056 3059/3950/3060 3060/3953/3058
f 3054/3948/3055 3053/3954/3057 3057/3955/3061 3058/3949/3059
f 3078/3934/3052 3060/3946/3058 3064/3956/3062
f 3059/3950/3060 3058/3949/3059 3062/3957/3063 3063/3958/3064
f 3057/3951/3061 3069/3938/3053 3061/3959/3065
f 3060/3953/3058 3059/3950/3060 3063/3958/3064 3064/3960/3062
f 3058/3949/3059 3057/3955/3061 3061/3961/3065 3062/3957/3063
f 3078/3934/3052 3064/3956/3062 3068/3962/3066
f 3063/3958/3064 3062/3957/3063 3066/3963/3067 3067/3964/3068
f 3061/3959/3065 3069/3938/3053 3065/3965/3069
f 3064/3960/3062 3063/3958/3064 3067/3964/3068 3068/3966/3066
f 3062/3957/3063 3061/3961/3065 3065/3967/3069 3066/3963/3067
f 3078/3934/3052 3068/3962/3066 3073/3968/3070
f 3067/3964/3068 3066/3963/3067 3071/3969/3071 3072/3970/3072
f 3065/3965/3069 3069/3938/3053 3070/3971/3073
f 3068/3966/3066 3067/3964/3068 3072/3970/3072 3073/3972/3070
f 3066/3963/3067 3065/3967/3069 3070/3973/3073 3071/3969/3071
f 3078/3934/3052 3073/3968/3070 3077/3974/3074
f 3072/3970/3072 3071/3969/3071 3075/3975/3075 3076/3976/3076
f 3070/3971/3073 3069/3938/3053 3074/3977/3077
f 3073/3972/3070 3072/3970/3072 3076/3976/3076 3077/3978/3074
f 3071/3969/3071 3070/3973/3073 3074/3979/3077 3075/3975/3075
f 3078/3934/3052 3077/3974/3074 3082/3980/3078
f 3076/3976/3076 3075/3975/3075 3080/3981/3079 3081/3982/3080
f 3074/3977/3077 3069/3938/3053 3079/3983/3081
f 3077/3978/3074 3076/3976/3076 3081/3982/3080 3082/3984/3078
f 3075/3975/3075 3074/3979/3077 3079/3985/3081 3080/3981/3079
f 3078/3934/3052 3082/3980/3078 3086/3986/3082
f 3081/3982/3080 3080/3981/3079 3084/3987/3083 3085/3988/3084
f 3079/3983/3081 3069/3938/3053 3083/3989/3085
f 3082/3984/3078 3081/3982/3080 3085/3988/3084 3086/3990/3082
f 3080/3981/3079 3079/3985/3081 3083/3991/3085 3084/3987/3083
f 3078/3934/3052 3086/3986/3082 3090/3935/3044
f 3085/3988/3084 3084/3987/3083 3088/3930/3048 3089/3927/3045
f 3083/3989/3085 3069/3938/3053 3087/3937/3049
f 3086/3990/3082 3085/3988/3084 3089/3927/3045 3090/3926/3044
f 3084/3987/3083 3083/3991/3085 3087/3931/3049 3088/3930/3048
o Sphere.019_Sphere.020
v 0.203519 1.059585 -0.722273
v 0.212515 1.043584 -0.729990
v 0.212335 1.023678 -0.730493
v 0.203050 1.007471 -0.723590
v 0.207647 1.059271 -0.711325
v 0.219194 1.043076 -0.712276
v 0.219015 1.023170 -0.712779
v 0.207178 1.007158 -0.712642
v 0.204550 1.059014 -0.700041
v 0.214182 1.042660 -0.694018
v 0.214002 1.022754 -0.694521
v 0.204080 1.006900 -0.701358
v 0.195409 1.058912 -0.692730
v 0.199392 1.042494 -0.682189
v 0.199213 1.022588 -0.682692
v 0.194940 1.006798 -0.694047
v 0.183718 1.059003 -0.692186
v 0.180475 1.042642 -0.681309
v 0.180296 1.022736 -0.681812
v 0.183249 1.006889 -0.693503
v 0.188785 1.065571 -0.710289
v 0.173941 1.059254 -0.698616
v 0.164656 1.043047 -0.691713
v 0.164476 1.023141 -0.692216
v 0.173472 1.007140 -0.699933
v 0.169813 1.059567 -0.709564
v 0.157976 1.043555 -0.709427
v 0.157797 1.023649 -0.709930
v 0.169344 1.007454 -0.710881
v 0.188206 1.001154 -0.711917
v 0.172910 1.059825 -0.720848
v 0.162989 1.043971 -0.727685
v 0.162809 1.024065 -0.728188
v 0.172441 1.007711 -0.722165
v 0.182051 1.059927 -0.728158
v 0.177778 1.044137 -0.739513
v 0.177599 1.024231 -0.740016
v 0.181582 1.007813 -0.729476
v 0.193742 1.059836 -0.728703
v 0.196695 1.043989 -0.740394
v 0.196516 1.024083 -0.740897
v 0.193273 1.007722 -0.730020
vt 0.777624 0.420670
vt 0.753291 0.419708
vt 0.753425 0.400987
vt 0.779584 0.404031
vt 0.735334 0.419816
vt 0.713947 0.422810
vt 0.711579 0.408134
vt 0.732999 0.402025
vt 0.838944 0.563672
vt 0.822022 0.586963
vt 0.811564 0.572569
vt 0.838941 0.534883
vt 0.838941 0.563672
vt 0.822019 0.540381
vt 0.811564 0.554776
vt 0.727478 0.380704
vt 0.754566 0.376727
vt 0.811561 0.554776
vt 0.783534 0.386866
vt 0.706021 0.394282
vt 0.822022 0.540381
vt 0.762076 0.554974
vt 0.734989 0.558951
vt 0.736130 0.534691
vt 0.756556 0.533654
vt 0.811561 0.572569
vt 0.783534 0.541396
vt 0.777976 0.527544
vt 0.706021 0.548813
vt 0.709970 0.531647
vt 0.838944 0.534883
vt 0.736263 0.515971
vt 0.754220 0.515862
vt 0.822019 0.586963
vt 0.775608 0.512868
vt 0.711930 0.515008
vt 0.855866 0.540381
vt 0.736352 0.499172
vt 0.753256 0.499512
vt 0.838941 0.592462
vt 0.774784 0.498030
vt 0.713102 0.498905
vt 0.866324 0.554776
vt 0.736485 0.483178
vt 0.752942 0.483744
vt 0.855863 0.586963
vt 0.774716 0.483037
vt 0.713917 0.483211
vt 0.866324 0.572569
vt 0.736611 0.467521
vt 0.752944 0.468157
vt 0.866321 0.572569
vt 0.775051 0.467864
vt 0.714503 0.467814
vt 0.855866 0.586963
vt 0.736612 0.451934
vt 0.753070 0.452500
vt 0.866321 0.554776
vt 0.775638 0.452467
vt 0.714839 0.452641
vt 0.838944 0.592461
vt 0.736298 0.436166
vt 0.753203 0.436506
vt 0.855863 0.540381
vt 0.776453 0.436773
vt 0.714771 0.437648
vn 0.1585 -0.7664 -0.6225
vn 0.2504 -0.2713 -0.9293
vn 0.7441 -0.2840 -0.6046
vn 0.4812 -0.7747 -0.4102
vn 0.2557 0.3134 -0.9145
vn 0.1725 0.7939 -0.5830
vn 0.4953 0.7856 -0.3708
vn 0.7494 0.3007 -0.5899
vn -0.0090 -0.9996 -0.0252
vn 0.0090 0.9996 0.0252
vn 0.6175 -0.7850 -0.0488
vn 0.9578 0.2849 -0.0370
vn 0.9526 -0.2998 -0.0518
vn 0.6316 0.7753 -0.0093
vn 0.5152 -0.7935 0.3237
vn 0.8014 0.2719 0.5327
vn 0.7961 -0.3128 0.5179
vn 0.5293 0.7668 0.3632
vn 0.2135 -0.7969 0.5651
vn 0.3399 0.2667 0.9018
vn 0.3346 -0.3180 0.8871
vn 0.2275 0.7634 0.6045
vn -0.1725 -0.7939 0.5830
vn -0.2504 0.2713 0.9293
vn -0.2557 -0.3134 0.9145
vn -0.1584 0.7664 0.6225
vn -0.4953 -0.7856 0.3708
vn -0.7441 0.2840 0.6046
vn -0.7494 -0.3007 0.5899
vn -0.4812 0.7747 0.4102
vn -0.6316 -0.7753 0.0093
vn -0.9526 0.2998 0.0518
vn -0.9578 -0.2849 0.0370
vn -0.6175 0.7850 0.0488
vn -0.5293 -0.7668 -0.3632
vn -0.7961 0.3128 -0.5179
vn -0.8014 -0.2719 -0.5327
vn -0.5152 0.7935 -0.3237
vn -0.2275 -0.7634 -0.6045
vn -0.3346 0.3180 -0.8871
vn -0.3399 -0.2667 -0.9018
vn -0.2135 0.7969 -0.5651
usemtl Material.001
s 1
f 3132/3992/3086 3131/3993/3087 3093/3994/3088 3094/3995/3089
f 3130/3996/3090 3129/3997/3091 3091/3998/3092 3092/3999/3093
f 3120/4000/3094 3132/4001/3086 3094/4002/3089
f 3131/3993/3087 3130/3996/3090 3092/3999/3093 3093/3994/3088
f 3129/4003/3091 3111/4004/3095 3091/4005/3092
f 3120/4000/3094 3094/4002/3089 3098/4006/3096
f 3093/3994/3088 3092/3999/3093 3096/4007/3097 3097/4008/3098
f 3091/4005/3092 3111/4004/3095 3095/4009/3099
f 3094/3995/3089 3093/3994/3088 3097/4008/3098 3098/4010/3096
f 3092/3999/3093 3091/3998/3092 3095/4011/3099 3096/4007/3097
f 3120/4000/3094 3098/4006/3096 3102/4012/3100
f 3097/4013/3098 3096/4014/3097 3100/4015/3101 3101/4016/3102
f 3095/4009/3099 3111/4004/3095 3099/4017/3103
f 3098/4018/3096 3097/4013/3098 3101/4016/3102 3102/4019/3100
f 3096/4014/3097 3095/4020/3099 3099/4021/3103 3100/4015/3101
f 3120/4000/3094 3102/4012/3100 3106/4022/3104
f 3101/4016/3102 3100/4015/3101 3104/4023/3105 3105/4024/3106
f 3099/4017/3103 3111/4004/3095 3103/4025/3107
f 3102/4019/3100 3101/4016/3102 3105/4024/3106 3106/4026/3104
f 3100/4015/3101 3099/4021/3103 3103/4027/3107 3104/4023/3105
f 3120/4000/3094 3106/4022/3104 3110/4028/3108
f 3105/4024/3106 3104/4023/3105 3108/4029/3109 3109/4030/3110
f 3103/4025/3107 3111/4004/3095 3107/4031/3111
f 3106/4026/3104 3105/4024/3106 3109/4030/3110 3110/4032/3108
f 3104/4023/3105 3103/4027/3107 3107/4033/3111 3108/4029/3109
f 3120/4000/3094 3110/4028/3108 3115/4034/3112
f 3109/4030/3110 3108/4029/3109 3113/4035/3113 3114/4036/3114
f 3107/4031/3111 3111/4004/3095 3112/4037/3115
f 3110/4032/3108 3109/4030/3110 3114/4036/3114 3115/4038/3112
f 3108/4029/3109 3107/4033/3111 3112/4039/3115 3113/4035/3113
f 3120/4000/3094 3115/4034/3112 3119/4040/3116
f 3114/4036/3114 3113/4035/3113 3117/4041/3117 3118/4042/3118
f 3112/4037/3115 3111/4004/3095 3116/4043/3119
f 3115/4038/3112 3114/4036/3114 3118/4042/3118 3119/4044/3116
f 3113/4035/3113 3112/4039/3115 3116/4045/3119 3117/4041/3117
f 3120/4000/3094 3119/4040/3116 3124/4046/3120
f 3118/4042/3118 3117/4041/3117 3122/4047/3121 3123/4048/3122
f 3116/4043/3119 3111/4004/3095 3121/4049/3123
f 3119/4044/3116 3118/4042/3118 3123/4048/3122 3124/4050/3120
f 3117/4041/3117 3116/4045/3119 3121/4051/3123 3122/4047/3121
f 3120/4000/3094 3124/4046/3120 3128/4052/3124
f 3123/4048/3122 3122/4047/3121 3126/4053/3125 3127/4054/3126
f 3121/4049/3123 3111/4004/3095 3125/4055/3127
f 3124/4050/3120 3123/4048/3122 3127/4054/3126 3128/4056/3124
f 3122/4047/3121 3121/4051/3123 3125/4057/3127 3126/4053/3125
f 3120/4000/3094 3128/4052/3124 3132/4001/3086
f 3127/4054/3126 3126/4053/3125 3130/3996/3090 3131/3993/3087
f 3125/4055/3127 3111/4004/3095 3129/4003/3091
f 3128/4056/3124 3127/4054/3126 3131/3993/3087 3132/3992/3086
f 3126/4053/3125 3125/4057/3127 3129/3997/3091 3130/3996/3090
o Sphere.020_Sphere.021
v 0.847641 1.300260 0.216198
v 0.857665 1.285894 0.206728
v 0.861730 1.266400 0.206728
v 0.858284 1.249225 0.216198
v 0.854376 1.301664 0.225667
v 0.868562 1.288166 0.222050
v 0.872627 1.268672 0.222050
v 0.865018 1.250629 0.225667
v 0.854376 1.301664 0.237371
v 0.868562 1.288166 0.240988
v 0.872627 1.268672 0.240988
v 0.865018 1.250629 0.237371
v 0.847641 1.300260 0.246840
v 0.857665 1.285894 0.256310
v 0.861730 1.266400 0.256310
v 0.858284 1.249225 0.246840
v 0.836744 1.297987 0.250457
v 0.840033 1.282217 0.262162
v 0.844098 1.262723 0.262162
v 0.847386 1.246953 0.250457
v 0.835488 1.304011 0.231519
v 0.825847 1.295715 0.246840
v 0.822401 1.278540 0.256310
v 0.826466 1.259046 0.256310
v 0.836489 1.244680 0.246840
v 0.819112 1.294311 0.237371
v 0.811503 1.276268 0.240988
v 0.815568 1.256774 0.240988
v 0.829754 1.243276 0.237371
v 0.848642 1.240929 0.231519
v 0.819112 1.294311 0.225667
v 0.811503 1.276268 0.222050
v 0.815568 1.256774 0.222050
v 0.829754 1.243276 0.225667
v 0.825847 1.295715 0.216198
v 0.822401 1.278540 0.206728
v 0.826466 1.259046 0.206728
v 0.836489 1.244680 0.216198
v 0.836744 1.297987 0.212581
v 0.840033 1.282217 0.200876
v 0.844098 1.262723 0.200876
v 0.847386 1.246953 0.212581
vt 0.777624 0.420670
vt 0.753291 0.419708
vt 0.753425 0.400987
vt 0.779584 0.404031
vt 0.735334 0.419816
vt 0.713946 0.422810
vt 0.711579 0.408135
vt 0.732999 0.402025
vt 0.838942 0.563671
vt 0.822020 0.586962
vt 0.811561 0.572567
vt 0.838941 0.534883
vt 0.838941 0.563672
vt 0.822019 0.540381
vt 0.811561 0.554775
vt 0.727478 0.380705
vt 0.754566 0.376727
vt 0.811561 0.554776
vt 0.783533 0.386866
vt 0.706021 0.394283
vt 0.822020 0.540380
vt 0.762076 0.554974
vt 0.734989 0.558952
vt 0.736130 0.534692
vt 0.756556 0.533654
vt 0.811561 0.572569
vt 0.783533 0.541396
vt 0.777976 0.527544
vt 0.706021 0.548813
vt 0.709970 0.531648
vt 0.838942 0.534882
vt 0.736263 0.515971
vt 0.754220 0.515863
vt 0.822019 0.586963
vt 0.775608 0.512869
vt 0.711930 0.515009
vt 0.855863 0.540380
vt 0.736352 0.499172
vt 0.753256 0.499513
vt 0.838941 0.592462
vt 0.774784 0.498030
vt 0.713102 0.498906
vt 0.866322 0.554775
vt 0.736485 0.483179
vt 0.752942 0.483745
vt 0.855863 0.586963
vt 0.774716 0.483037
vt 0.713917 0.483211
vt 0.866322 0.572567
vt 0.736611 0.467522
vt 0.752944 0.468157
vt 0.866321 0.572569
vt 0.775051 0.467864
vt 0.714503 0.467815
vt 0.855863 0.586962
vt 0.736612 0.451934
vt 0.753070 0.452500
vt 0.866321 0.554776
vt 0.775638 0.452468
vt 0.714839 0.452642
vt 0.838942 0.592460
vt 0.736298 0.436166
vt 0.753203 0.436507
vt 0.855863 0.540381
vt 0.776453 0.436773
vt 0.714771 0.437649
vn 0.1593 -0.7640 -0.6252
vn 0.0597 -0.2863 -0.9563
vn 0.6099 -0.1716 -0.7736
vn 0.5191 -0.6890 -0.5058
vn -0.0597 0.2863 -0.9563
vn -0.1593 0.7640 -0.6252
vn 0.2004 0.8390 -0.5058
vn 0.4905 0.4010 -0.7736
vn 0.2041 -0.9789 0.0000
vn -0.2041 0.9789 0.0000
vn 0.7414 -0.6426 -0.1932
vn 0.8306 0.4720 -0.2955
vn 0.9500 -0.1007 -0.2955
vn 0.4228 0.8854 -0.1932
vn 0.7414 -0.6426 0.1932
vn 0.8306 0.4720 0.2955
vn 0.9500 -0.1007 0.2955
vn 0.4228 0.8854 0.1932
vn 0.5191 -0.6890 0.5058
vn 0.4905 0.4010 0.7736
vn 0.6099 -0.1716 0.7736
vn 0.2004 0.8390 0.5058
vn 0.1593 -0.7640 0.6252
vn -0.0597 0.2863 0.9563
vn 0.0597 -0.2863 0.9563
vn -0.1593 0.7640 0.6252
vn -0.2004 -0.8390 0.5058
vn -0.6099 0.1716 0.7736
vn -0.4905 -0.4010 0.7736
vn -0.5191 0.6890 0.5058
vn -0.4228 -0.8854 0.1932
vn -0.9500 0.1007 0.2955
vn -0.8306 -0.4720 0.2955
vn -0.7414 0.6426 0.1932
vn -0.4228 -0.8854 -0.1932
vn -0.9500 0.1007 -0.2955
vn -0.8306 -0.4720 -0.2955
vn -0.7414 0.6426 -0.1932
vn -0.2004 -0.8390 -0.5058
vn -0.6099 0.1716 -0.7736
vn -0.4905 -0.4010 -0.7736
vn -0.5191 0.6890 -0.5058
usemtl Material.001
s 1
f 3174/4058/3128 3173/4059/3129 3135/4060/3130 3136/4061/3131
f 3172/4062/3132 3171/4063/3133 3133/4064/3134 3134/4065/3135
f 3162/4066/3136 3174/4067/3128 3136/4068/3131
f 3173/4059/3129 3172/4062/3132 3134/4065/3135 3135/4060/3130
f 3171/4069/3133 3153/4070/3137 3133/4071/3134
f 3162/4066/3136 3136/4068/3131 3140/4072/3138
f 3135/4060/3130 3134/4065/3135 3138/4073/3139 3139/4074/3140
f 3133/4071/3134 3153/4070/3137 3137/4075/3141
f 3136/4061/3131 3135/4060/3130 3139/4074/3140 3140/4076/3138
f 3134/4065/3135 3133/4064/3134 3137/4077/3141 3138/4073/3139
f 3162/4066/3136 3140/4072/3138 3144/4078/3142
f 3139/4079/3140 3138/4080/3139 3142/4081/3143 3143/4082/3144
f 3137/4075/3141 3153/4070/3137 3141/4083/3145
f 3140/4084/3138 3139/4079/3140 3143/4082/3144 3144/4085/3142
f 3138/4080/3139 3137/4086/3141 3141/4087/3145 3142/4081/3143
f 3162/4066/3136 3144/4078/3142 3148/4088/3146
f 3143/4082/3144 3142/4081/3143 3146/4089/3147 3147/4090/3148
f 3141/4083/3145 3153/4070/3137 3145/4091/3149
f 3144/4085/3142 3143/4082/3144 3147/4090/3148 3148/4092/3146
f 3142/4081/3143 3141/4087/3145 3145/4093/3149 3146/4089/3147
f 3162/4066/3136 3148/4088/3146 3152/4094/3150
f 3147/4090/3148 3146/4089/3147 3150/4095/3151 3151/4096/3152
f 3145/4091/3149 3153/4070/3137 3149/4097/3153
f 3148/4092/3146 3147/4090/3148 3151/4096/3152 3152/4098/3150
f 3146/4089/3147 3145/4093/3149 3149/4099/3153 3150/4095/3151
f 3162/4066/3136 3152/4094/3150 3157/4100/3154
f 3151/4096/3152 3150/4095/3151 3155/4101/3155 3156/4102/3156
f 3149/4097/3153 3153/4070/3137 3154/4103/3157
f 3152/4098/3150 3151/4096/3152 3156/4102/3156 3157/4104/3154
f 3150/4095/3151 3149/4099/3153 3154/4105/3157 3155/4101/3155
f 3162/4066/3136 3157/4100/3154 3161/4106/3158
f 3156/4102/3156 3155/4101/3155 3159/4107/3159 3160/4108/3160
f 3154/4103/3157 3153/4070/3137 3158/4109/3161
f 3157/4104/3154 3156/4102/3156 3160/4108/3160 3161/4110/3158
f 3155/4101/3155 3154/4105/3157 3158/4111/3161 3159/4107/3159
f 3162/4066/3136 3161/4106/3158 3166/4112/3162
f 3160/4108/3160 3159/4107/3159 3164/4113/3163 3165/4114/3164
f 3158/4109/3161 3153/4070/3137 3163/4115/3165
f 3161/4110/3158 3160/4108/3160 3165/4114/3164 3166/4116/3162
f 3159/4107/3159 3158/4111/3161 3163/4117/3165 3164/4113/3163
f 3162/4066/3136 3166/4112/3162 3170/4118/3166
f 3165/4114/3164 3164/4113/3163 3168/4119/3167 3169/4120/3168
f 3163/4115/3165 3153/4070/3137 3167/4121/3169
f 3166/4116/3162 3165/4114/3164 3169/4120/3168 3170/4122/3166
f 3164/4113/3163 3163/4117/3165 3167/4123/3169 3168/4119/3167
f 3162/4066/3136 3170/4118/3166 3174/4067/3128
f 3169/4120/3168 3168/4119/3167 3172/4062/3132 3173/4059/3129
f 3167/4121/3169 3153/4070/3137 3171/4069/3133
f 3170/4122/3166 3169/4120/3168 3173/4059/3129 3174/4058/3128
f 3168/4119/3167 3167/4123/3169 3171/4063/3133 3172/4062/3132
o Sphere.021_Sphere.022
v 0.638981 1.309808 0.489953
v 0.650362 1.298041 0.478615
v 0.655180 1.279097 0.474819
v 0.651596 1.260211 0.480015
v 0.644794 1.309254 0.500097
v 0.659768 1.297145 0.495028
v 0.664586 1.278200 0.491232
v 0.657409 1.259657 0.490158
v 0.643763 1.306712 0.511475
v 0.658098 1.293031 0.513439
v 0.662917 1.274086 0.509643
v 0.656377 1.257114 0.501537
v 0.636281 1.303152 0.519742
v 0.645992 1.287271 0.526815
v 0.650810 1.268327 0.523019
v 0.648895 1.253554 0.509804
v 0.625206 1.299935 0.521740
v 0.628072 1.282066 0.530047
v 0.632890 1.263122 0.526251
v 0.637820 1.250337 0.511801
v 0.625386 1.309903 0.504502
v 0.614768 1.298289 0.516705
v 0.611184 1.279403 0.521901
v 0.616002 1.260459 0.518105
v 0.627382 1.248692 0.506767
v 0.608955 1.298844 0.506562
v 0.601778 1.280300 0.505488
v 0.606596 1.261355 0.501692
v 0.621569 1.249246 0.496623
v 0.640978 1.248597 0.492218
v 0.609987 1.301386 0.495183
v 0.603447 1.284414 0.487077
v 0.608265 1.265469 0.483281
v 0.622601 1.251788 0.485245
v 0.617469 1.304946 0.486916
v 0.615554 1.290173 0.473701
v 0.620372 1.271229 0.469905
v 0.630083 1.255348 0.476978
v 0.628544 1.308163 0.484919
v 0.633474 1.295378 0.470469
v 0.638292 1.276434 0.466673
v 0.641158 1.258565 0.474980
vt 0.777624 0.420670
vt 0.753291 0.419708
vt 0.753425 0.400987
vt 0.779584 0.404031
vt 0.735334 0.419816
vt 0.713947 0.422810
vt 0.711579 0.408135
vt 0.732999 0.402025
vt 0.838941 0.563671
vt 0.822019 0.586962
vt 0.811561 0.572567
vt 0.838942 0.534885
vt 0.838942 0.563674
vt 0.822020 0.540383
vt 0.811561 0.554775
vt 0.727478 0.380705
vt 0.754566 0.376727
vt 0.811561 0.554777
vt 0.783534 0.386866
vt 0.706021 0.394283
vt 0.822019 0.540380
vt 0.762077 0.554974
vt 0.734989 0.558951
vt 0.736130 0.534692
vt 0.756556 0.533654
vt 0.811561 0.572570
vt 0.783534 0.541396
vt 0.777976 0.527544
vt 0.706021 0.548813
vt 0.709970 0.531648
vt 0.838941 0.534882
vt 0.736263 0.515971
vt 0.754220 0.515862
vt 0.822020 0.586965
vt 0.775608 0.512869
vt 0.711930 0.515008
vt 0.855863 0.540380
vt 0.736352 0.499172
vt 0.753256 0.499513
vt 0.838942 0.592463
vt 0.774784 0.498030
vt 0.713102 0.498905
vt 0.866321 0.554775
vt 0.736485 0.483178
vt 0.752943 0.483745
vt 0.855863 0.586965
vt 0.774716 0.483037
vt 0.713917 0.483211
vt 0.866321 0.572567
vt 0.736611 0.467521
vt 0.752944 0.468157
vt 0.866322 0.572570
vt 0.775051 0.467864
vt 0.714503 0.467815
vt 0.855863 0.586962
vt 0.736612 0.451934
vt 0.753070 0.452500
vt 0.866322 0.554777
vt 0.775638 0.452468
vt 0.714839 0.452642
vt 0.838941 0.592460
vt 0.736299 0.436166
vt 0.753203 0.436507
vt 0.855863 0.540383
vt 0.776453 0.436773
vt 0.714771 0.437648
vn 0.2439 -0.6067 -0.7566
vn 0.1550 -0.0705 -0.9854
vn 0.6821 0.0125 -0.7312
vn 0.5885 -0.5523 -0.5904
vn 0.0135 0.4859 -0.8739
vn -0.1337 0.8783 -0.4590
vn 0.2108 0.9326 -0.2928
vn 0.5405 0.5690 -0.6196
vn 0.2420 -0.9514 -0.1906
vn -0.2420 0.9514 0.1906
vn 0.7804 -0.5706 -0.2555
vn 0.8340 0.5411 -0.1074
vn 0.9756 -0.0154 -0.2189
vn 0.4028 0.9143 0.0421
vn 0.7464 -0.6546 0.1201
vn 0.7820 0.4127 0.4671
vn 0.9235 -0.1438 0.3555
vn 0.3687 0.8304 0.4177
vn 0.4993 -0.7721 0.3930
vn 0.4042 0.2330 0.8845
vn 0.5457 -0.3235 0.7730
vn 0.1217 0.7129 0.6906
vn 0.1337 -0.8783 0.4590
vn -0.1550 0.0705 0.9854
vn -0.0135 -0.4859 0.8739
vn -0.2439 0.6067 0.7566
vn -0.2108 -0.9326 0.2928
vn -0.6821 -0.0125 0.7312
vn -0.5405 -0.5690 0.6196
vn -0.5885 0.5523 0.5904
vn -0.4028 -0.9143 -0.0421
vn -0.9756 0.0154 0.2189
vn -0.8340 -0.5411 0.1074
vn -0.7804 0.5706 0.2555
vn -0.3687 -0.8304 -0.4177
vn -0.9235 0.1438 -0.3556
vn -0.7820 -0.4127 -0.4671
vn -0.7464 0.6546 -0.1201
vn -0.1217 -0.7129 -0.6906
vn -0.5457 0.3235 -0.7730
vn -0.4042 -0.2330 -0.8845
vn -0.4993 0.7721 -0.3930
usemtl Material.001
s 1
f 3216/4124/3170 3215/4125/3171 3177/4126/3172 3178/4127/3173
f 3214/4128/3174 3213/4129/3175 3175/4130/3176 3176/4131/3177
f 3204/4132/3178 3216/4133/3170 3178/4134/3173
f 3215/4125/3171 3214/4128/3174 3176/4131/3177 3177/4126/3172
f 3213/4135/3175 3195/4136/3179 3175/4137/3176
f 3204/4132/3178 3178/4134/3173 3182/4138/3180
f 3177/4126/3172 3176/4131/3177 3180/4139/3181 3181/4140/3182
f 3175/4137/3176 3195/4136/3179 3179/4141/3183
f 3178/4127/3173 3177/4126/3172 3181/4140/3182 3182/4142/3180
f 3176/4131/3177 3175/4130/3176 3179/4143/3183 3180/4139/3181
f 3204/4132/3178 3182/4138/3180 3186/4144/3184
f 3181/4145/3182 3180/4146/3181 3184/4147/3185 3185/4148/3186
f 3179/4141/3183 3195/4136/3179 3183/4149/3187
f 3182/4150/3180 3181/4145/3182 3185/4148/3186 3186/4151/3184
f 3180/4146/3181 3179/4152/3183 3183/4153/3187 3184/4147/3185
f 3204/4132/3178 3186/4144/3184 3190/4154/3188
f 3185/4148/3186 3184/4147/3185 3188/4155/3189 3189/4156/3190
f 3183/4149/3187 3195/4136/3179 3187/4157/3191
f 3186/4151/3184 3185/4148/3186 3189/4156/3190 3190/4158/3188
f 3184/4147/3185 3183/4153/3187 3187/4159/3191 3188/4155/3189
f 3204/4132/3178 3190/4154/3188 3194/4160/3192
f 3189/4156/3190 3188/4155/3189 3192/4161/3193 3193/4162/3194
f 3187/4157/3191 3195/4136/3179 3191/4163/3195
f 3190/4158/3188 3189/4156/3190 3193/4162/3194 3194/4164/3192
f 3188/4155/3189 3187/4159/3191 3191/4165/3195 3192/4161/3193
f 3204/4132/3178 3194/4160/3192 3199/4166/3196
f 3193/4162/3194 3192/4161/3193 3197/4167/3197 3198/4168/3198
f 3191/4163/3195 3195/4136/3179 3196/4169/3199
f 3194/4164/3192 3193/4162/3194 3198/4168/3198 3199/4170/3196
f 3192/4161/3193 3191/4165/3195 3196/4171/3199 3197/4167/3197
f 3204/4132/3178 3199/4166/3196 3203/4172/3200
f 3198/4168/3198 3197/4167/3197 3201/4173/3201 3202/4174/3202
f 3196/4169/3199 3195/4136/3179 3200/4175/3203
f 3199/4170/3196 3198/4168/3198 3202/4174/3202 3203/4176/3200
f 3197/4167/3197 3196/4171/3199 3200/4177/3203 3201/4173/3201
f 3204/4132/3178 3203/4172/3200 3208/4178/3204
f 3202/4174/3202 3201/4173/3201 3206/4179/3205 3207/4180/3206
f 3200/4175/3203 3195/4136/3179 3205/4181/3207
f 3203/4176/3200 3202/4174/3202 3207/4180/3206 3208/4182/3204
f 3201/4173/3201 3200/4177/3203 3205/4183/3207 3206/4179/3205
f 3204/4132/3178 3208/4178/3204 3212/4184/3208
f 3207/4180/3206 3206/4179/3205 3210/4185/3209 3211/4186/3210
f 3205/4181/3207 3195/4136/3179 3209/4187/3211
f 3208/4182/3204 3207/4180/3206 3211/4186/3210 3212/4188/3208
f 3206/4179/3205 3205/4183/3207 3209/4189/3211 3210/4185/3209
f 3204/4132/3178 3212/4184/3208 3216/4133/3170
f 3211/4186/3210 3210/4185/3209 3214/4128/3174 3215/4125/3171
f 3209/4187/3211 3195/4136/3179 3213/4135/3175
f 3212/4188/3208 3211/4186/3210 3215/4125/3171 3216/4124/3170
f 3210/4185/3209 3209/4189/3211 3213/4129/3175 3214/4128/3174
o Sphere.022_Sphere.023
v 0.664155 1.085584 0.499383
v 0.675567 1.072565 0.489544
v 0.679579 1.053200 0.487218
v 0.674659 1.034885 0.493291
v 0.669284 1.085383 0.509902
v 0.683866 1.072240 0.506564
v 0.687879 1.052874 0.504237
v 0.679788 1.034684 0.503810
v 0.667407 1.083622 0.521320
v 0.680829 1.069390 0.525039
v 0.684842 1.050025 0.522712
v 0.677912 1.032923 0.515228
v 0.659241 1.080974 0.529276
v 0.667616 1.065106 0.537912
v 0.671629 1.045741 0.535585
v 0.669745 1.030275 0.523184
v 0.647905 1.078450 0.530731
v 0.649274 1.061023 0.540266
v 0.653286 1.041657 0.537939
v 0.658409 1.027752 0.524639
v 0.649702 1.087284 0.512975
v 0.637728 1.077015 0.525129
v 0.632808 1.058700 0.531202
v 0.636821 1.039335 0.528876
v 0.648233 1.026316 0.519037
v 0.632599 1.077216 0.514610
v 0.624509 1.059026 0.514183
v 0.628521 1.039660 0.511856
v 0.643104 1.026517 0.508518
v 0.662686 1.024616 0.505445
v 0.634476 1.078977 0.503192
v 0.627546 1.061875 0.495708
v 0.631558 1.042510 0.493381
v 0.644981 1.028278 0.497100
v 0.642642 1.081625 0.495236
v 0.640759 1.066159 0.482835
v 0.644771 1.046794 0.480508
v 0.653147 1.030926 0.489144
v 0.653978 1.084149 0.493781
v 0.659101 1.070243 0.480481
v 0.663114 1.050877 0.478154
v 0.664483 1.033450 0.487689
vt 0.777624 0.420669
vt 0.753291 0.419707
vt 0.753425 0.400986
vt 0.779584 0.404030
vt 0.735334 0.419815
vt 0.713947 0.422809
vt 0.711579 0.408133
vt 0.732999 0.402023
vt 0.838945 0.563672
vt 0.822023 0.586963
vt 0.811564 0.572569
vt 0.838942 0.534882
vt 0.838942 0.563671
vt 0.822020 0.540380
vt 0.811564 0.554776
vt 0.727478 0.380703
vt 0.754566 0.376726
vt 0.811562 0.554775
vt 0.783534 0.386865
vt 0.706021 0.394281
vt 0.822023 0.540381
vt 0.762077 0.554973
vt 0.734989 0.558950
vt 0.736130 0.534690
vt 0.756556 0.533653
vt 0.811562 0.572567
vt 0.783534 0.541395
vt 0.777976 0.527543
vt 0.706021 0.548811
vt 0.709971 0.531646
vt 0.838945 0.534883
vt 0.736263 0.515969
vt 0.754220 0.515861
vt 0.822020 0.586962
vt 0.775608 0.512867
vt 0.711930 0.515007
vt 0.855866 0.540381
vt 0.736352 0.499171
vt 0.753256 0.499511
vt 0.838942 0.592460
vt 0.774784 0.498029
vt 0.713102 0.498904
vt 0.866325 0.554776
vt 0.736485 0.483177
vt 0.752943 0.483743
vt 0.855864 0.586962
vt 0.774716 0.483036
vt 0.713917 0.483210
vt 0.866325 0.572569
vt 0.736611 0.467520
vt 0.752944 0.468156
vt 0.866322 0.572567
vt 0.775051 0.467863
vt 0.714503 0.467813
vt 0.855866 0.586963
vt 0.736612 0.451933
vt 0.753070 0.452499
vt 0.866322 0.554775
vt 0.775638 0.452466
vt 0.714839 0.452640
vt 0.838945 0.592461
vt 0.736299 0.436165
vt 0.753203 0.436505
vt 0.855864 0.540380
vt 0.776453 0.436772
vt 0.714771 0.437647
vn 0.2575 -0.6649 -0.7011
vn 0.2123 -0.1406 -0.9670
vn 0.7261 -0.0681 -0.6842
vn 0.5935 -0.6175 -0.5162
vn 0.0944 0.4283 -0.8987
vn -0.0570 0.8530 -0.5187
vn 0.2789 0.9004 -0.3338
vn 0.6082 0.5007 -0.6158
vn 0.2015 -0.9725 -0.1168
vn -0.2015 0.9725 0.1168
vn 0.7628 -0.6242 -0.1689
vn 0.8672 0.4906 -0.0847
vn 0.9851 -0.0782 -0.1531
vn 0.4483 0.8938 0.0135
vn 0.7008 -0.6823 0.2080
vn 0.7725 0.4017 0.4918
vn 0.8903 -0.1671 0.4235
vn 0.3863 0.8356 0.3904
vn 0.4312 -0.7697 0.4707
vn 0.3601 0.2680 0.8936
vn 0.4780 -0.3009 0.8252
vn 0.1167 0.7482 0.6531
vn 0.0570 -0.8530 0.5187
vn -0.2123 0.1406 0.9670
vn -0.0944 -0.4283 0.8987
vn -0.2575 0.6649 0.7011
vn -0.2789 -0.9004 0.3338
vn -0.7261 0.0681 0.6842
vn -0.6082 -0.5007 0.6158
vn -0.5935 0.6175 0.5162
vn -0.4483 -0.8938 -0.0135
vn -0.9851 0.0782 0.1531
vn -0.8672 -0.4906 0.0847
vn -0.7628 0.6242 0.1689
vn -0.3863 -0.8356 -0.3904
vn -0.8903 0.1671 -0.4235
vn -0.7725 -0.4017 -0.4918
vn -0.7008 0.6823 -0.2080
vn -0.1167 -0.7482 -0.6531
vn -0.4780 0.3009 -0.8252
vn -0.3601 -0.2680 -0.8936
vn -0.4312 0.7697 -0.4707
usemtl Material.001
s 1
f 3258/4190/3212 3257/4191/3213 3219/4192/3214 3220/4193/3215
f 3256/4194/3216 3255/4195/3217 3217/4196/3218 3218/4197/3219
f 3246/4198/3220 3258/4199/3212 3220/4200/3215
f 3257/4191/3213 3256/4194/3216 3218/4197/3219 3219/4192/3214
f 3255/4201/3217 3237/4202/3221 3217/4203/3218
f 3246/4198/3220 3220/4200/3215 3224/4204/3222
f 3219/4192/3214 3218/4197/3219 3222/4205/3223 3223/4206/3224
f 3217/4203/3218 3237/4202/3221 3221/4207/3225
f 3220/4193/3215 3219/4192/3214 3223/4206/3224 3224/4208/3222
f 3218/4197/3219 3217/4196/3218 3221/4209/3225 3222/4205/3223
f 3246/4198/3220 3224/4204/3222 3228/4210/3226
f 3223/4211/3224 3222/4212/3223 3226/4213/3227 3227/4214/3228
f 3221/4207/3225 3237/4202/3221 3225/4215/3229
f 3224/4216/3222 3223/4211/3224 3227/4214/3228 3228/4217/3226
f 3222/4212/3223 3221/4218/3225 3225/4219/3229 3226/4213/3227
f 3246/4198/3220 3228/4210/3226 3232/4220/3230
f 3227/4214/3228 3226/4213/3227 3230/4221/3231 3231/4222/3232
f 3225/4215/3229 3237/4202/3221 3229/4223/3233
f 3228/4217/3226 3227/4214/3228 3231/4222/3232 3232/4224/3230
f 3226/4213/3227 3225/4219/3229 3229/4225/3233 3230/4221/3231
f 3246/4198/3220 3232/4220/3230 3236/4226/3234
f 3231/4222/3232 3230/4221/3231 3234/4227/3235 3235/4228/3236
f 3229/4223/3233 3237/4202/3221 3233/4229/3237
f 3232/4224/3230 3231/4222/3232 3235/4228/3236 3236/4230/3234
f 3230/4221/3231 3229/4225/3233 3233/4231/3237 3234/4227/3235
f 3246/4198/3220 3236/4226/3234 3241/4232/3238
f 3235/4228/3236 3234/4227/3235 3239/4233/3239 3240/4234/3240
f 3233/4229/3237 3237/4202/3221 3238/4235/3241
f 3236/4230/3234 3235/4228/3236 3240/4234/3240 3241/4236/3238
f 3234/4227/3235 3233/4231/3237 3238/4237/3241 3239/4233/3239
f 3246/4198/3220 3241/4232/3238 3245/4238/3242
f 3240/4234/3240 3239/4233/3239 3243/4239/3243 3244/4240/3244
f 3238/4235/3241 3237/4202/3221 3242/4241/3245
f 3241/4236/3238 3240/4234/3240 3244/4240/3244 3245/4242/3242
f 3239/4233/3239 3238/4237/3241 3242/4243/3245 3243/4239/3243
f 3246/4198/3220 3245/4238/3242 3250/4244/3246
f 3244/4240/3244 3243/4239/3243 3248/4245/3247 3249/4246/3248
f 3242/4241/3245 3237/4202/3221 3247/4247/3249
f 3245/4242/3242 3244/4240/3244 3249/4246/3248 3250/4248/3246
f 3243/4239/3243 3242/4243/3245 3247/4249/3249 3248/4245/3247
f 3246/4198/3220 3250/4244/3246 3254/4250/3250
f 3249/4246/3248 3248/4245/3247 3252/4251/3251 3253/4252/3252
f 3247/4247/3249 3237/4202/3221 3251/4253/3253
f 3250/4248/3246 3249/4246/3248 3253/4252/3252 3254/4254/3250
f 3248/4245/3247 3247/4249/3249 3251/4255/3253 3252/4251/3251
f 3246/4198/3220 3254/4250/3250 3258/4199/3212
f 3253/4252/3252 3252/4251/3251 3256/4194/3216 3257/4191/3213
f 3251/4253/3253 3237/4202/3221 3255/4201/3217
f 3254/4254/3250 3253/4252/3252 3257/4191/3213 3258/4190/3212
f 3252/4251/3251 3251/4255/3253 3255/4195/3217 3256/4194/3216
o Sphere.023_Sphere.024
v 0.435734 1.299257 0.628615
v 0.444308 1.285052 0.617605
v 0.446947 1.265389 0.615892
v 0.442645 1.247779 0.624133
v 0.442923 1.299418 0.637850
v 0.455940 1.285312 0.632547
v 0.458579 1.265649 0.630835
v 0.449834 1.247940 0.633368
v 0.443387 1.298465 0.649507
v 0.456691 1.283771 0.651408
v 0.459330 1.264108 0.649696
v 0.450298 1.246987 0.645024
v 0.436949 1.296763 0.659132
v 0.446273 1.281016 0.666982
v 0.448913 1.261353 0.665270
v 0.443859 1.245285 0.654650
v 0.426068 1.294961 0.663050
v 0.428667 1.278101 0.673321
v 0.431307 1.258438 0.671609
v 0.432978 1.243483 0.658567
v 0.424501 1.302579 0.644718
v 0.414900 1.293748 0.659763
v 0.410597 1.276138 0.668004
v 0.413237 1.256475 0.666291
v 0.421810 1.242270 0.655281
v 0.407711 1.293587 0.650528
v 0.398965 1.275878 0.653061
v 0.401605 1.256215 0.651349
v 0.414621 1.242109 0.646046
v 0.433043 1.238949 0.639178
v 0.407247 1.294540 0.638872
v 0.398214 1.277419 0.634200
v 0.400854 1.257757 0.632488
v 0.414157 1.243062 0.634389
v 0.413685 1.296242 0.629246
v 0.408631 1.280174 0.618626
v 0.411271 1.260511 0.616914
v 0.420595 1.244764 0.624764
v 0.424566 1.298044 0.625329
v 0.426238 1.283089 0.612287
v 0.428877 1.263426 0.610575
v 0.431477 1.246566 0.620846
vt 0.777624 0.420670
vt 0.753291 0.419708
vt 0.753425 0.400987
vt 0.779584 0.404031
vt 0.735334 0.419816
vt 0.713947 0.422810
vt 0.711579 0.408134
vt 0.732999 0.402025
vt 0.838941 0.563671
vt 0.822019 0.586962
vt 0.811561 0.572568
vt 0.838935 0.534883
vt 0.838935 0.563672
vt 0.822013 0.540381
vt 0.811561 0.554775
vt 0.727478 0.380704
vt 0.754566 0.376727
vt 0.811555 0.554776
vt 0.783534 0.386866
vt 0.706021 0.394282
vt 0.822019 0.540380
vt 0.762077 0.554974
vt 0.734989 0.558951
vt 0.736130 0.534691
vt 0.756556 0.533654
vt 0.811555 0.572569
vt 0.783534 0.541396
vt 0.777976 0.527544
vt 0.706021 0.548813
vt 0.709970 0.531648
vt 0.838941 0.534882
vt 0.736263 0.515971
vt 0.754220 0.515862
vt 0.822013 0.586963
vt 0.775608 0.512869
vt 0.711930 0.515008
vt 0.855863 0.540380
vt 0.736352 0.499172
vt 0.753256 0.499513
vt 0.838935 0.592461
vt 0.774784 0.498030
vt 0.713102 0.498905
vt 0.866321 0.554775
vt 0.736485 0.483178
vt 0.752943 0.483744
vt 0.855857 0.586963
vt 0.774716 0.483037
vt 0.713917 0.483211
vt 0.866321 0.572568
vt 0.736611 0.467521
vt 0.752944 0.468157
vt 0.866316 0.572569
vt 0.775051 0.467864
vt 0.714503 0.467815
vt 0.855863 0.586962
vt 0.736612 0.451934
vt 0.753070 0.452500
vt 0.866316 0.554776
vt 0.775638 0.452467
vt 0.714839 0.452642
vt 0.838941 0.592461
vt 0.736299 0.436166
vt 0.753203 0.436507
vt 0.855857 0.540381
vt 0.776453 0.436773
vt 0.714771 0.437648
vn 0.0786 -0.7197 -0.6897
vn 0.0009 -0.2109 -0.9775
vn 0.5647 -0.1497 -0.8115
vn 0.4473 -0.6797 -0.5813
vn -0.0767 0.3666 -0.9272
vn -0.1282 0.8215 -0.5555
vn 0.2405 0.8616 -0.4470
vn 0.4872 0.4279 -0.7612
vn 0.1325 -0.9874 -0.0860
vn -0.1325 0.9874 0.0860
vn 0.6847 -0.6744 -0.2764
vn 0.8502 0.4360 -0.2949
vn 0.9278 -0.1416 -0.3452
vn 0.4778 0.8669 -0.1422
vn 0.7000 -0.7058 0.1084
vn 0.8737 0.3879 0.2936
vn 0.9512 -0.1897 0.2433
vn 0.4931 0.8354 0.2426
vn 0.4874 -0.7620 0.4262
vn 0.5486 0.3020 0.7797
vn 0.6261 -0.2756 0.7294
vn 0.2806 0.7792 0.5604
vn 0.1282 -0.8215 0.5555
vn -0.0009 0.2109 0.9775
vn 0.0767 -0.3666 0.9272
vn -0.0786 0.7197 0.6897
vn -0.2405 -0.8616 0.4470
vn -0.5647 0.1497 0.8115
vn -0.4872 -0.4279 0.7613
vn -0.4473 0.6797 0.5813
vn -0.4778 -0.8669 0.1422
vn -0.9278 0.1416 0.3452
vn -0.8502 -0.4360 0.2949
vn -0.6847 0.6744 0.2764
vn -0.4931 -0.8354 -0.2426
vn -0.9512 0.1897 -0.2433
vn -0.8737 -0.3879 -0.2936
vn -0.7000 0.7058 -0.1084
vn -0.2806 -0.7792 -0.5604
vn -0.6261 0.2756 -0.7294
vn -0.5486 -0.3020 -0.7797
vn -0.4874 0.7620 -0.4262
usemtl Material.001
s 1
f 3300/4256/3254 3299/4257/3255 3261/4258/3256 3262/4259/3257
f 3298/4260/3258 3297/4261/3259 3259/4262/3260 3260/4263/3261
f 3288/4264/3262 3300/4265/3254 3262/4266/3257
f 3299/4257/3255 3298/4260/3258 3260/4263/3261 3261/4258/3256
f 3297/4267/3259 3279/4268/3263 3259/4269/3260
f 3288/4264/3262 3262/4266/3257 3266/4270/3264
f 3261/4258/3256 3260/4263/3261 3264/4271/3265 3265/4272/3266
f 3259/4269/3260 3279/4268/3263 3263/4273/3267
f 3262/4259/3257 3261/4258/3256 3265/4272/3266 3266/4274/3264
f 3260/4263/3261 3259/4262/3260 3263/4275/3267 3264/4271/3265
f 3288/4264/3262 3266/4270/3264 3270/4276/3268
f 3265/4277/3266 3264/4278/3265 3268/4279/3269 3269/4280/3270
f 3263/4273/3267 3279/4268/3263 3267/4281/3271
f 3266/4282/3264 3265/4277/3266 3269/4280/3270 3270/4283/3268
f 3264/4278/3265 3263/4284/3267 3267/4285/3271 3268/4279/3269
f 3288/4264/3262 3270/4276/3268 3274/4286/3272
f 3269/4280/3270 3268/4279/3269 3272/4287/3273 3273/4288/3274
f 3267/4281/3271 3279/4268/3263 3271/4289/3275
f 3270/4283/3268 3269/4280/3270 3273/4288/3274 3274/4290/3272
f 3268/4279/3269 3267/4285/3271 3271/4291/3275 3272/4287/3273
f 3288/4264/3262 3274/4286/3272 3278/4292/3276
f 3273/4288/3274 3272/4287/3273 3276/4293/3277 3277/4294/3278
f 3271/4289/3275 3279/4268/3263 3275/4295/3279
f 3274/4290/3272 3273/4288/3274 3277/4294/3278 3278/4296/3276
f 3272/4287/3273 3271/4291/3275 3275/4297/3279 3276/4293/3277
f 3288/4264/3262 3278/4292/3276 3283/4298/3280
f 3277/4294/3278 3276/4293/3277 3281/4299/3281 3282/4300/3282
f 3275/4295/3279 3279/4268/3263 3280/4301/3283
f 3278/4296/3276 3277/4294/3278 3282/4300/3282 3283/4302/3280
f 3276/4293/3277 3275/4297/3279 3280/4303/3283 3281/4299/3281
f 3288/4264/3262 3283/4298/3280 3287/4304/3284
f 3282/4300/3282 3281/4299/3281 3285/4305/3285 3286/4306/3286
f 3280/4301/3283 3279/4268/3263 3284/4307/3287
f 3283/4302/3280 3282/4300/3282 3286/4306/3286 3287/4308/3284
f 3281/4299/3281 3280/4303/3283 3284/4309/3287 3285/4305/3285
f 3288/4264/3262 3287/4304/3284 3292/4310/3288
f 3286/4306/3286 3285/4305/3285 3290/4311/3289 3291/4312/3290
f 3284/4307/3287 3279/4268/3263 3289/4313/3291
f 3287/4308/3284 3286/4306/3286 3291/4312/3290 3292/4314/3288
f 3285/4305/3285 3284/4309/3287 3289/4315/3291 3290/4311/3289
f 3288/4264/3262 3292/4310/3288 3296/4316/3292
f 3291/4312/3290 3290/4311/3289 3294/4317/3293 3295/4318/3294
f 3289/4313/3291 3279/4268/3263 3293/4319/3295
f 3292/4314/3288 3291/4312/3290 3295/4318/3294 3296/4320/3292
f 3290/4311/3289 3289/4315/3291 3293/4321/3295 3294/4317/3293
f 3288/4264/3262 3296/4316/3292 3300/4265/3254
f 3295/4318/3294 3294/4317/3293 3298/4260/3258 3299/4257/3255
f 3293/4319/3295 3279/4268/3263 3297/4267/3259
f 3296/4320/3292 3295/4318/3294 3299/4257/3255 3300/4256/3254
f 3294/4317/3293 3293/4321/3295 3297/4261/3259 3298/4260/3258
o Sphere.024_Sphere.025
v 0.448794 1.116741 0.627993
v 0.457752 1.101243 0.619271
v 0.460335 1.081520 0.620190
v 0.455558 1.065105 0.630401
v 0.455570 1.118069 0.637445
v 0.468715 1.103392 0.634563
v 0.471298 1.083669 0.635483
v 0.462333 1.066433 0.639852
v 0.455513 1.118607 0.649137
v 0.468623 1.104262 0.653481
v 0.471206 1.084539 0.654401
v 0.462276 1.066971 0.651544
v 0.448645 1.118149 0.658603
v 0.457511 1.103521 0.668799
v 0.460094 1.083797 0.669718
v 0.455409 1.066513 0.661011
v 0.437590 1.116870 0.662229
v 0.439623 1.101451 0.674665
v 0.442207 1.081728 0.675585
v 0.444354 1.065234 0.664637
v 0.436884 1.122095 0.643027
v 0.426570 1.115259 0.658629
v 0.421793 1.098844 0.668840
v 0.424376 1.079121 0.669759
v 0.433334 1.063623 0.661037
v 0.419795 1.113930 0.649178
v 0.410830 1.096695 0.653547
v 0.413413 1.076972 0.654467
v 0.426558 1.062294 0.651585
v 0.445244 1.058269 0.646003
v 0.419852 1.113393 0.637486
v 0.410922 1.095825 0.634629
v 0.413505 1.076102 0.635549
v 0.426615 1.061757 0.639893
v 0.426719 1.113851 0.628019
v 0.422034 1.096566 0.619312
v 0.424617 1.076843 0.620231
v 0.433483 1.062215 0.630426
v 0.437774 1.115130 0.624393
v 0.439921 1.098636 0.613445
v 0.442505 1.078912 0.614365
v 0.444538 1.063494 0.626801
vt 0.777624 0.420669
vt 0.753291 0.419707
vt 0.753425 0.400986
vt 0.779584 0.404030
vt 0.735334 0.419815
vt 0.713947 0.422809
vt 0.711579 0.408133
vt 0.732999 0.402023
vt 0.838944 0.563672
vt 0.822022 0.586963
vt 0.811564 0.572569
vt 0.838941 0.534883
vt 0.838941 0.563672
vt 0.822020 0.540381
vt 0.811564 0.554776
vt 0.727478 0.380703
vt 0.754566 0.376726
vt 0.811561 0.554776
vt 0.783534 0.386865
vt 0.706021 0.394281
vt 0.822022 0.540381
vt 0.762076 0.554973
vt 0.734989 0.558950
vt 0.736130 0.534690
vt 0.756556 0.533653
vt 0.811561 0.572569
vt 0.783534 0.541395
vt 0.777976 0.527543
vt 0.706021 0.548811
vt 0.709970 0.531646
vt 0.838944 0.534883
vt 0.736263 0.515969
vt 0.754220 0.515861
vt 0.822020 0.586963
vt 0.775608 0.512867
vt 0.711930 0.515007
vt 0.855866 0.540381
vt 0.736352 0.499171
vt 0.753256 0.499511
vt 0.838941 0.592462
vt 0.774784 0.498029
vt 0.713102 0.498904
vt 0.866324 0.554776
vt 0.736485 0.483177
vt 0.752942 0.483743
vt 0.855863 0.586963
vt 0.774716 0.483036
vt 0.713917 0.483210
vt 0.866324 0.572568
vt 0.736611 0.467520
vt 0.752944 0.468156
vt 0.866322 0.572569
vt 0.775051 0.467863
vt 0.714503 0.467813
vt 0.855866 0.586963
vt 0.736612 0.451933
vt 0.753070 0.452499
vt 0.866322 0.554776
vt 0.775638 0.452466
vt 0.714839 0.452640
vt 0.838944 0.592461
vt 0.736298 0.436165
vt 0.753203 0.436505
vt 0.855863 0.540381
vt 0.776453 0.436772
vt 0.714771 0.437647
vn 0.1043 -0.8017 -0.5885
vn 0.0426 -0.3336 -0.9417
vn 0.5990 -0.2522 -0.7599
vn 0.4681 -0.7485 -0.4696
vn -0.0333 0.2457 -0.9687
vn -0.0982 0.7443 -0.6606
vn 0.2656 0.7975 -0.5417
vn 0.5231 0.3271 -0.7870
vn 0.1297 -0.9904 0.0462
vn -0.1297 0.9904 -0.0462
vn 0.6918 -0.7047 -0.1576
vn 0.8653 0.3942 -0.3097
vn 0.9411 -0.1852 -0.2827
vn 0.4893 0.8413 -0.2297
vn 0.6899 -0.6869 0.2283
vn 0.8624 0.4213 0.2806
vn 0.9383 -0.1580 0.3077
vn 0.4874 0.8591 0.1563
vn 0.4632 -0.7020 0.5409
vn 0.5156 0.3982 0.7587
vn 0.5915 -0.1812 0.7857
vn 0.2607 0.8439 0.4688
vn 0.0982 -0.7443 0.6606
vn -0.0426 0.3336 0.9417
vn 0.0333 -0.2457 0.9687
vn -0.1043 0.8017 0.5885
vn -0.2656 -0.7975 0.5417
vn -0.5990 0.2523 0.7599
vn -0.5231 -0.3271 0.7870
vn -0.4681 0.7485 0.4696
vn -0.4893 -0.8413 0.2297
vn -0.9411 0.1852 0.2827
vn -0.8653 -0.3942 0.3097
vn -0.6918 0.7047 0.1576
vn -0.4874 -0.8591 -0.1563
vn -0.9383 0.1580 -0.3077
vn -0.8624 -0.4213 -0.2806
vn -0.6899 0.6869 -0.2283
vn -0.2607 -0.8439 -0.4688
vn -0.5915 0.1812 -0.7857
vn -0.5156 -0.3982 -0.7587
vn -0.4631 0.7020 -0.5409
usemtl Material.001
s 1
f 3342/4322/3296 3341/4323/3297 3303/4324/3298 3304/4325/3299
f 3340/4326/3300 3339/4327/3301 3301/4328/3302 3302/4329/3303
f 3330/4330/3304 3342/4331/3296 3304/4332/3299
f 3341/4323/3297 3340/4326/3300 3302/4329/3303 3303/4324/3298
f 3339/4333/3301 3321/4334/3305 3301/4335/3302
f 3330/4330/3304 3304/4332/3299 3308/4336/3306
f 3303/4324/3298 3302/4329/3303 3306/4337/3307 3307/4338/3308
f 3301/4335/3302 3321/4334/3305 3305/4339/3309
f 3304/4325/3299 3303/4324/3298 3307/4338/3308 3308/4340/3306
f 3302/4329/3303 3301/4328/3302 3305/4341/3309 3306/4337/3307
f 3330/4330/3304 3308/4336/3306 3312/4342/3310
f 3307/4343/3308 3306/4344/3307 3310/4345/3311 3311/4346/3312
f 3305/4339/3309 3321/4334/3305 3309/4347/3313
f 3308/4348/3306 3307/4343/3308 3311/4346/3312 3312/4349/3310
f 3306/4344/3307 3305/4350/3309 3309/4351/3313 3310/4345/3311
f 3330/4330/3304 3312/4342/3310 3316/4352/3314
f 3311/4346/3312 3310/4345/3311 3314/4353/3315 3315/4354/3316
f 3309/4347/3313 3321/4334/3305 3313/4355/3317
f 3312/4349/3310 3311/4346/3312 3315/4354/3316 3316/4356/3314
f 3310/4345/3311 3309/4351/3313 3313/4357/3317 3314/4353/3315
f 3330/4330/3304 3316/4352/3314 3320/4358/3318
f 3315/4354/3316 3314/4353/3315 3318/4359/3319 3319/4360/3320
f 3313/4355/3317 3321/4334/3305 3317/4361/3321
f 3316/4356/3314 3315/4354/3316 3319/4360/3320 3320/4362/3318
f 3314/4353/3315 3313/4357/3317 3317/4363/3321 3318/4359/3319
f 3330/4330/3304 3320/4358/3318 3325/4364/3322
f 3319/4360/3320 3318/4359/3319 3323/4365/3323 3324/4366/3324
f 3317/4361/3321 3321/4334/3305 3322/4367/3325
f 3320/4362/3318 3319/4360/3320 3324/4366/3324 3325/4368/3322
f 3318/4359/3319 3317/4363/3321 3322/4369/3325 3323/4365/3323
f 3330/4330/3304 3325/4364/3322 3329/4370/3326
f 3324/4366/3324 3323/4365/3323 3327/4371/3327 3328/4372/3328
f 3322/4367/3325 3321/4334/3305 3326/4373/3329
f 3325/4368/3322 3324/4366/3324 3328/4372/3328 3329/4374/3326
f 3323/4365/3323 3322/4369/3325 3326/4375/3329 3327/4371/3327
f 3330/4330/3304 3329/4370/3326 3334/4376/3330
f 3328/4372/3328 3327/4371/3327 3332/4377/3331 3333/4378/3332
f 3326/4373/3329 3321/4334/3305 3331/4379/3333
f 3329/4374/3326 3328/4372/3328 3333/4378/3332 3334/4380/3330
f 3327/4371/3327 3326/4375/3329 3331/4381/3333 3332/4377/3331
f 3330/4330/3304 3334/4376/3330 3338/4382/3334
f 3333/4378/3332 3332/4377/3331 3336/4383/3335 3337/4384/3336
f 3331/4379/3333 3321/4334/3305 3335/4385/3337
f 3334/4380/3330 3333/4378/3332 3337/4384/3336 3338/4386/3334
f 3332/4377/3331 3331/4381/3333 3335/4387/3337 3336/4383/3335
f 3330/4330/3304 3338/4382/3334 3342/4331/3296
f 3337/4384/3336 3336/4383/3335 3340/4326/3300 3341/4323/3297
f 3335/4385/3337 3321/4334/3305 3339/4333/3301
f 3338/4386/3334 3337/4384/3336 3341/4323/3297 3342/4322/3296
f 3336/4383/3335 3335/4387/3337 3339/4327/3301 3340/4326/3300
o Sphere.025_Sphere.026
v 0.189603 1.367615 0.686651
v 0.200748 1.353011 0.678968
v 0.201697 1.333349 0.675966
v 0.192088 1.316138 0.678792
v 0.191517 1.365963 0.698079
v 0.203845 1.350337 0.697459
v 0.204795 1.330675 0.694457
v 0.194002 1.314486 0.690220
v 0.186287 1.364136 0.708389
v 0.195382 1.347382 0.714141
v 0.196332 1.327720 0.711140
v 0.188771 1.312659 0.700530
v 0.175909 1.362833 0.713644
v 0.178591 1.345273 0.722643
v 0.179541 1.325611 0.719641
v 0.178394 1.311356 0.705784
v 0.164349 1.362551 0.711835
v 0.159886 1.344817 0.719717
v 0.160835 1.325155 0.716715
v 0.166834 1.311074 0.703976
v 0.172518 1.371583 0.696080
v 0.156021 1.363398 0.703654
v 0.146411 1.346188 0.706480
v 0.147360 1.326525 0.703478
v 0.158506 1.311921 0.695795
v 0.154106 1.365051 0.692226
v 0.143314 1.348861 0.687989
v 0.144263 1.329199 0.684987
v 0.156591 1.313574 0.684367
v 0.175590 1.307954 0.686366
v 0.159337 1.366877 0.681916
v 0.151777 1.351817 0.671307
v 0.152726 1.332154 0.668305
v 0.161822 1.315400 0.674057
v 0.169714 1.368180 0.676662
v 0.168568 1.353925 0.662805
v 0.169517 1.334263 0.659803
v 0.172199 1.316703 0.668802
v 0.181275 1.368462 0.678470
v 0.187273 1.354381 0.665731
v 0.188222 1.334719 0.662729
v 0.183760 1.316985 0.670611
vt 0.777624 0.420670
vt 0.753291 0.419708
vt 0.753425 0.400987
vt 0.779584 0.404031
vt 0.735334 0.419816
vt 0.713947 0.422810
vt 0.711579 0.408135
vt 0.732999 0.402025
vt 0.838942 0.563674
vt 0.822020 0.586965
vt 0.811561 0.572570
vt 0.838942 0.534882
vt 0.838942 0.563671
vt 0.822020 0.540380
vt 0.811561 0.554777
vt 0.727478 0.380705
vt 0.754566 0.376727
vt 0.811561 0.554775
vt 0.783534 0.386866
vt 0.706021 0.394283
vt 0.822020 0.540383
vt 0.762076 0.554974
vt 0.734989 0.558951
vt 0.736130 0.534692
vt 0.756556 0.533654
vt 0.811561 0.572567
vt 0.783534 0.541396
vt 0.777976 0.527544
vt 0.706021 0.548813
vt 0.709970 0.531648
vt 0.838942 0.534885
vt 0.736263 0.515971
vt 0.754220 0.515862
vt 0.822020 0.586962
vt 0.775608 0.512869
vt 0.711930 0.515008
vt 0.855863 0.540383
vt 0.736352 0.499172
vt 0.753256 0.499513
vt 0.838942 0.592460
vt 0.774784 0.498030
vt 0.713102 0.498905
vt 0.866322 0.554777
vt 0.736485 0.483178
vt 0.752942 0.483745
vt 0.855863 0.586962
vt 0.774716 0.483037
vt 0.713917 0.483211
vt 0.866322 0.572570
vt 0.736611 0.467521
vt 0.752944 0.468157
vt 0.866322 0.572567
vt 0.775051 0.467864
vt 0.714503 0.467815
vt 0.855863 0.586965
vt 0.736612 0.451934
vt 0.753070 0.452500
vt 0.866322 0.554775
vt 0.775638 0.452468
vt 0.714839 0.452642
vt 0.838942 0.592463
vt 0.736298 0.436166
vt 0.753203 0.436507
vt 0.855863 0.540380
vt 0.776453 0.436773
vt 0.714771 0.437648
vn 0.3166 -0.6730 -0.6684
vn 0.4413 -0.1396 -0.8864
vn 0.8618 -0.1823 -0.4734
vn 0.5915 -0.7010 -0.3983
vn 0.4134 0.4380 -0.7982
vn 0.2422 0.8682 -0.4331
vn 0.5171 0.8402 -0.1630
vn 0.8339 0.3952 -0.3852
vn 0.0476 -0.9874 -0.1507
vn -0.0476 0.9874 0.1507
vn 0.6547 -0.7555 -0.0210
vn 0.9305 0.3118 0.1918
vn 0.9584 -0.2658 0.1037
vn 0.5803 0.7857 0.2142
vn 0.4820 -0.8159 0.3193
vn 0.6664 0.2196 0.7125
vn 0.6943 -0.3580 0.6243
vn 0.4076 0.7254 0.5546
vn 0.1394 -0.8589 0.4928
vn 0.1425 0.1538 0.9778
vn 0.1703 -0.4238 0.8896
vn 0.0650 0.6823 0.7281
vn -0.2422 -0.8682 0.4331
vn -0.4413 0.1396 0.8864
vn -0.4134 -0.4380 0.7982
vn -0.3166 0.6730 0.6684
vn -0.5171 -0.8402 0.1630
vn -0.8618 0.1823 0.4734
vn -0.8339 -0.3952 0.3852
vn -0.5915 0.7010 0.3983
vn -0.5803 -0.7857 -0.2142
vn -0.9584 0.2658 -0.1037
vn -0.9305 -0.3118 -0.1918
vn -0.6547 0.7555 0.0210
vn -0.4076 -0.7254 -0.5546
vn -0.6943 0.3580 -0.6243
vn -0.6664 -0.2196 -0.7125
vn -0.4820 0.8159 -0.3193
vn -0.0650 -0.6824 -0.7281
vn -0.1703 0.4238 -0.8896
vn -0.1425 -0.1538 -0.9778
vn -0.1394 0.8589 -0.4928
usemtl Material.001
s 1
f 3384/4388/3338 3383/4389/3339 3345/4390/3340 3346/4391/3341
f 3382/4392/3342 3381/4393/3343 3343/4394/3344 3344/4395/3345
f 3372/4396/3346 3384/4397/3338 3346/4398/3341
f 3383/4389/3339 3382/4392/3342 3344/4395/3345 3345/4390/3340
f 3381/4399/3343 3363/4400/3347 3343/4401/3344
f 3372/4396/3346 3346/4398/3341 3350/4402/3348
f 3345/4390/3340 3344/4395/3345 3348/4403/3349 3349/4404/3350
f 3343/4401/3344 3363/4400/3347 3347/4405/3351
f 3346/4391/3341 3345/4390/3340 3349/4404/3350 3350/4406/3348
f 3344/4395/3345 3343/4394/3344 3347/4407/3351 3348/4403/3349
f 3372/4396/3346 3350/4402/3348 3354/4408/3352
f 3349/4409/3350 3348/4410/3349 3352/4411/3353 3353/4412/3354
f 3347/4405/3351 3363/4400/3347 3351/4413/3355
f 3350/4414/3348 3349/4409/3350 3353/4412/3354 3354/4415/3352
f 3348/4410/3349 3347/4416/3351 3351/4417/3355 3352/4411/3353
f 3372/4396/3346 3354/4408/3352 3358/4418/3356
f 3353/4412/3354 3352/4411/3353 3356/4419/3357 3357/4420/3358
f 3351/4413/3355 3363/4400/3347 3355/4421/3359
f 3354/4415/3352 3353/4412/3354 3357/4420/3358 3358/4422/3356
f 3352/4411/3353 3351/4417/3355 3355/4423/3359 3356/4419/3357
f 3372/4396/3346 3358/4418/3356 3362/4424/3360
f 3357/4420/3358 3356/4419/3357 3360/4425/3361 3361/4426/3362
f 3355/4421/3359 3363/4400/3347 3359/4427/3363
f 3358/4422/3356 3357/4420/3358 3361/4426/3362 3362/4428/3360
f 3356/4419/3357 3355/4423/3359 3359/4429/3363 3360/4425/3361
f 3372/4396/3346 3362/4424/3360 3367/4430/3364
f 3361/4426/3362 3360/4425/3361 3365/4431/3365 3366/4432/3366
f 3359/4427/3363 3363/4400/3347 3364/4433/3367
f 3362/4428/3360 3361/4426/3362 3366/4432/3366 3367/4434/3364
f 3360/4425/3361 3359/4429/3363 3364/4435/3367 3365/4431/3365
f 3372/4396/3346 3367/4430/3364 3371/4436/3368
f 3366/4432/3366 3365/4431/3365 3369/4437/3369 3370/4438/3370
f 3364/4433/3367 3363/4400/3347 3368/4439/3371
f 3367/4434/3364 3366/4432/3366 3370/4438/3370 3371/4440/3368
f 3365/4431/3365 3364/4435/3367 3368/4441/3371 3369/4437/3369
f 3372/4396/3346 3371/4436/3368 3376/4442/3372
f 3370/4438/3370 3369/4437/3369 3374/4443/3373 3375/4444/3374
f 3368/4439/3371 3363/4400/3347 3373/4445/3375
f 3371/4440/3368 3370/4438/3370 3375/4444/3374 3376/4446/3372
f 3369/4437/3369 3368/4441/3371 3373/4447/3375 3374/4443/3373
f 3372/4396/3346 3376/4442/3372 3380/4448/3376
f 3375/4444/3374 3374/4443/3373 3378/4449/3377 3379/4450/3378
f 3373/4445/3375 3363/4400/3347 3377/4451/3379
f 3376/4446/3372 3375/4444/3374 3379/4450/3378 3380/4452/3376
f 3374/4443/3373 3373/4447/3375 3377/4453/3379 3378/4449/3377
f 3372/4396/3346 3380/4448/3376 3384/4397/3338
f 3379/4450/3378 3378/4449/3377 3382/4392/3342 3383/4389/3339
f 3377/4451/3379 3363/4400/3347 3381/4399/3343
f 3380/4452/3376 3379/4450/3378 3383/4389/3339 3384/4388/3338
f 3378/4449/3377 3377/4453/3379 3381/4393/3343 3382/4392/3342
o Sphere.026_Sphere.027
v 0.205621 1.059585 0.703539
v 0.216102 1.043584 0.698007
v 0.216039 1.023678 0.697476
v 0.205455 1.007471 0.702151
v 0.207220 1.059271 0.715130
v 0.218691 1.043076 0.716760
v 0.218628 1.023170 0.716230
v 0.207055 1.007158 0.713741
v 0.201700 1.059014 0.725447
v 0.209758 1.042660 0.733454
v 0.209695 1.022754 0.732924
v 0.201534 1.006900 0.724059
v 0.191167 1.058912 0.730551
v 0.192716 1.042494 0.741712
v 0.192652 1.022588 0.741182
v 0.191001 1.006798 0.729163
v 0.179645 1.059003 0.728491
v 0.174074 1.042642 0.738380
v 0.174010 1.022736 0.737849
v 0.179480 1.006889 0.727103
v 0.188598 1.065571 0.711961
v 0.171536 1.059254 0.720055
v 0.160952 1.043047 0.724730
v 0.160889 1.023141 0.724199
v 0.171370 1.007140 0.718667
v 0.169936 1.059567 0.708465
v 0.158363 1.043555 0.705976
v 0.158300 1.023649 0.705446
v 0.169770 1.007454 0.707076
v 0.188393 1.001154 0.710245
v 0.175457 1.059825 0.698147
v 0.167296 1.043971 0.689282
v 0.167233 1.024065 0.688752
v 0.175291 1.007711 0.696759
v 0.185989 1.059927 0.693044
v 0.184338 1.044137 0.681024
v 0.184275 1.024231 0.680494
v 0.185824 1.007813 0.691655
v 0.197511 1.059836 0.695103
v 0.202981 1.043989 0.684357
v 0.202917 1.024083 0.683826
v 0.197345 1.007722 0.693715
vt 0.777624 0.420670
vt 0.753291 0.419708
vt 0.753425 0.400987
vt 0.779584 0.404031
vt 0.735334 0.419816
vt 0.713947 0.422810
vt 0.711579 0.408135
vt 0.732999 0.402025
vt 0.838941 0.563671
vt 0.822019 0.586962
vt 0.811561 0.572568
vt 0.838942 0.534885
vt 0.838942 0.563674
vt 0.822020 0.540383
vt 0.811561 0.554775
vt 0.727478 0.380705
vt 0.754566 0.376727
vt 0.811562 0.554777
vt 0.783534 0.386866
vt 0.706021 0.394283
vt 0.822019 0.540380
vt 0.762077 0.554974
vt 0.734989 0.558951
vt 0.736130 0.534692
vt 0.756556 0.533654
vt 0.811562 0.572570
vt 0.783534 0.541396
vt 0.777976 0.527544
vt 0.706021 0.548813
vt 0.709971 0.531648
vt 0.838941 0.534882
vt 0.736263 0.515971
vt 0.754220 0.515862
vt 0.822020 0.586965
vt 0.775608 0.512869
vt 0.711930 0.515008
vt 0.855863 0.540380
vt 0.736352 0.499172
vt 0.753256 0.499513
vt 0.838942 0.592463
vt 0.774784 0.498030
vt 0.713102 0.498905
vt 0.866321 0.554775
vt 0.736485 0.483178
vt 0.752943 0.483745
vt 0.855864 0.586965
vt 0.774716 0.483037
vt 0.713917 0.483211
vt 0.866321 0.572568
vt 0.736611 0.467521
vt 0.752944 0.468157
vt 0.866322 0.572570
vt 0.775051 0.467864
vt 0.714503 0.467815
vt 0.855863 0.586962
vt 0.736612 0.451934
vt 0.753070 0.452500
vt 0.866322 0.554777
vt 0.775638 0.452468
vt 0.714839 0.452642
vt 0.838941 0.592461
vt 0.736299 0.436166
vt 0.753203 0.436507
vt 0.855864 0.540383
vt 0.776453 0.436773
vt 0.714771 0.437648
vn 0.2924 -0.7664 -0.5719
vn 0.4501 -0.2713 -0.8507
vn 0.8596 -0.2840 -0.4248
vn 0.5601 -0.7747 -0.2934
vn 0.4520 0.3134 -0.8351
vn 0.2974 0.7939 -0.5303
vn 0.5651 0.7856 -0.2518
vn 0.8614 0.3007 -0.4092
vn -0.0032 -0.9996 -0.0266
vn 0.0032 0.9996 0.0266
vn 0.6130 -0.7850 0.0892
vn 0.9422 0.2849 0.1761
vn 0.9404 -0.2998 0.1605
vn 0.6179 0.7753 0.1308
vn 0.4307 -0.7935 0.4298
vn 0.6635 0.2719 0.6970
vn 0.6616 -0.3128 0.6814
vn 0.4357 0.7668 0.4714
vn 0.0830 -0.7969 0.5983
vn 0.1316 0.2667 0.9547
vn 0.1298 -0.3180 0.9391
vn 0.0879 0.7634 0.6399
vn -0.2974 -0.7939 0.5303
vn -0.4501 0.2713 0.8507
vn -0.4520 -0.3134 0.8351
vn -0.2924 0.7664 0.5719
vn -0.5651 -0.7856 0.2518
vn -0.8596 0.2840 0.4248
vn -0.8614 -0.3007 0.4092
vn -0.5601 0.7747 0.2934
vn -0.6179 -0.7753 -0.1308
vn -0.9404 0.2998 -0.1605
vn -0.9422 -0.2849 -0.1760
vn -0.6130 0.7850 -0.0892
vn -0.4357 -0.7668 -0.4714
vn -0.6616 0.3128 -0.6814
vn -0.6635 -0.2719 -0.6970
vn -0.4307 0.7935 -0.4298
vn -0.0879 -0.7634 -0.6399
vn -0.1298 0.3180 -0.9391
vn -0.1316 -0.2667 -0.9547
vn -0.0830 0.7969 -0.5983
usemtl Material.001
s 1
f 3426/4454/3380 3425/4455/3381 3387/4456/3382 3388/4457/3383
f 3424/4458/3384 3423/4459/3385 3385/4460/3386 3386/4461/3387
f 3414/4462/3388 3426/4463/3380 3388/4464/3383
f 3425/4455/3381 3424/4458/3384 3386/4461/3387 3387/4456/3382
f 3423/4465/3385 3405/4466/3389 3385/4467/3386
f 3414/4462/3388 3388/4464/3383 3392/4468/3390
f 3387/4456/3382 3386/4461/3387 3390/4469/3391 3391/4470/3392
f 3385/4467/3386 3405/4466/3389 3389/4471/3393
f 3388/4457/3383 3387/4456/3382 3391/4470/3392 3392/4472/3390
f 3386/4461/3387 3385/4460/3386 3389/4473/3393 3390/4469/3391
f 3414/4462/3388 3392/4468/3390 3396/4474/3394
f 3391/4475/3392 3390/4476/3391 3394/4477/3395 3395/4478/3396
f 3389/4471/3393 3405/4466/3389 3393/4479/3397
f 3392/4480/3390 3391/4475/3392 3395/4478/3396 3396/4481/3394
f 3390/4476/3391 3389/4482/3393 3393/4483/3397 3394/4477/3395
f 3414/4462/3388 3396/4474/3394 3400/4484/3398
f 3395/4478/3396 3394/4477/3395 3398/4485/3399 3399/4486/3400
f 3393/4479/3397 3405/4466/3389 3397/4487/3401
f 3396/4481/3394 3395/4478/3396 3399/4486/3400 3400/4488/3398
f 3394/4477/3395 3393/4483/3397 3397/4489/3401 3398/4485/3399
f 3414/4462/3388 3400/4484/3398 3404/4490/3402
f 3399/4486/3400 3398/4485/3399 3402/4491/3403 3403/4492/3404
f 3397/4487/3401 3405/4466/3389 3401/4493/3405
f 3400/4488/3398 3399/4486/3400 3403/4492/3404 3404/4494/3402
f 3398/4485/3399 3397/4489/3401 3401/4495/3405 3402/4491/3403
f 3414/4462/3388 3404/4490/3402 3409/4496/3406
f 3403/4492/3404 3402/4491/3403 3407/4497/3407 3408/4498/3408
f 3401/4493/3405 3405/4466/3389 3406/4499/3409
f 3404/4494/3402 3403/4492/3404 3408/4498/3408 3409/4500/3406
f 3402/4491/3403 3401/4495/3405 3406/4501/3409 3407/4497/3407
f 3414/4462/3388 3409/4496/3406 3413/4502/3410
f 3408/4498/3408 3407/4497/3407 3411/4503/3411 3412/4504/3412
f 3406/4499/3409 3405/4466/3389 3410/4505/3413
f 3409/4500/3406 3408/4498/3408 3412/4504/3412 3413/4506/3410
f 3407/4497/3407 3406/4501/3409 3410/4507/3413 3411/4503/3411
f 3414/4462/3388 3413/4502/3410 3418/4508/3414
f 3412/4504/3412 3411/4503/3411 3416/4509/3415 3417/4510/3416
f 3410/4505/3413 3405/4466/3389 3415/4511/3417
f 3413/4506/3410 3412/4504/3412 3417/4510/3416 3418/4512/3414
f 3411/4503/3411 3410/4507/3413 3415/4513/3417 3416/4509/3415
f 3414/4462/3388 3418/4508/3414 3422/4514/3418
f 3417/4510/3416 3416/4509/3415 3420/4515/3419 3421/4516/3420
f 3415/4511/3417 3405/4466/3389 3419/4517/3421
f 3418/4512/3414 3417/4510/3416 3421/4516/3420 3422/4518/3418
f 3416/4509/3415 3415/4513/3417 3419/4519/3421 3420/4515/3419
f 3414/4462/3388 3422/4514/3418 3426/4463/3380
f 3421/4516/3420 3420/4515/3419 3424/4458/3384 3425/4455/3381
f 3419/4517/3421 3405/4466/3389 3423/4465/3385
f 3422/4518/3418 3421/4516/3420 3425/4455/3381 3426/4454/3380
f 3420/4515/3419 3419/4519/3421 3423/4459/3385 3424/4458/3384
o Sphere.027_Sphere.028
v 0.098599 1.204280 0.718480
v 0.105365 1.188977 0.707684
v 0.106044 1.169107 0.706560
v 0.100375 1.152261 0.715537
v 0.106101 1.204028 0.727461
v 0.117504 1.188569 0.722216
v 0.118182 1.168699 0.721091
v 0.107877 1.152009 0.724518
v 0.106894 1.203395 0.739121
v 0.118788 1.187545 0.741083
v 0.119466 1.167676 0.739958
v 0.108670 1.151376 0.736178
v 0.100676 1.202624 0.749008
v 0.108727 1.186297 0.757079
v 0.109406 1.166427 0.755955
v 0.102452 1.150604 0.746064
v 0.089822 1.202008 0.753344
v 0.091164 1.185300 0.764095
v 0.091843 1.165431 0.762970
v 0.091598 1.149988 0.750400
v 0.088328 1.209171 0.734824
v 0.078477 1.201783 0.750473
v 0.072808 1.184936 0.759450
v 0.073487 1.165067 0.758326
v 0.080253 1.149763 0.747530
v 0.070975 1.202035 0.741492
v 0.060670 1.185344 0.744919
v 0.061348 1.165474 0.743794
v 0.072751 1.150015 0.738549
v 0.090524 1.144872 0.731186
v 0.070182 1.202667 0.729832
v 0.059386 1.186368 0.726052
v 0.060064 1.166498 0.724927
v 0.071958 1.150648 0.726889
v 0.076399 1.203439 0.719945
v 0.069446 1.187616 0.710055
v 0.070125 1.167747 0.708931
v 0.078176 1.151420 0.717002
v 0.087254 1.204055 0.715610
v 0.087009 1.188613 0.703040
v 0.087687 1.168743 0.701915
v 0.089030 1.152036 0.712666
vt 0.777624 0.420670
vt 0.753291 0.419708
vt 0.753425 0.400987
vt 0.779584 0.404031
vt 0.735334 0.419816
vt 0.713947 0.422810
vt 0.711579 0.408135
vt 0.732999 0.402025
vt 0.838944 0.563672
vt 0.822022 0.586963
vt 0.811564 0.572569
vt 0.838935 0.534883
vt 0.838935 0.563672
vt 0.822013 0.540381
vt 0.811564 0.554776
vt 0.727478 0.380705
vt 0.754566 0.376727
vt 0.811555 0.554776
vt 0.783534 0.386866
vt 0.706021 0.394283
vt 0.822022 0.540381
vt 0.762077 0.554974
vt 0.734989 0.558952
vt 0.736130 0.534692
vt 0.756556 0.533654
vt 0.811555 0.572569
vt 0.783534 0.541396
vt 0.777976 0.527544
vt 0.706021 0.548813
vt 0.709971 0.531648
vt 0.838944 0.534883
vt 0.736263 0.515971
vt 0.754220 0.515863
vt 0.822013 0.586963
vt 0.775608 0.512869
vt 0.711930 0.515009
vt 0.855866 0.540381
vt 0.736352 0.499172
vt 0.753256 0.499513
vt 0.838935 0.592462
vt 0.774784 0.498030
vt 0.713102 0.498906
vt 0.866324 0.554776
vt 0.736485 0.483179
vt 0.752943 0.483745
vt 0.855857 0.586963
vt 0.774716 0.483037
vt 0.713917 0.483211
vt 0.866324 0.572569
vt 0.736611 0.467522
vt 0.752944 0.468157
vt 0.866316 0.572569
vt 0.775051 0.467864
vt 0.714503 0.467815
vt 0.855866 0.586963
vt 0.736612 0.451934
vt 0.753070 0.452500
vt 0.866316 0.554776
vt 0.775638 0.452468
vt 0.714839 0.452642
vt 0.838944 0.592461
vt 0.736299 0.436166
vt 0.753203 0.436507
vt 0.855857 0.540381
vt 0.776453 0.436773
vt 0.714771 0.437649
vn -0.0158 -0.7449 -0.6669
vn -0.0549 -0.2402 -0.9692
vn 0.5180 -0.2288 -0.8242
vn 0.3587 -0.7375 -0.5721
vn -0.0748 0.3435 -0.9362
vn -0.0690 0.8125 -0.5788
vn 0.3056 0.8199 -0.4840
vn 0.4980 0.3549 -0.7912
vn 0.0341 -0.9978 -0.0564
vn -0.0341 0.9978 0.0564
vn 0.6064 -0.7458 -0.2756
vn 0.8768 0.3421 -0.3377
vn 0.8968 -0.2415 -0.3707
vn 0.5532 0.8116 -0.1875
vn 0.6326 -0.7667 0.1093
vn 0.9169 0.3102 0.2510
vn 0.9368 -0.2734 0.2180
vn 0.5794 0.7907 0.1974
vn 0.4273 -0.7922 0.4357
vn 0.6029 0.2712 0.7502
vn 0.6229 -0.3124 0.7172
vn 0.3741 0.7653 0.5238
vn 0.0690 -0.8125 0.5788
vn 0.0549 0.2402 0.9692
vn 0.0748 -0.3435 0.9362
vn 0.0158 0.7449 0.6669
vn -0.3056 -0.8199 0.4840
vn -0.5180 0.2288 0.8242
vn -0.4980 -0.3549 0.7912
vn -0.3587 0.7375 0.5721
vn -0.5532 -0.8116 0.1875
vn -0.8968 0.2415 0.3707
vn -0.8768 -0.3421 0.3377
vn -0.6064 0.7458 0.2756
vn -0.5794 -0.7907 -0.1974
vn -0.9368 0.2734 -0.2180
vn -0.9169 -0.3102 -0.2510
vn -0.6326 0.7667 -0.1093
vn -0.3741 -0.7653 -0.5238
vn -0.6229 0.3124 -0.7172
vn -0.6029 -0.2712 -0.7502
vn -0.4273 0.7922 -0.4357
usemtl Material.001
s 1
f 3468/4520/3422 3467/4521/3423 3429/4522/3424 3430/4523/3425
f 3466/4524/3426 3465/4525/3427 3427/4526/3428 3428/4527/3429
f 3456/4528/3430 3468/4529/3422 3430/4530/3425
f 3467/4521/3423 3466/4524/3426 3428/4527/3429 3429/4522/3424
f 3465/4531/3427 3447/4532/3431 3427/4533/3428
f 3456/4528/3430 3430/4530/3425 3434/4534/3432
f 3429/4522/3424 3428/4527/3429 3432/4535/3433 3433/4536/3434
f 3427/4533/3428 3447/4532/3431 3431/4537/3435
f 3430/4523/3425 3429/4522/3424 3433/4536/3434 3434/4538/3432
f 3428/4527/3429 3427/4526/3428 3431/4539/3435 3432/4535/3433
f 3456/4528/3430 3434/4534/3432 3438/4540/3436
f 3433/4541/3434 3432/4542/3433 3436/4543/3437 3437/4544/3438
f 3431/4537/3435 3447/4532/3431 3435/4545/3439
f 3434/4546/3432 3433/4541/3434 3437/4544/3438 3438/4547/3436
f 3432/4542/3433 3431/4548/3435 3435/4549/3439 3436/4543/3437
f 3456/4528/3430 3438/4540/3436 3442/4550/3440
f 3437/4544/3438 3436/4543/3437 3440/4551/3441 3441/4552/3442
f 3435/4545/3439 3447/4532/3431 3439/4553/3443
f 3438/4547/3436 3437/4544/3438 3441/4552/3442 3442/4554/3440
f 3436/4543/3437 3435/4549/3439 3439/4555/3443 3440/4551/3441
f 3456/4528/3430 3442/4550/3440 3446/4556/3444
f 3441/4552/3442 3440/4551/3441 3444/4557/3445 3445/4558/3446
f 3439/4553/3443 3447/4532/3431 3443/4559/3447
f 3442/4554/3440 3441/4552/3442 3445/4558/3446 3446/4560/3444
f 3440/4551/3441 3439/4555/3443 3443/4561/3447 3444/4557/3445
f 3456/4528/3430 3446/4556/3444 3451/4562/3448
f 3445/4558/3446 3444/4557/3445 3449/4563/3449 3450/4564/3450
f 3443/4559/3447 3447/4532/3431 3448/4565/3451
f 3446/4560/3444 3445/4558/3446 3450/4564/3450 3451/4566/3448
f 3444/4557/3445 3443/4561/3447 3448/4567/3451 3449/4563/3449
f 3456/4528/3430 3451/4562/3448 3455/4568/3452
f 3450/4564/3450 3449/4563/3449 3453/4569/3453 3454/4570/3454
f 3448/4565/3451 3447/4532/3431 3452/4571/3455
f 3451/4566/3448 3450/4564/3450 3454/4570/3454 3455/4572/3452
f 3449/4563/3449 3448/4567/3451 3452/4573/3455 3453/4569/3453
f 3456/4528/3430 3455/4568/3452 3460/4574/3456
f 3454/4570/3454 3453/4569/3453 3458/4575/3457 3459/4576/3458
f 3452/4571/3455 3447/4532/3431 3457/4577/3459
f 3455/4572/3452 3454/4570/3454 3459/4576/3458 3460/4578/3456
f 3453/4569/3453 3452/4573/3455 3457/4579/3459 3458/4575/3457
f 3456/4528/3430 3460/4574/3456 3464/4580/3460
f 3459/4576/3458 3458/4575/3457 3462/4581/3461 3463/4582/3462
f 3457/4577/3459 3447/4532/3431 3461/4583/3463
f 3460/4578/3456 3459/4576/3458 3463/4582/3462 3464/4584/3460
f 3458/4575/3457 3457/4579/3459 3461/4585/3463 3462/4581/3461
f 3456/4528/3430 3464/4580/3460 3468/4529/3422
f 3463/4582/3462 3462/4581/3461 3466/4524/3426 3467/4521/3423
f 3461/4583/3463 3447/4532/3431 3465/4531/3427
f 3464/4584/3460 3463/4582/3462 3467/4521/3423 3468/4520/3422
f 3462/4581/3461 3461/4585/3463 3465/4525/3427 3466/4524/3426
o Sphere.028_Sphere.029
v 0.702446 2.140323 -0.015321
v 0.713050 2.126380 -0.024791
v 0.717912 2.107069 -0.024791
v 0.715173 2.089767 -0.015321
v 0.709117 2.142002 -0.005852
v 0.723845 2.129097 -0.009469
v 0.728706 2.109787 -0.009469
v 0.721844 2.091447 -0.005852
v 0.709117 2.142002 0.005852
v 0.723845 2.129097 0.009469
v 0.728706 2.109787 0.009469
v 0.721844 2.091447 0.005852
v 0.702446 2.140323 0.015321
v 0.713050 2.126380 0.024791
v 0.717912 2.107069 0.024791
v 0.715173 2.089767 0.015321
v 0.691651 2.137605 0.018938
v 0.695584 2.121983 0.030643
v 0.700445 2.102672 0.030643
v 0.704378 2.087050 0.018938
v 0.690149 2.143572 0.000000
v 0.680856 2.134887 0.015321
v 0.678117 2.117585 0.024791
v 0.682979 2.098275 0.024791
v 0.693583 2.084332 0.015321
v 0.674185 2.133208 0.005852
v 0.667323 2.114868 0.009469
v 0.672184 2.095557 0.009469
v 0.686912 2.082653 0.005852
v 0.705880 2.081082 0.000000
v 0.674185 2.133208 -0.005852
v 0.667323 2.114868 -0.009469
v 0.672184 2.095557 -0.009469
v 0.686912 2.082653 -0.005852
v 0.680856 2.134887 -0.015321
v 0.678117 2.117585 -0.024791
v 0.682979 2.098275 -0.024791
v 0.693583 2.084332 -0.015321
v 0.691651 2.137605 -0.018938
v 0.695584 2.121983 -0.030643
v 0.700445 2.102672 -0.030643
v 0.704378 2.087050 -0.018938
vt 0.777624 0.420670
vt 0.753291 0.419708
vt 0.753425 0.400987
vt 0.779584 0.404031
vt 0.735335 0.419816
vt 0.713947 0.422810
vt 0.711579 0.408134
vt 0.732999 0.402025
vt 0.838941 0.563672
vt 0.822019 0.586963
vt 0.811561 0.572569
vt 0.838941 0.534882
vt 0.838941 0.563671
vt 0.822020 0.540380
vt 0.811561 0.554776
vt 0.727478 0.380704
vt 0.754566 0.376727
vt 0.811561 0.554775
vt 0.783534 0.386866
vt 0.706021 0.394282
vt 0.822019 0.540381
vt 0.762077 0.554974
vt 0.734989 0.558951
vt 0.736130 0.534691
vt 0.756556 0.533654
vt 0.811561 0.572567
vt 0.783534 0.541396
vt 0.777976 0.527544
vt 0.706021 0.548813
vt 0.709971 0.531648
vt 0.838941 0.534883
vt 0.736263 0.515971
vt 0.754220 0.515862
vt 0.822020 0.586962
vt 0.775608 0.512869
vt 0.711931 0.515008
vt 0.855863 0.540381
vt 0.736352 0.499172
vt 0.753256 0.499513
vt 0.838941 0.592460
vt 0.774784 0.498030
vt 0.713102 0.498905
vt 0.866321 0.554776
vt 0.736485 0.483178
vt 0.752943 0.483744
vt 0.855863 0.586962
vt 0.774716 0.483037
vt 0.713917 0.483211
vt 0.866321 0.572569
vt 0.736611 0.467521
vt 0.752944 0.468157
vt 0.866322 0.572567
vt 0.775051 0.467864
vt 0.714504 0.467815
vt 0.855863 0.586963
vt 0.736612 0.451934
vt 0.753070 0.452500
vt 0.866322 0.554775
vt 0.775638 0.452467
vt 0.714839 0.452642
vt 0.838941 0.592462
vt 0.736299 0.436166
vt 0.753203 0.436507
vt 0.855863 0.540380
vt 0.776453 0.436773
vt 0.714771 0.437648
vn 0.1905 -0.7568 -0.6252
vn 0.0714 -0.2836 -0.9563
vn 0.6165 -0.1464 -0.7736
vn 0.5469 -0.6671 -0.5058
vn -0.0714 0.2836 -0.9563
vn -0.1905 0.7568 -0.6252
vn 0.1658 0.8465 -0.5058
vn 0.4736 0.4209 -0.7736
vn 0.2441 -0.9697 0.0000
vn -0.2441 0.9697 0.0000
vn 0.7671 -0.6117 -0.1932
vn 0.8105 0.5056 -0.2955
vn 0.9533 -0.0616 -0.2955
vn 0.3861 0.9020 -0.1932
vn 0.7671 -0.6117 0.1932
vn 0.8105 0.5056 0.2955
vn 0.9533 -0.0616 0.2955
vn 0.3861 0.9020 0.1932
vn 0.5469 -0.6671 0.5058
vn 0.4736 0.4209 0.7736
vn 0.6165 -0.1464 0.7736
vn 0.1658 0.8465 0.5058
vn 0.1905 -0.7568 0.6252
vn -0.0714 0.2836 0.9563
vn 0.0714 -0.2836 0.9563
vn -0.1905 0.7568 0.6252
vn -0.1658 -0.8465 0.5058
vn -0.6165 0.1464 0.7736
vn -0.4736 -0.4209 0.7736
vn -0.5469 0.6671 0.5058
vn -0.3861 -0.9020 0.1932
vn -0.9533 0.0616 0.2955
vn -0.8105 -0.5056 0.2955
vn -0.7671 0.6117 0.1932
vn -0.3861 -0.9020 -0.1932
vn -0.9533 0.0616 -0.2955
vn -0.8105 -0.5056 -0.2955
vn -0.7671 0.6117 -0.1932
vn -0.1658 -0.8465 -0.5058
vn -0.6165 0.1464 -0.7736
vn -0.4736 -0.4209 -0.7736
vn -0.5469 0.6671 -0.5058
usemtl Material.001
s 1
f 3510/4586/3464 3509/4587/3465 3471/4588/3466 3472/4589/3467
f 3508/4590/3468 3507/4591/3469 3469/4592/3470 3470/4593/3471
f 3498/4594/3472 3510/4595/3464 3472/4596/3467
f 3509/4587/3465 3508/4590/3468 3470/4593/3471 3471/4588/3466
f 3507/4597/3469 3489/4598/3473 3469/4599/3470
f 3498/4594/3472 3472/4596/3467 3476/4600/3474
f 3471/4588/3466 3470/4593/3471 3474/4601/3475 3475/4602/3476
f 3469/4599/3470 3489/4598/3473 3473/4603/3477
f 3472/4589/3467 3471/4588/3466 3475/4602/3476 3476/4604/3474
f 3470/4593/3471 3469/4592/3470 3473/4605/3477 3474/4601/3475
f 3498/4594/3472 3476/4600/3474 3480/4606/3478
f 3475/4607/3476 3474/4608/3475 3478/4609/3479 3479/4610/3480
f 3473/4603/3477 3489/4598/3473 3477/4611/3481
f 3476/4612/3474 3475/4607/3476 3479/4610/3480 3480/4613/3478
f 3474/4608/3475 3473/4614/3477 3477/4615/3481 3478/4609/3479
f 3498/4594/3472 3480/4606/3478 3484/4616/3482
f 3479/4610/3480 3478/4609/3479 3482/4617/3483 3483/4618/3484
f 3477/4611/3481 3489/4598/3473 3481/4619/3485
f 3480/4613/3478 3479/4610/3480 3483/4618/3484 3484/4620/3482
f 3478/4609/3479 3477/4615/3481 3481/4621/3485 3482/4617/3483
f 3498/4594/3472 3484/4616/3482 3488/4622/3486
f 3483/4618/3484 3482/4617/3483 3486/4623/3487 3487/4624/3488
f 3481/4619/3485 3489/4598/3473 3485/4625/3489
f 3484/4620/3482 3483/4618/3484 3487/4624/3488 3488/4626/3486
f 3482/4617/3483 3481/4621/3485 3485/4627/3489 3486/4623/3487
f 3498/4594/3472 3488/4622/3486 3493/4628/3490
f 3487/4624/3488 3486/4623/3487 3491/4629/3491 3492/4630/3492
f 3485/4625/3489 3489/4598/3473 3490/4631/3493
f 3488/4626/3486 3487/4624/3488 3492/4630/3492 3493/4632/3490
f 3486/4623/3487 3485/4627/3489 3490/4633/3493 3491/4629/3491
f 3498/4594/3472 3493/4628/3490 3497/4634/3494
f 3492/4630/3492 3491/4629/3491 3495/4635/3495 3496/4636/3496
f 3490/4631/3493 3489/4598/3473 3494/4637/3497
f 3493/4632/3490 3492/4630/3492 3496/4636/3496 3497/4638/3494
f 3491/4629/3491 3490/4633/3493 3494/4639/3497 3495/4635/3495
f 3498/4594/3472 3497/4634/3494 3502/4640/3498
f 3496/4636/3496 3495/4635/3495 3500/4641/3499 3501/4642/3500
f 3494/4637/3497 3489/4598/3473 3499/4643/3501
f 3497/4638/3494 3496/4636/3496 3501/4642/3500 3502/4644/3498
f 3495/4635/3495 3494/4639/3497 3499/4645/3501 3500/4641/3499
f 3498/4594/3472 3502/4640/3498 3506/4646/3502
f 3501/4642/3500 3500/4641/3499 3504/4647/3503 3505/4648/3504
f 3499/4643/3501 3489/4598/3473 3503/4649/3505
f 3502/4644/3498 3501/4642/3500 3505/4648/3504 3506/4650/3502
f 3500/4641/3499 3499/4645/3501 3503/4651/3505 3504/4647/3503
f 3498/4594/3472 3506/4646/3502 3510/4595/3464
f 3505/4648/3504 3504/4647/3503 3508/4590/3468 3509/4587/3465
f 3503/4649/3505 3489/4598/3473 3507/4597/3469
f 3506/4650/3502 3505/4648/3504 3509/4587/3465 3510/4586/3464
f 3504/4647/3503 3503/4651/3505 3507/4591/3469 3508/4590/3468
o Sphere.029_Sphere.031
v 0.702446 2.140323 -0.015321
v 0.713050 2.126380 -0.024791
v 0.717912 2.107069 -0.024791
v 0.715173 2.089767 -0.015321
v 0.709117 2.142002 -0.005852
v 0.723845 2.129097 -0.009469
v 0.728706 2.109787 -0.009469
v 0.721844 2.091447 -0.005852
v 0.709117 2.142002 0.005852
v 0.723845 2.129097 0.009469
v 0.728706 2.109787 0.009469
v 0.721844 2.091447 0.005852
v 0.702446 2.140323 0.015321
v 0.713050 2.126380 0.024791
v 0.717912 2.107069 0.024791
v 0.715173 2.089767 0.015321
v 0.691651 2.137605 0.018938
v 0.695584 2.121983 0.030643
v 0.700445 2.102672 0.030643
v 0.704378 2.087050 0.018938
v 0.690149 2.143572 0.000000
v 0.680856 2.134887 0.015321
v 0.678117 2.117585 0.024791
v 0.682979 2.098275 0.024791
v 0.693583 2.084332 0.015321
v 0.674185 2.133208 0.005852
v 0.667323 2.114868 0.009469
v 0.672184 2.095557 0.009469
v 0.686912 2.082653 0.005852
v 0.705880 2.081082 0.000000
v 0.674185 2.133208 -0.005852
v 0.667323 2.114868 -0.009469
v 0.672184 2.095557 -0.009469
v 0.686912 2.082653 -0.005852
v 0.680856 2.134887 -0.015321
v 0.678117 2.117585 -0.024791
v 0.682979 2.098275 -0.024791
v 0.693583 2.084332 -0.015321
v 0.691651 2.137605 -0.018938
v 0.695584 2.121983 -0.030643
v 0.700445 2.102672 -0.030643
v 0.704378 2.087050 -0.018938
vt 0.777624 0.420670
vt 0.753291 0.419708
vt 0.753425 0.400987
vt 0.779584 0.404031
vt 0.735334 0.419816
vt 0.713946 0.422810
vt 0.711579 0.408134
vt 0.732999 0.402025
vt 0.838944 0.563672
vt 0.822022 0.586963
vt 0.811564 0.572569
vt 0.838941 0.534883
vt 0.838941 0.563672
vt 0.822019 0.540381
vt 0.811564 0.554776
vt 0.727478 0.380704
vt 0.754566 0.376727
vt 0.811561 0.554776
vt 0.783533 0.386866
vt 0.706021 0.394282
vt 0.822022 0.540381
vt 0.762076 0.554974
vt 0.734989 0.558951
vt 0.736130 0.534691
vt 0.756556 0.533654
vt 0.811561 0.572569
vt 0.783533 0.541396
vt 0.777976 0.527544
vt 0.706021 0.548813
vt 0.709970 0.531647
vt 0.838944 0.534883
vt 0.736263 0.515971
vt 0.754220 0.515862
vt 0.822019 0.586963
vt 0.775608 0.512868
vt 0.711930 0.515008
vt 0.855866 0.540381
vt 0.736352 0.499172
vt 0.753256 0.499512
vt 0.838941 0.592462
vt 0.774784 0.498030
vt 0.713102 0.498905
vt 0.866324 0.554776
vt 0.736485 0.483178
vt 0.752942 0.483744
vt 0.855863 0.586963
vt 0.774716 0.483037
vt 0.713917 0.483211
vt 0.866324 0.572569
vt 0.736611 0.467521
vt 0.752944 0.468157
vt 0.866322 0.572569
vt 0.775051 0.467864
vt 0.714503 0.467814
vt 0.855866 0.586963
vt 0.736612 0.451934
vt 0.753070 0.452500
vt 0.866322 0.554776
vt 0.775638 0.452467
vt 0.714839 0.452641
vt 0.838944 0.592461
vt 0.736298 0.436166
vt 0.753203 0.436506
vt 0.855863 0.540381
vt 0.776453 0.436773
vt 0.714771 0.437648
vn 0.1905 -0.7568 -0.6252
vn 0.0714 -0.2836 -0.9563
vn 0.6165 -0.1464 -0.7736
vn 0.5469 -0.6671 -0.5058
vn -0.0714 0.2836 -0.9563
vn -0.1905 0.7568 -0.6252
vn 0.1658 0.8465 -0.5058
vn 0.4736 0.4209 -0.7736
vn 0.2441 -0.9697 0.0000
vn -0.2441 0.9697 0.0000
vn 0.7671 -0.6117 -0.1932
vn 0.8105 0.5056 -0.2955
vn 0.9533 -0.0616 -0.2955
vn 0.3861 0.9020 -0.1932
vn 0.7671 -0.6117 0.1932
vn 0.8105 0.5056 0.2955
vn 0.9533 -0.0616 0.2955
vn 0.3861 0.9020 0.1932
vn 0.5469 -0.6671 0.5058
vn 0.4736 0.4209 0.7736
vn 0.6165 -0.1464 0.7736
vn 0.1658 0.8465 0.5058
vn 0.1905 -0.7568 0.6252
vn -0.0714 0.2836 0.9563
vn 0.0714 -0.2836 0.9563
vn -0.1905 0.7568 0.6252
vn -0.1658 -0.8465 0.5058
vn -0.6165 0.1464 0.7736
vn -0.4736 -0.4209 0.7736
vn -0.5469 0.6671 0.5058
vn -0.3861 -0.9020 0.1932
vn -0.9533 0.0616 0.2955
vn -0.8105 -0.5056 0.2955
vn -0.7671 0.6117 0.1932
vn -0.3861 -0.9020 -0.1932
vn -0.9533 0.0616 -0.2955
vn -0.8105 -0.5056 -0.2955
vn -0.7671 0.6117 -0.1932
vn -0.1658 -0.8465 -0.5058
vn -0.6165 0.1464 -0.7736
vn -0.4736 -0.4209 -0.7736
vn -0.5469 0.6671 -0.5058
usemtl Material.001
s 1
f 3552/4652/3506 3551/4653/3507 3513/4654/3508 3514/4655/3509
f 3550/4656/3510 3549/4657/3511 3511/4658/3512 3512/4659/3513
f 3540/4660/3514 3552/4661/3506 3514/4662/3509
f 3551/4653/3507 3550/4656/3510 3512/4659/3513 3513/4654/3508
f 3549/4663/3511 3531/4664/3515 3511/4665/3512
f 3540/4660/3514 3514/4662/3509 3518/4666/3516
f 3513/4654/3508 3512/4659/3513 3516/4667/3517 3517/4668/3518
f 3511/4665/3512 3531/4664/3515 3515/4669/3519
f 3514/4655/3509 3513/4654/3508 3517/4668/3518 3518/4670/3516
f 3512/4659/3513 3511/4658/3512 3515/4671/3519 3516/4667/3517
f 3540/4660/3514 3518/4666/3516 3522/4672/3520
f 3517/4673/3518 3516/4674/3517 3520/4675/3521 3521/4676/3522
f 3515/4669/3519 3531/4664/3515 3519/4677/3523
f 3518/4678/3516 3517/4673/3518 3521/4676/3522 3522/4679/3520
f 3516/4674/3517 3515/4680/3519 3519/4681/3523 3520/4675/3521
f 3540/4660/3514 3522/4672/3520 3526/4682/3524
f 3521/4676/3522 3520/4675/3521 3524/4683/3525 3525/4684/3526
f 3519/4677/3523 3531/4664/3515 3523/4685/3527
f 3522/4679/3520 3521/4676/3522 3525/4684/3526 3526/4686/3524
f 3520/4675/3521 3519/4681/3523 3523/4687/3527 3524/4683/3525
f 3540/4660/3514 3526/4682/3524 3530/4688/3528
f 3525/4684/3526 3524/4683/3525 3528/4689/3529 3529/4690/3530
f 3523/4685/3527 3531/4664/3515 3527/4691/3531
f 3526/4686/3524 3525/4684/3526 3529/4690/3530 3530/4692/3528
f 3524/4683/3525 3523/4687/3527 3527/4693/3531 3528/4689/3529
f 3540/4660/3514 3530/4688/3528 3535/4694/3532
f 3529/4690/3530 3528/4689/3529 3533/4695/3533 3534/4696/3534
f 3527/4691/3531 3531/4664/3515 3532/4697/3535
f 3530/4692/3528 3529/4690/3530 3534/4696/3534 3535/4698/3532
f 3528/4689/3529 3527/4693/3531 3532/4699/3535 3533/4695/3533
f 3540/4660/3514 3535/4694/3532 3539/4700/3536
f 3534/4696/3534 3533/4695/3533 3537/4701/3537 3538/4702/3538
f 3532/4697/3535 3531/4664/3515 3536/4703/3539
f 3535/4698/3532 3534/4696/3534 3538/4702/3538 3539/4704/3536
f 3533/4695/3533 3532/4699/3535 3536/4705/3539 3537/4701/3537
f 3540/4660/3514 3539/4700/3536 3544/4706/3540
f 3538/4702/3538 3537/4701/3537 3542/4707/3541 3543/4708/3542
f 3536/4703/3539 3531/4664/3515 3541/4709/3543
f 3539/4704/3536 3538/4702/3538 3543/4708/3542 3544/4710/3540
f 3537/4701/3537 3536/4705/3539 3541/4711/3543 3542/4707/3541
f 3540/4660/3514 3544/4706/3540 3548/4712/3544
f 3543/4708/3542 3542/4707/3541 3546/4713/3545 3547/4714/3546
f 3541/4709/3543 3531/4664/3515 3545/4715/3547
f 3544/4710/3540 3543/4708/3542 3547/4714/3546 3548/4716/3544
f 3542/4707/3541 3541/4711/3543 3545/4717/3547 3546/4713/3545
f 3540/4660/3514 3548/4712/3544 3552/4661/3506
f 3547/4714/3546 3546/4713/3545 3550/4656/3510 3551/4653/3507
f 3545/4715/3547 3531/4664/3515 3549/4663/3511
f 3548/4716/3544 3547/4714/3546 3551/4653/3507 3552/4652/3506
f 3546/4713/3545 3545/4717/3547 3549/4657/3511 3550/4656/3510
o Sphere.030_Sphere.032
v 0.610618 2.144162 -0.308566
v 0.620200 2.130839 -0.319845
v 0.624022 2.111429 -0.322112
v 0.620625 2.093344 -0.314500
v 0.617626 2.144448 -0.299196
v 0.631540 2.131302 -0.304685
v 0.635362 2.111892 -0.306951
v 0.627634 2.093630 -0.305131
v 0.617947 2.143153 -0.287568
v 0.632059 2.129207 -0.285870
v 0.635882 2.109797 -0.288136
v 0.627954 2.092335 -0.293502
v 0.611458 2.140773 -0.278123
v 0.621559 2.125355 -0.270587
v 0.625381 2.105944 -0.272854
v 0.621465 2.089955 -0.284057
v 0.600637 2.138215 -0.274468
v 0.604050 2.121217 -0.264674
v 0.607872 2.101806 -0.266941
v 0.610644 2.087397 -0.280403
v 0.598936 2.146308 -0.292583
v 0.589617 2.136457 -0.278001
v 0.586220 2.118373 -0.270389
v 0.590042 2.098962 -0.272656
v 0.599624 2.085639 -0.283935
v 0.582608 2.136171 -0.287370
v 0.574879 2.117910 -0.285550
v 0.578702 2.098499 -0.287816
v 0.592615 2.085353 -0.293304
v 0.611306 2.083494 -0.299918
v 0.582287 2.137466 -0.298999
v 0.574360 2.120005 -0.304365
v 0.578183 2.100594 -0.306631
v 0.592294 2.086648 -0.304933
v 0.588777 2.139847 -0.308444
v 0.584861 2.123857 -0.319647
v 0.588683 2.104447 -0.321914
v 0.598784 2.089029 -0.314378
v 0.599598 2.142405 -0.312098
v 0.602370 2.127996 -0.325560
v 0.606192 2.108585 -0.327827
v 0.609605 2.091587 -0.318032
vt 0.777624 0.420670
vt 0.753292 0.419708
vt 0.753425 0.400987
vt 0.779584 0.404031
vt 0.735335 0.419816
vt 0.713947 0.422810
vt 0.711579 0.408134
vt 0.732999 0.402025
vt 0.838941 0.563671
vt 0.822020 0.586962
vt 0.811561 0.572568
vt 0.838941 0.534883
vt 0.838941 0.563672
vt 0.822019 0.540381
vt 0.811561 0.554775
vt 0.727478 0.380704
vt 0.754566 0.376727
vt 0.811561 0.554776
vt 0.783534 0.386866
vt 0.706021 0.394282
vt 0.822020 0.540380
vt 0.762077 0.554974
vt 0.734989 0.558951
vt 0.736130 0.534691
vt 0.756556 0.533654
vt 0.811561 0.572569
vt 0.783534 0.541396
vt 0.777976 0.527544
vt 0.706021 0.548813
vt 0.709971 0.531648
vt 0.838941 0.534882
vt 0.736264 0.515971
vt 0.754221 0.515862
vt 0.822019 0.586963
vt 0.775608 0.512869
vt 0.711931 0.515008
vt 0.855863 0.540380
vt 0.736352 0.499172
vt 0.753256 0.499513
vt 0.838941 0.592462
vt 0.774784 0.498030
vt 0.713102 0.498905
vt 0.866322 0.554775
vt 0.736485 0.483178
vt 0.752943 0.483744
vt 0.855863 0.586963
vt 0.774716 0.483037
vt 0.713917 0.483211
vt 0.866322 0.572568
vt 0.736611 0.467521
vt 0.752944 0.468157
vt 0.866321 0.572569
vt 0.775051 0.467864
vt 0.714504 0.467815
vt 0.855863 0.586962
vt 0.736612 0.451934
vt 0.753070 0.452500
vt 0.866321 0.554776
vt 0.775638 0.452467
vt 0.714839 0.452642
vt 0.838942 0.592461
vt 0.736299 0.436166
vt 0.753203 0.436507
vt 0.855863 0.540381
vt 0.776453 0.436773
vt 0.714771 0.437648
vn 0.1327 -0.6916 -0.7100
vn 0.0299 -0.1793 -0.9833
vn 0.5863 -0.0906 -0.8050
vn 0.4964 -0.6336 -0.5933
vn -0.0823 0.3909 -0.9167
vn -0.1669 0.8299 -0.5323
vn 0.1968 0.8879 -0.4157
vn 0.4740 0.4796 -0.7384
vn 0.1919 -0.9748 -0.1138
vn -0.1919 0.9748 0.1138
vn 0.7278 -0.6241 -0.2840
vn 0.8279 0.4941 -0.2653
vn 0.9402 -0.0761 -0.3319
vn 0.4282 0.8974 -0.1064
vn 0.7384 -0.6669 0.0998
vn 0.8441 0.4287 0.3218
vn 0.9565 -0.1415 0.2553
vn 0.4388 0.8546 0.2775
vn 0.5242 -0.7455 0.4117
vn 0.5165 0.3085 0.7988
vn 0.6287 -0.2617 0.7322
vn 0.2246 0.7760 0.5893
vn 0.1669 -0.8299 0.5323
vn -0.0299 0.1793 0.9833
vn 0.0823 -0.3909 0.9167
vn -0.1327 0.6916 0.7100
vn -0.1968 -0.8879 0.4157
vn -0.5863 0.0906 0.8050
vn -0.4740 -0.4796 0.7384
vn -0.4964 0.6336 0.5934
vn -0.4282 -0.8974 0.1064
vn -0.9402 0.0761 0.3319
vn -0.8279 -0.4941 0.2653
vn -0.7278 0.6241 0.2840
vn -0.4388 -0.8546 -0.2775
vn -0.9565 0.1415 -0.2553
vn -0.8441 -0.4287 -0.3218
vn -0.7384 0.6669 -0.0998
vn -0.2246 -0.7760 -0.5893
vn -0.6287 0.2617 -0.7322
vn -0.5165 -0.3085 -0.7988
vn -0.5242 0.7455 -0.4117
usemtl Material.001
s 1
f 3594/4718/3548 3593/4719/3549 3555/4720/3550 3556/4721/3551
f 3592/4722/3552 3591/4723/3553 3553/4724/3554 3554/4725/3555
f 3582/4726/3556 3594/4727/3548 3556/4728/3551
f 3593/4719/3549 3592/4722/3552 3554/4725/3555 3555/4720/3550
f 3591/4729/3553 3573/4730/3557 3553/4731/3554
f 3582/4726/3556 3556/4728/3551 3560/4732/3558
f 3555/4720/3550 3554/4725/3555 3558/4733/3559 3559/4734/3560
f 3553/4731/3554 3573/4730/3557 3557/4735/3561
f 3556/4721/3551 3555/4720/3550 3559/4734/3560 3560/4736/3558
f 3554/4725/3555 3553/4724/3554 3557/4737/3561 3558/4733/3559
f 3582/4726/3556 3560/4732/3558 3564/4738/3562
f 3559/4739/3560 3558/4740/3559 3562/4741/3563 3563/4742/3564
f 3557/4735/3561 3573/4730/3557 3561/4743/3565
f 3560/4744/3558 3559/4739/3560 3563/4742/3564 3564/4745/3562
f 3558/4740/3559 3557/4746/3561 3561/4747/3565 3562/4741/3563
f 3582/4726/3556 3564/4738/3562 3568/4748/3566
f 3563/4742/3564 3562/4741/3563 3566/4749/3567 3567/4750/3568
f 3561/4743/3565 3573/4730/3557 3565/4751/3569
f 3564/4745/3562 3563/4742/3564 3567/4750/3568 3568/4752/3566
f 3562/4741/3563 3561/4747/3565 3565/4753/3569 3566/4749/3567
f 3582/4726/3556 3568/4748/3566 3572/4754/3570
f 3567/4750/3568 3566/4749/3567 3570/4755/3571 3571/4756/3572
f 3565/4751/3569 3573/4730/3557 3569/4757/3573
f 3568/4752/3566 3567/4750/3568 3571/4756/3572 3572/4758/3570
f 3566/4749/3567 3565/4753/3569 3569/4759/3573 3570/4755/3571
f 3582/4726/3556 3572/4754/3570 3577/4760/3574
f 3571/4756/3572 3570/4755/3571 3575/4761/3575 3576/4762/3576
f 3569/4757/3573 3573/4730/3557 3574/4763/3577
f 3572/4758/3570 3571/4756/3572 3576/4762/3576 3577/4764/3574
f 3570/4755/3571 3569/4759/3573 3574/4765/3577 3575/4761/3575
f 3582/4726/3556 3577/4760/3574 3581/4766/3578
f 3576/4762/3576 3575/4761/3575 3579/4767/3579 3580/4768/3580
f 3574/4763/3577 3573/4730/3557 3578/4769/3581
f 3577/4764/3574 3576/4762/3576 3580/4768/3580 3581/4770/3578
f 3575/4761/3575 3574/4765/3577 3578/4771/3581 3579/4767/3579
f 3582/4726/3556 3581/4766/3578 3586/4772/3582
f 3580/4768/3580 3579/4767/3579 3584/4773/3583 3585/4774/3584
f 3578/4769/3581 3573/4730/3557 3583/4775/3585
f 3581/4770/3578 3580/4768/3580 3585/4774/3584 3586/4776/3582
f 3579/4767/3579 3578/4771/3581 3583/4777/3585 3584/4773/3583
f 3582/4726/3556 3586/4772/3582 3590/4778/3586
f 3585/4774/3584 3584/4773/3583 3588/4779/3587 3589/4780/3588
f 3583/4775/3585 3573/4730/3557 3587/4781/3589
f 3586/4776/3582 3585/4774/3584 3589/4780/3588 3590/4782/3586
f 3584/4773/3583 3583/4777/3585 3587/4783/3589 3588/4779/3587
f 3582/4726/3556 3590/4778/3586 3594/4727/3548
f 3589/4780/3588 3588/4779/3587 3592/4722/3552 3593/4719/3549
f 3587/4781/3589 3573/4730/3557 3591/4729/3553
f 3590/4782/3586 3589/4780/3588 3593/4719/3549 3594/4718/3548
f 3588/4779/3587 3587/4783/3589 3591/4723/3553 3592/4722/3552
o Sphere.031_Sphere.033
v 0.353280 2.140769 -0.523235
v 0.360422 2.127405 -0.536155
v 0.362857 2.107924 -0.539488
v 0.359653 2.089769 -0.531963
v 0.361574 2.140394 -0.514985
v 0.373842 2.126798 -0.522806
v 0.376277 2.107317 -0.526139
v 0.367947 2.089393 -0.523713
v 0.363503 2.138681 -0.503569
v 0.376963 2.124027 -0.504333
v 0.379398 2.104546 -0.507667
v 0.369877 2.087681 -0.512296
v 0.358330 2.136286 -0.493346
v 0.368594 2.120150 -0.487793
v 0.371028 2.100670 -0.491126
v 0.364704 2.085285 -0.502073
v 0.348032 2.134122 -0.488222
v 0.351930 2.116649 -0.479503
v 0.354365 2.097169 -0.482836
v 0.354405 2.083121 -0.496950
v 0.344158 2.142912 -0.505665
v 0.336541 2.133016 -0.490155
v 0.333338 2.114861 -0.482629
v 0.335772 2.095380 -0.485963
v 0.342914 2.082016 -0.498882
v 0.328247 2.133392 -0.498405
v 0.319918 2.115468 -0.495978
v 0.322352 2.095987 -0.499312
v 0.334620 2.082391 -0.507132
v 0.352036 2.079873 -0.516452
v 0.326318 2.135104 -0.509822
v 0.316796 2.118239 -0.514451
v 0.319231 2.098758 -0.517784
v 0.332691 2.084104 -0.518549
v 0.331490 2.137500 -0.520044
v 0.325166 2.122115 -0.530991
v 0.327600 2.102635 -0.534325
v 0.337864 2.086499 -0.528771
v 0.341789 2.139664 -0.525168
v 0.341829 2.125616 -0.539281
v 0.344264 2.106136 -0.542615
v 0.348163 2.088663 -0.533895
vt 0.777624 0.420670
vt 0.753291 0.419708
vt 0.753425 0.400987
vt 0.779584 0.404031
vt 0.735335 0.419816
vt 0.713947 0.422810
vt 0.711579 0.408135
vt 0.732999 0.402025
vt 0.838941 0.563671
vt 0.822019 0.586962
vt 0.811561 0.572567
vt 0.838941 0.534885
vt 0.838941 0.563674
vt 0.822019 0.540383
vt 0.811561 0.554775
vt 0.727478 0.380705
vt 0.754566 0.376727
vt 0.811561 0.554777
vt 0.783534 0.386866
vt 0.706021 0.394283
vt 0.822019 0.540380
vt 0.762077 0.554974
vt 0.734989 0.558951
vt 0.736130 0.534692
vt 0.756556 0.533654
vt 0.811561 0.572570
vt 0.783534 0.541396
vt 0.777976 0.527544
vt 0.706021 0.548813
vt 0.709971 0.531648
vt 0.838941 0.534882
vt 0.736263 0.515971
vt 0.754220 0.515862
vt 0.822019 0.586965
vt 0.775608 0.512869
vt 0.711931 0.515008
vt 0.855863 0.540380
vt 0.736352 0.499172
vt 0.753256 0.499513
vt 0.838941 0.592463
vt 0.774784 0.498030
vt 0.713102 0.498905
vt 0.866321 0.554775
vt 0.736485 0.483178
vt 0.752943 0.483745
vt 0.855863 0.586965
vt 0.774716 0.483037
vt 0.713917 0.483211
vt 0.866321 0.572567
vt 0.736611 0.467521
vt 0.752944 0.468157
vt 0.866321 0.572570
vt 0.775051 0.467864
vt 0.714504 0.467815
vt 0.855863 0.586962
vt 0.736612 0.451934
vt 0.753070 0.452500
vt 0.866321 0.554777
vt 0.775638 0.452468
vt 0.714839 0.452642
vt 0.838941 0.592460
vt 0.736299 0.436166
vt 0.753203 0.436507
vt 0.855863 0.540383
vt 0.776453 0.436773
vt 0.714771 0.437648
vn -0.0076 -0.6720 -0.7405
vn -0.1218 -0.1462 -0.9817
vn 0.4584 -0.0904 -0.8842
vn 0.3717 -0.6355 -0.6767
vn -0.1934 0.4260 -0.8838
vn -0.1984 0.8549 -0.4792
vn 0.1809 0.8914 -0.4154
vn 0.3869 0.4819 -0.7862
vn 0.1222 -0.9783 -0.1674
vn -0.1222 0.9783 0.1674
vn 0.6455 -0.6479 -0.4043
vn 0.8056 0.4629 -0.3696
vn 0.8772 -0.1093 -0.4675
vn 0.4547 0.8791 -0.1430
vn 0.7092 -0.7044 -0.0274
vn 0.9030 0.3764 0.2068
vn 0.9745 -0.1958 0.1089
vn 0.5184 0.8225 0.2339
vn 0.5384 -0.7835 0.3100
vn 0.6419 0.2554 0.7230
vn 0.7134 -0.3168 0.6251
vn 0.3476 0.7434 0.5713
vn 0.1984 -0.8549 0.4792
vn 0.1218 0.1462 0.9817
vn 0.1934 -0.4260 0.8838
vn 0.0076 0.6720 0.7405
vn -0.1809 -0.8914 0.4154
vn -0.4584 0.0904 0.8842
vn -0.3868 -0.4819 0.7862
vn -0.3717 0.6355 0.6767
vn -0.4547 -0.8791 0.1430
vn -0.8772 0.1093 0.4676
vn -0.8056 -0.4629 0.3696
vn -0.6455 0.6479 0.4043
vn -0.5184 -0.8225 -0.2339
vn -0.9745 0.1958 -0.1089
vn -0.9030 -0.3764 -0.2068
vn -0.7092 0.7044 0.0274
vn -0.3476 -0.7434 -0.5713
vn -0.7134 0.3168 -0.6251
vn -0.6419 -0.2554 -0.7230
vn -0.5384 0.7835 -0.3100
usemtl Material.001
s 1
f 3636/4784/3590 3635/4785/3591 3597/4786/3592 3598/4787/3593
f 3634/4788/3594 3633/4789/3595 3595/4790/3596 3596/4791/3597
f 3624/4792/3598 3636/4793/3590 3598/4794/3593
f 3635/4785/3591 3634/4788/3594 3596/4791/3597 3597/4786/3592
f 3633/4795/3595 3615/4796/3599 3595/4797/3596
f 3624/4792/3598 3598/4794/3593 3602/4798/3600
f 3597/4786/3592 3596/4791/3597 3600/4799/3601 3601/4800/3602
f 3595/4797/3596 3615/4796/3599 3599/4801/3603
f 3598/4787/3593 3597/4786/3592 3601/4800/3602 3602/4802/3600
f 3596/4791/3597 3595/4790/3596 3599/4803/3603 3600/4799/3601
f 3624/4792/3598 3602/4798/3600 3606/4804/3604
f 3601/4805/3602 3600/4806/3601 3604/4807/3605 3605/4808/3606
f 3599/4801/3603 3615/4796/3599 3603/4809/3607
f 3602/4810/3600 3601/4805/3602 3605/4808/3606 3606/4811/3604
f 3600/4806/3601 3599/4812/3603 3603/4813/3607 3604/4807/3605
f 3624/4792/3598 3606/4804/3604 3610/4814/3608
f 3605/4808/3606 3604/4807/3605 3608/4815/3609 3609/4816/3610
f 3603/4809/3607 3615/4796/3599 3607/4817/3611
f 3606/4811/3604 3605/4808/3606 3609/4816/3610 3610/4818/3608
f 3604/4807/3605 3603/4813/3607 3607/4819/3611 3608/4815/3609
f 3624/4792/3598 3610/4814/3608 3614/4820/3612
f 3609/4816/3610 3608/4815/3609 3612/4821/3613 3613/4822/3614
f 3607/4817/3611 3615/4796/3599 3611/4823/3615
f 3610/4818/3608 3609/4816/3610 3613/4822/3614 3614/4824/3612
f 3608/4815/3609 3607/4819/3611 3611/4825/3615 3612/4821/3613
f 3624/4792/3598 3614/4820/3612 3619/4826/3616
f 3613/4822/3614 3612/4821/3613 3617/4827/3617 3618/4828/3618
f 3611/4823/3615 3615/4796/3599 3616/4829/3619
f 3614/4824/3612 3613/4822/3614 3618/4828/3618 3619/4830/3616
f 3612/4821/3613 3611/4825/3615 3616/4831/3619 3617/4827/3617
f 3624/4792/3598 3619/4826/3616 3623/4832/3620
f 3618/4828/3618 3617/4827/3617 3621/4833/3621 3622/4834/3622
f 3616/4829/3619 3615/4796/3599 3620/4835/3623
f 3619/4830/3616 3618/4828/3618 3622/4834/3622 3623/4836/3620
f 3617/4827/3617 3616/4831/3619 3620/4837/3623 3621/4833/3621
f 3624/4792/3598 3623/4832/3620 3628/4838/3624
f 3622/4834/3622 3621/4833/3621 3626/4839/3625 3627/4840/3626
f 3620/4835/3623 3615/4796/3599 3625/4841/3627
f 3623/4836/3620 3622/4834/3622 3627/4840/3626 3628/4842/3624
f 3621/4833/3621 3620/4837/3623 3625/4843/3627 3626/4839/3625
f 3624/4792/3598 3628/4838/3624 3632/4844/3628
f 3627/4840/3626 3626/4839/3625 3630/4845/3629 3631/4846/3630
f 3625/4841/3627 3615/4796/3599 3629/4847/3631
f 3628/4842/3624 3627/4840/3626 3631/4846/3630 3632/4848/3628
f 3626/4839/3625 3625/4843/3627 3629/4849/3631 3630/4845/3629
f 3624/4792/3598 3632/4844/3628 3636/4793/3590
f 3631/4846/3630 3630/4845/3629 3634/4788/3594 3635/4785/3591
f 3629/4847/3631 3615/4796/3599 3633/4795/3595
f 3632/4848/3628 3631/4846/3630 3635/4785/3591 3636/4784/3590
f 3630/4845/3629 3629/4849/3631 3633/4789/3595 3634/4788/3594
o Sphere.032_Sphere.034
v 0.607748 2.139062 0.278323
v 0.617542 2.124154 0.269472
v 0.621767 2.104729 0.270623
v 0.618808 2.088206 0.281335
v 0.614808 2.141137 0.287425
v 0.628966 2.127511 0.284199
v 0.633191 2.108085 0.285350
v 0.625868 2.090280 0.290437
v 0.615231 2.141920 0.299096
v 0.629650 2.128778 0.303083
v 0.633875 2.109352 0.304233
v 0.626291 2.091063 0.302107
v 0.608854 2.141112 0.308878
v 0.619332 2.127471 0.318910
v 0.623557 2.108046 0.320060
v 0.619914 2.090255 0.311889
v 0.598114 2.139023 0.313034
v 0.601954 2.124090 0.325635
v 0.606179 2.104664 0.326786
v 0.609174 2.088166 0.316046
v 0.596125 2.143759 0.293795
v 0.587113 2.136449 0.309978
v 0.584154 2.119926 0.320690
v 0.588378 2.100500 0.321840
v 0.598173 2.085592 0.312989
v 0.580052 2.134375 0.300876
v 0.572730 2.116570 0.305963
v 0.576954 2.097144 0.307113
v 0.591112 2.083518 0.303888
v 0.609796 2.080896 0.297518
v 0.579630 2.133592 0.289205
v 0.572046 2.115303 0.287080
v 0.576271 2.095877 0.288230
v 0.590690 2.082735 0.292217
v 0.586006 2.134399 0.279424
v 0.582364 2.116609 0.271252
v 0.586588 2.097183 0.272403
v 0.597066 2.083542 0.282435
v 0.596747 2.136489 0.275267
v 0.599742 2.119990 0.264527
v 0.603966 2.100565 0.265677
v 0.607807 2.085632 0.278279
vt 0.777624 0.420669
vt 0.753291 0.419707
vt 0.753425 0.400986
vt 0.779584 0.404030
vt 0.735334 0.419815
vt 0.713947 0.422809
vt 0.711579 0.408133
vt 0.732999 0.402023
vt 0.838942 0.563674
vt 0.822020 0.586965
vt 0.811561 0.572570
vt 0.838942 0.534883
vt 0.838942 0.563672
vt 0.822020 0.540381
vt 0.811561 0.554777
vt 0.727478 0.380703
vt 0.754566 0.376726
vt 0.811561 0.554776
vt 0.783534 0.386865
vt 0.706021 0.394281
vt 0.822020 0.540383
vt 0.762077 0.554973
vt 0.734989 0.558950
vt 0.736130 0.534690
vt 0.756556 0.533653
vt 0.811561 0.572569
vt 0.783534 0.541395
vt 0.777976 0.527543
vt 0.706021 0.548811
vt 0.709970 0.531646
vt 0.838942 0.534885
vt 0.736263 0.515969
vt 0.754220 0.515861
vt 0.822020 0.586963
vt 0.775608 0.512867
vt 0.711930 0.515007
vt 0.855863 0.540383
vt 0.736352 0.499171
vt 0.753256 0.499511
vt 0.838942 0.592462
vt 0.774784 0.498029
vt 0.713102 0.498904
vt 0.866322 0.554777
vt 0.736485 0.483177
vt 0.752943 0.483743
vt 0.855863 0.586963
vt 0.774716 0.483036
vt 0.713917 0.483210
vt 0.866322 0.572570
vt 0.736611 0.467520
vt 0.752944 0.468156
vt 0.866322 0.572569
vt 0.775051 0.467863
vt 0.714503 0.467813
vt 0.855863 0.586965
vt 0.736612 0.451933
vt 0.753070 0.452499
vt 0.866322 0.554776
vt 0.775638 0.452466
vt 0.714839 0.452640
vt 0.838942 0.592463
vt 0.736299 0.436165
vt 0.753203 0.436505
vt 0.855863 0.540381
vt 0.776453 0.436772
vt 0.714771 0.437647
vn 0.1430 -0.8032 -0.5783
vn 0.0275 -0.3493 -0.9366
vn 0.5830 -0.2193 -0.7823
vn 0.5062 -0.7182 -0.4774
vn -0.0966 0.2213 -0.9704
vn -0.1881 0.7195 -0.6685
vn 0.1750 0.8045 -0.5676
vn 0.4589 0.3513 -0.8161
vn 0.2121 -0.9755 0.0577
vn -0.2121 0.9755 -0.0577
vn 0.7393 -0.6497 -0.1769
vn 0.8154 0.4560 -0.3565
vn 0.9395 -0.1146 -0.3227
vn 0.4081 0.8730 -0.2671
vn 0.7532 -0.6239 0.2083
vn 0.8368 0.4956 0.2328
vn 0.9609 -0.0750 0.2666
vn 0.4221 0.8988 0.1182
vn 0.5427 -0.6505 0.5313
vn 0.5148 0.4548 0.7267
vn 0.6389 -0.1158 0.7605
vn 0.2116 0.8721 0.4411
vn 0.1881 -0.7195 0.6685
vn -0.0275 0.3493 0.9366
vn 0.0966 -0.2214 0.9704
vn -0.1430 0.8032 0.5783
vn -0.1750 -0.8045 0.5676
vn -0.5830 0.2193 0.7823
vn -0.4589 -0.3513 0.8161
vn -0.5062 0.7182 0.4774
vn -0.4081 -0.8730 0.2671
vn -0.9395 0.1146 0.3227
vn -0.8154 -0.4560 0.3565
vn -0.7393 0.6497 0.1769
vn -0.4221 -0.8988 -0.1182
vn -0.9609 0.0750 -0.2666
vn -0.8368 -0.4956 -0.2328
vn -0.7532 0.6239 -0.2083
vn -0.2116 -0.8722 -0.4411
vn -0.6389 0.1158 -0.7605
vn -0.5148 -0.4548 -0.7267
vn -0.5427 0.6505 -0.5313
usemtl Material.001
s 1
f 3678/4850/3632 3677/4851/3633 3639/4852/3634 3640/4853/3635
f 3676/4854/3636 3675/4855/3637 3637/4856/3638 3638/4857/3639
f 3666/4858/3640 3678/4859/3632 3640/4860/3635
f 3677/4851/3633 3676/4854/3636 3638/4857/3639 3639/4852/3634
f 3675/4861/3637 3657/4862/3641 3637/4863/3638
f 3666/4858/3640 3640/4860/3635 3644/4864/3642
f 3639/4852/3634 3638/4857/3639 3642/4865/3643 3643/4866/3644
f 3637/4863/3638 3657/4862/3641 3641/4867/3645
f 3640/4853/3635 3639/4852/3634 3643/4866/3644 3644/4868/3642
f 3638/4857/3639 3637/4856/3638 3641/4869/3645 3642/4865/3643
f 3666/4858/3640 3644/4864/3642 3648/4870/3646
f 3643/4871/3644 3642/4872/3643 3646/4873/3647 3647/4874/3648
f 3641/4867/3645 3657/4862/3641 3645/4875/3649
f 3644/4876/3642 3643/4871/3644 3647/4874/3648 3648/4877/3646
f 3642/4872/3643 3641/4878/3645 3645/4879/3649 3646/4873/3647
f 3666/4858/3640 3648/4870/3646 3652/4880/3650
f 3647/4874/3648 3646/4873/3647 3650/4881/3651 3651/4882/3652
f 3645/4875/3649 3657/4862/3641 3649/4883/3653
f 3648/4877/3646 3647/4874/3648 3651/4882/3652 3652/4884/3650
f 3646/4873/3647 3645/4879/3649 3649/4885/3653 3650/4881/3651
f 3666/4858/3640 3652/4880/3650 3656/4886/3654
f 3651/4882/3652 3650/4881/3651 3654/4887/3655 3655/4888/3656
f 3649/4883/3653 3657/4862/3641 3653/4889/3657
f 3652/4884/3650 3651/4882/3652 3655/4888/3656 3656/4890/3654
f 3650/4881/3651 3649/4885/3653 3653/4891/3657 3654/4887/3655
f 3666/4858/3640 3656/4886/3654 3661/4892/3658
f 3655/4888/3656 3654/4887/3655 3659/4893/3659 3660/4894/3660
f 3653/4889/3657 3657/4862/3641 3658/4895/3661
f 3656/4890/3654 3655/4888/3656 3660/4894/3660 3661/4896/3658
f 3654/4887/3655 3653/4891/3657 3658/4897/3661 3659/4893/3659
f 3666/4858/3640 3661/4892/3658 3665/4898/3662
f 3660/4894/3660 3659/4893/3659 3663/4899/3663 3664/4900/3664
f 3658/4895/3661 3657/4862/3641 3662/4901/3665
f 3661/4896/3658 3660/4894/3660 3664/4900/3664 3665/4902/3662
f 3659/4893/3659 3658/4897/3661 3662/4903/3665 3663/4899/3663
f 3666/4858/3640 3665/4898/3662 3670/4904/3666
f 3664/4900/3664 3663/4899/3663 3668/4905/3667 3669/4906/3668
f 3662/4901/3665 3657/4862/3641 3667/4907/3669
f 3665/4902/3662 3664/4900/3664 3669/4906/3668 3670/4908/3666
f 3663/4899/3663 3662/4903/3665 3667/4909/3669 3668/4905/3667
f 3666/4858/3640 3670/4904/3666 3674/4910/3670
f 3669/4906/3668 3668/4905/3667 3672/4911/3671 3673/4912/3672
f 3667/4907/3669 3657/4862/3641 3671/4913/3673
f 3670/4908/3666 3669/4906/3668 3673/4912/3672 3674/4914/3670
f 3668/4905/3667 3667/4909/3669 3671/4915/3673 3672/4911/3671
f 3666/4858/3640 3674/4910/3670 3678/4859/3632
f 3673/4912/3672 3672/4911/3671 3676/4854/3636 3677/4851/3633
f 3671/4913/3673 3657/4862/3641 3675/4861/3637
f 3674/4914/3670 3673/4912/3672 3677/4851/3633 3678/4850/3632
f 3672/4911/3671 3671/4915/3673 3675/4855/3637 3676/4854/3636
o Sphere.033_Sphere.035
v 0.353085 2.129896 0.490716
v 0.361486 2.113376 0.483433
v 0.363534 2.093767 0.486228
v 0.358446 2.078559 0.498033
v 0.360026 2.131932 0.499917
v 0.372717 2.116671 0.498321
v 0.374765 2.097062 0.501116
v 0.365388 2.080595 0.507235
v 0.360148 2.133597 0.511502
v 0.372915 2.119364 0.517066
v 0.374963 2.099754 0.519861
v 0.365510 2.082259 0.518820
v 0.353404 2.134253 0.521046
v 0.362002 2.120425 0.532508
v 0.364050 2.100816 0.535303
v 0.358766 2.082915 0.528363
v 0.342370 2.133650 0.524903
v 0.344148 2.119450 0.538749
v 0.346196 2.099841 0.541544
v 0.347731 2.082313 0.532220
v 0.341539 2.137017 0.505294
v 0.331260 2.132019 0.521600
v 0.326173 2.116811 0.533405
v 0.328221 2.097202 0.536200
v 0.336622 2.080681 0.528917
v 0.324318 2.129982 0.512398
v 0.314941 2.113516 0.518517
v 0.316989 2.093906 0.521312
v 0.329680 2.078645 0.519716
v 0.348167 2.073560 0.514339
v 0.324196 2.128318 0.500813
v 0.314743 2.110823 0.499772
v 0.316791 2.091214 0.502567
v 0.329558 2.076981 0.508131
v 0.330941 2.127662 0.491270
v 0.325656 2.109762 0.484330
v 0.327704 2.090153 0.487125
v 0.336302 2.076325 0.498587
v 0.341975 2.128265 0.487413
v 0.343510 2.110737 0.478089
v 0.345558 2.091128 0.480884
v 0.347337 2.076928 0.494730
vt 0.777624 0.420670
vt 0.753291 0.419708
vt 0.753425 0.400987
vt 0.779584 0.404031
vt 0.735334 0.419816
vt 0.713947 0.422810
vt 0.711579 0.408134
vt 0.732999 0.402025
vt 0.838941 0.563671
vt 0.822019 0.586962
vt 0.811561 0.572567
vt 0.838935 0.534883
vt 0.838935 0.563672
vt 0.822013 0.540381
vt 0.811561 0.554775
vt 0.727478 0.380704
vt 0.754566 0.376727
vt 0.811555 0.554776
vt 0.783534 0.386866
vt 0.706021 0.394282
vt 0.822019 0.540380
vt 0.762077 0.554974
vt 0.734989 0.558951
vt 0.736130 0.534691
vt 0.756556 0.533654
vt 0.811555 0.572569
vt 0.783534 0.541396
vt 0.777976 0.527544
vt 0.706021 0.548813
vt 0.709971 0.531648
vt 0.838941 0.534882
vt 0.736263 0.515971
vt 0.754220 0.515862
vt 0.822013 0.586963
vt 0.775608 0.512869
vt 0.711930 0.515008
vt 0.855863 0.540380
vt 0.736352 0.499172
vt 0.753256 0.499513
vt 0.838935 0.592462
vt 0.774784 0.498030
vt 0.713102 0.498905
vt 0.866321 0.554775
vt 0.736485 0.483178
vt 0.752943 0.483744
vt 0.855857 0.586963
vt 0.774716 0.483037
vt 0.713917 0.483211
vt 0.866321 0.572567
vt 0.736611 0.467521
vt 0.752944 0.468157
vt 0.866316 0.572569
vt 0.775051 0.467864
vt 0.714503 0.467815
vt 0.855863 0.586962
vt 0.736612 0.451934
vt 0.753070 0.452500
vt 0.866316 0.554776
vt 0.775638 0.452467
vt 0.714839 0.452642
vt 0.838941 0.592460
vt 0.736299 0.436166
vt 0.753203 0.436507
vt 0.855857 0.540381
vt 0.776453 0.436773
vt 0.714771 0.437648
vn 0.0737 -0.8574 -0.5093
vn 0.0201 -0.4240 -0.9054
vn 0.5811 -0.3416 -0.7387
vn 0.4405 -0.8036 -0.4003
vn -0.0400 0.1520 -0.9875
vn -0.0868 0.6796 -0.7284
vn 0.2800 0.7335 -0.6193
vn 0.5209 0.2344 -0.8208
vn 0.1028 -0.9847 0.1404
vn -0.1028 0.9847 -0.1404
vn 0.6697 -0.7363 -0.0965
vn 0.8714 0.3372 -0.3562
vn 0.9316 -0.2388 -0.2741
vn 0.5091 0.8007 -0.3156
vn 0.6737 -0.6814 0.2860
vn 0.8776 0.4213 0.2288
vn 0.9377 -0.1547 0.3109
vn 0.5132 0.8556 0.0669
vn 0.4511 -0.6597 0.6010
vn 0.5370 0.4544 0.7107
vn 0.5972 -0.1216 0.7928
vn 0.2905 0.8773 0.3819
vn 0.0868 -0.6796 0.7284
vn -0.0201 0.4240 0.9054
vn 0.0400 -0.1520 0.9875
vn -0.0737 0.8574 0.5093
vn -0.2800 -0.7335 0.6193
vn -0.5811 0.3416 0.7387
vn -0.5209 -0.2344 0.8208
vn -0.4405 0.8036 0.4002
vn -0.5091 -0.8007 0.3156
vn -0.9316 0.2388 0.2741
vn -0.8714 -0.3372 0.3562
vn -0.6697 0.7363 0.0965
vn -0.5132 -0.8556 -0.0669
vn -0.9377 0.1547 -0.3109
vn -0.8776 -0.4213 -0.2288
vn -0.6737 0.6814 -0.2860
vn -0.2905 -0.8773 -0.3819
vn -0.5972 0.1216 -0.7928
vn -0.5370 -0.4544 -0.7107
vn -0.4511 0.6597 -0.6010
usemtl Material.001
s 1
f 3720/4916/3674 3719/4917/3675 3681/4918/3676 3682/4919/3677
f 3718/4920/3678 3717/4921/3679 3679/4922/3680 3680/4923/3681
f 3708/4924/3682 3720/4925/3674 3682/4926/3677
f 3719/4917/3675 3718/4920/3678 3680/4923/3681 3681/4918/3676
f 3717/4927/3679 3699/4928/3683 3679/4929/3680
f 3708/4924/3682 3682/4926/3677 3686/4930/3684
f 3681/4918/3676 3680/4923/3681 3684/4931/3685 3685/4932/3686
f 3679/4929/3680 3699/4928/3683 3683/4933/3687
f 3682/4919/3677 3681/4918/3676 3685/4932/3686 3686/4934/3684
f 3680/4923/3681 3679/4922/3680 3683/4935/3687 3684/4931/3685
f 3708/4924/3682 3686/4930/3684 3690/4936/3688
f 3685/4937/3686 3684/4938/3685 3688/4939/3689 3689/4940/3690
f 3683/4933/3687 3699/4928/3683 3687/4941/3691
f 3686/4942/3684 3685/4937/3686 3689/4940/3690 3690/4943/3688
f 3684/4938/3685 3683/4944/3687 3687/4945/3691 3688/4939/3689
f 3708/4924/3682 3690/4936/3688 3694/4946/3692
f 3689/4940/3690 3688/4939/3689 3692/4947/3693 3693/4948/3694
f 3687/4941/3691 3699/4928/3683 3691/4949/3695
f 3690/4943/3688 3689/4940/3690 3693/4948/3694 3694/4950/3692
f 3688/4939/3689 3687/4945/3691 3691/4951/3695 3692/4947/3693
f 3708/4924/3682 3694/4946/3692 3698/4952/3696
f 3693/4948/3694 3692/4947/3693 3696/4953/3697 3697/4954/3698
f 3691/4949/3695 3699/4928/3683 3695/4955/3699
f 3694/4950/3692 3693/4948/3694 3697/4954/3698 3698/4956/3696
f 3692/4947/3693 3691/4951/3695 3695/4957/3699 3696/4953/3697
f 3708/4924/3682 3698/4952/3696 3703/4958/3700
f 3697/4954/3698 3696/4953/3697 3701/4959/3701 3702/4960/3702
f 3695/4955/3699 3699/4928/3683 3700/4961/3703
f 3698/4956/3696 3697/4954/3698 3702/4960/3702 3703/4962/3700
f 3696/4953/3697 3695/4957/3699 3700/4963/3703 3701/4959/3701
f 3708/4924/3682 3703/4958/3700 3707/4964/3704
f 3702/4960/3702 3701/4959/3701 3705/4965/3705 3706/4966/3706
f 3700/4961/3703 3699/4928/3683 3704/4967/3707
f 3703/4962/3700 3702/4960/3702 3706/4966/3706 3707/4968/3704
f 3701/4959/3701 3700/4963/3703 3704/4969/3707 3705/4965/3705
f 3708/4924/3682 3707/4964/3704 3712/4970/3708
f 3706/4966/3706 3705/4965/3705 3710/4971/3709 3711/4972/3710
f 3704/4967/3707 3699/4928/3683 3709/4973/3711
f 3707/4968/3704 3706/4966/3706 3711/4972/3710 3712/4974/3708
f 3705/4965/3705 3704/4969/3707 3709/4975/3711 3710/4971/3709
f 3708/4924/3682 3712/4970/3708 3716/4976/3712
f 3711/4972/3710 3710/4971/3709 3714/4977/3713 3715/4978/3714
f 3709/4973/3711 3699/4928/3683 3713/4979/3715
f 3712/4974/3708 3711/4972/3710 3715/4978/3714 3716/4980/3712
f 3710/4971/3709 3709/4975/3711 3713/4981/3715 3714/4977/3713
f 3708/4924/3682 3716/4976/3712 3720/4925/3674
f 3715/4978/3714 3714/4977/3713 3718/4920/3678 3719/4917/3675
f 3713/4979/3715 3699/4928/3683 3717/4927/3679
f 3716/4980/3712 3715/4978/3714 3719/4917/3675 3720/4916/3674
f 3714/4977/3713 3713/4981/3715 3717/4921/3679 3718/4920/3678
o Sphere.034_Sphere.036
v 0.011516 2.128268 0.570867
v 0.018531 2.111037 0.563769
v 0.018668 2.091322 0.566568
v 0.011875 2.076654 0.578197
v 0.018371 2.129649 0.580254
v 0.029622 2.113271 0.578956
v 0.029759 2.093556 0.581756
v 0.018729 2.078035 0.587583
v 0.018340 2.131294 0.591842
v 0.029572 2.115933 0.597706
v 0.029709 2.096218 0.600506
v 0.018698 2.079680 0.599172
v 0.011435 2.132576 0.601206
v 0.018400 2.118007 0.612857
v 0.018537 2.098292 0.615657
v 0.011794 2.080962 0.608535
v 0.000294 2.133004 0.604768
v 0.000374 2.118701 0.618622
v 0.000511 2.098986 0.621421
v 0.000653 2.081391 0.612098
v 0.000302 2.136434 0.585153
v -0.010828 2.132416 0.601169
v -0.017621 2.117748 0.612798
v -0.017485 2.098034 0.615597
v -0.010469 2.080802 0.608499
v -0.017682 2.131036 0.591783
v -0.028712 2.115515 0.597610
v -0.028575 2.095800 0.600410
v -0.017324 2.079422 0.599112
v 0.000745 2.072636 0.594213
v -0.017651 2.129390 0.580194
v -0.028662 2.112852 0.578860
v -0.028525 2.093138 0.581660
v -0.017293 2.077776 0.587524
v -0.010747 2.128108 0.570831
v -0.017490 2.110778 0.563709
v -0.017353 2.091064 0.566509
v -0.010388 2.076495 0.578160
v 0.000394 2.127680 0.567268
v 0.000536 2.110085 0.557945
v 0.000673 2.090370 0.560744
v 0.000753 2.076066 0.574598
vt 0.777624 0.420669
vt 0.753291 0.419707
vt 0.753425 0.400986
vt 0.779584 0.404030
vt 0.735334 0.419815
vt 0.713946 0.422809
vt 0.711578 0.408133
vt 0.732999 0.402023
vt 0.838945 0.563672
vt 0.822023 0.586963
vt 0.811565 0.572569
vt 0.838941 0.534883
vt 0.838941 0.563672
vt 0.822020 0.540381
vt 0.811565 0.554776
vt 0.727478 0.380703
vt 0.754565 0.376726
vt 0.811561 0.554776
vt 0.783533 0.386865
vt 0.706021 0.394281
vt 0.822023 0.540381
vt 0.762076 0.554973
vt 0.734989 0.558950
vt 0.736130 0.534690
vt 0.756556 0.533653
vt 0.811561 0.572569
vt 0.783533 0.541395
vt 0.777976 0.527543
vt 0.706021 0.548811
vt 0.709970 0.531646
vt 0.838945 0.534883
vt 0.736263 0.515969
vt 0.754220 0.515861
vt 0.822020 0.586963
vt 0.775608 0.512867
vt 0.711930 0.515007
vt 0.855867 0.540381
vt 0.736352 0.499171
vt 0.753256 0.499511
vt 0.838941 0.592462
vt 0.774784 0.498029
vt 0.713102 0.498904
vt 0.866325 0.554776
vt 0.736484 0.483177
vt 0.752942 0.483743
vt 0.855863 0.586963
vt 0.774716 0.483036
vt 0.713917 0.483210
vt 0.866325 0.572569
vt 0.736610 0.467520
vt 0.752944 0.468156
vt 0.866322 0.572569
vt 0.775051 0.467863
vt 0.714503 0.467813
vt 0.855867 0.586963
vt 0.736612 0.451933
vt 0.753070 0.452499
vt 0.866322 0.554776
vt 0.775638 0.452466
vt 0.714838 0.452640
vt 0.838945 0.592461
vt 0.736298 0.436165
vt 0.753202 0.436505
vt 0.855863 0.540381
vt 0.776453 0.436772
vt 0.714771 0.437647
vn 0.0070 -0.8606 -0.5093
vn 0.0045 -0.4240 -0.9056
vn 0.5661 -0.3943 -0.7239
vn 0.3742 -0.8411 -0.3905
vn 0.0005 0.1551 -0.9879
vn -0.0037 0.6848 -0.7287
vn 0.3634 0.7042 -0.6099
vn 0.5621 0.1848 -0.8061
vn 0.0069 -0.9900 0.1406
vn -0.0069 0.9900 -0.1406
vn 0.6005 -0.7956 -0.0806
vn 0.9082 0.2546 -0.3322
vn 0.9122 -0.3246 -0.2499
vn 0.5897 0.7497 -0.3000
vn 0.5994 -0.7412 0.3020
vn 0.9066 0.3376 0.2529
vn 0.9106 -0.2415 0.3352
vn 0.5887 0.8041 0.0825
vn 0.3715 -0.6989 0.6111
vn 0.5580 0.4024 0.7258
vn 0.5620 -0.1768 0.8080
vn 0.3608 0.8464 0.3917
vn 0.0037 -0.6847 0.7287
vn -0.0045 0.4240 0.9056
vn -0.0005 -0.1551 0.9879
vn -0.0070 0.8606 0.5093
vn -0.3634 -0.7042 0.6099
vn -0.5661 0.3943 0.7239
vn -0.5621 -0.1848 0.8061
vn -0.3742 0.8411 0.3904
vn -0.5897 -0.7498 0.3000
vn -0.9122 0.3246 0.2499
vn -0.9082 -0.2546 0.3322
vn -0.6005 0.7956 0.0806
vn -0.5887 -0.8041 -0.0825
vn -0.9106 0.2415 -0.3352
vn -0.9066 -0.3376 -0.2529
vn -0.5994 0.7412 -0.3020
vn -0.3608 -0.8464 -0.3917
vn -0.5620 0.1768 -0.8080
vn -0.5580 -0.4024 -0.7257
vn -0.3715 0.6989 -0.6111
usemtl Material.001
s 1
f 3762/4982/3716 3761/4983/3717 3723/4984/3718 3724/4985/3719
f 3760/4986/3720 3759/4987/3721 3721/4988/3722 3722/4989/3723
f 3750/4990/3724 3762/4991/3716 3724/4992/3719
f 3761/4983/3717 3760/4986/3720 3722/4989/3723 3723/4984/3718
f 3759/4993/3721 3741/4994/3725 3721/4995/3722
f 3750/4990/3724 3724/4992/3719 3728/4996/3726
f 3723/4984/3718 3722/4989/3723 3726/4997/3727 3727/4998/3728
f 3721/4995/3722 3741/4994/3725 3725/4999/3729
f 3724/4985/3719 3723/4984/3718 3727/4998/3728 3728/5000/3726
f 3722/4989/3723 3721/4988/3722 3725/5001/3729 3726/4997/3727
f 3750/4990/3724 3728/4996/3726 3732/5002/3730
f 3727/5003/3728 3726/5004/3727 3730/5005/3731 3731/5006/3732
f 3725/4999/3729 3741/4994/3725 3729/5007/3733
f 3728/5008/3726 3727/5003/3728 3731/5006/3732 3732/5009/3730
f 3726/5004/3727 3725/5010/3729 3729/5011/3733 3730/5005/3731
f 3750/4990/3724 3732/5002/3730 3736/5012/3734
f 3731/5006/3732 3730/5005/3731 3734/5013/3735 3735/5014/3736
f 3729/5007/3733 3741/4994/3725 3733/5015/3737
f 3732/5009/3730 3731/5006/3732 3735/5014/3736 3736/5016/3734
f 3730/5005/3731 3729/5011/3733 3733/5017/3737 3734/5013/3735
f 3750/4990/3724 3736/5012/3734 3740/5018/3738
f 3735/5014/3736 3734/5013/3735 3738/5019/3739 3739/5020/3740
f 3733/5015/3737 3741/4994/3725 3737/5021/3741
f 3736/5016/3734 3735/5014/3736 3739/5020/3740 3740/5022/3738
f 3734/5013/3735 3733/5017/3737 3737/5023/3741 3738/5019/3739
f 3750/4990/3724 3740/5018/3738 3745/5024/3742
f 3739/5020/3740 3738/5019/3739 3743/5025/3743 3744/5026/3744
f 3737/5021/3741 3741/4994/3725 3742/5027/3745
f 3740/5022/3738 3739/5020/3740 3744/5026/3744 3745/5028/3742
f 3738/5019/3739 3737/5023/3741 3742/5029/3745 3743/5025/3743
f 3750/4990/3724 3745/5024/3742 3749/5030/3746
f 3744/5026/3744 3743/5025/3743 3747/5031/3747 3748/5032/3748
f 3742/5027/3745 3741/4994/3725 3746/5033/3749
f 3745/5028/3742 3744/5026/3744 3748/5032/3748 3749/5034/3746
f 3743/5025/3743 3742/5029/3745 3746/5035/3749 3747/5031/3747
f 3750/4990/3724 3749/5030/3746 3754/5036/3750
f 3748/5032/3748 3747/5031/3747 3752/5037/3751 3753/5038/3752
f 3746/5033/3749 3741/4994/3725 3751/5039/3753
f 3749/5034/3746 3748/5032/3748 3753/5038/3752 3754/5040/3750
f 3747/5031/3747 3746/5035/3749 3751/5041/3753 3752/5037/3751
f 3750/4990/3724 3754/5036/3750 3758/5042/3754
f 3753/5038/3752 3752/5037/3751 3756/5043/3755 3757/5044/3756
f 3751/5039/3753 3741/4994/3725 3755/5045/3757
f 3754/5040/3750 3753/5038/3752 3757/5044/3756 3758/5046/3754
f 3752/5037/3751 3751/5041/3753 3755/5047/3757 3756/5043/3755
f 3750/4990/3724 3758/5042/3754 3762/4991/3716
f 3757/5044/3756 3756/5043/3755 3760/4986/3720 3761/4983/3717
f 3755/5045/3757 3741/4994/3725 3759/4993/3721
f 3758/5046/3754 3757/5044/3756 3761/4983/3717 3762/4982/3716
f 3756/5043/3755 3755/5047/3757 3759/4987/3721 3760/4986/3720
o Sphere.035_Sphere.037
v 0.008983 2.137793 -0.604609
v 0.014532 2.123692 -0.617528
v 0.014697 2.104061 -0.620862
v 0.009416 2.086397 -0.613336
v 0.017178 2.136461 -0.596359
v 0.027791 2.121537 -0.604179
v 0.027957 2.101906 -0.607513
v 0.017611 2.085066 -0.605086
v 0.018896 2.134537 -0.584942
v 0.030571 2.118424 -0.585707
v 0.030737 2.098793 -0.589040
v 0.019329 2.083142 -0.593669
v 0.013481 2.132755 -0.574719
v 0.021810 2.115541 -0.569166
v 0.021975 2.095910 -0.572500
v 0.013914 2.081360 -0.583447
v 0.003001 2.131797 -0.569596
v 0.004853 2.113991 -0.560876
v 0.005019 2.094359 -0.564209
v 0.003435 2.080401 -0.578323
v 0.000170 2.140976 -0.587038
v -0.008541 2.132027 -0.571528
v -0.013822 2.114364 -0.564002
v -0.013656 2.094733 -0.567336
v -0.008107 2.080632 -0.580255
v -0.016736 2.133359 -0.579778
v -0.027081 2.116519 -0.577351
v -0.026916 2.096887 -0.580685
v -0.016302 2.081964 -0.588505
v 0.000706 2.077448 -0.597826
v -0.018454 2.135283 -0.591195
v -0.029861 2.119632 -0.595824
v -0.029696 2.100001 -0.599157
v -0.018020 2.083888 -0.599922
v -0.013039 2.137065 -0.601417
v -0.021100 2.122515 -0.612364
v -0.020934 2.102883 -0.615698
v -0.012605 2.085670 -0.610145
v -0.002559 2.138023 -0.606541
v -0.004143 2.124065 -0.620655
v -0.003978 2.104434 -0.623988
v -0.002125 2.086628 -0.615268
vt 0.777624 0.420669
vt 0.753291 0.419707
vt 0.753425 0.400986
vt 0.779584 0.404030
vt 0.735334 0.419815
vt 0.713947 0.422809
vt 0.711579 0.408133
vt 0.732999 0.402023
vt 0.838944 0.563672
vt 0.822022 0.586963
vt 0.811564 0.572569
vt 0.838941 0.534883
vt 0.838941 0.563672
vt 0.822019 0.540381
vt 0.811564 0.554776
vt 0.727478 0.380703
vt 0.754566 0.376726
vt 0.811561 0.554776
vt 0.783534 0.386865
vt 0.706021 0.394281
vt 0.822022 0.540381
vt 0.762077 0.554973
vt 0.734989 0.558950
vt 0.736130 0.534690
vt 0.756556 0.533653
vt 0.811561 0.572569
vt 0.783534 0.541395
vt 0.777976 0.527543
vt 0.706021 0.548811
vt 0.709971 0.531646
vt 0.838944 0.534883
vt 0.736263 0.515969
vt 0.754220 0.515861
vt 0.822019 0.586963
vt 0.775608 0.512867
vt 0.711930 0.515007
vt 0.855866 0.540381
vt 0.736352 0.499171
vt 0.753256 0.499511
vt 0.838941 0.592462
vt 0.774784 0.498029
vt 0.713102 0.498904
vt 0.866324 0.554776
vt 0.736485 0.483177
vt 0.752943 0.483743
vt 0.855863 0.586963
vt 0.774716 0.483036
vt 0.713917 0.483210
vt 0.866324 0.572569
vt 0.736611 0.467520
vt 0.752944 0.468156
vt 0.866322 0.572569
vt 0.775051 0.467863
vt 0.714503 0.467813
vt 0.855866 0.586963
vt 0.736612 0.451933
vt 0.753070 0.452499
vt 0.866322 0.554776
vt 0.775638 0.452466
vt 0.714839 0.452640
vt 0.838944 0.592462
vt 0.736299 0.436165
vt 0.753203 0.436505
vt 0.855863 0.540381
vt 0.776453 0.436772
vt 0.714771 0.437647
vn -0.0853 -0.6666 -0.7405
vn -0.1379 -0.1311 -0.9817
vn 0.4448 -0.1428 -0.8842
vn 0.2957 -0.6742 -0.6767
vn -0.1428 0.4455 -0.8838
vn -0.0983 0.8722 -0.4792
vn 0.2828 0.8646 -0.4154
vn 0.4400 0.4339 -0.7862
vn 0.0083 -0.9858 -0.1674
vn -0.0083 0.9858 0.1674
vn 0.5663 -0.7182 -0.4043
vn 0.8538 0.3666 -0.3696
vn 0.8586 -0.2100 -0.4675
vn 0.5533 0.8206 -0.1430
vn 0.6230 -0.7817 -0.0274
vn 0.9405 0.2695 0.2068
vn 0.9454 -0.3072 0.1089
vn 0.6100 0.7571 0.2339
vn 0.4442 -0.8405 0.3100
vn 0.6671 0.1795 0.7230
vn 0.6720 -0.3971 0.6251
vn 0.4313 0.6982 0.5713
vn 0.0982 -0.8722 0.4792
vn 0.1379 0.1311 0.9817
vn 0.1428 -0.4455 0.8838
vn 0.0853 0.6666 0.7405
vn -0.2828 -0.8646 0.4154
vn -0.4448 0.1428 0.8842
vn -0.4400 -0.4339 0.7862
vn -0.2957 0.6742 0.6767
vn -0.5533 -0.8206 0.1430
vn -0.8586 0.2100 0.4675
vn -0.8538 -0.3666 0.3696
vn -0.5663 0.7182 0.4043
vn -0.6100 -0.7571 -0.2339
vn -0.9454 0.3072 -0.1089
vn -0.9405 -0.2695 -0.2068
vn -0.6230 0.7817 0.0274
vn -0.4313 -0.6982 -0.5713
vn -0.6720 0.3971 -0.6251
vn -0.6671 -0.1795 -0.7230
vn -0.4442 0.8405 -0.3100
usemtl Material.001
s 1
f 3804/5048/3758 3803/5049/3759 3765/5050/3760 3766/5051/3761
f 3802/5052/3762 3801/5053/3763 3763/5054/3764 3764/5055/3765
f 3792/5056/3766 3804/5057/3758 3766/5058/3761
f 3803/5049/3759 3802/5052/3762 3764/5055/3765 3765/5050/3760
f 3801/5059/3763 3783/5060/3767 3763/5061/3764
f 3792/5056/3766 3766/5058/3761 3770/5062/3768
f 3765/5050/3760 3764/5055/3765 3768/5063/3769 3769/5064/3770
f 3763/5061/3764 3783/5060/3767 3767/5065/3771
f 3766/5051/3761 3765/5050/3760 3769/5064/3770 3770/5066/3768
f 3764/5055/3765 3763/5054/3764 3767/5067/3771 3768/5063/3769
f 3792/5056/3766 3770/5062/3768 3774/5068/3772
f 3769/5069/3770 3768/5070/3769 3772/5071/3773 3773/5072/3774
f 3767/5065/3771 3783/5060/3767 3771/5073/3775
f 3770/5074/3768 3769/5069/3770 3773/5072/3774 3774/5075/3772
f 3768/5070/3769 3767/5076/3771 3771/5077/3775 3772/5071/3773
f 3792/5056/3766 3774/5068/3772 3778/5078/3776
f 3773/5072/3774 3772/5071/3773 3776/5079/3777 3777/5080/3778
f 3771/5073/3775 3783/5060/3767 3775/5081/3779
f 3774/5075/3772 3773/5072/3774 3777/5080/3778 3778/5082/3776
f 3772/5071/3773 3771/5077/3775 3775/5083/3779 3776/5079/3777
f 3792/5056/3766 3778/5078/3776 3782/5084/3780
f 3777/5080/3778 3776/5079/3777 3780/5085/3781 3781/5086/3782
f 3775/5081/3779 3783/5060/3767 3779/5087/3783
f 3778/5082/3776 3777/5080/3778 3781/5086/3782 3782/5088/3780
f 3776/5079/3777 3775/5083/3779 3779/5089/3783 3780/5085/3781
f 3792/5056/3766 3782/5084/3780 3787/5090/3784
f 3781/5086/3782 3780/5085/3781 3785/5091/3785 3786/5092/3786
f 3779/5087/3783 3783/5060/3767 3784/5093/3787
f 3782/5088/3780 3781/5086/3782 3786/5092/3786 3787/5094/3784
f 3780/5085/3781 3779/5089/3783 3784/5095/3787 3785/5091/3785
f 3792/5056/3766 3787/5090/3784 3791/5096/3788
f 3786/5092/3786 3785/5091/3785 3789/5097/3789 3790/5098/3790
f 3784/5093/3787 3783/5060/3767 3788/5099/3791
f 3787/5094/3784 3786/5092/3786 3790/5098/3790 3791/5100/3788
f 3785/5091/3785 3784/5095/3787 3788/5101/3791 3789/5097/3789
f 3792/5056/3766 3791/5096/3788 3796/5102/3792
f 3790/5098/3790 3789/5097/3789 3794/5103/3793 3795/5104/3794
f 3788/5099/3791 3783/5060/3767 3793/5105/3795
f 3791/5100/3788 3790/5098/3790 3795/5104/3794 3796/5106/3792
f 3789/5097/3789 3788/5101/3791 3793/5107/3795 3794/5103/3793
f 3792/5056/3766 3796/5102/3792 3800/5108/3796
f 3795/5104/3794 3794/5103/3793 3798/5109/3797 3799/5110/3798
f 3793/5105/3795 3783/5060/3767 3797/5111/3799
f 3796/5106/3792 3795/5104/3794 3799/5110/3798 3800/5112/3796
f 3794/5103/3793 3793/5107/3795 3797/5113/3799 3798/5109/3797
f 3792/5056/3766 3800/5108/3796 3804/5057/3758
f 3799/5110/3798 3798/5109/3797 3802/5052/3762 3803/5049/3759
f 3797/5111/3799 3783/5060/3767 3801/5059/3763
f 3800/5112/3796 3799/5110/3798 3803/5049/3759 3804/5048/3758
f 3798/5109/3797 3797/5113/3799 3801/5053/3763 3802/5052/3762
o Sphere.036_Sphere.038
v -0.332730 2.135769 -0.522915
v -0.329386 2.120990 -0.535834
v -0.332203 2.101561 -0.539168
v -0.340105 2.084904 -0.531642
v -0.324832 2.133209 -0.514665
v -0.316607 2.116846 -0.522485
v -0.319424 2.097418 -0.525819
v -0.332207 2.082343 -0.523392
v -0.323426 2.131046 -0.503248
v -0.314332 2.113347 -0.504013
v -0.317149 2.093918 -0.507346
v -0.330801 2.080181 -0.511975
v -0.329048 2.130107 -0.493026
v -0.323430 2.111828 -0.487472
v -0.326247 2.092399 -0.490806
v -0.336424 2.079242 -0.501753
v -0.339552 2.130751 -0.487902
v -0.340425 2.112870 -0.479182
v -0.343242 2.093441 -0.482516
v -0.346928 2.079886 -0.496629
v -0.340957 2.140254 -0.505344
v -0.350925 2.132732 -0.489834
v -0.358827 2.116075 -0.482308
v -0.361644 2.096646 -0.485642
v -0.358300 2.081867 -0.498561
v -0.358823 2.135292 -0.498084
v -0.371606 2.120218 -0.495657
v -0.374423 2.100789 -0.498991
v -0.366198 2.084427 -0.506812
v -0.350073 2.077381 -0.516132
v -0.360229 2.137455 -0.509501
v -0.373881 2.123718 -0.514130
v -0.376698 2.104289 -0.517464
v -0.367604 2.086590 -0.518228
v -0.354606 2.138394 -0.519724
v -0.364783 2.125236 -0.530670
v -0.367600 2.105808 -0.534004
v -0.361982 2.087529 -0.528451
v -0.344102 2.137750 -0.524847
v -0.347787 2.124194 -0.538961
v -0.350605 2.104766 -0.542294
v -0.351478 2.086885 -0.533574
vt 0.777624 0.420670
vt 0.753292 0.419708
vt 0.753425 0.400987
vt 0.779584 0.404031
vt 0.735335 0.419816
vt 0.713947 0.422810
vt 0.711579 0.408135
vt 0.732999 0.402025
vt 0.838941 0.563672
vt 0.822019 0.586963
vt 0.811561 0.572569
vt 0.838941 0.534883
vt 0.838941 0.563672
vt 0.822019 0.540381
vt 0.811561 0.554776
vt 0.727478 0.380705
vt 0.754566 0.376727
vt 0.811561 0.554776
vt 0.783534 0.386866
vt 0.706021 0.394283
vt 0.822019 0.540381
vt 0.762077 0.554974
vt 0.734989 0.558951
vt 0.736130 0.534692
vt 0.756556 0.533654
vt 0.811561 0.572569
vt 0.783534 0.541396
vt 0.777976 0.527544
vt 0.706021 0.548813
vt 0.709971 0.531648
vt 0.838941 0.534883
vt 0.736263 0.515971
vt 0.754220 0.515862
vt 0.822019 0.586963
vt 0.775608 0.512869
vt 0.711931 0.515008
vt 0.855863 0.540381
vt 0.736352 0.499172
vt 0.753256 0.499513
vt 0.838941 0.592462
vt 0.774784 0.498030
vt 0.713102 0.498905
vt 0.866321 0.554776
vt 0.736485 0.483178
vt 0.752943 0.483745
vt 0.855863 0.586963
vt 0.774716 0.483037
vt 0.713917 0.483211
vt 0.866321 0.572569
vt 0.736611 0.467521
vt 0.752944 0.468157
vt 0.866322 0.572569
vt 0.775051 0.467864
vt 0.714504 0.467815
vt 0.855863 0.586963
vt 0.736612 0.451934
vt 0.753070 0.452500
vt 0.866322 0.554776
vt 0.775638 0.452468
vt 0.714839 0.452642
vt 0.838941 0.592462
vt 0.736299 0.436166
vt 0.753203 0.436507
vt 0.855863 0.540381
vt 0.776453 0.436773
vt 0.714771 0.437648
vn -0.1855 -0.6459 -0.7405
vn -0.1563 -0.1086 -0.9817
vn 0.4180 -0.2087 -0.8842
vn 0.1899 -0.7113 -0.6767
vn -0.0735 0.4621 -0.8838
vn 0.0353 0.8770 -0.4792
vn 0.4107 0.8116 -0.4154
vn 0.5007 0.3620 -0.7862
vn -0.1415 -0.9757 -0.1674
vn 0.1415 0.9757 0.1674
vn 0.4507 -0.7959 -0.4043
vn 0.8995 0.2327 -0.3696
vn 0.8168 -0.3380 -0.4675
vn 0.6715 0.7270 -0.1430
vn 0.4971 -0.8672 -0.0274
vn 0.9705 0.1235 0.2068
vn 0.8878 -0.4472 0.1089
vn 0.7179 0.6557 0.2339
vn 0.3114 -0.8983 0.3100
vn 0.6866 0.0761 0.7230
vn 0.6039 -0.4946 0.6250
vn 0.5323 0.6247 0.5713
vn -0.0353 -0.8770 0.4792
vn 0.1563 0.1086 0.9817
vn 0.0735 -0.4621 0.8838
vn 0.1855 0.6459 0.7405
vn -0.4107 -0.8116 0.4154
vn -0.4180 0.2087 0.8842
vn -0.5007 -0.3620 0.7862
vn -0.1899 0.7113 0.6767
vn -0.6715 -0.7270 0.1430
vn -0.8168 0.3380 0.4675
vn -0.8995 -0.2327 0.3696
vn -0.4507 0.7959 0.4043
vn -0.7179 -0.6557 -0.2339
vn -0.8878 0.4472 -0.1089
vn -0.9705 -0.1235 -0.2068
vn -0.4971 0.8672 0.0274
vn -0.5323 -0.6247 -0.5713
vn -0.6039 0.4946 -0.6250
vn -0.6866 -0.0761 -0.7230
vn -0.3114 0.8983 -0.3100
usemtl Material.001
s 1
f 3846/5114/3800 3845/5115/3801 3807/5116/3802 3808/5117/3803
f 3844/5118/3804 3843/5119/3805 3805/5120/3806 3806/5121/3807
f 3834/5122/3808 3846/5123/3800 3808/5124/3803
f 3845/5115/3801 3844/5118/3804 3806/5121/3807 3807/5116/3802
f 3843/5125/3805 3825/5126/3809 3805/5127/3806
f 3834/5122/3808 3808/5124/3803 3812/5128/3810
f 3807/5116/3802 3806/5121/3807 3810/5129/3811 3811/5130/3812
f 3805/5127/3806 3825/5126/3809 3809/5131/3813
f 3808/5117/3803 3807/5116/3802 3811/5130/3812 3812/5132/3810
f 3806/5121/3807 3805/5120/3806 3809/5133/3813 3810/5129/3811
f 3834/5122/3808 3812/5128/3810 3816/5134/3814
f 3811/5135/3812 3810/5136/3811 3814/5137/3815 3815/5138/3816
f 3809/5131/3813 3825/5126/3809 3813/5139/3817
f 3812/5140/3810 3811/5135/3812 3815/5138/3816 3816/5141/3814
f 3810/5136/3811 3809/5142/3813 3813/5143/3817 3814/5137/3815
f 3834/5122/3808 3816/5134/3814 3820/5144/3818
f 3815/5138/3816 3814/5137/3815 3818/5145/3819 3819/5146/3820
f 3813/5139/3817 3825/5126/3809 3817/5147/3821
f 3816/5141/3814 3815/5138/3816 3819/5146/3820 3820/5148/3818
f 3814/5137/3815 3813/5143/3817 3817/5149/3821 3818/5145/3819
f 3834/5122/3808 3820/5144/3818 3824/5150/3822
f 3819/5146/3820 3818/5145/3819 3822/5151/3823 3823/5152/3824
f 3817/5147/3821 3825/5126/3809 3821/5153/3825
f 3820/5148/3818 3819/5146/3820 3823/5152/3824 3824/5154/3822
f 3818/5145/3819 3817/5149/3821 3821/5155/3825 3822/5151/3823
f 3834/5122/3808 3824/5150/3822 3829/5156/3826
f 3823/5152/3824 3822/5151/3823 3827/5157/3827 3828/5158/3828
f 3821/5153/3825 3825/5126/3809 3826/5159/3829
f 3824/5154/3822 3823/5152/3824 3828/5158/3828 3829/5160/3826
f 3822/5151/3823 3821/5155/3825 3826/5161/3829 3827/5157/3827
f 3834/5122/3808 3829/5156/3826 3833/5162/3830
f 3828/5158/3828 3827/5157/3827 3831/5163/3831 3832/5164/3832
f 3826/5159/3829 3825/5126/3809 3830/5165/3833
f 3829/5160/3826 3828/5158/3828 3832/5164/3832 3833/5166/3830
f 3827/5157/3827 3826/5161/3829 3830/5167/3833 3831/5163/3831
f 3834/5122/3808 3833/5162/3830 3838/5168/3834
f 3832/5164/3832 3831/5163/3831 3836/5169/3835 3837/5170/3836
f 3830/5165/3833 3825/5126/3809 3835/5171/3837
f 3833/5166/3830 3832/5164/3832 3837/5170/3836 3838/5172/3834
f 3831/5163/3831 3830/5167/3833 3835/5173/3837 3836/5169/3835
f 3834/5122/3808 3838/5168/3834 3842/5174/3838
f 3837/5170/3836 3836/5169/3835 3840/5175/3839 3841/5176/3840
f 3835/5171/3837 3825/5126/3809 3839/5177/3841
f 3838/5172/3834 3837/5170/3836 3841/5176/3840 3842/5178/3838
f 3836/5169/3835 3835/5173/3837 3839/5179/3841 3840/5175/3839
f 3834/5122/3808 3842/5174/3838 3846/5123/3800
f 3841/5176/3840 3840/5175/3839 3844/5118/3804 3845/5115/3801
f 3839/5177/3841 3825/5126/3809 3843/5125/3805
f 3842/5178/3838 3841/5176/3840 3845/5115/3801 3846/5114/3800
f 3840/5175/3839 3839/5179/3841 3843/5119/3805 3844/5118/3804
o Sphere.037_Sphere.039
v -0.588026 2.136760 -0.306448
v -0.585733 2.120949 -0.318334
v -0.589410 2.101459 -0.320108
v -0.597652 2.085734 -0.311090
v -0.579929 2.134491 -0.298307
v -0.572630 2.117279 -0.305162
v -0.576307 2.097789 -0.306935
v -0.589554 2.083465 -0.302949
v -0.578179 2.133116 -0.286816
v -0.569800 2.115053 -0.286569
v -0.573477 2.095563 -0.288343
v -0.587805 2.082090 -0.291458
v -0.583447 2.133158 -0.276364
v -0.578323 2.115122 -0.269657
v -0.582000 2.095632 -0.271431
v -0.593073 2.082133 -0.281006
v -0.593719 2.134603 -0.270943
v -0.594945 2.117460 -0.260887
v -0.598621 2.097970 -0.262660
v -0.603345 2.083577 -0.275586
v -0.595414 2.142851 -0.288988
v -0.605073 2.136898 -0.272624
v -0.613315 2.121173 -0.263607
v -0.616992 2.101683 -0.265380
v -0.614699 2.085872 -0.277267
v -0.613171 2.139166 -0.280765
v -0.626418 2.124843 -0.276779
v -0.630095 2.105353 -0.278552
v -0.622797 2.088140 -0.285407
v -0.607312 2.079780 -0.294726
v -0.614920 2.140542 -0.292256
v -0.629248 2.127069 -0.295372
v -0.632925 2.107579 -0.297145
v -0.624546 2.089516 -0.296899
v -0.609653 2.140499 -0.302708
v -0.620725 2.126999 -0.312283
v -0.624402 2.107509 -0.314057
v -0.619278 2.089473 -0.307351
v -0.599380 2.139054 -0.308129
v -0.604104 2.124662 -0.321054
v -0.607780 2.105172 -0.322828
v -0.609006 2.088028 -0.312771
vt 0.777625 0.420670
vt 0.753292 0.419707
vt 0.753425 0.400987
vt 0.779585 0.404031
vt 0.735335 0.419816
vt 0.713947 0.422810
vt 0.711579 0.408134
vt 0.732999 0.402024
vt 0.838944 0.563672
vt 0.822022 0.586963
vt 0.811564 0.572569
vt 0.838942 0.534885
vt 0.838942 0.563674
vt 0.822020 0.540383
vt 0.811564 0.554776
vt 0.727479 0.380704
vt 0.754566 0.376727
vt 0.811561 0.554777
vt 0.783534 0.386865
vt 0.706022 0.394282
vt 0.822022 0.540381
vt 0.762077 0.554974
vt 0.734990 0.558951
vt 0.736131 0.534691
vt 0.756557 0.533653
vt 0.811561 0.572570
vt 0.783534 0.541396
vt 0.777977 0.527544
vt 0.706022 0.548812
vt 0.709971 0.531647
vt 0.838944 0.534883
vt 0.736264 0.515970
vt 0.754221 0.515862
vt 0.822020 0.586965
vt 0.775609 0.512868
vt 0.711931 0.515008
vt 0.855866 0.540381
vt 0.736353 0.499172
vt 0.753257 0.499512
vt 0.838942 0.592463
vt 0.774784 0.498030
vt 0.713103 0.498905
vt 0.866324 0.554776
vt 0.736485 0.483178
vt 0.752943 0.483744
vt 0.855863 0.586965
vt 0.774717 0.483037
vt 0.713918 0.483211
vt 0.866324 0.572569
vt 0.736611 0.467521
vt 0.752945 0.468157
vt 0.866322 0.572570
vt 0.775052 0.467864
vt 0.714504 0.467814
vt 0.855866 0.586963
vt 0.736613 0.451934
vt 0.753071 0.452500
vt 0.866322 0.554777
vt 0.775638 0.452467
vt 0.714839 0.452641
vt 0.838944 0.592461
vt 0.736299 0.436166
vt 0.753203 0.436506
vt 0.855863 0.540383
vt 0.776453 0.436773
vt 0.714772 0.437648
vn -0.2375 -0.6904 -0.6833
vn -0.1969 -0.1739 -0.9649
vn 0.3764 -0.2897 -0.8800
vn 0.1373 -0.7661 -0.6278
vn -0.0889 0.3986 -0.9128
vn 0.0506 0.8373 -0.5443
vn 0.4255 0.7616 -0.4888
vn 0.4844 0.2828 -0.8279
vn -0.1846 -0.9788 -0.0891
vn 0.1846 0.9788 0.0891
vn 0.4046 -0.8410 -0.3591
vn 0.8933 0.1682 -0.4168
vn 0.7852 -0.4043 -0.4689
vn 0.6928 0.6867 -0.2200
vn 0.4624 -0.8864 0.0203
vn 0.9816 0.0988 0.1634
vn 0.8736 -0.4737 0.1113
vn 0.7506 0.6413 0.1593
vn 0.2885 -0.8850 0.3653
vn 0.7156 0.1009 0.6912
vn 0.6076 -0.4716 0.6391
vn 0.5767 0.6427 0.5043
vn -0.0506 -0.8373 0.5443
vn 0.1969 0.1739 0.9649
vn 0.0889 -0.3986 0.9128
vn 0.2375 0.6904 0.6833
vn -0.4255 -0.7616 0.4888
vn -0.3764 0.2897 0.8800
vn -0.4844 -0.2828 0.8279
vn -0.1373 0.7661 0.6278
vn -0.6928 -0.6867 0.2200
vn -0.7852 0.4043 0.4689
vn -0.8932 -0.1682 0.4168
vn -0.4046 0.8410 0.3591
vn -0.7506 -0.6413 -0.1593
vn -0.8736 0.4737 -0.1113
vn -0.9816 -0.0988 -0.1634
vn -0.4624 0.8864 -0.0203
vn -0.5766 -0.6427 -0.5043
vn -0.6076 0.4716 -0.6391
vn -0.7156 -0.1009 -0.6912
vn -0.2885 0.8850 -0.3653
usemtl Material.001
s 1
f 3888/5180/3842 3887/5181/3843 3849/5182/3844 3850/5183/3845
f 3886/5184/3846 3885/5185/3847 3847/5186/3848 3848/5187/3849
f 3876/5188/3850 3888/5189/3842 3850/5190/3845
f 3887/5181/3843 3886/5184/3846 3848/5187/3849 3849/5182/3844
f 3885/5191/3847 3867/5192/3851 3847/5193/3848
f 3876/5188/3850 3850/5190/3845 3854/5194/3852
f 3849/5182/3844 3848/5187/3849 3852/5195/3853 3853/5196/3854
f 3847/5193/3848 3867/5192/3851 3851/5197/3855
f 3850/5183/3845 3849/5182/3844 3853/5196/3854 3854/5198/3852
f 3848/5187/3849 3847/5186/3848 3851/5199/3855 3852/5195/3853
f 3876/5188/3850 3854/5194/3852 3858/5200/3856
f 3853/5201/3854 3852/5202/3853 3856/5203/3857 3857/5204/3858
f 3851/5197/3855 3867/5192/3851 3855/5205/3859
f 3854/5206/3852 3853/5201/3854 3857/5204/3858 3858/5207/3856
f 3852/5202/3853 3851/5208/3855 3855/5209/3859 3856/5203/3857
f 3876/5188/3850 3858/5200/3856 3862/5210/3860
f 3857/5204/3858 3856/5203/3857 3860/5211/3861 3861/5212/3862
f 3855/5205/3859 3867/5192/3851 3859/5213/3863
f 3858/5207/3856 3857/5204/3858 3861/5212/3862 3862/5214/3860
f 3856/5203/3857 3855/5209/3859 3859/5215/3863 3860/5211/3861
f 3876/5188/3850 3862/5210/3860 3866/5216/3864
f 3861/5212/3862 3860/5211/3861 3864/5217/3865 3865/5218/3866
f 3859/5213/3863 3867/5192/3851 3863/5219/3867
f 3862/5214/3860 3861/5212/3862 3865/5218/3866 3866/5220/3864
f 3860/5211/3861 3859/5215/3863 3863/5221/3867 3864/5217/3865
f 3876/5188/3850 3866/5216/3864 3871/5222/3868
f 3865/5218/3866 3864/5217/3865 3869/5223/3869 3870/5224/3870
f 3863/5219/3867 3867/5192/3851 3868/5225/3871
f 3866/5220/3864 3865/5218/3866 3870/5224/3870 3871/5226/3868
f 3864/5217/3865 3863/5221/3867 3868/5227/3871 3869/5223/3869
f 3876/5188/3850 3871/5222/3868 3875/5228/3872
f 3870/5224/3870 3869/5223/3869 3873/5229/3873 3874/5230/3874
f 3868/5225/3871 3867/5192/3851 3872/5231/3875
f 3871/5226/3868 3870/5224/3870 3874/5230/3874 3875/5232/3872
f 3869/5223/3869 3868/5227/3871 3872/5233/3875 3873/5229/3873
f 3876/5188/3850 3875/5228/3872 3880/5234/3876
f 3874/5230/3874 3873/5229/3873 3878/5235/3877 3879/5236/3878
f 3872/5231/3875 3867/5192/3851 3877/5237/3879
f 3875/5232/3872 3874/5230/3874 3879/5236/3878 3880/5238/3876
f 3873/5229/3873 3872/5233/3875 3877/5239/3879 3878/5235/3877
f 3876/5188/3850 3880/5234/3876 3884/5240/3880
f 3879/5236/3878 3878/5235/3877 3882/5241/3881 3883/5242/3882
f 3877/5237/3879 3867/5192/3851 3881/5243/3883
f 3880/5238/3876 3879/5236/3878 3883/5242/3882 3884/5244/3880
f 3878/5235/3877 3877/5239/3879 3881/5245/3883 3882/5241/3881
f 3876/5188/3850 3884/5240/3880 3888/5189/3842
f 3883/5242/3882 3882/5241/3881 3886/5184/3846 3887/5181/3843
f 3881/5243/3883 3867/5192/3851 3885/5191/3847
f 3884/5244/3880 3883/5242/3882 3887/5181/3843 3888/5180/3842
f 3882/5241/3881 3881/5245/3883 3885/5185/3847 3886/5184/3846
o Sphere.038_Sphere.040
v -0.681922 2.135537 -0.015321
v -0.678513 2.118355 -0.024791
v -0.682620 2.098870 -0.024791
v -0.692674 2.084526 -0.015321
v -0.675190 2.134118 -0.005852
v -0.667620 2.116059 -0.009469
v -0.671728 2.096574 -0.009469
v -0.685943 2.083107 -0.005852
v -0.675190 2.134118 0.005852
v -0.667620 2.116059 0.009469
v -0.671728 2.096574 0.009469
v -0.685943 2.083107 0.005852
v -0.681922 2.135537 0.015321
v -0.678513 2.118355 0.024791
v -0.682620 2.098870 0.024791
v -0.692674 2.084526 0.015321
v -0.692814 2.137833 0.018938
v -0.696137 2.122070 0.030643
v -0.700244 2.102585 0.030643
v -0.703567 2.086822 0.018938
v -0.691545 2.143854 0.000000
v -0.703707 2.140129 0.015321
v -0.713761 2.125785 0.024791
v -0.717868 2.106300 0.024791
v -0.714459 2.089117 0.015321
v -0.710438 2.141548 0.005852
v -0.724653 2.128081 0.009469
v -0.728761 2.108596 0.009469
v -0.721191 2.090536 0.005852
v -0.704836 2.080800 0.000000
v -0.710438 2.141548 -0.005852
v -0.724653 2.128081 -0.009469
v -0.728761 2.108596 -0.009469
v -0.721191 2.090536 -0.005852
v -0.703707 2.140129 -0.015321
v -0.713761 2.125785 -0.024791
v -0.717868 2.106300 -0.024791
v -0.714459 2.089117 -0.015321
v -0.692814 2.137833 -0.018938
v -0.696137 2.122070 -0.030643
v -0.700244 2.102585 -0.030643
v -0.703567 2.086822 -0.018938
vt 0.777624 0.420670
vt 0.753291 0.419708
vt 0.753425 0.400987
vt 0.779584 0.404031
vt 0.735334 0.419816
vt 0.713946 0.422810
vt 0.711578 0.408135
vt 0.732999 0.402025
vt 0.838941 0.563671
vt 0.822019 0.586962
vt 0.811561 0.572567
vt 0.838941 0.534883
vt 0.838941 0.563672
vt 0.822019 0.540381
vt 0.811561 0.554775
vt 0.727478 0.380705
vt 0.754565 0.376727
vt 0.811561 0.554776
vt 0.783533 0.386866
vt 0.706021 0.394283
vt 0.822019 0.540380
vt 0.762076 0.554974
vt 0.734989 0.558951
vt 0.736130 0.534692
vt 0.756556 0.533654
vt 0.811561 0.572569
vt 0.783533 0.541396
vt 0.777976 0.527544
vt 0.706021 0.548813
vt 0.709970 0.531648
vt 0.838941 0.534882
vt 0.736263 0.515971
vt 0.754220 0.515862
vt 0.822019 0.586963
vt 0.775608 0.512869
vt 0.711930 0.515008
vt 0.855863 0.540380
vt 0.736352 0.499172
vt 0.753256 0.499513
vt 0.838941 0.592462
vt 0.774784 0.498030
vt 0.713102 0.498905
vt 0.866321 0.554775
vt 0.736484 0.483178
vt 0.752942 0.483745
vt 0.855863 0.586963
vt 0.774716 0.483037
vt 0.713917 0.483211
vt 0.866321 0.572567
vt 0.736610 0.467521
vt 0.752944 0.468157
vt 0.866321 0.572569
vt 0.775051 0.467864
vt 0.714503 0.467815
vt 0.855863 0.586962
vt 0.736612 0.451934
vt 0.753070 0.452500
vt 0.866321 0.554776
vt 0.775638 0.452468
vt 0.714838 0.452642
vt 0.838941 0.592460
vt 0.736298 0.436166
vt 0.753202 0.436507
vt 0.855863 0.540381
vt 0.776453 0.436773
vt 0.714771 0.437648
vn -0.1610 -0.7636 -0.6252
vn -0.0603 -0.2862 -0.9563
vn 0.4897 -0.4021 -0.7736
vn 0.1986 -0.8394 -0.5058
vn 0.0603 0.2862 -0.9563
vn 0.1610 0.7636 -0.6252
vn 0.5206 0.6879 -0.5058
vn 0.6103 0.1702 -0.7736
vn -0.2062 -0.9785 0.0000
vn 0.2062 0.9785 0.0000
vn 0.4209 -0.8863 -0.1932
vn 0.9502 0.0986 -0.2955
vn 0.8296 -0.4738 -0.2955
vn 0.7428 0.6410 -0.1932
vn 0.4209 -0.8863 0.1932
vn 0.9502 0.0986 0.2955
vn 0.8296 -0.4738 0.2955
vn 0.7428 0.6410 0.1932
vn 0.1986 -0.8394 0.5058
vn 0.6103 0.1702 0.7736
vn 0.4897 -0.4021 0.7736
vn 0.5206 0.6879 0.5058
vn -0.1610 -0.7637 0.6252
vn 0.0603 0.2862 0.9563
vn -0.0603 -0.2862 0.9563
vn 0.1610 0.7636 0.6252
vn -0.5206 -0.6879 0.5058
vn -0.4897 0.4021 0.7736
vn -0.6103 -0.1702 0.7736
vn -0.1986 0.8394 0.5058
vn -0.7428 -0.6410 0.1932
vn -0.8296 0.4738 0.2955
vn -0.9502 -0.0986 0.2955
vn -0.4209 0.8863 0.1932
vn -0.7428 -0.6410 -0.1932
vn -0.8296 0.4738 -0.2955
vn -0.9502 -0.0986 -0.2955
vn -0.4209 0.8863 -0.1932
vn -0.5206 -0.6879 -0.5058
vn -0.4897 0.4021 -0.7736
vn -0.6103 -0.1702 -0.7736
vn -0.1986 0.8394 -0.5058
usemtl Material.001
s 1
f 3930/5246/3884 3929/5247/3885 3891/5248/3886 3892/5249/3887
f 3928/5250/3888 3927/5251/3889 3889/5252/3890 3890/5253/3891
f 3918/5254/3892 3930/5255/3884 3892/5256/3887
f 3929/5247/3885 3928/5250/3888 3890/5253/3891 3891/5248/3886
f 3927/5257/3889 3909/5258/3893 3889/5259/3890
f 3918/5254/3892 3892/5256/3887 3896/5260/3894
f 3891/5248/3886 3890/5253/3891 3894/5261/3895 3895/5262/3896
f 3889/5259/3890 3909/5258/3893 3893/5263/3897
f 3892/5249/3887 3891/5248/3886 3895/5262/3896 3896/5264/3894
f 3890/5253/3891 3889/5252/3890 3893/5265/3897 3894/5261/3895
f 3918/5254/3892 3896/5260/3894 3900/5266/3898
f 3895/5267/3896 3894/5268/3895 3898/5269/3899 3899/5270/3900
f 3893/5263/3897 3909/5258/3893 3897/5271/3901
f 3896/5272/3894 3895/5267/3896 3899/5270/3900 3900/5273/3898
f 3894/5268/3895 3893/5274/3897 3897/5275/3901 3898/5269/3899
f 3918/5254/3892 3900/5266/3898 3904/5276/3902
f 3899/5270/3900 3898/5269/3899 3902/5277/3903 3903/5278/3904
f 3897/5271/3901 3909/5258/3893 3901/5279/3905
f 3900/5273/3898 3899/5270/3900 3903/5278/3904 3904/5280/3902
f 3898/5269/3899 3897/5275/3901 3901/5281/3905 3902/5277/3903
f 3918/5254/3892 3904/5276/3902 3908/5282/3906
f 3903/5278/3904 3902/5277/3903 3906/5283/3907 3907/5284/3908
f 3901/5279/3905 3909/5258/3893 3905/5285/3909
f 3904/5280/3902 3903/5278/3904 3907/5284/3908 3908/5286/3906
f 3902/5277/3903 3901/5281/3905 3905/5287/3909 3906/5283/3907
f 3918/5254/3892 3908/5282/3906 3913/5288/3910
f 3907/5284/3908 3906/5283/3907 3911/5289/3911 3912/5290/3912
f 3905/5285/3909 3909/5258/3893 3910/5291/3913
f 3908/5286/3906 3907/5284/3908 3912/5290/3912 3913/5292/3910
f 3906/5283/3907 3905/5287/3909 3910/5293/3913 3911/5289/3911
f 3918/5254/3892 3913/5288/3910 3917/5294/3914
f 3912/5290/3912 3911/5289/3911 3915/5295/3915 3916/5296/3916
f 3910/5291/3913 3909/5258/3893 3914/5297/3917
f 3913/5292/3910 3912/5290/3912 3916/5296/3916 3917/5298/3914
f 3911/5289/3911 3910/5293/3913 3914/5299/3917 3915/5295/3915
f 3918/5254/3892 3917/5294/3914 3922/5300/3918
f 3916/5296/3916 3915/5295/3915 3920/5301/3919 3921/5302/3920
f 3914/5297/3917 3909/5258/3893 3919/5303/3921
f 3917/5298/3914 3916/5296/3916 3921/5302/3920 3922/5304/3918
f 3915/5295/3915 3914/5299/3917 3919/5305/3921 3920/5301/3919
f 3918/5254/3892 3922/5300/3918 3926/5306/3922
f 3921/5302/3920 3920/5301/3919 3924/5307/3923 3925/5308/3924
f 3919/5303/3921 3909/5258/3893 3923/5309/3925
f 3922/5304/3918 3921/5302/3920 3925/5308/3924 3926/5310/3922
f 3920/5301/3919 3919/5305/3921 3923/5311/3925 3924/5307/3923
f 3918/5254/3892 3926/5306/3922 3930/5255/3884
f 3925/5308/3924 3924/5307/3923 3928/5250/3888 3929/5247/3885
f 3923/5309/3925 3909/5258/3893 3927/5257/3889
f 3926/5310/3922 3925/5308/3924 3929/5247/3885 3930/5246/3884
f 3924/5307/3923 3923/5311/3925 3927/5251/3889 3928/5250/3888
o Sphere.039_Sphere.041
v -0.588944 2.136258 0.279364
v -0.584971 2.118697 0.270858
v -0.588368 2.099109 0.271998
v -0.597838 2.084976 0.282347
v -0.582108 2.135624 0.288844
v -0.573910 2.117671 0.286196
v -0.577307 2.098083 0.287336
v -0.591002 2.084342 0.291827
v -0.582038 2.136291 0.300529
v -0.573795 2.118751 0.305104
v -0.577192 2.099163 0.306243
v -0.590931 2.085009 0.303512
v -0.588759 2.138005 0.309957
v -0.584671 2.121524 0.320358
v -0.588068 2.101936 0.321497
v -0.597652 2.086723 0.312939
v -0.599705 2.140111 0.313525
v -0.602383 2.124931 0.326133
v -0.605780 2.105344 0.327272
v -0.608599 2.088829 0.316508
v -0.598770 2.145084 0.294266
v -0.610696 2.141804 0.309873
v -0.620165 2.127671 0.320222
v -0.623562 2.108083 0.321361
v -0.619589 2.090523 0.312855
v -0.617532 2.142439 0.300393
v -0.631226 2.128697 0.304884
v -0.634623 2.109110 0.306023
v -0.626425 2.091157 0.303376
v -0.609763 2.081696 0.297953
v -0.617602 2.141771 0.288708
v -0.631341 2.127618 0.285977
v -0.634738 2.108030 0.287116
v -0.626496 2.090489 0.291691
v -0.610881 2.140057 0.279280
v -0.620465 2.124844 0.270722
v -0.623862 2.105256 0.271862
v -0.619774 2.088775 0.282263
v -0.599935 2.137951 0.275711
v -0.602754 2.121437 0.264948
v -0.606151 2.101849 0.266087
v -0.608828 2.086669 0.278694
vt 0.777624 0.420670
vt 0.753291 0.419708
vt 0.753425 0.400987
vt 0.779584 0.404031
vt 0.735334 0.419816
vt 0.713947 0.422810
vt 0.711579 0.408134
vt 0.732999 0.402025
vt 0.838941 0.563671
vt 0.822019 0.586962
vt 0.811561 0.572567
vt 0.838942 0.534883
vt 0.838942 0.563672
vt 0.822020 0.540381
vt 0.811561 0.554775
vt 0.727478 0.380704
vt 0.754566 0.376727
vt 0.811561 0.554776
vt 0.783534 0.386866
vt 0.706021 0.394282
vt 0.822019 0.540380
vt 0.762077 0.554974
vt 0.734989 0.558951
vt 0.736130 0.534691
vt 0.756556 0.533654
vt 0.811561 0.572569
vt 0.783534 0.541396
vt 0.777976 0.527544
vt 0.706021 0.548813
vt 0.709971 0.531647
vt 0.838941 0.534882
vt 0.736263 0.515971
vt 0.754220 0.515862
vt 0.822020 0.586963
vt 0.775608 0.512868
vt 0.711930 0.515008
vt 0.855863 0.540380
vt 0.736352 0.499172
vt 0.753256 0.499512
vt 0.838942 0.592462
vt 0.774784 0.498030
vt 0.713102 0.498905
vt 0.866321 0.554775
vt 0.736485 0.483178
vt 0.752943 0.483744
vt 0.855863 0.586963
vt 0.774716 0.483037
vt 0.713917 0.483211
vt 0.866321 0.572567
vt 0.736611 0.467521
vt 0.752944 0.468157
vt 0.866322 0.572569
vt 0.775051 0.467864
vt 0.714503 0.467814
vt 0.855863 0.586962
vt 0.736612 0.451934
vt 0.753070 0.452500
vt 0.866322 0.554776
vt 0.775638 0.452467
vt 0.714839 0.452641
vt 0.838941 0.592460
vt 0.736299 0.436166
vt 0.753203 0.436506
vt 0.855863 0.540381
vt 0.776453 0.436773
vt 0.714771 0.437648
vn -0.1369 -0.8033 -0.5795
vn -0.0557 -0.3422 -0.9380
vn 0.4993 -0.4277 -0.7535
vn 0.2259 -0.8592 -0.4589
vn 0.0441 0.2332 -0.9714
vn 0.1293 0.7320 -0.6688
vn 0.4922 0.6761 -0.5482
vn 0.5990 0.1476 -0.7870
vn -0.1706 -0.9837 0.0572
vn 0.1706 0.9837 -0.0572
vn 0.4516 -0.8802 -0.1460
vn 0.9442 0.1156 -0.3083
vn 0.8444 -0.4597 -0.2748
vn 0.7179 0.6552 -0.2353
vn 0.4539 -0.8581 0.2398
vn 0.9478 0.1493 0.2817
vn 0.8480 -0.4260 0.3152
vn 0.7202 0.6772 0.1505
vn 0.2320 -0.8016 0.5510
vn 0.6084 0.2359 0.7577
vn 0.5086 -0.3395 0.7912
vn 0.4983 0.7338 0.4617
vn -0.1293 -0.7320 0.6688
vn 0.0557 0.3422 0.9380
vn -0.0441 -0.2332 0.9714
vn 0.1369 0.8033 0.5795
vn -0.4922 -0.6761 0.5482
vn -0.4993 0.4277 0.7535
vn -0.5990 -0.1476 0.7870
vn -0.2259 0.8592 0.4589
vn -0.7179 -0.6552 0.2353
vn -0.8444 0.4597 0.2748
vn -0.9442 -0.1156 0.3083
vn -0.4516 0.8802 0.1460
vn -0.7202 -0.6772 -0.1505
vn -0.8480 0.4260 -0.3152
vn -0.9478 -0.1493 -0.2817
vn -0.4539 0.8581 -0.2398
vn -0.4983 -0.7338 -0.4617
vn -0.5086 0.3395 -0.7912
vn -0.6084 -0.2359 -0.7577
vn -0.2320 0.8016 -0.5510
usemtl Material.001
s 1
f 3972/5312/3926 3971/5313/3927 3933/5314/3928 3934/5315/3929
f 3970/5316/3930 3969/5317/3931 3931/5318/3932 3932/5319/3933
f 3960/5320/3934 3972/5321/3926 3934/5322/3929
f 3971/5313/3927 3970/5316/3930 3932/5319/3933 3933/5314/3928
f 3969/5323/3931 3951/5324/3935 3931/5325/3932
f 3960/5320/3934 3934/5322/3929 3938/5326/3936
f 3933/5314/3928 3932/5319/3933 3936/5327/3937 3937/5328/3938
f 3931/5325/3932 3951/5324/3935 3935/5329/3939
f 3934/5315/3929 3933/5314/3928 3937/5328/3938 3938/5330/3936
f 3932/5319/3933 3931/5318/3932 3935/5331/3939 3936/5327/3937
f 3960/5320/3934 3938/5326/3936 3942/5332/3940
f 3937/5333/3938 3936/5334/3937 3940/5335/3941 3941/5336/3942
f 3935/5329/3939 3951/5324/3935 3939/5337/3943
f 3938/5338/3936 3937/5333/3938 3941/5336/3942 3942/5339/3940
f 3936/5334/3937 3935/5340/3939 3939/5341/3943 3940/5335/3941
f 3960/5320/3934 3942/5332/3940 3946/5342/3944
f 3941/5336/3942 3940/5335/3941 3944/5343/3945 3945/5344/3946
f 3939/5337/3943 3951/5324/3935 3943/5345/3947
f 3942/5339/3940 3941/5336/3942 3945/5344/3946 3946/5346/3944
f 3940/5335/3941 3939/5341/3943 3943/5347/3947 3944/5343/3945
f 3960/5320/3934 3946/5342/3944 3950/5348/3948
f 3945/5344/3946 3944/5343/3945 3948/5349/3949 3949/5350/3950
f 3943/5345/3947 3951/5324/3935 3947/5351/3951
f 3946/5346/3944 3945/5344/3946 3949/5350/3950 3950/5352/3948
f 3944/5343/3945 3943/5347/3947 3947/5353/3951 3948/5349/3949
f 3960/5320/3934 3950/5348/3948 3955/5354/3952
f 3949/5350/3950 3948/5349/3949 3953/5355/3953 3954/5356/3954
f 3947/5351/3951 3951/5324/3935 3952/5357/3955
f 3950/5352/3948 3949/5350/3950 3954/5356/3954 3955/5358/3952
f 3948/5349/3949 3947/5353/3951 3952/5359/3955 3953/5355/3953
f 3960/5320/3934 3955/5354/3952 3959/5360/3956
f 3954/5356/3954 3953/5355/3953 3957/5361/3957 3958/5362/3958
f 3952/5357/3955 3951/5324/3935 3956/5363/3959
f 3955/5358/3952 3954/5356/3954 3958/5362/3958 3959/5364/3956
f 3953/5355/3953 3952/5359/3955 3956/5365/3959 3957/5361/3957
f 3960/5320/3934 3959/5360/3956 3964/5366/3960
f 3958/5362/3958 3957/5361/3957 3962/5367/3961 3963/5368/3962
f 3956/5363/3959 3951/5324/3935 3961/5369/3963
f 3959/5364/3956 3958/5362/3958 3963/5368/3962 3964/5370/3960
f 3957/5361/3957 3956/5365/3959 3961/5371/3963 3962/5367/3961
f 3960/5320/3934 3964/5366/3960 3968/5372/3964
f 3963/5368/3962 3962/5367/3961 3966/5373/3965 3967/5374/3966
f 3961/5369/3963 3951/5324/3935 3965/5375/3967
f 3964/5370/3960 3963/5368/3962 3967/5374/3966 3968/5376/3964
f 3962/5367/3961 3961/5371/3963 3965/5377/3967 3966/5373/3965
f 3960/5320/3934 3968/5372/3964 3972/5321/3926
f 3967/5374/3966 3966/5373/3965 3970/5316/3930 3971/5313/3927
f 3965/5375/3967 3951/5324/3935 3969/5323/3931
f 3968/5376/3964 3967/5374/3966 3971/5313/3927 3972/5312/3926
f 3966/5373/3965 3965/5377/3967 3969/5317/3931 3970/5316/3930
o Sphere.040_Sphere.042
v -0.331215 2.130016 0.488364
v -0.326629 2.111662 0.482151
v -0.329222 2.092274 0.485880
v -0.338003 2.079258 0.498128
v -0.324258 2.130889 0.497736
v -0.315372 2.113073 0.497314
v -0.317965 2.093685 0.501044
v -0.331045 2.080130 0.507500
v -0.324088 2.133078 0.509232
v -0.315098 2.116615 0.515917
v -0.317690 2.097227 0.519646
v -0.330876 2.082319 0.518996
v -0.330772 2.135747 0.518463
v -0.325912 2.120934 0.530852
v -0.328504 2.101546 0.534581
v -0.337559 2.084989 0.528227
v -0.341755 2.137877 0.521901
v -0.343683 2.124381 0.536416
v -0.346276 2.104993 0.540145
v -0.348543 2.087119 0.531666
v -0.341228 2.140327 0.502147
v -0.352843 2.138655 0.518235
v -0.361624 2.125639 0.530482
v -0.364217 2.106251 0.534212
v -0.359631 2.087896 0.527999
v -0.359801 2.137782 0.508863
v -0.372882 2.124227 0.515319
v -0.375474 2.104839 0.519048
v -0.366588 2.087024 0.518627
v -0.349618 2.077586 0.514216
v -0.359970 2.135593 0.497366
v -0.373156 2.120686 0.496717
v -0.375748 2.101298 0.500446
v -0.366758 2.084835 0.507130
v -0.353287 2.132924 0.488136
v -0.362342 2.116366 0.481781
v -0.364934 2.096978 0.485511
v -0.360074 2.082166 0.497900
v -0.342303 2.130794 0.484697
v -0.344570 2.112920 0.476218
v -0.347163 2.093532 0.479947
v -0.349091 2.080035 0.494461
vt 0.777624 0.420669
vt 0.753291 0.419707
vt 0.753425 0.400986
vt 0.779584 0.404030
vt 0.735334 0.419815
vt 0.713947 0.422809
vt 0.711579 0.408133
vt 0.732999 0.402023
vt 0.838941 0.563671
vt 0.822019 0.586962
vt 0.811561 0.572567
vt 0.838941 0.534883
vt 0.838941 0.563672
vt 0.822019 0.540381
vt 0.811561 0.554775
vt 0.727478 0.380703
vt 0.754566 0.376726
vt 0.811561 0.554776
vt 0.783534 0.386865
vt 0.706021 0.394281
vt 0.822019 0.540380
vt 0.762077 0.554973
vt 0.734989 0.558950
vt 0.736130 0.534690
vt 0.756556 0.533653
vt 0.811561 0.572569
vt 0.783534 0.541395
vt 0.777976 0.527543
vt 0.706021 0.548811
vt 0.709971 0.531646
vt 0.838941 0.534882
vt 0.736263 0.515969
vt 0.754220 0.515861
vt 0.822019 0.586963
vt 0.775608 0.512867
vt 0.711930 0.515007
vt 0.855863 0.540380
vt 0.736352 0.499171
vt 0.753256 0.499511
vt 0.838941 0.592462
vt 0.774784 0.498029
vt 0.713102 0.498904
vt 0.866321 0.554775
vt 0.736485 0.483177
vt 0.752943 0.483743
vt 0.855863 0.586963
vt 0.774716 0.483036
vt 0.713917 0.483210
vt 0.866321 0.572567
vt 0.736611 0.467520
vt 0.752944 0.468156
vt 0.866321 0.572569
vt 0.775051 0.467863
vt 0.714503 0.467813
vt 0.855863 0.586962
vt 0.736612 0.451933
vt 0.753070 0.452499
vt 0.866321 0.554776
vt 0.775638 0.452466
vt 0.714839 0.452640
vt 0.838941 0.592460
vt 0.736299 0.436165
vt 0.753203 0.436505
vt 0.855863 0.540381
vt 0.776453 0.436772
vt 0.714771 0.437647
vn -0.1107 -0.8768 -0.4679
vn -0.0519 -0.4636 -0.8845
vn 0.5080 -0.5029 -0.6994
vn 0.2554 -0.9024 -0.3469
vn 0.0242 0.1059 -0.9940
vn 0.0926 0.6429 -0.7603
vn 0.4586 0.6173 -0.6392
vn 0.5841 0.0667 -0.8089
vn -0.1302 -0.9736 0.1873
vn 0.1302 0.9736 -0.1873
vn 0.4851 -0.8737 -0.0375
vn 0.9354 0.1107 -0.3357
vn 0.8592 -0.4588 -0.2261
vn 0.6883 0.6461 -0.3298
vn 0.4907 -0.8014 0.3420
vn 0.9440 0.2212 0.2448
vn 0.8678 -0.3483 0.3544
vn 0.6939 0.7183 0.0497
vn 0.2700 -0.7132 0.6468
vn 0.6065 0.3560 0.7109
vn 0.5304 -0.2135 0.8204
vn 0.4733 0.8065 0.3544
vn -0.0926 -0.6429 0.7603
vn 0.0519 0.4636 0.8845
vn -0.0242 -0.1059 0.9940
vn 0.1107 0.8768 0.4679
vn -0.4586 -0.6173 0.6392
vn -0.5080 0.5029 0.6994
vn -0.5841 -0.0667 0.8089
vn -0.2554 0.9024 0.3469
vn -0.6883 -0.6461 0.3298
vn -0.8592 0.4588 0.2261
vn -0.9354 -0.1107 0.3357
vn -0.4851 0.8737 0.0375
vn -0.6939 -0.7183 -0.0497
vn -0.8678 0.3483 -0.3544
vn -0.9440 -0.2212 -0.2448
vn -0.4907 0.8014 -0.3421
vn -0.4733 -0.8065 -0.3544
vn -0.5304 0.2135 -0.8204
vn -0.6065 -0.3560 -0.7109
vn -0.2700 0.7132 -0.6467
usemtl Material.001
s 1
f 4014/5378/3968 4013/5379/3969 3975/5380/3970 3976/5381/3971
f 4012/5382/3972 4011/5383/3973 3973/5384/3974 3974/5385/3975
f 4002/5386/3976 4014/5387/3968 3976/5388/3971
f 4013/5379/3969 4012/5382/3972 3974/5385/3975 3975/5380/3970
f 4011/5389/3973 3993/5390/3977 3973/5391/3974
f 4002/5386/3976 3976/5388/3971 3980/5392/3978
f 3975/5380/3970 3974/5385/3975 3978/5393/3979 3979/5394/3980
f 3973/5391/3974 3993/5390/3977 3977/5395/3981
f 3976/5381/3971 3975/5380/3970 3979/5394/3980 3980/5396/3978
f 3974/5385/3975 3973/5384/3974 3977/5397/3981 3978/5393/3979
f 4002/5386/3976 3980/5392/3978 3984/5398/3982
f 3979/5399/3980 3978/5400/3979 3982/5401/3983 3983/5402/3984
f 3977/5395/3981 3993/5390/3977 3981/5403/3985
f 3980/5404/3978 3979/5399/3980 3983/5402/3984 3984/5405/3982
f 3978/5400/3979 3977/5406/3981 3981/5407/3985 3982/5401/3983
f 4002/5386/3976 3984/5398/3982 3988/5408/3986
f 3983/5402/3984 3982/5401/3983 3986/5409/3987 3987/5410/3988
f 3981/5403/3985 3993/5390/3977 3985/5411/3989
f 3984/5405/3982 3983/5402/3984 3987/5410/3988 3988/5412/3986
f 3982/5401/3983 3981/5407/3985 3985/5413/3989 3986/5409/3987
f 4002/5386/3976 3988/5408/3986 3992/5414/3990
f 3987/5410/3988 3986/5409/3987 3990/5415/3991 3991/5416/3992
f 3985/5411/3989 3993/5390/3977 3989/5417/3993
f 3988/5412/3986 3987/5410/3988 3991/5416/3992 3992/5418/3990
f 3986/5409/3987 3985/5413/3989 3989/5419/3993 3990/5415/3991
f 4002/5386/3976 3992/5414/3990 3997/5420/3994
f 3991/5416/3992 3990/5415/3991 3995/5421/3995 3996/5422/3996
f 3989/5417/3993 3993/5390/3977 3994/5423/3997
f 3992/5418/3990 3991/5416/3992 3996/5422/3996 3997/5424/3994
f 3990/5415/3991 3989/5419/3993 3994/5425/3997 3995/5421/3995
f 4002/5386/3976 3997/5420/3994 4001/5426/3998
f 3996/5422/3996 3995/5421/3995 3999/5427/3999 4000/5428/4000
f 3994/5423/3997 3993/5390/3977 3998/5429/4001
f 3997/5424/3994 3996/5422/3996 4000/5428/4000 4001/5430/3998
f 3995/5421/3995 3994/5425/3997 3998/5431/4001 3999/5427/3999
f 4002/5386/3976 4001/5426/3998 4006/5432/4002
f 4000/5428/4000 3999/5427/3999 4004/5433/4003 4005/5434/4004
f 3998/5429/4001 3993/5390/3977 4003/5435/4005
f 4001/5430/3998 4000/5428/4000 4005/5434/4004 4006/5436/4002
f 3999/5427/3999 3998/5431/4001 4003/5437/4005 4004/5433/4003
f 4002/5386/3976 4006/5432/4002 4010/5438/4006
f 4005/5434/4004 4004/5433/4003 4008/5439/4007 4009/5440/4008
f 4003/5435/4005 3993/5390/3977 4007/5441/4009
f 4006/5436/4002 4005/5434/4004 4009/5440/4008 4010/5442/4006
f 4004/5433/4003 4003/5437/4005 4007/5443/4009 4008/5439/4007
f 4002/5386/3976 4010/5438/4006 4014/5387/3968
f 4009/5440/4008 4008/5439/4007 4012/5382/3972 4013/5379/3969
f 4007/5441/4009 3993/5390/3977 4011/5389/3973
f 4010/5442/4006 4009/5440/4008 4013/5379/3969 4014/5378/3968
f 4008/5439/4007 4007/5443/4009 4011/5383/3973 4012/5382/3972
o Sphere.041_Sphere.043
v 0.059193 1.943549 0.584435
v 0.066208 1.925747 0.578922
v 0.066345 1.906366 0.583491
v 0.059551 1.892809 0.596398
v 0.066048 1.945772 0.593658
v 0.077299 1.929344 0.593846
v 0.077436 1.909963 0.598415
v 0.066406 1.895032 0.605621
v 0.066017 1.948458 0.605050
v 0.077249 1.933689 0.612279
v 0.077386 1.914308 0.616848
v 0.066375 1.897717 0.617013
v 0.059112 1.950580 0.614260
v 0.066077 1.937123 0.627180
v 0.066214 1.917742 0.631749
v 0.059470 1.899840 0.626223
v 0.047971 1.951329 0.617769
v 0.048051 1.938335 0.632858
v 0.048188 1.918954 0.637428
v 0.048329 1.900589 0.629732
v 0.047979 1.952972 0.597924
v 0.036849 1.950418 0.614238
v 0.030055 1.936861 0.627144
v 0.030192 1.917480 0.631714
v 0.037208 1.899677 0.626201
v 0.029995 1.948195 0.605014
v 0.018965 1.933264 0.612220
v 0.019101 1.913883 0.616790
v 0.030353 1.897454 0.616977
v 0.048422 1.890254 0.612711
v 0.030026 1.945509 0.593622
v 0.019015 1.928918 0.593787
v 0.019152 1.909537 0.598357
v 0.030384 1.894769 0.605585
v 0.036930 1.943386 0.584413
v 0.030187 1.925484 0.578886
v 0.030323 1.906103 0.583455
v 0.037289 1.892646 0.596376
v 0.048071 1.942638 0.580903
v 0.048213 1.924272 0.573208
v 0.048350 1.904891 0.577777
v 0.048430 1.891897 0.592866
vt 0.777624 0.420670
vt 0.753291 0.419708
vt 0.753425 0.400987
vt 0.779584 0.404031
vt 0.735335 0.419816
vt 0.713947 0.422810
vt 0.711579 0.408134
vt 0.732999 0.402025
vt 0.838942 0.563672
vt 0.822020 0.586963
vt 0.811561 0.572569
vt 0.838935 0.534883
vt 0.838935 0.563672
vt 0.822013 0.540381
vt 0.811561 0.554776
vt 0.727478 0.380704
vt 0.754566 0.376727
vt 0.811555 0.554776
vt 0.783534 0.386866
vt 0.706021 0.394282
vt 0.822020 0.540381
vt 0.762077 0.554974
vt 0.734989 0.558951
vt 0.736130 0.534691
vt 0.756556 0.533654
vt 0.811555 0.572569
vt 0.783534 0.541396
vt 0.777976 0.527544
vt 0.706021 0.548813
vt 0.709971 0.531647
vt 0.838942 0.534883
vt 0.736263 0.515971
vt 0.754220 0.515862
vt 0.822013 0.586963
vt 0.775608 0.512868
vt 0.711931 0.515008
vt 0.855863 0.540381
vt 0.736352 0.499172
vt 0.753256 0.499512
vt 0.838935 0.592461
vt 0.774784 0.498030
vt 0.713102 0.498905
vt 0.866322 0.554776
vt 0.736485 0.483178
vt 0.752943 0.483744
vt 0.855857 0.586963
vt 0.774716 0.483037
vt 0.713917 0.483211
vt 0.866322 0.572569
vt 0.736611 0.467521
vt 0.752944 0.468157
vt 0.866316 0.572569
vt 0.775051 0.467864
vt 0.714504 0.467814
vt 0.855863 0.586963
vt 0.736612 0.451934
vt 0.753070 0.452500
vt 0.866316 0.554776
vt 0.775638 0.452467
vt 0.714839 0.452641
vt 0.838942 0.592461
vt 0.736299 0.436166
vt 0.753203 0.436506
vt 0.855857 0.540381
vt 0.776453 0.436773
vt 0.714771 0.437648
vn 0.0070 -0.9030 -0.4294
vn 0.0045 -0.5041 -0.8636
vn 0.5661 -0.4581 -0.6853
vn 0.3742 -0.8730 -0.3128
vn 0.0005 0.0652 -0.9979
vn -0.0037 0.6161 -0.7876
vn 0.3634 0.6462 -0.6710
vn 0.5621 0.1112 -0.8195
vn 0.0069 -0.9733 0.2295
vn -0.0069 0.9733 -0.2295
vn 0.6005 -0.7996 -0.0084
vn 0.9082 0.2235 -0.3538
vn 0.9122 -0.3458 -0.2196
vn 0.5897 0.7196 -0.3665
vn 0.5994 -0.7109 0.3677
vn 0.9066 0.3591 0.2214
vn 0.9106 -0.2102 0.3556
vn 0.5887 0.8083 0.0095
vn 0.3715 -0.6408 0.6718
vn 0.5580 0.4663 0.6864
vn 0.5620 -0.1030 0.8206
vn 0.3608 0.8783 0.3136
vn 0.0037 -0.6161 0.7876
vn -0.0045 0.5041 0.8636
vn -0.0005 -0.0652 0.9979
vn -0.0070 0.9030 0.4294
vn -0.3634 -0.6462 0.6710
vn -0.5661 0.4581 0.6853
vn -0.5621 -0.1112 0.8195
vn -0.3742 0.8730 0.3128
vn -0.5897 -0.7196 0.3665
vn -0.9122 0.3458 0.2196
vn -0.9082 -0.2235 0.3538
vn -0.6005 0.7996 0.0084
vn -0.5887 -0.8083 -0.0095
vn -0.9107 0.2102 -0.3556
vn -0.9066 -0.3591 -0.2214
vn -0.5994 0.7109 -0.3677
vn -0.3608 -0.8783 -0.3136
vn -0.5620 0.1030 -0.8206
vn -0.5580 -0.4663 -0.6864
vn -0.3715 0.6408 -0.6718
usemtl Material.001
s 1
f 4056/5444/4010 4055/5445/4011 4017/5446/4012 4018/5447/4013
f 4054/5448/4014 4053/5449/4015 4015/5450/4016 4016/5451/4017
f 4044/5452/4018 4056/5453/4010 4018/5454/4013
f 4055/5445/4011 4054/5448/4014 4016/5451/4017 4017/5446/4012
f 4053/5455/4015 4035/5456/4019 4015/5457/4016
f 4044/5452/4018 4018/5454/4013 4022/5458/4020
f 4017/5446/4012 4016/5451/4017 4020/5459/4021 4021/5460/4022
f 4015/5457/4016 4035/5456/4019 4019/5461/4023
f 4018/5447/4013 4017/5446/4012 4021/5460/4022 4022/5462/4020
f 4016/5451/4017 4015/5450/4016 4019/5463/4023 4020/5459/4021
f 4044/5452/4018 4022/5458/4020 4026/5464/4024
f 4021/5465/4022 4020/5466/4021 4024/5467/4025 4025/5468/4026
f 4019/5461/4023 4035/5456/4019 4023/5469/4027
f 4022/5470/4020 4021/5465/4022 4025/5468/4026 4026/5471/4024
f 4020/5466/4021 4019/5472/4023 4023/5473/4027 4024/5467/4025
f 4044/5452/4018 4026/5464/4024 4030/5474/4028
f 4025/5468/4026 4024/5467/4025 4028/5475/4029 4029/5476/4030
f 4023/5469/4027 4035/5456/4019 4027/5477/4031
f 4026/5471/4024 4025/5468/4026 4029/5476/4030 4030/5478/4028
f 4024/5467/4025 4023/5473/4027 4027/5479/4031 4028/5475/4029
f 4044/5452/4018 4030/5474/4028 4034/5480/4032
f 4029/5476/4030 4028/5475/4029 4032/5481/4033 4033/5482/4034
f 4027/5477/4031 4035/5456/4019 4031/5483/4035
f 4030/5478/4028 4029/5476/4030 4033/5482/4034 4034/5484/4032
f 4028/5475/4029 4027/5479/4031 4031/5485/4035 4032/5481/4033
f 4044/5452/4018 4034/5480/4032 4039/5486/4036
f 4033/5482/4034 4032/5481/4033 4037/5487/4037 4038/5488/4038
f 4031/5483/4035 4035/5456/4019 4036/5489/4039
f 4034/5484/4032 4033/5482/4034 4038/5488/4038 4039/5490/4036
f 4032/5481/4033 4031/5485/4035 4036/5491/4039 4037/5487/4037
f 4044/5452/4018 4039/5486/4036 4043/5492/4040
f 4038/5488/4038 4037/5487/4037 4041/5493/4041 4042/5494/4042
f 4036/5489/4039 4035/5456/4019 4040/5495/4043
f 4039/5490/4036 4038/5488/4038 4042/5494/4042 4043/5496/4040
f 4037/5487/4037 4036/5491/4039 4040/5497/4043 4041/5493/4041
f 4044/5452/4018 4043/5492/4040 4048/5498/4044
f 4042/5494/4042 4041/5493/4041 4046/5499/4045 4047/5500/4046
f 4040/5495/4043 4035/5456/4019 4045/5501/4047
f 4043/5496/4040 4042/5494/4042 4047/5500/4046 4048/5502/4044
f 4041/5493/4041 4040/5497/4043 4045/5503/4047 4046/5499/4045
f 4044/5452/4018 4048/5498/4044 4052/5504/4048
f 4047/5500/4046 4046/5499/4045 4050/5505/4049 4051/5506/4050
f 4045/5501/4047 4035/5456/4019 4049/5507/4051
f 4048/5502/4044 4047/5500/4046 4051/5506/4050 4052/5508/4048
f 4046/5499/4045 4045/5503/4047 4049/5509/4051 4050/5505/4049
f 4044/5452/4018 4052/5504/4048 4056/5453/4010
f 4051/5506/4050 4050/5505/4049 4054/5448/4014 4055/5445/4011
f 4049/5507/4051 4035/5456/4019 4053/5455/4015
f 4052/5508/4048 4051/5506/4050 4055/5445/4011 4056/5444/4010
f 4050/5505/4049 4049/5509/4051 4053/5449/4015 4054/5448/4014
o Sphere.042_Sphere.044
v 0.059193 1.621934 0.651070
v 0.066208 1.604530 0.644406
v 0.066345 1.584892 0.647701
v 0.059551 1.570521 0.659695
v 0.066048 1.623550 0.660418
v 0.077299 1.607145 0.659533
v 0.077436 1.587507 0.662828
v 0.066406 1.572137 0.669044
v 0.066017 1.625486 0.671961
v 0.077249 1.610278 0.678210
v 0.077386 1.590640 0.681505
v 0.066375 1.574073 0.680587
v 0.059112 1.627003 0.681290
v 0.066077 1.612732 0.693304
v 0.066214 1.593094 0.696599
v 0.059470 1.575590 0.689915
v 0.047971 1.627521 0.684841
v 0.048051 1.613570 0.699049
v 0.048188 1.593932 0.702344
v 0.048329 1.576108 0.693466
v 0.047979 1.630457 0.665145
v 0.036849 1.626843 0.681257
v 0.030055 1.612472 0.693251
v 0.030192 1.592834 0.696546
v 0.037208 1.575430 0.689883
v 0.029995 1.625226 0.671909
v 0.018965 1.609857 0.678125
v 0.019101 1.590219 0.681419
v 0.030353 1.573813 0.680534
v 0.048422 1.566907 0.675807
v 0.030026 1.623290 0.660365
v 0.019015 1.606724 0.659447
v 0.019152 1.587086 0.662742
v 0.030384 1.571877 0.668991
v 0.036930 1.621773 0.651037
v 0.030187 1.604270 0.644353
v 0.030323 1.584632 0.647648
v 0.037289 1.570360 0.659662
v 0.048071 1.621255 0.647486
v 0.048213 1.603431 0.638608
v 0.048350 1.583793 0.641903
v 0.048430 1.569842 0.656111
vt 0.777624 0.420670
vt 0.753291 0.419708
vt 0.753425 0.400987
vt 0.779584 0.404031
vt 0.735334 0.419816
vt 0.713947 0.422810
vt 0.711579 0.408134
vt 0.732999 0.402025
vt 0.838935 0.563672
vt 0.822013 0.586963
vt 0.811555 0.572568
vt 0.838936 0.534883
vt 0.838936 0.563672
vt 0.822014 0.540381
vt 0.811555 0.554776
vt 0.727478 0.380704
vt 0.754566 0.376727
vt 0.811556 0.554776
vt 0.783534 0.386866
vt 0.706021 0.394282
vt 0.822013 0.540381
vt 0.762077 0.554974
vt 0.734989 0.558951
vt 0.736130 0.534691
vt 0.756556 0.533654
vt 0.811556 0.572569
vt 0.783534 0.541396
vt 0.777976 0.527544
vt 0.706021 0.548813
vt 0.709971 0.531647
vt 0.838935 0.534883
vt 0.736263 0.515971
vt 0.754220 0.515862
vt 0.822014 0.586963
vt 0.775608 0.512868
vt 0.711930 0.515008
vt 0.855857 0.540381
vt 0.736352 0.499172
vt 0.753256 0.499512
vt 0.838936 0.592461
vt 0.774784 0.498030
vt 0.713102 0.498905
vt 0.866316 0.554776
vt 0.736485 0.483178
vt 0.752943 0.483744
vt 0.855858 0.586963
vt 0.774716 0.483037
vt 0.713917 0.483211
vt 0.866316 0.572568
vt 0.736611 0.467521
vt 0.752944 0.468157
vt 0.866316 0.572569
vt 0.775051 0.467864
vt 0.714503 0.467814
vt 0.855857 0.586963
vt 0.736612 0.451934
vt 0.753070 0.452500
vt 0.866316 0.554776
vt 0.775638 0.452467
vt 0.714839 0.452641
vt 0.838935 0.592461
vt 0.736299 0.436166
vt 0.753203 0.436506
vt 0.855858 0.540381
vt 0.776453 0.436773
vt 0.714771 0.437648
vn 0.0070 -0.8731 -0.4875
vn 0.0045 -0.4466 -0.8947
vn 0.5661 -0.4124 -0.7137
vn 0.3742 -0.8507 -0.3692
vn 0.0005 0.1302 -0.9915
vn -0.0037 0.6662 -0.7457
vn 0.3634 0.6886 -0.6274
vn 0.5621 0.1645 -0.8105
vn 0.0069 -0.9862 0.1654
vn -0.0069 0.9862 -0.1654
vn 0.6005 -0.7973 -0.0605
vn 0.9082 0.2461 -0.3385
vn 0.9122 -0.3308 -0.2417
vn 0.5897 0.7420 -0.3188
vn 0.5994 -0.7334 0.3205
vn 0.9066 0.3439 0.2444
vn 0.9107 -0.2330 0.3411
vn 0.5887 0.8059 0.0623
vn 0.3715 -0.6833 0.6285
vn 0.5580 0.4205 0.7154
vn 0.5620 -0.1564 0.8122
vn 0.3608 0.8560 0.3703
vn 0.0037 -0.6662 0.7457
vn -0.0045 0.4466 0.8947
vn -0.0005 -0.1302 0.9915
vn -0.0070 0.8731 0.4875
vn -0.3634 -0.6886 0.6274
vn -0.5661 0.4124 0.7137
vn -0.5621 -0.1645 0.8105
vn -0.3742 0.8507 0.3692
vn -0.5897 -0.7420 0.3188
vn -0.9122 0.3308 0.2417
vn -0.9082 -0.2461 0.3385
vn -0.6005 0.7973 0.0605
vn -0.5887 -0.8059 -0.0623
vn -0.9107 0.2330 -0.3411
vn -0.9066 -0.3439 -0.2444
vn -0.5994 0.7334 -0.3205
vn -0.3608 -0.8560 -0.3703
vn -0.5620 0.1564 -0.8122
vn -0.5580 -0.4205 -0.7154
vn -0.3715 0.6833 -0.6285
usemtl Material.001
s 1
f 4098/5510/4052 4097/5511/4053 4059/5512/4054 4060/5513/4055
f 4096/5514/4056 4095/5515/4057 4057/5516/4058 4058/5517/4059
f 4086/5518/4060 4098/5519/4052 4060/5520/4055
f 4097/5511/4053 4096/5514/4056 4058/5517/4059 4059/5512/4054
f 4095/5521/4057 4077/5522/4061 4057/5523/4058
f 4086/5518/4060 4060/5520/4055 4064/5524/4062
f 4059/5512/4054 4058/5517/4059 4062/5525/4063 4063/5526/4064
f 4057/5523/4058 4077/5522/4061 4061/5527/4065
f 4060/5513/4055 4059/5512/4054 4063/5526/4064 4064/5528/4062
f 4058/5517/4059 4057/5516/4058 4061/5529/4065 4062/5525/4063
f 4086/5518/4060 4064/5524/4062 4068/5530/4066
f 4063/5531/4064 4062/5532/4063 4066/5533/4067 4067/5534/4068
f 4061/5527/4065 4077/5522/4061 4065/5535/4069
f 4064/5536/4062 4063/5531/4064 4067/5534/4068 4068/5537/4066
f 4062/5532/4063 4061/5538/4065 4065/5539/4069 4066/5533/4067
f 4086/5518/4060 4068/5530/4066 4072/5540/4070
f 4067/5534/4068 4066/5533/4067 4070/5541/4071 4071/5542/4072
f 4065/5535/4069 4077/5522/4061 4069/5543/4073
f 4068/5537/4066 4067/5534/4068 4071/5542/4072 4072/5544/4070
f 4066/5533/4067 4065/5539/4069 4069/5545/4073 4070/5541/4071
f 4086/5518/4060 4072/5540/4070 4076/5546/4074
f 4071/5542/4072 4070/5541/4071 4074/5547/4075 4075/5548/4076
f 4069/5543/4073 4077/5522/4061 4073/5549/4077
f 4072/5544/4070 4071/5542/4072 4075/5548/4076 4076/5550/4074
f 4070/5541/4071 4069/5545/4073 4073/5551/4077 4074/5547/4075
f 4086/5518/4060 4076/5546/4074 4081/5552/4078
f 4075/5548/4076 4074/5547/4075 4079/5553/4079 4080/5554/4080
f 4073/5549/4077 4077/5522/4061 4078/5555/4081
f 4076/5550/4074 4075/5548/4076 4080/5554/4080 4081/5556/4078
f 4074/5547/4075 4073/5551/4077 4078/5557/4081 4079/5553/4079
f 4086/5518/4060 4081/5552/4078 4085/5558/4082
f 4080/5554/4080 4079/5553/4079 4083/5559/4083 4084/5560/4084
f 4078/5555/4081 4077/5522/4061 4082/5561/4085
f 4081/5556/4078 4080/5554/4080 4084/5560/4084 4085/5562/4082
f 4079/5553/4079 4078/5557/4081 4082/5563/4085 4083/5559/4083
f 4086/5518/4060 4085/5558/4082 4090/5564/4086
f 4084/5560/4084 4083/5559/4083 4088/5565/4087 4089/5566/4088
f 4082/5561/4085 4077/5522/4061 4087/5567/4089
f 4085/5562/4082 4084/5560/4084 4089/5566/4088 4090/5568/4086
f 4083/5559/4083 4082/5563/4085 4087/5569/4089 4088/5565/4087
f 4086/5518/4060 4090/5564/4086 4094/5570/4090
f 4089/5566/4088 4088/5565/4087 4092/5571/4091 4093/5572/4092
f 4087/5567/4089 4077/5522/4061 4091/5573/4093
f 4090/5568/4086 4089/5566/4088 4093/5572/4092 4094/5574/4090
f 4088/5565/4087 4087/5569/4089 4091/5575/4093 4092/5571/4091
f 4086/5518/4060 4094/5570/4090 4098/5519/4052
f 4093/5572/4092 4092/5571/4091 4096/5514/4056 4097/5511/4053
f 4091/5573/4093 4077/5522/4061 4095/5521/4057
f 4094/5574/4090 4093/5572/4092 4097/5511/4053 4098/5510/4052
f 4092/5571/4091 4091/5575/4093 4095/5515/4057 4096/5514/4056
o Sphere.043_Sphere.045
v 0.068746 0.878150 0.711069
v 0.075762 0.862065 0.701657
v 0.075899 0.842152 0.701705
v 0.069105 0.826018 0.711195
v 0.075601 0.878220 0.720556
v 0.086853 0.862178 0.717007
v 0.086989 0.842266 0.717055
v 0.075959 0.826088 0.720682
v 0.075570 0.878248 0.732260
v 0.086802 0.862224 0.735945
v 0.086939 0.842311 0.735994
v 0.075928 0.826116 0.732387
v 0.068665 0.878223 0.741711
v 0.075631 0.862184 0.751238
v 0.075767 0.842271 0.751286
v 0.069024 0.826092 0.741838
v 0.057524 0.878155 0.745299
v 0.057604 0.862074 0.757042
v 0.057741 0.842162 0.757091
v 0.057883 0.826024 0.745425
v 0.057532 0.884263 0.726346
v 0.046403 0.878070 0.741653
v 0.039609 0.861936 0.751143
v 0.039746 0.842023 0.751191
v 0.046761 0.825939 0.741779
v 0.039548 0.878000 0.732166
v 0.028518 0.861822 0.735792
v 0.028655 0.841910 0.735841
v 0.039906 0.825868 0.732292
v 0.057975 0.819825 0.726502
v 0.039579 0.877972 0.720461
v 0.028568 0.861777 0.716854
v 0.028705 0.841865 0.716902
v 0.039937 0.825840 0.720587
v 0.046484 0.877996 0.711010
v 0.039740 0.861817 0.701562
v 0.039877 0.841904 0.701610
v 0.046842 0.825865 0.711137
v 0.057624 0.878064 0.707423
v 0.057766 0.861927 0.695757
v 0.057903 0.842014 0.695805
v 0.057983 0.825933 0.707549
vt 0.777624 0.420670
vt 0.753291 0.419708
vt 0.753425 0.400987
vt 0.779584 0.404031
vt 0.735334 0.419816
vt 0.713947 0.422810
vt 0.711579 0.408134
vt 0.732999 0.402025
vt 0.838944 0.563672
vt 0.822022 0.586963
vt 0.811564 0.572568
vt 0.838942 0.534883
vt 0.838942 0.563672
vt 0.822020 0.540381
vt 0.811564 0.554776
vt 0.727478 0.380704
vt 0.754566 0.376727
vt 0.811561 0.554776
vt 0.783534 0.386866
vt 0.706021 0.394282
vt 0.822022 0.540381
vt 0.762077 0.554974
vt 0.734989 0.558951
vt 0.736130 0.534691
vt 0.756556 0.533654
vt 0.811561 0.572569
vt 0.783534 0.541396
vt 0.777976 0.527544
vt 0.706021 0.548813
vt 0.709970 0.531647
vt 0.838944 0.534883
vt 0.736263 0.515971
vt 0.754220 0.515862
vt 0.822020 0.586963
vt 0.775608 0.512868
vt 0.711930 0.515008
vt 0.855866 0.540381
vt 0.736352 0.499172
vt 0.753256 0.499512
vt 0.838942 0.592462
vt 0.774784 0.498030
vt 0.713102 0.498905
vt 0.866324 0.554776
vt 0.736485 0.483178
vt 0.752943 0.483744
vt 0.855863 0.586963
vt 0.774716 0.483037
vt 0.713917 0.483211
vt 0.866324 0.572568
vt 0.736611 0.467521
vt 0.752944 0.468157
vt 0.866322 0.572569
vt 0.775051 0.467864
vt 0.714503 0.467814
vt 0.855866 0.586963
vt 0.736612 0.451934
vt 0.753070 0.452500
vt 0.866322 0.554776
vt 0.775638 0.452467
vt 0.714839 0.452641
vt 0.838944 0.592461
vt 0.736299 0.436166
vt 0.753203 0.436506
vt 0.855863 0.540381
vt 0.776453 0.436773
vt 0.714771 0.437648
vn 0.0070 -0.7819 -0.6233
vn 0.0045 -0.2947 -0.9555
vn 0.5661 -0.2904 -0.7714
vn 0.3742 -0.7791 -0.5029
vn 0.0005 0.2902 -0.9570
vn -0.0037 0.7789 -0.6271
vn 0.3634 0.7817 -0.5067
vn 0.5621 0.2945 -0.7729
vn 0.0069 -1.0000 0.0024
vn -0.0069 1.0000 -0.0024
vn 0.6005 -0.7768 -0.1897
vn 0.9082 0.2980 -0.2938
vn 0.9122 -0.2869 -0.2924
vn 0.5897 0.7841 -0.1935
vn 0.5994 -0.7758 0.1966
vn 0.9066 0.2994 0.2972
vn 0.9107 -0.2855 0.2986
vn 0.5887 0.7850 0.1928
vn 0.3715 -0.7767 0.5087
vn 0.5580 0.2982 0.7744
vn 0.5620 -0.2867 0.7758
vn 0.3608 0.7841 0.5049
vn 0.0037 -0.7789 0.6271
vn -0.0045 0.2947 0.9555
vn -0.0005 -0.2902 0.9570
vn -0.0070 0.7819 0.6233
vn -0.3634 -0.7817 0.5067
vn -0.5661 0.2904 0.7714
vn -0.5621 -0.2945 0.7729
vn -0.3742 0.7791 0.5029
vn -0.5897 -0.7840 0.1935
vn -0.9122 0.2869 0.2924
vn -0.9082 -0.2980 0.2938
vn -0.6005 0.7768 0.1897
vn -0.5887 -0.7850 -0.1928
vn -0.9107 0.2855 -0.2986
vn -0.9066 -0.2994 -0.2972
vn -0.5994 0.7758 -0.1966
vn -0.3608 -0.7841 -0.5049
vn -0.5620 0.2867 -0.7758
vn -0.5580 -0.2982 -0.7744
vn -0.3715 0.7767 -0.5087
usemtl Material.001
s 1
f 4140/5576/4094 4139/5577/4095 4101/5578/4096 4102/5579/4097
f 4138/5580/4098 4137/5581/4099 4099/5582/4100 4100/5583/4101
f 4128/5584/4102 4140/5585/4094 4102/5586/4097
f 4139/5577/4095 4138/5580/4098 4100/5583/4101 4101/5578/4096
f 4137/5587/4099 4119/5588/4103 4099/5589/4100
f 4128/5584/4102 4102/5586/4097 4106/5590/4104
f 4101/5578/4096 4100/5583/4101 4104/5591/4105 4105/5592/4106
f 4099/5589/4100 4119/5588/4103 4103/5593/4107
f 4102/5579/4097 4101/5578/4096 4105/5592/4106 4106/5594/4104
f 4100/5583/4101 4099/5582/4100 4103/5595/4107 4104/5591/4105
f 4128/5584/4102 4106/5590/4104 4110/5596/4108
f 4105/5597/4106 4104/5598/4105 4108/5599/4109 4109/5600/4110
f 4103/5593/4107 4119/5588/4103 4107/5601/4111
f 4106/5602/4104 4105/5597/4106 4109/5600/4110 4110/5603/4108
f 4104/5598/4105 4103/5604/4107 4107/5605/4111 4108/5599/4109
f 4128/5584/4102 4110/5596/4108 4114/5606/4112
f 4109/5600/4110 4108/5599/4109 4112/5607/4113 4113/5608/4114
f 4107/5601/4111 4119/5588/4103 4111/5609/4115
f 4110/5603/4108 4109/5600/4110 4113/5608/4114 4114/5610/4112
f 4108/5599/4109 4107/5605/4111 4111/5611/4115 4112/5607/4113
f 4128/5584/4102 4114/5606/4112 4118/5612/4116
f 4113/5608/4114 4112/5607/4113 4116/5613/4117 4117/5614/4118
f 4111/5609/4115 4119/5588/4103 4115/5615/4119
f 4114/5610/4112 4113/5608/4114 4117/5614/4118 4118/5616/4116
f 4112/5607/4113 4111/5611/4115 4115/5617/4119 4116/5613/4117
f 4128/5584/4102 4118/5612/4116 4123/5618/4120
f 4117/5614/4118 4116/5613/4117 4121/5619/4121 4122/5620/4122
f 4115/5615/4119 4119/5588/4103 4120/5621/4123
f 4118/5616/4116 4117/5614/4118 4122/5620/4122 4123/5622/4120
f 4116/5613/4117 4115/5617/4119 4120/5623/4123 4121/5619/4121
f 4128/5584/4102 4123/5618/4120 4127/5624/4124
f 4122/5620/4122 4121/5619/4121 4125/5625/4125 4126/5626/4126
f 4120/5621/4123 4119/5588/4103 4124/5627/4127
f 4123/5622/4120 4122/5620/4122 4126/5626/4126 4127/5628/4124
f 4121/5619/4121 4120/5623/4123 4124/5629/4127 4125/5625/4125
f 4128/5584/4102 4127/5624/4124 4132/5630/4128
f 4126/5626/4126 4125/5625/4125 4130/5631/4129 4131/5632/4130
f 4124/5627/4127 4119/5588/4103 4129/5633/4131
f 4127/5628/4124 4126/5626/4126 4131/5632/4130 4132/5634/4128
f 4125/5625/4125 4124/5629/4127 4129/5635/4131 4130/5631/4129
f 4128/5584/4102 4132/5630/4128 4136/5636/4132
f 4131/5632/4130 4130/5631/4129 4134/5637/4133 4135/5638/4134
f 4129/5633/4131 4119/5588/4103 4133/5639/4135
f 4132/5634/4128 4131/5632/4130 4135/5638/4134 4136/5640/4132
f 4130/5631/4129 4129/5635/4131 4133/5641/4135 4134/5637/4133
f 4128/5584/4102 4136/5636/4132 4140/5585/4094
f 4135/5638/4134 4134/5637/4133 4138/5580/4098 4139/5577/4095
f 4133/5639/4135 4119/5588/4103 4137/5587/4099
f 4136/5640/4132 4135/5638/4134 4139/5577/4095 4140/5576/4094
f 4134/5637/4133 4133/5641/4135 4137/5581/4099 4138/5580/4098
o Sphere.044_Sphere.046
v 0.068746 0.606277 0.706470
v 0.075762 0.590192 0.697058
v 0.075899 0.570280 0.697106
v 0.069105 0.554146 0.706597
v 0.075601 0.606347 0.715957
v 0.086853 0.590305 0.712409
v 0.086989 0.570393 0.712457
v 0.075959 0.554216 0.716084
v 0.075570 0.606375 0.727662
v 0.086802 0.590351 0.731347
v 0.086939 0.570439 0.731395
v 0.075928 0.554244 0.727788
v 0.068665 0.606351 0.737113
v 0.075631 0.590311 0.746639
v 0.075767 0.570399 0.746687
v 0.069024 0.554219 0.737239
v 0.057524 0.606283 0.740701
v 0.057604 0.590201 0.752444
v 0.057741 0.570289 0.752492
v 0.057883 0.554151 0.740827
v 0.057532 0.612390 0.721747
v 0.046403 0.606197 0.737054
v 0.039609 0.590063 0.746544
v 0.039746 0.570151 0.746593
v 0.046761 0.554066 0.737181
v 0.039548 0.606127 0.727567
v 0.028518 0.589950 0.731194
v 0.028655 0.570037 0.731242
v 0.039906 0.553996 0.727694
v 0.057975 0.547953 0.721904
v 0.039579 0.606099 0.715863
v 0.028568 0.589904 0.712256
v 0.028705 0.569992 0.712304
v 0.039937 0.553968 0.715989
v 0.046484 0.606124 0.706412
v 0.039740 0.589944 0.696964
v 0.039877 0.570032 0.697012
v 0.046842 0.553992 0.706538
v 0.057624 0.606192 0.702824
v 0.057766 0.590054 0.691159
v 0.057903 0.570142 0.691207
v 0.057983 0.554060 0.702950
vt 0.777625 0.420670
vt 0.753292 0.419707
vt 0.753425 0.400987
vt 0.779585 0.404031
vt 0.735335 0.419816
vt 0.713947 0.422809
vt 0.711579 0.408134
vt 0.732999 0.402024
vt 0.838944 0.563672
vt 0.822022 0.586963
vt 0.811564 0.572569
vt 0.838941 0.534883
vt 0.838941 0.563672
vt 0.822019 0.540381
vt 0.811564 0.554776
vt 0.727479 0.380704
vt 0.754566 0.376727
vt 0.811561 0.554776
vt 0.783534 0.386865
vt 0.706022 0.394282
vt 0.822022 0.540381
vt 0.762077 0.554974
vt 0.734990 0.558951
vt 0.736131 0.534691
vt 0.756557 0.533653
vt 0.811561 0.572569
vt 0.783534 0.541396
vt 0.777977 0.527544
vt 0.706022 0.548812
vt 0.709971 0.531647
vt 0.838944 0.534883
vt 0.736264 0.515970
vt 0.754221 0.515862
vt 0.822019 0.586963
vt 0.775609 0.512868
vt 0.711931 0.515008
vt 0.855866 0.540381
vt 0.736353 0.499172
vt 0.753257 0.499512
vt 0.838941 0.592462
vt 0.774784 0.498030
vt 0.713103 0.498905
vt 0.866324 0.554776
vt 0.736485 0.483178
vt 0.752943 0.483744
vt 0.855863 0.586963
vt 0.774717 0.483037
vt 0.713918 0.483211
vt 0.866324 0.572569
vt 0.736611 0.467521
vt 0.752945 0.468157
vt 0.866321 0.572569
vt 0.775052 0.467864
vt 0.714504 0.467814
vt 0.855866 0.586963
vt 0.736613 0.451934
vt 0.753071 0.452500
vt 0.866321 0.554776
vt 0.775638 0.452467
vt 0.714839 0.452641
vt 0.838944 0.592461
vt 0.736299 0.436166
vt 0.753203 0.436506
vt 0.855863 0.540381
vt 0.776453 0.436773
vt 0.714772 0.437648
vn 0.0070 -0.7819 -0.6233
vn 0.0045 -0.2947 -0.9555
vn 0.5661 -0.2904 -0.7714
vn 0.3742 -0.7791 -0.5029
vn 0.0005 0.2902 -0.9570
vn -0.0037 0.7789 -0.6271
vn 0.3634 0.7817 -0.5067
vn 0.5621 0.2945 -0.7729
vn 0.0069 -1.0000 0.0024
vn -0.0069 1.0000 -0.0024
vn 0.6005 -0.7768 -0.1897
vn 0.9082 0.2980 -0.2938
vn 0.9122 -0.2869 -0.2924
vn 0.5897 0.7840 -0.1935
vn 0.5994 -0.7758 0.1966
vn 0.9066 0.2994 0.2972
vn 0.9107 -0.2855 0.2986
vn 0.5887 0.7850 0.1928
vn 0.3715 -0.7767 0.5087
vn 0.5580 0.2982 0.7744
vn 0.5620 -0.2867 0.7758
vn 0.3608 0.7841 0.5049
vn 0.0037 -0.7789 0.6271
vn -0.0045 0.2947 0.9555
vn -0.0005 -0.2902 0.9570
vn -0.0070 0.7819 0.6233
vn -0.3634 -0.7817 0.5067
vn -0.5661 0.2904 0.7714
vn -0.5621 -0.2945 0.7729
vn -0.3742 0.7791 0.5029
vn -0.5897 -0.7840 0.1935
vn -0.9122 0.2869 0.2924
vn -0.9082 -0.2980 0.2938
vn -0.6005 0.7768 0.1897
vn -0.5887 -0.7850 -0.1929
vn -0.9107 0.2855 -0.2986
vn -0.9066 -0.2994 -0.2972
vn -0.5994 0.7758 -0.1966
vn -0.3608 -0.7841 -0.5049
vn -0.5620 0.2867 -0.7758
vn -0.5580 -0.2982 -0.7744
vn -0.3715 0.7767 -0.5087
usemtl Material.001
s 1
f 4182/5642/4136 4181/5643/4137 4143/5644/4138 4144/5645/4139
f 4180/5646/4140 4179/5647/4141 4141/5648/4142 4142/5649/4143
f 4170/5650/4144 4182/5651/4136 4144/5652/4139
f 4181/5643/4137 4180/5646/4140 4142/5649/4143 4143/5644/4138
f 4179/5653/4141 4161/5654/4145 4141/5655/4142
f 4170/5650/4144 4144/5652/4139 4148/5656/4146
f 4143/5644/4138 4142/5649/4143 4146/5657/4147 4147/5658/4148
f 4141/5655/4142 4161/5654/4145 4145/5659/4149
f 4144/5645/4139 4143/5644/4138 4147/5658/4148 4148/5660/4146
f 4142/5649/4143 4141/5648/4142 4145/5661/4149 4146/5657/4147
f 4170/5650/4144 4148/5656/4146 4152/5662/4150
f 4147/5663/4148 4146/5664/4147 4150/5665/4151 4151/5666/4152
f 4145/5659/4149 4161/5654/4145 4149/5667/4153
f 4148/5668/4146 4147/5663/4148 4151/5666/4152 4152/5669/4150
f 4146/5664/4147 4145/5670/4149 4149/5671/4153 4150/5665/4151
f 4170/5650/4144 4152/5662/4150 4156/5672/4154
f 4151/5666/4152 4150/5665/4151 4154/5673/4155 4155/5674/4156
f 4149/5667/4153 4161/5654/4145 4153/5675/4157
f 4152/5669/4150 4151/5666/4152 4155/5674/4156 4156/5676/4154
f 4150/5665/4151 4149/5671/4153 4153/5677/4157 4154/5673/4155
f 4170/5650/4144 4156/5672/4154 4160/5678/4158
f 4155/5674/4156 4154/5673/4155 4158/5679/4159 4159/5680/4160
f 4153/5675/4157 4161/5654/4145 4157/5681/4161
f 4156/5676/4154 4155/5674/4156 4159/5680/4160 4160/5682/4158
f 4154/5673/4155 4153/5677/4157 4157/5683/4161 4158/5679/4159
f 4170/5650/4144 4160/5678/4158 4165/5684/4162
f 4159/5680/4160 4158/5679/4159 4163/5685/4163 4164/5686/4164
f 4157/5681/4161 4161/5654/4145 4162/5687/4165
f 4160/5682/4158 4159/5680/4160 4164/5686/4164 4165/5688/4162
f 4158/5679/4159 4157/5683/4161 4162/5689/4165 4163/5685/4163
f 4170/5650/4144 4165/5684/4162 4169/5690/4166
f 4164/5686/4164 4163/5685/4163 4167/5691/4167 4168/5692/4168
f 4162/5687/4165 4161/5654/4145 4166/5693/4169
f 4165/5688/4162 4164/5686/4164 4168/5692/4168 4169/5694/4166
f 4163/5685/4163 4162/5689/4165 4166/5695/4169 4167/5691/4167
f 4170/5650/4144 4169/5690/4166 4174/5696/4170
f 4168/5692/4168 4167/5691/4167 4172/5697/4171 4173/5698/4172
f 4166/5693/4169 4161/5654/4145 4171/5699/4173
f 4169/5694/4166 4168/5692/4168 4173/5698/4172 4174/5700/4170
f 4167/5691/4167 4166/5695/4169 4171/5701/4173 4172/5697/4171
f 4170/5650/4144 4174/5696/4170 4178/5702/4174
f 4173/5698/4172 4172/5697/4171 4176/5703/4175 4177/5704/4176
f 4171/5699/4173 4161/5654/4145 4175/5705/4177
f 4174/5700/4170 4173/5698/4172 4177/5704/4176 4178/5706/4174
f 4172/5697/4171 4171/5701/4173 4175/5707/4177 4176/5703/4175
f 4170/5650/4144 4178/5702/4174 4182/5651/4136
f 4177/5704/4176 4176/5703/4175 4180/5646/4140 4181/5643/4137
f 4175/5705/4177 4161/5654/4145 4179/5653/4141
f 4178/5706/4174 4177/5704/4176 4181/5643/4137 4182/5642/4136
f 4176/5703/4175 4175/5707/4177 4179/5647/4141 4180/5646/4140
o Sphere.045_Sphere.047
v 0.068746 0.327840 0.701887
v 0.075762 0.312041 0.692002
v 0.075899 0.292136 0.691459
v 0.069105 0.275728 0.700466
v 0.075601 0.327628 0.711372
v 0.086853 0.311699 0.707349
v 0.086989 0.291794 0.706806
v 0.075959 0.275516 0.709951
v 0.075570 0.327309 0.723072
v 0.086802 0.311183 0.726280
v 0.086939 0.291277 0.725737
v 0.075928 0.275197 0.721651
v 0.068665 0.327004 0.732518
v 0.075631 0.310689 0.741564
v 0.075767 0.290784 0.741022
v 0.069024 0.274892 0.731097
v 0.057524 0.326830 0.736102
v 0.057604 0.310407 0.747363
v 0.057741 0.290502 0.746821
v 0.057883 0.274718 0.734681
v 0.057532 0.333497 0.717339
v 0.046403 0.326853 0.732455
v 0.039609 0.310444 0.741462
v 0.039746 0.290539 0.740920
v 0.046761 0.274740 0.731034
v 0.039548 0.327064 0.722970
v 0.028518 0.310786 0.726115
v 0.028655 0.290881 0.725572
v 0.039906 0.274952 0.721549
v 0.057975 0.269083 0.715582
v 0.039579 0.327383 0.711270
v 0.028568 0.311303 0.707184
v 0.028705 0.291398 0.706641
v 0.039937 0.275271 0.709849
v 0.046484 0.327688 0.701824
v 0.039740 0.311796 0.691900
v 0.039877 0.291891 0.691357
v 0.046842 0.275576 0.700403
v 0.057624 0.327863 0.698240
v 0.057766 0.312078 0.686101
v 0.057903 0.292173 0.685558
v 0.057983 0.275751 0.696819
vt 0.777625 0.420670
vt 0.753292 0.419708
vt 0.753425 0.400987
vt 0.779585 0.404031
vt 0.735335 0.419816
vt 0.713947 0.422810
vt 0.711579 0.408134
vt 0.732999 0.402025
vt 0.838941 0.563671
vt 0.822020 0.586962
vt 0.811561 0.572568
vt 0.838942 0.534885
vt 0.838942 0.563674
vt 0.822020 0.540383
vt 0.811561 0.554775
vt 0.727479 0.380704
vt 0.754566 0.376727
vt 0.811561 0.554777
vt 0.783534 0.386866
vt 0.706022 0.394282
vt 0.822020 0.540380
vt 0.762077 0.554974
vt 0.734990 0.558951
vt 0.736131 0.534691
vt 0.756557 0.533654
vt 0.811561 0.572570
vt 0.783534 0.541396
vt 0.777977 0.527544
vt 0.706022 0.548813
vt 0.709971 0.531647
vt 0.838941 0.534882
vt 0.736264 0.515970
vt 0.754221 0.515862
vt 0.822020 0.586965
vt 0.775609 0.512868
vt 0.711931 0.515008
vt 0.855863 0.540380
vt 0.736353 0.499172
vt 0.753257 0.499512
vt 0.838942 0.592463
vt 0.774784 0.498030
vt 0.713103 0.498905
vt 0.866322 0.554775
vt 0.736485 0.483178
vt 0.752943 0.483744
vt 0.855863 0.586965
vt 0.774717 0.483037
vt 0.713918 0.483211
vt 0.866322 0.572568
vt 0.736611 0.467521
vt 0.752945 0.468157
vt 0.866322 0.572570
vt 0.775052 0.467864
vt 0.714504 0.467814
vt 0.855863 0.586962
vt 0.736613 0.451934
vt 0.753071 0.452500
vt 0.866322 0.554777
vt 0.775638 0.452467
vt 0.714839 0.452641
vt 0.838941 0.592461
vt 0.736299 0.436166
vt 0.753203 0.436506
vt 0.855863 0.540383
vt 0.776453 0.436773
vt 0.714772 0.437648
vn 0.0070 -0.7631 -0.6463
vn 0.0045 -0.2663 -0.9639
vn 0.5661 -0.2674 -0.7797
vn 0.3742 -0.7638 -0.5258
vn 0.0005 0.3184 -0.9479
vn -0.0037 0.7972 -0.6037
vn 0.3634 0.7964 -0.4833
vn 0.5621 0.3173 -0.7638
vn 0.0069 -0.9996 -0.0272
vn -0.0069 0.9996 0.0272
vn 0.6005 -0.7708 -0.2127
vn 0.9082 0.3066 -0.2848
vn 0.9122 -0.2781 -0.3008
vn 0.5897 0.7894 -0.1702
vn 0.5994 -0.7813 0.1735
vn 0.9066 0.2905 0.3059
vn 0.9107 -0.2942 0.2900
vn 0.5887 0.7789 0.2161
vn 0.3715 -0.7914 0.4854
vn 0.5580 0.2751 0.7829
vn 0.5620 -0.3096 0.7670
vn 0.3608 0.7688 0.5279
vn 0.0037 -0.7972 0.6037
vn -0.0045 0.2663 0.9639
vn -0.0005 -0.3184 0.9479
vn -0.0070 0.7631 0.6463
vn -0.3634 -0.7964 0.4833
vn -0.5661 0.2674 0.7797
vn -0.5621 -0.3173 0.7638
vn -0.3742 0.7638 0.5258
vn -0.5897 -0.7894 0.1702
vn -0.9122 0.2781 0.3008
vn -0.9082 -0.3066 0.2848
vn -0.6005 0.7708 0.2127
vn -0.5887 -0.7789 -0.2161
vn -0.9107 0.2942 -0.2900
vn -0.9066 -0.2905 -0.3059
vn -0.5994 0.7813 -0.1735
vn -0.3608 -0.7688 -0.5279
vn -0.5620 0.3096 -0.7670
vn -0.5580 -0.2751 -0.7829
vn -0.3715 0.7914 -0.4854
usemtl Material.001
s 1
f 4224/5708/4178 4223/5709/4179 4185/5710/4180 4186/5711/4181
f 4222/5712/4182 4221/5713/4183 4183/5714/4184 4184/5715/4185
f 4212/5716/4186 4224/5717/4178 4186/5718/4181
f 4223/5709/4179 4222/5712/4182 4184/5715/4185 4185/5710/4180
f 4221/5719/4183 4203/5720/4187 4183/5721/4184
f 4212/5716/4186 4186/5718/4181 4190/5722/4188
f 4185/5710/4180 4184/5715/4185 4188/5723/4189 4189/5724/4190
f 4183/5721/4184 4203/5720/4187 4187/5725/4191
f 4186/5711/4181 4185/5710/4180 4189/5724/4190 4190/5726/4188
f 4184/5715/4185 4183/5714/4184 4187/5727/4191 4188/5723/4189
f 4212/5716/4186 4190/5722/4188 4194/5728/4192
f 4189/5729/4190 4188/5730/4189 4192/5731/4193 4193/5732/4194
f 4187/5725/4191 4203/5720/4187 4191/5733/4195
f 4190/5734/4188 4189/5729/4190 4193/5732/4194 4194/5735/4192
f 4188/5730/4189 4187/5736/4191 4191/5737/4195 4192/5731/4193
f 4212/5716/4186 4194/5728/4192 4198/5738/4196
f 4193/5732/4194 4192/5731/4193 4196/5739/4197 4197/5740/4198
f 4191/5733/4195 4203/5720/4187 4195/5741/4199
f 4194/5735/4192 4193/5732/4194 4197/5740/4198 4198/5742/4196
f 4192/5731/4193 4191/5737/4195 4195/5743/4199 4196/5739/4197
f 4212/5716/4186 4198/5738/4196 4202/5744/4200
f 4197/5740/4198 4196/5739/4197 4200/5745/4201 4201/5746/4202
f 4195/5741/4199 4203/5720/4187 4199/5747/4203
f 4198/5742/4196 4197/5740/4198 4201/5746/4202 4202/5748/4200
f 4196/5739/4197 4195/5743/4199 4199/5749/4203 4200/5745/4201
f 4212/5716/4186 4202/5744/4200 4207/5750/4204
f 4201/5746/4202 4200/5745/4201 4205/5751/4205 4206/5752/4206
f 4199/5747/4203 4203/5720/4187 4204/5753/4207
f 4202/5748/4200 4201/5746/4202 4206/5752/4206 4207/5754/4204
f 4200/5745/4201 4199/5749/4203 4204/5755/4207 4205/5751/4205
f 4212/5716/4186 4207/5750/4204 4211/5756/4208
f 4206/5752/4206 4205/5751/4205 4209/5757/4209 4210/5758/4210
f 4204/5753/4207 4203/5720/4187 4208/5759/4211
f 4207/5754/4204 4206/5752/4206 4210/5758/4210 4211/5760/4208
f 4205/5751/4205 4204/5755/4207 4208/5761/4211 4209/5757/4209
f 4212/5716/4186 4211/5756/4208 4216/5762/4212
f 4210/5758/4210 4209/5757/4209 4214/5763/4213 4215/5764/4214
f 4208/5759/4211 4203/5720/4187 4213/5765/4215
f 4211/5760/4208 4210/5758/4210 4215/5764/4214 4216/5766/4212
f 4209/5757/4209 4208/5761/4211 4213/5767/4215 4214/5763/4213
f 4212/5716/4186 4216/5762/4212 4220/5768/4216
f 4215/5764/4214 4214/5763/4213 4218/5769/4217 4219/5770/4218
f 4213/5765/4215 4203/5720/4187 4217/5771/4219
f 4216/5766/4212 4215/5764/4214 4219/5770/4218 4220/5772/4216
f 4214/5763/4213 4213/5767/4215 4217/5773/4219 4218/5769/4217
f 4212/5716/4186 4220/5768/4216 4224/5717/4178
f 4219/5770/4218 4218/5769/4217 4222/5712/4182 4223/5709/4179
f 4217/5771/4219 4203/5720/4187 4221/5719/4183
f 4220/5772/4216 4219/5770/4218 4223/5709/4179 4224/5708/4178
f 4218/5769/4217 4217/5773/4219 4221/5713/4183 4222/5712/4182
o Sphere.046_Sphere.048
v 0.059112 1.950580 -0.589974
v 0.066077 1.937123 -0.577054
v 0.066214 1.917742 -0.572485
v 0.059470 1.899840 -0.578012
v 0.066017 1.948458 -0.599184
v 0.077249 1.933689 -0.591956
v 0.077386 1.914308 -0.587386
v 0.066375 1.897717 -0.587221
v 0.066048 1.945772 -0.610576
v 0.077299 1.929344 -0.610389
v 0.077436 1.909963 -0.605819
v 0.066406 1.895032 -0.598613
v 0.059193 1.943549 -0.619800
v 0.066208 1.925747 -0.625313
v 0.066345 1.906366 -0.620743
v 0.059551 1.892809 -0.607837
v 0.048071 1.942638 -0.623331
v 0.048213 1.924272 -0.631027
v 0.048350 1.904891 -0.626457
v 0.048430 1.891897 -0.611368
v 0.047979 1.952972 -0.606310
v 0.036930 1.943386 -0.619822
v 0.030187 1.925484 -0.625348
v 0.030323 1.906103 -0.620779
v 0.037289 1.892646 -0.607859
v 0.030026 1.945509 -0.610612
v 0.019015 1.928918 -0.610447
v 0.019152 1.909537 -0.605877
v 0.030384 1.894769 -0.598649
v 0.048422 1.890254 -0.591523
v 0.029995 1.948195 -0.599220
v 0.018965 1.933264 -0.592014
v 0.019101 1.913883 -0.587444
v 0.030353 1.897454 -0.587257
v 0.036849 1.950418 -0.589997
v 0.030055 1.936861 -0.577090
v 0.030192 1.917480 -0.572521
v 0.037208 1.899677 -0.578034
v 0.047971 1.951329 -0.586465
v 0.048051 1.938335 -0.571376
v 0.048188 1.918954 -0.566807
v 0.048329 1.900589 -0.574502
vt 0.777624 0.420670
vt 0.753292 0.419708
vt 0.753425 0.400987
vt 0.779584 0.404031
vt 0.735335 0.419816
vt 0.713947 0.422810
vt 0.711579 0.408135
vt 0.732999 0.402025
vt 0.838941 0.563673
vt 0.866322 0.554776
vt 0.866322 0.572569
vt 0.866316 0.572569
vt 0.838935 0.563672
vt 0.866316 0.554776
vt 0.855863 0.586963
vt 0.727478 0.380705
vt 0.754566 0.376727
vt 0.855857 0.540381
vt 0.783534 0.386866
vt 0.706021 0.394283
vt 0.838941 0.592462
vt 0.762077 0.554974
vt 0.734989 0.558951
vt 0.736130 0.534692
vt 0.756556 0.533654
vt 0.838935 0.534883
vt 0.783534 0.541396
vt 0.777976 0.527544
vt 0.706021 0.548813
vt 0.709971 0.531648
vt 0.822020 0.586963
vt 0.736264 0.515971
vt 0.754221 0.515862
vt 0.822013 0.540381
vt 0.775608 0.512869
vt 0.711931 0.515008
vt 0.811561 0.572569
vt 0.736352 0.499172
vt 0.753256 0.499513
vt 0.811555 0.554776
vt 0.774784 0.498030
vt 0.713102 0.498905
vt 0.811561 0.554776
vt 0.736485 0.483178
vt 0.752943 0.483745
vt 0.811555 0.572569
vt 0.774716 0.483037
vt 0.713917 0.483211
vt 0.822020 0.540382
vt 0.736611 0.467521
vt 0.752944 0.468157
vt 0.822013 0.586963
vt 0.775051 0.467864
vt 0.714504 0.467815
vt 0.838941 0.534883
vt 0.736612 0.451934
vt 0.753070 0.452500
vt 0.838935 0.592462
vt 0.775638 0.452468
vt 0.714839 0.452642
vt 0.855863 0.540382
vt 0.736299 0.436166
vt 0.753203 0.436507
vt 0.855857 0.586963
vt 0.776453 0.436773
vt 0.714771 0.437648
vn -0.0037 0.6161 -0.7876
vn 0.0005 0.0652 -0.9979
vn -0.5620 0.1030 -0.8206
vn -0.3715 0.6408 -0.6718
vn 0.0045 -0.5041 -0.8636
vn 0.0070 -0.9030 -0.4294
vn -0.3608 -0.8783 -0.3136
vn -0.5580 -0.4663 -0.6864
vn -0.0069 0.9733 -0.2295
vn 0.0069 -0.9733 0.2295
vn -0.5994 0.7109 -0.3677
vn -0.9066 -0.3591 -0.2214
vn -0.9107 0.2102 -0.3556
vn -0.5887 -0.8083 -0.0095
vn -0.6005 0.7996 0.0084
vn -0.9082 -0.2235 0.3538
vn -0.9122 0.3458 0.2196
vn -0.5897 -0.7196 0.3665
vn -0.3742 0.8730 0.3128
vn -0.5621 -0.1112 0.8195
vn -0.5661 0.4581 0.6853
vn -0.3634 -0.6462 0.6710
vn -0.0070 0.9030 0.4294
vn -0.0005 -0.0652 0.9979
vn -0.0045 0.5041 0.8636
vn 0.0037 -0.6161 0.7876
vn 0.3608 0.8783 0.3136
vn 0.5620 -0.1030 0.8206
vn 0.5580 0.4663 0.6864
vn 0.3715 -0.6408 0.6718
vn 0.5887 0.8083 0.0096
vn 0.9107 -0.2102 0.3556
vn 0.9066 0.3591 0.2214
vn 0.5994 -0.7109 0.3677
vn 0.5897 0.7196 -0.3665
vn 0.9122 -0.3458 -0.2196
vn 0.9082 0.2235 -0.3538
vn 0.6005 -0.7996 -0.0084
vn 0.3634 0.6462 -0.6710
vn 0.5661 -0.4581 -0.6853
vn 0.5621 0.1112 -0.8195
vn 0.3742 -0.8730 -0.3128
usemtl Material.001
s 1
f 4266/5774/4220 4265/5775/4221 4227/5776/4222 4228/5777/4223
f 4264/5778/4224 4263/5779/4225 4225/5780/4226 4226/5781/4227
f 4254/5782/4228 4266/5783/4220 4228/5784/4223
f 4265/5775/4221 4264/5778/4224 4226/5781/4227 4227/5776/4222
f 4263/5785/4225 4245/5786/4229 4225/5787/4226
f 4254/5782/4228 4228/5784/4223 4232/5788/4230
f 4227/5776/4222 4226/5781/4227 4230/5789/4231 4231/5790/4232
f 4225/5787/4226 4245/5786/4229 4229/5791/4233
f 4228/5777/4223 4227/5776/4222 4231/5790/4232 4232/5792/4230
f 4226/5781/4227 4225/5780/4226 4229/5793/4233 4230/5789/4231
f 4254/5782/4228 4232/5788/4230 4236/5794/4234
f 4231/5795/4232 4230/5796/4231 4234/5797/4235 4235/5798/4236
f 4229/5791/4233 4245/5786/4229 4233/5799/4237
f 4232/5800/4230 4231/5795/4232 4235/5798/4236 4236/5801/4234
f 4230/5796/4231 4229/5802/4233 4233/5803/4237 4234/5797/4235
f 4254/5782/4228 4236/5794/4234 4240/5804/4238
f 4235/5798/4236 4234/5797/4235 4238/5805/4239 4239/5806/4240
f 4233/5799/4237 4245/5786/4229 4237/5807/4241
f 4236/5801/4234 4235/5798/4236 4239/5806/4240 4240/5808/4238
f 4234/5797/4235 4233/5803/4237 4237/5809/4241 4238/5805/4239
f 4254/5782/4228 4240/5804/4238 4244/5810/4242
f 4239/5806/4240 4238/5805/4239 4242/5811/4243 4243/5812/4244
f 4237/5807/4241 4245/5786/4229 4241/5813/4245
f 4240/5808/4238 4239/5806/4240 4243/5812/4244 4244/5814/4242
f 4238/5805/4239 4237/5809/4241 4241/5815/4245 4242/5811/4243
f 4254/5782/4228 4244/5810/4242 4249/5816/4246
f 4243/5812/4244 4242/5811/4243 4247/5817/4247 4248/5818/4248
f 4241/5813/4245 4245/5786/4229 4246/5819/4249
f 4244/5814/4242 4243/5812/4244 4248/5818/4248 4249/5820/4246
f 4242/5811/4243 4241/5815/4245 4246/5821/4249 4247/5817/4247
f 4254/5782/4228 4249/5816/4246 4253/5822/4250
f 4248/5818/4248 4247/5817/4247 4251/5823/4251 4252/5824/4252
f 4246/5819/4249 4245/5786/4229 4250/5825/4253
f 4249/5820/4246 4248/5818/4248 4252/5824/4252 4253/5826/4250
f 4247/5817/4247 4246/5821/4249 4250/5827/4253 4251/5823/4251
f 4254/5782/4228 4253/5822/4250 4258/5828/4254
f 4252/5824/4252 4251/5823/4251 4256/5829/4255 4257/5830/4256
f 4250/5825/4253 4245/5786/4229 4255/5831/4257
f 4253/5826/4250 4252/5824/4252 4257/5830/4256 4258/5832/4254
f 4251/5823/4251 4250/5827/4253 4255/5833/4257 4256/5829/4255
f 4254/5782/4228 4258/5828/4254 4262/5834/4258
f 4257/5830/4256 4256/5829/4255 4260/5835/4259 4261/5836/4260
f 4255/5831/4257 4245/5786/4229 4259/5837/4261
f 4258/5832/4254 4257/5830/4256 4261/5836/4260 4262/5838/4258
f 4256/5829/4255 4255/5833/4257 4259/5839/4261 4260/5835/4259
f 4254/5782/4228 4262/5834/4258 4266/5783/4220
f 4261/5836/4260 4260/5835/4259 4264/5778/4224 4265/5775/4221
f 4259/5837/4261 4245/5786/4229 4263/5785/4225
f 4262/5838/4258 4261/5836/4260 4265/5775/4221 4266/5774/4220
f 4260/5835/4259 4259/5839/4261 4263/5779/4225 4264/5778/4224
o Sphere.047_Sphere.049
v 0.059112 1.627003 -0.653261
v 0.066077 1.612732 -0.641247
v 0.066214 1.593094 -0.637952
v 0.059470 1.575590 -0.644636
v 0.066017 1.625486 -0.662590
v 0.077249 1.610278 -0.656341
v 0.077386 1.590640 -0.653046
v 0.066375 1.574073 -0.653964
v 0.066048 1.623550 -0.674133
v 0.077299 1.607145 -0.675018
v 0.077436 1.587507 -0.671724
v 0.066406 1.572137 -0.665507
v 0.059193 1.621934 -0.683482
v 0.066208 1.604530 -0.690145
v 0.066345 1.584892 -0.686850
v 0.059551 1.570521 -0.674856
v 0.048071 1.621255 -0.687065
v 0.048213 1.603431 -0.695943
v 0.048350 1.583793 -0.692648
v 0.048430 1.569842 -0.678440
v 0.047979 1.630457 -0.669406
v 0.036930 1.621773 -0.683514
v 0.030187 1.604270 -0.690198
v 0.030323 1.584632 -0.686903
v 0.037289 1.570360 -0.674889
v 0.030026 1.623290 -0.674186
v 0.019015 1.606724 -0.675104
v 0.019152 1.587086 -0.671809
v 0.030384 1.571877 -0.665560
v 0.048422 1.566907 -0.658744
v 0.029995 1.625226 -0.662643
v 0.018965 1.609857 -0.656426
v 0.019101 1.590219 -0.653132
v 0.030353 1.573813 -0.654017
v 0.036849 1.626843 -0.653294
v 0.030055 1.612472 -0.641300
v 0.030192 1.592834 -0.638005
v 0.037208 1.575430 -0.644668
v 0.047971 1.627521 -0.649710
v 0.048051 1.613570 -0.635502
v 0.048188 1.593932 -0.632207
v 0.048329 1.576108 -0.641085
vt 0.777624 0.420670
vt 0.753291 0.419707
vt 0.753425 0.400987
vt 0.779584 0.404031
vt 0.735334 0.419816
vt 0.713947 0.422810
vt 0.711579 0.408134
vt 0.732999 0.402024
vt 0.838941 0.563673
vt 0.866322 0.554776
vt 0.866322 0.572569
vt 0.866316 0.572569
vt 0.838935 0.563672
vt 0.866316 0.554776
vt 0.855863 0.586963
vt 0.727478 0.380704
vt 0.754566 0.376727
vt 0.855857 0.540381
vt 0.783534 0.386865
vt 0.706021 0.394282
vt 0.838941 0.592462
vt 0.762077 0.554974
vt 0.734989 0.558951
vt 0.736130 0.534691
vt 0.756556 0.533653
vt 0.838935 0.534883
vt 0.783534 0.541396
vt 0.777976 0.527544
vt 0.706021 0.548812
vt 0.709971 0.531647
vt 0.822020 0.586963
vt 0.736263 0.515970
vt 0.754220 0.515862
vt 0.822013 0.540381
vt 0.775608 0.512868
vt 0.711931 0.515008
vt 0.811561 0.572569
vt 0.736352 0.499172
vt 0.753256 0.499512
vt 0.811555 0.554776
vt 0.774784 0.498030
vt 0.713102 0.498905
vt 0.811561 0.554776
vt 0.736485 0.483178
vt 0.752943 0.483744
vt 0.811555 0.572569
vt 0.774716 0.483037
vt 0.713917 0.483211
vt 0.822020 0.540382
vt 0.736611 0.467521
vt 0.752944 0.468157
vt 0.822013 0.586963
vt 0.775051 0.467864
vt 0.714504 0.467814
vt 0.838941 0.534883
vt 0.736612 0.451934
vt 0.753070 0.452500
vt 0.838935 0.592461
vt 0.775638 0.452467
vt 0.714839 0.452641
vt 0.855863 0.540382
vt 0.736299 0.436166
vt 0.753203 0.436506
vt 0.855857 0.586963
vt 0.776453 0.436773
vt 0.714771 0.437648
vn -0.0037 0.6662 -0.7457
vn 0.0005 0.1302 -0.9915
vn -0.5620 0.1564 -0.8122
vn -0.3715 0.6833 -0.6285
vn 0.0045 -0.4466 -0.8947
vn 0.0070 -0.8731 -0.4875
vn -0.3608 -0.8560 -0.3703
vn -0.5580 -0.4205 -0.7154
vn -0.0069 0.9862 -0.1654
vn 0.0069 -0.9862 0.1654
vn -0.5994 0.7334 -0.3205
vn -0.9066 -0.3439 -0.2444
vn -0.9107 0.2330 -0.3411
vn -0.5887 -0.8059 -0.0623
vn -0.6005 0.7973 0.0605
vn -0.9082 -0.2461 0.3385
vn -0.9122 0.3308 0.2417
vn -0.5897 -0.7420 0.3188
vn -0.3742 0.8507 0.3692
vn -0.5621 -0.1645 0.8105
vn -0.5661 0.4124 0.7137
vn -0.3634 -0.6886 0.6274
vn -0.0070 0.8731 0.4875
vn -0.0005 -0.1302 0.9915
vn -0.0045 0.4466 0.8947
vn 0.0037 -0.6662 0.7457
vn 0.3608 0.8560 0.3703
vn 0.5620 -0.1564 0.8122
vn 0.5580 0.4205 0.7154
vn 0.3715 -0.6833 0.6285
vn 0.5887 0.8059 0.0623
vn 0.9107 -0.2330 0.3411
vn 0.9066 0.3439 0.2444
vn 0.5994 -0.7334 0.3205
vn 0.5897 0.7420 -0.3188
vn 0.9122 -0.3308 -0.2417
vn 0.9082 0.2461 -0.3385
vn 0.6005 -0.7973 -0.0605
vn 0.3634 0.6886 -0.6274
vn 0.5661 -0.4124 -0.7137
vn 0.5621 0.1645 -0.8105
vn 0.3742 -0.8507 -0.3692
usemtl Material.001
s 1
f 4308/5840/4262 4307/5841/4263 4269/5842/4264 4270/5843/4265
f 4306/5844/4266 4305/5845/4267 4267/5846/4268 4268/5847/4269
f 4296/5848/4270 4308/5849/4262 4270/5850/4265
f 4307/5841/4263 4306/5844/4266 4268/5847/4269 4269/5842/4264
f 4305/5851/4267 4287/5852/4271 4267/5853/4268
f 4296/5848/4270 4270/5850/4265 4274/5854/4272
f 4269/5842/4264 4268/5847/4269 4272/5855/4273 4273/5856/4274
f 4267/5853/4268 4287/5852/4271 4271/5857/4275
f 4270/5843/4265 4269/5842/4264 4273/5856/4274 4274/5858/4272
f 4268/5847/4269 4267/5846/4268 4271/5859/4275 4272/5855/4273
f 4296/5848/4270 4274/5854/4272 4278/5860/4276
f 4273/5861/4274 4272/5862/4273 4276/5863/4277 4277/5864/4278
f 4271/5857/4275 4287/5852/4271 4275/5865/4279
f 4274/5866/4272 4273/5861/4274 4277/5864/4278 4278/5867/4276
f 4272/5862/4273 4271/5868/4275 4275/5869/4279 4276/5863/4277
f 4296/5848/4270 4278/5860/4276 4282/5870/4280
f 4277/5864/4278 4276/5863/4277 4280/5871/4281 4281/5872/4282
f 4275/5865/4279 4287/5852/4271 4279/5873/4283
f 4278/5867/4276 4277/5864/4278 4281/5872/4282 4282/5874/4280
f 4276/5863/4277 4275/5869/4279 4279/5875/4283 4280/5871/4281
f 4296/5848/4270 4282/5870/4280 4286/5876/4284
f 4281/5872/4282 4280/5871/4281 4284/5877/4285 4285/5878/4286
f 4279/5873/4283 4287/5852/4271 4283/5879/4287
f 4282/5874/4280 4281/5872/4282 4285/5878/4286 4286/5880/4284
f 4280/5871/4281 4279/5875/4283 4283/5881/4287 4284/5877/4285
f 4296/5848/4270 4286/5876/4284 4291/5882/4288
f 4285/5878/4286 4284/5877/4285 4289/5883/4289 4290/5884/4290
f 4283/5879/4287 4287/5852/4271 4288/5885/4291
f 4286/5880/4284 4285/5878/4286 4290/5884/4290 4291/5886/4288
f 4284/5877/4285 4283/5881/4287 4288/5887/4291 4289/5883/4289
f 4296/5848/4270 4291/5882/4288 4295/5888/4292
f 4290/5884/4290 4289/5883/4289 4293/5889/4293 4294/5890/4294
f 4288/5885/4291 4287/5852/4271 4292/5891/4295
f 4291/5886/4288 4290/5884/4290 4294/5890/4294 4295/5892/4292
f 4289/5883/4289 4288/5887/4291 4292/5893/4295 4293/5889/4293
f 4296/5848/4270 4295/5888/4292 4300/5894/4296
f 4294/5890/4294 4293/5889/4293 4298/5895/4297 4299/5896/4298
f 4292/5891/4295 4287/5852/4271 4297/5897/4299
f 4295/5892/4292 4294/5890/4294 4299/5896/4298 4300/5898/4296
f 4293/5889/4293 4292/5893/4295 4297/5899/4299 4298/5895/4297
f 4296/5848/4270 4300/5894/4296 4304/5900/4300
f 4299/5896/4298 4298/5895/4297 4302/5901/4301 4303/5902/4302
f 4297/5897/4299 4287/5852/4271 4301/5903/4303
f 4300/5898/4296 4299/5896/4298 4303/5902/4302 4304/5904/4300
f 4298/5895/4297 4297/5899/4299 4301/5905/4303 4302/5901/4301
f 4296/5848/4270 4304/5900/4300 4308/5849/4262
f 4303/5902/4302 4302/5901/4301 4306/5844/4266 4307/5841/4263
f 4301/5903/4303 4287/5852/4271 4305/5851/4267
f 4304/5904/4300 4303/5902/4302 4307/5841/4263 4308/5840/4262
f 4302/5901/4301 4301/5905/4303 4305/5845/4267 4306/5844/4266
o Sphere.048_Sphere.050
v 0.068665 0.878223 -0.704735
v 0.075631 0.862184 -0.695209
v 0.075767 0.842271 -0.695161
v 0.069024 0.826092 -0.704609
v 0.075570 0.878248 -0.714186
v 0.086802 0.862224 -0.710501
v 0.086939 0.842311 -0.710453
v 0.075928 0.826116 -0.714060
v 0.075601 0.878220 -0.725891
v 0.086852 0.862178 -0.729439
v 0.086989 0.842266 -0.729391
v 0.075959 0.826088 -0.725765
v 0.068746 0.878149 -0.735378
v 0.075762 0.862065 -0.744790
v 0.075899 0.842152 -0.744742
v 0.069105 0.826018 -0.735252
v 0.057624 0.878064 -0.739024
v 0.057766 0.861927 -0.750690
v 0.057903 0.842014 -0.750641
v 0.057983 0.825933 -0.738898
v 0.057532 0.884263 -0.720101
v 0.046484 0.877996 -0.735437
v 0.039740 0.861817 -0.744885
v 0.039877 0.841904 -0.744837
v 0.046842 0.825865 -0.735310
v 0.039579 0.877972 -0.725986
v 0.028568 0.861777 -0.729593
v 0.028705 0.841865 -0.729544
v 0.039937 0.825840 -0.725859
v 0.057975 0.819825 -0.719945
v 0.039548 0.878000 -0.714281
v 0.028518 0.861822 -0.710654
v 0.028655 0.841910 -0.710606
v 0.039906 0.825868 -0.714155
v 0.046403 0.878070 -0.704794
v 0.039609 0.861936 -0.695304
v 0.039746 0.842023 -0.695256
v 0.046761 0.825939 -0.704668
v 0.057524 0.878155 -0.701148
v 0.057604 0.862074 -0.689404
v 0.057741 0.842162 -0.689356
v 0.057883 0.826024 -0.701021
vt 0.777624 0.420670
vt 0.753291 0.419708
vt 0.753425 0.400987
vt 0.779584 0.404031
vt 0.735334 0.419816
vt 0.713946 0.422810
vt 0.711578 0.408135
vt 0.732999 0.402025
vt 0.838941 0.563673
vt 0.866321 0.554776
vt 0.866321 0.572569
vt 0.866316 0.572568
vt 0.838935 0.563672
vt 0.866316 0.554776
vt 0.855863 0.586963
vt 0.727478 0.380705
vt 0.754565 0.376727
vt 0.855857 0.540381
vt 0.783533 0.386866
vt 0.706021 0.394283
vt 0.838941 0.592462
vt 0.762076 0.554974
vt 0.734989 0.558952
vt 0.736130 0.534692
vt 0.756556 0.533654
vt 0.838935 0.534883
vt 0.783533 0.541396
vt 0.777976 0.527544
vt 0.706021 0.548813
vt 0.709970 0.531648
vt 0.822019 0.586963
vt 0.736263 0.515971
vt 0.754220 0.515863
vt 0.822013 0.540381
vt 0.775608 0.512869
vt 0.711930 0.515009
vt 0.811561 0.572569
vt 0.736352 0.499172
vt 0.753256 0.499513
vt 0.811555 0.554776
vt 0.774784 0.498030
vt 0.713102 0.498906
vt 0.811561 0.554776
vt 0.736484 0.483179
vt 0.752942 0.483745
vt 0.811555 0.572568
vt 0.774716 0.483037
vt 0.713917 0.483211
vt 0.822019 0.540382
vt 0.736610 0.467522
vt 0.752944 0.468157
vt 0.822013 0.586963
vt 0.775051 0.467864
vt 0.714503 0.467815
vt 0.838941 0.534883
vt 0.736612 0.451934
vt 0.753070 0.452500
vt 0.838935 0.592461
vt 0.775638 0.452468
vt 0.714839 0.452642
vt 0.855863 0.540382
vt 0.736298 0.436166
vt 0.753203 0.436507
vt 0.855857 0.586963
vt 0.776453 0.436773
vt 0.714771 0.437649
vn -0.0037 0.7789 -0.6271
vn 0.0005 0.2902 -0.9570
vn -0.5620 0.2867 -0.7758
vn -0.3715 0.7767 -0.5087
vn 0.0045 -0.2947 -0.9555
vn 0.0070 -0.7819 -0.6233
vn -0.3608 -0.7841 -0.5049
vn -0.5580 -0.2982 -0.7744
vn -0.0069 1.0000 -0.0024
vn 0.0069 -1.0000 0.0024
vn -0.5994 0.7758 -0.1966
vn -0.9066 -0.2994 -0.2972
vn -0.9107 0.2855 -0.2986
vn -0.5887 -0.7850 -0.1928
vn -0.6005 0.7768 0.1897
vn -0.9082 -0.2980 0.2938
vn -0.9122 0.2869 0.2924
vn -0.5897 -0.7841 0.1935
vn -0.3742 0.7791 0.5029
vn -0.5621 -0.2945 0.7729
vn -0.5661 0.2904 0.7714
vn -0.3634 -0.7817 0.5067
vn -0.0070 0.7819 0.6233
vn -0.0005 -0.2902 0.9570
vn -0.0045 0.2947 0.9555
vn 0.0037 -0.7789 0.6271
vn 0.3608 0.7841 0.5049
vn 0.5620 -0.2867 0.7758
vn 0.5580 0.2982 0.7744
vn 0.3715 -0.7767 0.5087
vn 0.5887 0.7850 0.1928
vn 0.9107 -0.2855 0.2986
vn 0.9066 0.2994 0.2972
vn 0.5994 -0.7758 0.1966
vn 0.5897 0.7841 -0.1935
vn 0.9122 -0.2869 -0.2924
vn 0.9082 0.2980 -0.2938
vn 0.6005 -0.7768 -0.1897
vn 0.3634 0.7817 -0.5067
vn 0.5661 -0.2904 -0.7714
vn 0.5621 0.2945 -0.7729
vn 0.3742 -0.7791 -0.5029
usemtl Material.001
s 1
f 4350/5906/4304 4349/5907/4305 4311/5908/4306 4312/5909/4307
f 4348/5910/4308 4347/5911/4309 4309/5912/4310 4310/5913/4311
f 4338/5914/4312 4350/5915/4304 4312/5916/4307
f 4349/5907/4305 4348/5910/4308 4310/5913/4311 4311/5908/4306
f 4347/5917/4309 4329/5918/4313 4309/5919/4310
f 4338/5914/4312 4312/5916/4307 4316/5920/4314
f 4311/5908/4306 4310/5913/4311 4314/5921/4315 4315/5922/4316
f 4309/5919/4310 4329/5918/4313 4313/5923/4317
f 4312/5909/4307 4311/5908/4306 4315/5922/4316 4316/5924/4314
f 4310/5913/4311 4309/5912/4310 4313/5925/4317 4314/5921/4315
f 4338/5914/4312 4316/5920/4314 4320/5926/4318
f 4315/5927/4316 4314/5928/4315 4318/5929/4319 4319/5930/4320
f 4313/5923/4317 4329/5918/4313 4317/5931/4321
f 4316/5932/4314 4315/5927/4316 4319/5930/4320 4320/5933/4318
f 4314/5928/4315 4313/5934/4317 4317/5935/4321 4318/5929/4319
f 4338/5914/4312 4320/5926/4318 4324/5936/4322
f 4319/5930/4320 4318/5929/4319 4322/5937/4323 4323/5938/4324
f 4317/5931/4321 4329/5918/4313 4321/5939/4325
f 4320/5933/4318 4319/5930/4320 4323/5938/4324 4324/5940/4322
f 4318/5929/4319 4317/5935/4321 4321/5941/4325 4322/5937/4323
f 4338/5914/4312 4324/5936/4322 4328/5942/4326
f 4323/5938/4324 4322/5937/4323 4326/5943/4327 4327/5944/4328
f 4321/5939/4325 4329/5918/4313 4325/5945/4329
f 4324/5940/4322 4323/5938/4324 4327/5944/4328 4328/5946/4326
f 4322/5937/4323 4321/5941/4325 4325/5947/4329 4326/5943/4327
f 4338/5914/4312 4328/5942/4326 4333/5948/4330
f 4327/5944/4328 4326/5943/4327 4331/5949/4331 4332/5950/4332
f 4325/5945/4329 4329/5918/4313 4330/5951/4333
f 4328/5946/4326 4327/5944/4328 4332/5950/4332 4333/5952/4330
f 4326/5943/4327 4325/5947/4329 4330/5953/4333 4331/5949/4331
f 4338/5914/4312 4333/5948/4330 4337/5954/4334
f 4332/5950/4332 4331/5949/4331 4335/5955/4335 4336/5956/4336
f 4330/5951/4333 4329/5918/4313 4334/5957/4337
f 4333/5952/4330 4332/5950/4332 4336/5956/4336 4337/5958/4334
f 4331/5949/4331 4330/5953/4333 4334/5959/4337 4335/5955/4335
f 4338/5914/4312 4337/5954/4334 4342/5960/4338
f 4336/5956/4336 4335/5955/4335 4340/5961/4339 4341/5962/4340
f 4334/5957/4337 4329/5918/4313 4339/5963/4341
f 4337/5958/4334 4336/5956/4336 4341/5962/4340 4342/5964/4338
f 4335/5955/4335 4334/5959/4337 4339/5965/4341 4340/5961/4339
f 4338/5914/4312 4342/5960/4338 4346/5966/4342
f 4341/5962/4340 4340/5961/4339 4344/5967/4343 4345/5968/4344
f 4339/5963/4341 4329/5918/4313 4343/5969/4345
f 4342/5964/4338 4341/5962/4340 4345/5968/4344 4346/5970/4342
f 4340/5961/4339 4339/5965/4341 4343/5971/4345 4344/5967/4343
f 4338/5914/4312 4346/5966/4342 4350/5915/4304
f 4345/5968/4344 4344/5967/4343 4348/5910/4308 4349/5907/4305
f 4343/5969/4345 4329/5918/4313 4347/5917/4309
f 4346/5970/4342 4345/5968/4344 4349/5907/4305 4350/5906/4304
f 4344/5967/4343 4343/5971/4345 4347/5911/4309 4348/5910/4308
o Sphere.049_Sphere.051
v 0.068665 0.606351 -0.700137
v 0.075631 0.590311 -0.690611
v 0.075767 0.570399 -0.690563
v 0.069024 0.554219 -0.700011
v 0.075570 0.606375 -0.709588
v 0.086802 0.590351 -0.705903
v 0.086939 0.570439 -0.705855
v 0.075928 0.554244 -0.709462
v 0.075601 0.606347 -0.721292
v 0.086852 0.590305 -0.724841
v 0.086989 0.570393 -0.724793
v 0.075959 0.554216 -0.721166
v 0.068746 0.606277 -0.730780
v 0.075762 0.590192 -0.740192
v 0.075899 0.570280 -0.740143
v 0.069105 0.554146 -0.730653
v 0.057624 0.606192 -0.734426
v 0.057766 0.590054 -0.746091
v 0.057903 0.570142 -0.746043
v 0.057983 0.554060 -0.734299
v 0.057532 0.612390 -0.715502
v 0.046484 0.606124 -0.730838
v 0.039740 0.589944 -0.740286
v 0.039877 0.570032 -0.740238
v 0.046842 0.553992 -0.730712
v 0.039579 0.606099 -0.721387
v 0.028568 0.589904 -0.724994
v 0.028705 0.569992 -0.724946
v 0.039937 0.553968 -0.721261
v 0.057975 0.547953 -0.715346
v 0.039548 0.606127 -0.709683
v 0.028518 0.589950 -0.706056
v 0.028655 0.570037 -0.706008
v 0.039906 0.553996 -0.709556
v 0.046403 0.606197 -0.700195
v 0.039609 0.590063 -0.690705
v 0.039746 0.570151 -0.690657
v 0.046761 0.554066 -0.700069
v 0.057524 0.606283 -0.696549
v 0.057604 0.590201 -0.684806
v 0.057741 0.570289 -0.684758
v 0.057883 0.554151 -0.696423
vt 0.777624 0.420670
vt 0.753291 0.419708
vt 0.753425 0.400987
vt 0.779584 0.404031
vt 0.735334 0.419816
vt 0.713947 0.422810
vt 0.711579 0.408135
vt 0.732999 0.402025
vt 0.838942 0.563673
vt 0.866322 0.554776
vt 0.866322 0.572569
vt 0.866316 0.572568
vt 0.838935 0.563672
vt 0.866316 0.554776
vt 0.855863 0.586963
vt 0.727478 0.380705
vt 0.754566 0.376727
vt 0.855857 0.540381
vt 0.783534 0.386866
vt 0.706021 0.394283
vt 0.838942 0.592462
vt 0.762077 0.554974
vt 0.734989 0.558952
vt 0.736130 0.534692
vt 0.756556 0.533654
vt 0.838935 0.534883
vt 0.783534 0.541396
vt 0.777976 0.527544
vt 0.706021 0.548813
vt 0.709971 0.531648
vt 0.822020 0.586963
vt 0.736263 0.515971
vt 0.754220 0.515863
vt 0.822013 0.540381
vt 0.775608 0.512869
vt 0.711930 0.515009
vt 0.811561 0.572569
vt 0.736352 0.499172
vt 0.753256 0.499513
vt 0.811555 0.554776
vt 0.774784 0.498030
vt 0.713102 0.498906
vt 0.811561 0.554776
vt 0.736485 0.483179
vt 0.752943 0.483745
vt 0.811555 0.572568
vt 0.774716 0.483037
vt 0.713917 0.483211
vt 0.822020 0.540382
vt 0.736611 0.467522
vt 0.752944 0.468157
vt 0.822013 0.586963
vt 0.775051 0.467864
vt 0.714503 0.467815
vt 0.838942 0.534883
vt 0.736612 0.451934
vt 0.753070 0.452500
vt 0.838935 0.592461
vt 0.775638 0.452468
vt 0.714839 0.452642
vt 0.855863 0.540382
vt 0.736299 0.436166
vt 0.753203 0.436507
vt 0.855857 0.586963
vt 0.776453 0.436773
vt 0.714771 0.437649
vn -0.0037 0.7789 -0.6271
vn 0.0005 0.2902 -0.9570
vn -0.5620 0.2867 -0.7758
vn -0.3715 0.7767 -0.5087
vn 0.0045 -0.2947 -0.9555
vn 0.0070 -0.7819 -0.6233
vn -0.3608 -0.7841 -0.5049
vn -0.5580 -0.2982 -0.7744
vn -0.0069 1.0000 -0.0024
vn 0.0069 -1.0000 0.0024
vn -0.5994 0.7758 -0.1966
vn -0.9066 -0.2994 -0.2972
vn -0.9107 0.2855 -0.2986
vn -0.5887 -0.7850 -0.1928
vn -0.6005 0.7768 0.1897
vn -0.9082 -0.2980 0.2938
vn -0.9122 0.2869 0.2924
vn -0.5897 -0.7841 0.1935
vn -0.3742 0.7791 0.5029
vn -0.5621 -0.2945 0.7729
vn -0.5661 0.2904 0.7714
vn -0.3634 -0.7817 0.5067
vn -0.0070 0.7819 0.6233
vn -0.0005 -0.2902 0.9570
vn -0.0045 0.2947 0.9555
vn 0.0037 -0.7789 0.6271
vn 0.3608 0.7841 0.5049
vn 0.5620 -0.2867 0.7758
vn 0.5580 0.2982 0.7744
vn 0.3715 -0.7767 0.5087
vn 0.5887 0.7850 0.1929
vn 0.9107 -0.2855 0.2986
vn 0.9066 0.2994 0.2972
vn 0.5994 -0.7758 0.1966
vn 0.5897 0.7840 -0.1935
vn 0.9122 -0.2869 -0.2924
vn 0.9082 0.2980 -0.2938
vn 0.6005 -0.7768 -0.1897
vn 0.3634 0.7817 -0.5067
vn 0.5661 -0.2904 -0.7714
vn 0.5621 0.2945 -0.7729
vn 0.3742 -0.7791 -0.5029
usemtl Material.001
s 1
f 4392/5972/4346 4391/5973/4347 4353/5974/4348 4354/5975/4349
f 4390/5976/4350 4389/5977/4351 4351/5978/4352 4352/5979/4353
f 4380/5980/4354 4392/5981/4346 4354/5982/4349
f 4391/5973/4347 4390/5976/4350 4352/5979/4353 4353/5974/4348
f 4389/5983/4351 4371/5984/4355 4351/5985/4352
f 4380/5980/4354 4354/5982/4349 4358/5986/4356
f 4353/5974/4348 4352/5979/4353 4356/5987/4357 4357/5988/4358
f 4351/5985/4352 4371/5984/4355 4355/5989/4359
f 4354/5975/4349 4353/5974/4348 4357/5988/4358 4358/5990/4356
f 4352/5979/4353 4351/5978/4352 4355/5991/4359 4356/5987/4357
f 4380/5980/4354 4358/5986/4356 4362/5992/4360
f 4357/5993/4358 4356/5994/4357 4360/5995/4361 4361/5996/4362
f 4355/5989/4359 4371/5984/4355 4359/5997/4363
f 4358/5998/4356 4357/5993/4358 4361/5996/4362 4362/5999/4360
f 4356/5994/4357 4355/6000/4359 4359/6001/4363 4360/5995/4361
f 4380/5980/4354 4362/5992/4360 4366/6002/4364
f 4361/5996/4362 4360/5995/4361 4364/6003/4365 4365/6004/4366
f 4359/5997/4363 4371/5984/4355 4363/6005/4367
f 4362/5999/4360 4361/5996/4362 4365/6004/4366 4366/6006/4364
f 4360/5995/4361 4359/6001/4363 4363/6007/4367 4364/6003/4365
f 4380/5980/4354 4366/6002/4364 4370/6008/4368
f 4365/6004/4366 4364/6003/4365 4368/6009/4369 4369/6010/4370
f 4363/6005/4367 4371/5984/4355 4367/6011/4371
f 4366/6006/4364 4365/6004/4366 4369/6010/4370 4370/6012/4368
f 4364/6003/4365 4363/6007/4367 4367/6013/4371 4368/6009/4369
f 4380/5980/4354 4370/6008/4368 4375/6014/4372
f 4369/6010/4370 4368/6009/4369 4373/6015/4373 4374/6016/4374
f 4367/6011/4371 4371/5984/4355 4372/6017/4375
f 4370/6012/4368 4369/6010/4370 4374/6016/4374 4375/6018/4372
f 4368/6009/4369 4367/6013/4371 4372/6019/4375 4373/6015/4373
f 4380/5980/4354 4375/6014/4372 4379/6020/4376
f 4374/6016/4374 4373/6015/4373 4377/6021/4377 4378/6022/4378
f 4372/6017/4375 4371/5984/4355 4376/6023/4379
f 4375/6018/4372 4374/6016/4374 4378/6022/4378 4379/6024/4376
f 4373/6015/4373 4372/6019/4375 4376/6025/4379 4377/6021/4377
f 4380/5980/4354 4379/6020/4376 4384/6026/4380
f 4378/6022/4378 4377/6021/4377 4382/6027/4381 4383/6028/4382
f 4376/6023/4379 4371/5984/4355 4381/6029/4383
f 4379/6024/4376 4378/6022/4378 4383/6028/4382 4384/6030/4380
f 4377/6021/4377 4376/6025/4379 4381/6031/4383 4382/6027/4381
f 4380/5980/4354 4384/6026/4380 4388/6032/4384
f 4383/6028/4382 4382/6027/4381 4386/6033/4385 4387/6034/4386
f 4381/6029/4383 4371/5984/4355 4385/6035/4387
f 4384/6030/4380 4383/6028/4382 4387/6034/4386 4388/6036/4384
f 4382/6027/4381 4381/6031/4383 4385/6037/4387 4386/6033/4385
f 4380/5980/4354 4388/6032/4384 4392/5981/4346
f 4387/6034/4386 4386/6033/4385 4390/5976/4350 4391/5973/4347
f 4385/6035/4387 4371/5984/4355 4389/5983/4351
f 4388/6036/4384 4387/6034/4386 4391/5973/4347 4392/5972/4346
f 4386/6033/4385 4385/6037/4387 4389/5977/4351 4390/5976/4350
o Sphere.050_Sphere.052
v 0.068665 0.327004 -0.694002
v 0.075631 0.310689 -0.684956
v 0.075767 0.290784 -0.685499
v 0.069024 0.274892 -0.695423
v 0.075570 0.327309 -0.703448
v 0.086802 0.311183 -0.700240
v 0.086939 0.291277 -0.700783
v 0.075928 0.275197 -0.704869
v 0.075601 0.327628 -0.715148
v 0.086853 0.311699 -0.719171
v 0.086989 0.291794 -0.719714
v 0.075959 0.275516 -0.716569
v 0.068746 0.327840 -0.724633
v 0.075762 0.312041 -0.734518
v 0.075899 0.292136 -0.735061
v 0.069105 0.275728 -0.726054
v 0.057624 0.327863 -0.728280
v 0.057766 0.312078 -0.740420
v 0.057903 0.292173 -0.740962
v 0.057983 0.275751 -0.729701
v 0.057532 0.333497 -0.709181
v 0.046484 0.327688 -0.724696
v 0.039740 0.311796 -0.734620
v 0.039877 0.291891 -0.735163
v 0.046842 0.275576 -0.726117
v 0.039579 0.327383 -0.715250
v 0.028568 0.311303 -0.719336
v 0.028705 0.291398 -0.719879
v 0.039937 0.275271 -0.716671
v 0.057975 0.269083 -0.710938
v 0.039548 0.327064 -0.703550
v 0.028518 0.310786 -0.700405
v 0.028655 0.290881 -0.700948
v 0.039906 0.274952 -0.704971
v 0.046403 0.326853 -0.694065
v 0.039609 0.310444 -0.685058
v 0.039746 0.290539 -0.685601
v 0.046761 0.274740 -0.695486
v 0.057524 0.326830 -0.690418
v 0.057604 0.310407 -0.679157
v 0.057741 0.290502 -0.679700
v 0.057883 0.274718 -0.691839
vt 0.777624 0.420670
vt 0.753291 0.419708
vt 0.753425 0.400987
vt 0.779584 0.404031
vt 0.735334 0.419816
vt 0.713947 0.422810
vt 0.711579 0.408134
vt 0.732999 0.402025
vt 0.838935 0.563672
vt 0.855857 0.540381
vt 0.866316 0.554776
vt 0.838942 0.534883
vt 0.838942 0.563672
vt 0.822020 0.540381
vt 0.866316 0.572569
vt 0.727478 0.380704
vt 0.754566 0.376727
vt 0.811561 0.554776
vt 0.783534 0.386866
vt 0.706021 0.394282
vt 0.855857 0.586963
vt 0.762076 0.554974
vt 0.734989 0.558951
vt 0.736130 0.534691
vt 0.756556 0.533654
vt 0.811561 0.572569
vt 0.783534 0.541396
vt 0.777976 0.527544
vt 0.706021 0.548813
vt 0.709971 0.531647
vt 0.838935 0.592461
vt 0.736263 0.515971
vt 0.754220 0.515862
vt 0.822020 0.586963
vt 0.775608 0.512869
vt 0.711930 0.515008
vt 0.822013 0.586963
vt 0.736352 0.499172
vt 0.753256 0.499512
vt 0.838942 0.592462
vt 0.774784 0.498030
vt 0.713102 0.498905
vt 0.811555 0.572568
vt 0.736485 0.483178
vt 0.752943 0.483744
vt 0.855863 0.586963
vt 0.774716 0.483037
vt 0.713917 0.483211
vt 0.811555 0.554776
vt 0.736611 0.467521
vt 0.752944 0.468157
vt 0.866322 0.572569
vt 0.775051 0.467864
vt 0.714503 0.467815
vt 0.822013 0.540381
vt 0.736612 0.451934
vt 0.753070 0.452500
vt 0.866322 0.554776
vt 0.775638 0.452467
vt 0.714839 0.452641
vt 0.838935 0.534883
vt 0.736299 0.436166
vt 0.753203 0.436507
vt 0.855863 0.540381
vt 0.776453 0.436773
vt 0.714771 0.437648
vn -0.0037 0.7972 -0.6037
vn 0.0005 0.3184 -0.9479
vn -0.5620 0.3096 -0.7670
vn -0.3715 0.7914 -0.4854
vn 0.0045 -0.2663 -0.9639
vn 0.0070 -0.7631 -0.6463
vn -0.3608 -0.7688 -0.5279
vn -0.5580 -0.2751 -0.7829
vn -0.0069 0.9996 0.0272
vn 0.0069 -0.9996 -0.0273
vn -0.5994 0.7813 -0.1735
vn -0.9066 -0.2905 -0.3059
vn -0.9107 0.2942 -0.2900
vn -0.5887 -0.7789 -0.2161
vn -0.6005 0.7708 0.2127
vn -0.9082 -0.3066 0.2848
vn -0.9122 0.2781 0.3008
vn -0.5897 -0.7894 0.1702
vn -0.3742 0.7638 0.5258
vn -0.5621 -0.3173 0.7638
vn -0.5661 0.2674 0.7797
vn -0.3634 -0.7964 0.4833
vn -0.0070 0.7631 0.6463
vn -0.0005 -0.3184 0.9479
vn -0.0045 0.2663 0.9639
vn 0.0037 -0.7972 0.6037
vn 0.3608 0.7688 0.5279
vn 0.5620 -0.3096 0.7670
vn 0.5580 0.2751 0.7829
vn 0.3715 -0.7914 0.4854
vn 0.5887 0.7789 0.2161
vn 0.9107 -0.2942 0.2900
vn 0.9066 0.2905 0.3059
vn 0.5994 -0.7813 0.1735
vn 0.5897 0.7894 -0.1702
vn 0.9122 -0.2781 -0.3008
vn 0.9082 0.3066 -0.2848
vn 0.6005 -0.7708 -0.2127
vn 0.3634 0.7964 -0.4833
vn 0.5661 -0.2674 -0.7797
vn 0.5621 0.3173 -0.7638
vn 0.3742 -0.7638 -0.5258
usemtl Material.001
s 1
f 4434/6038/4388 4433/6039/4389 4395/6040/4390 4396/6041/4391
f 4432/6042/4392 4431/6043/4393 4393/6044/4394 4394/6045/4395
f 4422/6046/4396 4434/6047/4388 4396/6048/4391
f 4433/6039/4389 4432/6042/4392 4394/6045/4395 4395/6040/4390
f 4431/6049/4393 4413/6050/4397 4393/6051/4394
f 4422/6046/4396 4396/6048/4391 4400/6052/4398
f 4395/6040/4390 4394/6045/4395 4398/6053/4399 4399/6054/4400
f 4393/6051/4394 4413/6050/4397 4397/6055/4401
f 4396/6041/4391 4395/6040/4390 4399/6054/4400 4400/6056/4398
f 4394/6045/4395 4393/6044/4394 4397/6057/4401 4398/6053/4399
f 4422/6046/4396 4400/6052/4398 4404/6058/4402
f 4399/6059/4400 4398/6060/4399 4402/6061/4403 4403/6062/4404
f 4397/6055/4401 4413/6050/4397 4401/6063/4405
f 4400/6064/4398 4399/6059/4400 4403/6062/4404 4404/6065/4402
f 4398/6060/4399 4397/6066/4401 4401/6067/4405 4402/6061/4403
f 4422/6046/4396 4404/6058/4402 4408/6068/4406
f 4403/6062/4404 4402/6061/4403 4406/6069/4407 4407/6070/4408
f 4401/6063/4405 4413/6050/4397 4405/6071/4409
f 4404/6065/4402 4403/6062/4404 4407/6070/4408 4408/6072/4406
f 4402/6061/4403 4401/6067/4405 4405/6073/4409 4406/6069/4407
f 4422/6046/4396 4408/6068/4406 4412/6074/4410
f 4407/6070/4408 4406/6069/4407 4410/6075/4411 4411/6076/4412
f 4405/6071/4409 4413/6050/4397 4409/6077/4413
f 4408/6072/4406 4407/6070/4408 4411/6076/4412 4412/6078/4410
f 4406/6069/4407 4405/6073/4409 4409/6079/4413 4410/6075/4411
f 4422/6046/4396 4412/6074/4410 4417/6080/4414
f 4411/6076/4412 4410/6075/4411 4415/6081/4415 4416/6082/4416
f 4409/6077/4413 4413/6050/4397 4414/6083/4417
f 4412/6078/4410 4411/6076/4412 4416/6082/4416 4417/6084/4414
f 4410/6075/4411 4409/6079/4413 4414/6085/4417 4415/6081/4415
f 4422/6046/4396 4417/6080/4414 4421/6086/4418
f 4416/6082/4416 4415/6081/4415 4419/6087/4419 4420/6088/4420
f 4414/6083/4417 4413/6050/4397 4418/6089/4421
f 4417/6084/4414 4416/6082/4416 4420/6088/4420 4421/6090/4418
f 4415/6081/4415 4414/6085/4417 4418/6091/4421 4419/6087/4419
f 4422/6046/4396 4421/6086/4418 4426/6092/4422
f 4420/6088/4420 4419/6087/4419 4424/6093/4423 4425/6094/4424
f 4418/6089/4421 4413/6050/4397 4423/6095/4425
f 4421/6090/4418 4420/6088/4420 4425/6094/4424 4426/6096/4422
f 4419/6087/4419 4418/6091/4421 4423/6097/4425 4424/6093/4423
f 4422/6046/4396 4426/6092/4422 4430/6098/4426
f 4425/6094/4424 4424/6093/4423 4428/6099/4427 4429/6100/4428
f 4423/6095/4425 4413/6050/4397 4427/6101/4429
f 4426/6096/4422 4425/6094/4424 4429/6100/4428 4430/6102/4426
f 4424/6093/4423 4423/6097/4425 4427/6103/4429 4428/6099/4427
f 4422/6046/4396 4430/6098/4426 4434/6047/4388
f 4429/6100/4428 4428/6099/4427 4432/6042/4392 4433/6039/4389
f 4427/6101/4429 4413/6050/4397 4431/6049/4393
f 4430/6102/4426 4429/6100/4428 4433/6039/4389 4434/6038/4388
f 4428/6099/4427 4427/6103/4429 4431/6043/4393 4432/6042/4392
