# Export of Cubik Model: Cubik Model
# Designed by Rchomczyk with Cubik Studio - https://cubik.studio
# from Cubik OBJ Exporter v1.0
mtllib sombrero.mtl
v 4 1 -7 1 1 0.4431373
v 3 1 -7 0.8 0.8 0.3545098
v 3 1 -6 0.9 0.9 0.3988235
v 4 1 -6 1 1 0.4431373
v 3 1 -6 1 1 0.4431373
v 3 2 -6 0.9 0.9 0.3988235
v 4 2 -6 1 1 0.4431373
v 4 1 -6 1 1 0.4431373
v 4 1 -7 1 1 0.4431373
v 4 2 -7 0.9 0.9 0.3988235
v 3 2 -7 0.8 0.8 0.3545098
v 3 1 -7 0.8 0.8 0.3545098
v 4 1 -6 1 1 0.4431373
v 4 2 -6 1 1 0.4431373
v 4 2 -7 1 1 0.4431373
v 4 1 -7 1 1 0.4431373
v 4 1 -10 1 1 0.4431373
v 3 1 -10 0.9 0.9 0.3988235
v 3 1 -9 0.8 0.8 0.3545098
v 4 1 -9 1 1 0.4431373
v 3 1 -9 0.8 0.8 0.3545098
v 3 2 -9 0.8 0.8 0.3545098
v 4 2 -9 0.9 0.9 0.3988235
v 4 1 -9 1 1 0.4431373
v 4 1 -10 1 1 0.4431373
v 4 2 -10 1 1 0.4431373
v 3 2 -10 0.9 0.9 0.3988235
v 3 1 -10 1 1 0.4431373
v 4 1 -9 1 1 0.4431373
v 4 2 -9 1 1 0.4431373
v 4 2 -10 1 1 0.4431373
v 4 1 -10 1 1 0.4431373
v 3 2 -6 0.9 0.9 0.3988235
v 3 3 -6 0.8 0.8 0.3545098
v 4 3 -6 1 1 0.4431373
v 4 2 -6 1 1 0.4431373
v 4 2 -6 1 1 0.4431373
v 4 3 -6 1 1 0.4431373
v 4 3 -7 1 1 0.4431373
v 4 2 -7 1 1 0.4431373
v 3 2 -7 0.8 0.8 0.3545098
v 3 3 -7 1 1 0.4431373
v 3 3 -6 0.8 0.8 0.3545098
v 3 2 -6 0.8 0.8 0.3545098
v 4 2 -8 1 1 0.4431373
v 3 2 -8 0.8 0.8 0.3545098
v 3 2 -7 0.8 0.8 0.3545098
v 4 2 -7 0.9 0.9 0.3988235
v 4 2 -7 1 1 0.4431373
v 4 3 -7 1 1 0.4431373
v 4 3 -8 1 1 0.4431373
v 4 2 -8 1 1 0.4431373
v 3 2 -8 0.8 0.8 0.3545098
v 3 3 -8 1 1 0.4431373
v 3 3 -7 1 1 0.4431373
v 3 2 -7 0.8 0.8 0.3545098
v 4 2 -9 0.9 0.9 0.3988235
v 3 2 -9 0.8 0.8 0.3545098
v 3 2 -8 0.8 0.8 0.3545098
v 4 2 -8 1 1 0.4431373
v 4 2 -8 1 1 0.4431373
v 4 3 -8 1 1 0.4431373
v 4 3 -9 1 1 0.4431373
v 4 2 -9 1 1 0.4431373
v 3 2 -9 0.8 0.8 0.3545098
v 3 3 -9 1 1 0.4431373
v 3 3 -8 1 1 0.4431373
v 3 2 -8 0.8 0.8 0.3545098
v 4 2 -10 1 1 0.4431373
v 4 3 -10 1 1 0.4431373
v 3 3 -10 0.8 0.8 0.3545098
v 3 2 -10 0.9 0.9 0.3988235
v 4 2 -9 1 1 0.4431373
v 4 3 -9 1 1 0.4431373
v 4 3 -10 1 1 0.4431373
v 4 2 -10 1 1 0.4431373
v 3 2 -10 0.8 0.8 0.3545098
v 3 3 -10 0.8 0.8 0.3545098
v 3 3 -9 1 1 0.4431373
v 3 2 -9 0.8 0.8 0.3545098
v 4 4 -6 0.1058824 0.1058824 0.1058824
v 3 4 -6 0.1058824 0.1058824 0.1058824
v 3 4 -7 0.1058824 0.1058824 0.1058824
v 4 4 -7 0.1058824 0.1058824 0.1058824
v 3 3 -6 0.08470588 0.08470588 0.08470588
v 3 4 -6 0.09529412 0.09529412 0.09529412
v 4 4 -6 0.1058824 0.1058824 0.1058824
v 4 3 -6 0.1058824 0.1058824 0.1058824
v 4 3 -6 0.1058824 0.1058824 0.1058824
v 4 4 -6 0.1058824 0.1058824 0.1058824
v 4 4 -7 0.1058824 0.1058824 0.1058824
v 4 3 -7 0.1058824 0.1058824 0.1058824
v 3 3 -7 0.1058824 0.1058824 0.1058824
v 3 4 -7 0.1058824 0.1058824 0.1058824
v 3 4 -6 0.09529412 0.09529412 0.09529412
v 3 3 -6 0.08470588 0.08470588 0.08470588
v 4 4 -7 0.1058824 0.1058824 0.1058824
v 3 4 -7 0.1058824 0.1058824 0.1058824
v 3 4 -8 0.1058824 0.1058824 0.1058824
v 4 4 -8 0.1058824 0.1058824 0.1058824
v 4 3 -7 0.1058824 0.1058824 0.1058824
v 4 4 -7 0.1058824 0.1058824 0.1058824
v 4 4 -8 0.1058824 0.1058824 0.1058824
v 4 3 -8 0.1058824 0.1058824 0.1058824
v 3 3 -8 0.1058824 0.1058824 0.1058824
v 3 4 -8 0.1058824 0.1058824 0.1058824
v 3 4 -7 0.1058824 0.1058824 0.1058824
v 3 3 -7 0.1058824 0.1058824 0.1058824
v 4 4 -8 0.1058824 0.1058824 0.1058824
v 3 4 -8 0.1058824 0.1058824 0.1058824
v 3 4 -9 0.1058824 0.1058824 0.1058824
v 4 4 -9 0.1058824 0.1058824 0.1058824
v 4 3 -8 0.1058824 0.1058824 0.1058824
v 4 4 -8 0.1058824 0.1058824 0.1058824
v 4 4 -9 0.1058824 0.1058824 0.1058824
v 4 3 -9 0.1058824 0.1058824 0.1058824
v 3 3 -9 0.1058824 0.1058824 0.1058824
v 3 4 -9 0.1058824 0.1058824 0.1058824
v 3 4 -8 0.1058824 0.1058824 0.1058824
v 3 3 -8 0.1058824 0.1058824 0.1058824
v 4 4 -9 0.1058824 0.1058824 0.1058824
v 3 4 -9 0.1058824 0.1058824 0.1058824
v 3 4 -10 0.1058824 0.1058824 0.1058824
v 4 4 -10 0.1058824 0.1058824 0.1058824
v 4 3 -10 0.1058824 0.1058824 0.1058824
v 4 4 -10 0.1058824 0.1058824 0.1058824
v 3 4 -10 0.09529412 0.09529412 0.09529412
v 3 3 -10 0.08470588 0.08470588 0.08470588
v 4 3 -9 0.1058824 0.1058824 0.1058824
v 4 4 -9 0.1058824 0.1058824 0.1058824
v 4 4 -10 0.1058824 0.1058824 0.1058824
v 4 3 -10 0.1058824 0.1058824 0.1058824
v 3 3 -10 0.08470588 0.08470588 0.08470588
v 3 4 -10 0.09529412 0.09529412 0.09529412
v 3 4 -9 0.1058824 0.1058824 0.1058824
v 3 3 -9 0.1058824 0.1058824 0.1058824
v 3 0 -7 1 1 0.4431373
v 2 0 -7 1 1 0.4431373
v 2 0 -6 1 1 0.4431373
v 3 0 -6 1 1 0.4431373
v 2 0 -6 0.9 0.9 0.3988235
v 2 1 -6 0.8 0.8 0.3545098
v 3 1 -6 1 1 0.4431373
v 3 0 -6 1 1 0.4431373
v 3 0 -6 1 1 0.4431373
v 3 1 -6 0.9 0.9 0.3988235
v 3 1 -7 0.9 0.9 0.3988235
v 3 0 -7 1 1 0.4431373
v 3 0 -8 1 1 0.4431373
v 2 0 -8 1 1 0.4431373
v 2 0 -7 1 1 0.4431373
v 3 0 -7 1 1 0.4431373
v 3 0 -7 1 1 0.4431373
v 3 1 -7 0.9 0.9 0.3988235
v 3 1 -8 1 1 0.4431373
v 3 0 -8 1 1 0.4431373
v 3 0 -9 1 1 0.4431373
v 2 0 -9 1 1 0.4431373
v 2 0 -8 1 1 0.4431373
v 3 0 -8 1 1 0.4431373
v 3 0 -8 1 1 0.4431373
v 3 1 -8 1 1 0.4431373
v 3 1 -9 0.9 0.9 0.3988235
v 3 0 -9 1 1 0.4431373
v 3 0 -10 1 1 0.4431373
v 2 0 -10 1 1 0.4431373
v 2 0 -9 1 1 0.4431373
v 3 0 -9 1 1 0.4431373
v 3 0 -10 1 1 0.4431373
v 3 1 -10 1 1 0.4431373
v 2 1 -10 0.8 0.8 0.3545098
v 2 0 -10 0.9 0.9 0.3988235
v 3 0 -9 1 1 0.4431373
v 3 1 -9 0.9 0.9 0.3988235
v 3 1 -10 0.9 0.9 0.3988235
v 3 0 -10 1 1 0.4431373
v 3 2 -6 0.8 0.8 0.3545098
v 2 2 -6 0.9 0.9 0.3988235
v 2 2 -7 1 1 0.4431373
v 3 2 -7 0.8 0.8 0.3545098
v 2 1 -6 0.8 0.8 0.3545098
v 2 2 -6 0.8 0.8 0.3545098
v 3 2 -6 0.9 0.9 0.3988235
v 3 1 -6 1 1 0.4431373
v 2 1 -7 0.8 0.8 0.3545098
v 2 2 -7 1 1 0.4431373
v 2 2 -6 0.9 0.9 0.3988235
v 2 1 -6 0.8 0.8 0.3545098
v 3 2 -7 0.8 0.8 0.3545098
v 2 2 -7 1 1 0.4431373
v 2 2 -8 1 1 0.4431373
v 3 2 -8 0.8 0.8 0.3545098
v 3 1 -7 0.9 0.9 0.3988235
v 3 2 -7 0.8 0.8 0.3545098
v 3 2 -8 0.8 0.8 0.3545098
v 3 1 -8 1 1 0.4431373
v 2 1 -8 0.8 0.8 0.3545098
v 2 2 -8 1 1 0.4431373
v 2 2 -7 1 1 0.4431373
v 2 1 -7 0.8 0.8 0.3545098
v 3 2 -8 0.8 0.8 0.3545098
v 2 2 -8 1 1 0.4431373
v 2 2 -9 1 1 0.4431373
v 3 2 -9 0.8 0.8 0.3545098
v 3 1 -8 1 1 0.4431373
v 3 2 -8 0.8 0.8 0.3545098
v 3 2 -9 0.8 0.8 0.3545098
v 3 1 -9 0.9 0.9 0.3988235
v 2 1 -9 0.8 0.8 0.3545098
v 2 2 -9 1 1 0.4431373
v 2 2 -8 1 1 0.4431373
v 2 1 -8 0.8 0.8 0.3545098
v 3 2 -9 0.8 0.8 0.3545098
v 2 2 -9 1 1 0.4431373
v 2 2 -10 0.9 0.9 0.3988235
v 3 2 -10 0.8 0.8 0.3545098
v 3 1 -10 1 1 0.4431373
v 3 2 -10 0.9 0.9 0.3988235
v 2 2 -10 0.8 0.8 0.3545098
v 2 1 -10 0.8 0.8 0.3545098
v 2 1 -10 0.8 0.8 0.3545098
v 2 2 -10 0.9 0.9 0.3988235
v 2 2 -9 1 1 0.4431373
v 2 1 -9 0.8 0.8 0.3545098
v 3 2 -5 1 1 0.4431373
v 2 2 -5 0.8 0.8 0.3545098
v 2 2 -4 0.9 0.9 0.3988235
v 3 2 -4 1 1 0.4431373
v 2 2 -4 0.9 0.9 0.3988235
v 2 3 -4 0.8 0.8 0.3545098
v 3 3 -4 1 1 0.4431373
v 3 2 -4 1 1 0.4431373
v 3 2 -4 1 1 0.4431373
v 3 3 -4 1 1 0.4431373
v 3 3 -5 1 1 0.4431373
v 3 2 -5 1 1 0.4431373
v 2 2 -5 0.8 0.8 0.3545098
v 2 3 -5 1 1 0.4431373
v 2 3 -4 0.8 0.8 0.3545098
v 2 2 -4 0.8 0.8 0.3545098
v 3 2 -6 0.8 0.8 0.3545098
v 2 2 -6 0.8 0.8 0.3545098
v 2 2 -5 0.8 0.8 0.3545098
v 3 2 -5 1 1 0.4431373
v 3 2 -6 0.8 0.8 0.3545098
v 3 3 -6 0.8 0.8 0.3545098
v 2 3 -6 1 1 0.4431373
v 2 2 -6 0.9 0.9 0.3988235
v 3 2 -5 1 1 0.4431373
v 3 3 -5 1 1 0.4431373
v 3 3 -6 0.8 0.8 0.3545098
v 3 2 -6 0.8 0.8 0.3545098
v 2 2 -6 0.9 0.9 0.3988235
v 2 3 -6 1 1 0.4431373
v 2 3 -5 1 1 0.4431373
v 2 2 -5 0.8 0.8 0.3545098
v 3 2 -11 1 1 0.4431373
v 2 2 -11 0.8 0.8 0.3545098
v 2 2 -10 0.8 0.8 0.3545098
v 3 2 -10 0.8 0.8 0.3545098
v 2 2 -10 0.9 0.9 0.3988235
v 2 3 -10 1 1 0.4431373
v 3 3 -10 0.8 0.8 0.3545098
v 3 2 -10 0.8 0.8 0.3545098
v 3 2 -10 0.8 0.8 0.3545098
v 3 3 -10 0.8 0.8 0.3545098
v 3 3 -11 1 1 0.4431373
v 3 2 -11 1 1 0.4431373
v 2 2 -11 0.8 0.8 0.3545098
v 2 3 -11 1 1 0.4431373
v 2 3 -10 1 1 0.4431373
v 2 2 -10 0.9 0.9 0.3988235
v 3 2 -12 1 1 0.4431373
v 2 2 -12 0.9 0.9 0.3988235
v 2 2 -11 0.8 0.8 0.3545098
v 3 2 -11 1 1 0.4431373
v 3 2 -12 1 1 0.4431373
v 3 3 -12 1 1 0.4431373
v 2 3 -12 0.8 0.8 0.3545098
v 2 2 -12 0.9 0.9 0.3988235
v 3 2 -11 1 1 0.4431373
v 3 3 -11 1 1 0.4431373
v 3 3 -12 1 1 0.4431373
v 3 2 -12 1 1 0.4431373
v 2 2 -12 0.8 0.8 0.3545098
v 2 3 -12 0.8 0.8 0.3545098
v 2 3 -11 1 1 0.4431373
v 2 2 -11 0.8 0.8 0.3545098
v 3 4 -4 0.1058824 0.1058824 0.1058824
v 2 4 -4 0.1058824 0.1058824 0.1058824
v 2 4 -5 0.1058824 0.1058824 0.1058824
v 3 4 -5 0.1058824 0.1058824 0.1058824
v 2 3 -4 0.08470588 0.08470588 0.08470588
v 2 4 -4 0.09529412 0.09529412 0.09529412
v 3 4 -4 0.1058824 0.1058824 0.1058824
v 3 3 -4 0.1058824 0.1058824 0.1058824
v 3 3 -4 0.1058824 0.1058824 0.1058824
v 3 4 -4 0.1058824 0.1058824 0.1058824
v 3 4 -5 0.1058824 0.1058824 0.1058824
v 3 3 -5 0.1058824 0.1058824 0.1058824
v 2 3 -5 0.1058824 0.1058824 0.1058824
v 2 4 -5 0.1058824 0.1058824 0.1058824
v 2 4 -4 0.09529412 0.09529412 0.09529412
v 2 3 -4 0.08470588 0.08470588 0.08470588
v 3 4 -5 0.1058824 0.1058824 0.1058824
v 2 4 -5 0.1058824 0.1058824 0.1058824
v 2 4 -6 0.1058824 0.1058824 0.1058824
v 3 4 -6 0.1058824 0.1058824 0.1058824
v 3 3 -6 0.08470588 0.08470588 0.08470588
v 3 4 -6 0.09529412 0.09529412 0.09529412
v 2 4 -6 0.1058824 0.1058824 0.1058824
v 2 3 -6 0.1058824 0.1058824 0.1058824
v 3 3 -5 0.1058824 0.1058824 0.1058824
v 3 4 -5 0.1058824 0.1058824 0.1058824
v 3 4 -6 0.09529412 0.09529412 0.09529412
v 3 3 -6 0.08470588 0.08470588 0.08470588
v 2 3 -6 0.1058824 0.1058824 0.1058824
v 2 4 -6 0.1058824 0.1058824 0.1058824
v 2 4 -5 0.1058824 0.1058824 0.1058824
v 2 3 -5 0.1058824 0.1058824 0.1058824
v 3 4 -10 0.1058824 0.1058824 0.1058824
v 2 4 -10 0.1058824 0.1058824 0.1058824
v 2 4 -11 0.1058824 0.1058824 0.1058824
v 3 4 -11 0.1058824 0.1058824 0.1058824
v 2 3 -10 0.1058824 0.1058824 0.1058824
v 2 4 -10 0.1058824 0.1058824 0.1058824
v 3 4 -10 0.09529412 0.09529412 0.09529412
v 3 3 -10 0.08470588 0.08470588 0.08470588
v 3 3 -10 0.08470588 0.08470588 0.08470588
v 3 4 -10 0.09529412 0.09529412 0.09529412
v 3 4 -11 0.1058824 0.1058824 0.1058824
v 3 3 -11 0.1058824 0.1058824 0.1058824
v 2 3 -11 0.1058824 0.1058824 0.1058824
v 2 4 -11 0.1058824 0.1058824 0.1058824
v 2 4 -10 0.1058824 0.1058824 0.1058824
v 2 3 -10 0.1058824 0.1058824 0.1058824
v 3 4 -11 0.1058824 0.1058824 0.1058824
v 2 4 -11 0.1058824 0.1058824 0.1058824
v 2 4 -12 0.1058824 0.1058824 0.1058824
v 3 4 -12 0.1058824 0.1058824 0.1058824
v 3 3 -12 0.1058824 0.1058824 0.1058824
v 3 4 -12 0.1058824 0.1058824 0.1058824
v 2 4 -12 0.09529412 0.09529412 0.09529412
v 2 3 -12 0.08470588 0.08470588 0.08470588
v 3 3 -11 0.1058824 0.1058824 0.1058824
v 3 4 -11 0.1058824 0.1058824 0.1058824
v 3 4 -12 0.1058824 0.1058824 0.1058824
v 3 3 -12 0.1058824 0.1058824 0.1058824
v 2 3 -12 0.08470588 0.08470588 0.08470588
v 2 4 -12 0.09529412 0.09529412 0.09529412
v 2 4 -11 0.1058824 0.1058824 0.1058824
v 2 3 -11 0.1058824 0.1058824 0.1058824
v 2 0 -5 1 1 0.4431373
v 1 0 -5 1 1 0.4431373
v 1 0 -4 1 1 0.4431373
v 2 0 -4 1 1 0.4431373
v 1 0 -4 0.9 0.9 0.3988235
v 1 1 -4 0.8 0.8 0.3545098
v 2 1 -4 1 1 0.4431373
v 2 0 -4 1 1 0.4431373
v 2 0 -4 1 1 0.4431373
v 2 1 -4 1 1 0.4431373
v 2 1 -5 1 1 0.4431373
v 2 0 -5 1 1 0.4431373
v 2 0 -6 1 1 0.4431373
v 1 0 -6 1 1 0.4431373
v 1 0 -5 1 1 0.4431373
v 2 0 -5 1 1 0.4431373
v 2 0 -5 1 1 0.4431373
v 2 1 -5 1 1 0.4431373
v 2 1 -6 0.8 0.8 0.3545098
v 2 0 -6 0.9 0.9 0.3988235
v 2 0 -7 1 1 0.4431373
v 1 0 -7 1 1 0.4431373
v 1 0 -6 1 1 0.4431373
v 2 0 -6 1 1 0.4431373
v 2 1 -6 0.8 0.8 0.3545098
v 1 1 -6 0.9 0.9 0.3988235
v 1 1 -7 1 1 0.4431373
v 2 1 -7 0.8 0.8 0.3545098
v 2 0 -8 1 1 0.4431373
v 1 0 -8 1 1 0.4431373
v 1 0 -7 1 1 0.4431373
v 2 0 -7 1 1 0.4431373
v 2 1 -7 0.8 0.8 0.3545098
v 1 1 -7 1 1 0.4431373
v 1 1 -8 1 1 0.4431373
v 2 1 -8 0.8 0.8 0.3545098
v 2 0 -9 1 1 0.4431373
v 1 0 -9 1 1 0.4431373
v 1 0 -8 1 1 0.4431373
v 2 0 -8 1 1 0.4431373
v 2 1 -8 0.8 0.8 0.3545098
v 1 1 -8 1 1 0.4431373
v 1 1 -9 1 1 0.4431373
v 2 1 -9 0.8 0.8 0.3545098
v 2 0 -10 1 1 0.4431373
v 1 0 -10 1 1 0.4431373
v 1 0 -9 1 1 0.4431373
v 2 0 -9 1 1 0.4431373
v 2 1 -9 0.8 0.8 0.3545098
v 1 1 -9 1 1 0.4431373
v 1 1 -10 0.9 0.9 0.3988235
v 2 1 -10 0.8 0.8 0.3545098
v 2 0 -11 1 1 0.4431373
v 1 0 -11 1 1 0.4431373
v 1 0 -10 1 1 0.4431373
v 2 0 -10 1 1 0.4431373
v 2 0 -10 0.9 0.9 0.3988235
v 2 1 -10 0.8 0.8 0.3545098
v 2 1 -11 1 1 0.4431373
v 2 0 -11 1 1 0.4431373
v 2 0 -12 1 1 0.4431373
v 1 0 -12 1 1 0.4431373
v 1 0 -11 1 1 0.4431373
v 2 0 -11 1 1 0.4431373
v 2 0 -12 1 1 0.4431373
v 2 1 -12 1 1 0.4431373
v 1 1 -12 0.8 0.8 0.3545098
v 1 0 -12 0.9 0.9 0.3988235
v 2 0 -11 1 1 0.4431373
v 2 1 -11 1 1 0.4431373
v 2 1 -12 1 1 0.4431373
v 2 0 -12 1 1 0.4431373
v 2 2 -4 0.8 0.8 0.3545098
v 1 2 -4 0.9 0.9 0.3988235
v 1 2 -5 1 1 0.4431373
v 2 2 -5 0.8 0.8 0.3545098
v 1 1 -4 0.8 0.8 0.3545098
v 1 2 -4 0.8 0.8 0.3545098
v 2 2 -4 0.9 0.9 0.3988235
v 2 1 -4 1 1 0.4431373
v 2 1 -4 1 1 0.4431373
v 2 2 -4 0.9 0.9 0.3988235
v 2 2 -5 0.8 0.8 0.3545098
v 2 1 -5 1 1 0.4431373
v 1 1 -5 0.8 0.8 0.3545098
v 1 2 -5 1 1 0.4431373
v 1 2 -4 0.9 0.9 0.3988235
v 1 1 -4 0.8 0.8 0.3545098
v 2 2 -5 0.8 0.8 0.3545098
v 1 2 -5 1 1 0.4431373
v 1 2 -6 1 1 0.4431373
v 2 2 -6 0.9 0.9 0.3988235
v 2 1 -6 0.8 0.8 0.3545098
v 2 2 -6 0.9 0.9 0.3988235
v 1 2 -6 1 1 0.4431373
v 1 1 -6 0.8 0.8 0.3545098
v 2 1 -5 1 1 0.4431373
v 2 2 -5 0.8 0.8 0.3545098
v 2 2 -6 0.8 0.8 0.3545098
v 2 1 -6 0.8 0.8 0.3545098
v 1 1 -6 0.8 0.8 0.3545098
v 1 2 -6 1 1 0.4431373
v 1 2 -5 1 1 0.4431373
v 1 1 -5 0.8 0.8 0.3545098
v 2 2 -10 0.9 0.9 0.3988235
v 1 2 -10 1 1 0.4431373
v 1 2 -11 1 1 0.4431373
v 2 2 -11 0.8 0.8 0.3545098
v 1 1 -10 0.8 0.8 0.3545098
v 1 2 -10 1 1 0.4431373
v 2 2 -10 0.9 0.9 0.3988235
v 2 1 -10 0.8 0.8 0.3545098
v 2 1 -10 0.8 0.8 0.3545098
v 2 2 -10 0.8 0.8 0.3545098
v 2 2 -11 0.8 0.8 0.3545098
v 2 1 -11 1 1 0.4431373
v 1 1 -11 0.8 0.8 0.3545098
v 1 2 -11 1 1 0.4431373
v 1 2 -10 1 1 0.4431373
v 1 1 -10 0.8 0.8 0.3545098
v 2 2 -11 0.8 0.8 0.3545098
v 1 2 -11 1 1 0.4431373
v 1 2 -12 0.9 0.9 0.3988235
v 2 2 -12 0.8 0.8 0.3545098
v 2 1 -12 1 1 0.4431373
v 2 2 -12 0.9 0.9 0.3988235
v 1 2 -12 0.8 0.8 0.3545098
v 1 1 -12 0.8 0.8 0.3545098
v 2 1 -11 1 1 0.4431373
v 2 2 -11 0.8 0.8 0.3545098
v 2 2 -12 0.9 0.9 0.3988235
v 2 1 -12 1 1 0.4431373
v 1 1 -12 0.8 0.8 0.3545098
v 1 2 -12 0.9 0.9 0.3988235
v 1 2 -11 1 1 0.4431373
v 1 1 -11 0.8 0.8 0.3545098
v 2 2 -3 1 1 0.4431373
v 1 2 -3 0.8 0.8 0.3545098
v 1 2 -2 0.9 0.9 0.3988235
v 2 2 -2 1 1 0.4431373
v 1 2 -2 0.9 0.9 0.3988235
v 1 3 -2 0.8 0.8 0.3545098
v 2 3 -2 1 1 0.4431373
v 2 2 -2 1 1 0.4431373
v 2 2 -2 1 1 0.4431373
v 2 3 -2 1 1 0.4431373
v 2 3 -3 1 1 0.4431373
v 2 2 -3 1 1 0.4431373
v 1 2 -3 0.8 0.8 0.3545098
v 1 3 -3 1 1 0.4431373
v 1 3 -2 0.8 0.8 0.3545098
v 1 2 -2 0.8 0.8 0.3545098
v 2 2 -4 0.9 0.9 0.3988235
v 1 2 -4 0.8 0.8 0.3545098
v 1 2 -3 0.8 0.8 0.3545098
v 2 2 -3 1 1 0.4431373
v 2 2 -4 0.8 0.8 0.3545098
v 2 3 -4 0.8 0.8 0.3545098
v 1 3 -4 1 1 0.4431373
v 1 2 -4 0.9 0.9 0.3988235
v 2 2 -3 1 1 0.4431373
v 2 3 -3 1 1 0.4431373
v 2 3 -4 0.8 0.8 0.3545098
v 2 2 -4 0.9 0.9 0.3988235
v 1 2 -4 0.9 0.9 0.3988235
v 1 3 -4 1 1 0.4431373
v 1 3 -3 1 1 0.4431373
v 1 2 -3 0.8 0.8 0.3545098
v 2 2 -13 1 1 0.4431373
v 1 2 -13 0.8 0.8 0.3545098
v 1 2 -12 0.8 0.8 0.3545098
v 2 2 -12 0.9 0.9 0.3988235
v 1 2 -12 0.9 0.9 0.3988235
v 1 3 -12 1 1 0.4431373
v 2 3 -12 0.8 0.8 0.3545098
v 2 2 -12 0.8 0.8 0.3545098
v 2 2 -12 0.9 0.9 0.3988235
v 2 3 -12 0.8 0.8 0.3545098
v 2 3 -13 1 1 0.4431373
v 2 2 -13 1 1 0.4431373
v 1 2 -13 0.8 0.8 0.3545098
v 1 3 -13 1 1 0.4431373
v 1 3 -12 1 1 0.4431373
v 1 2 -12 0.9 0.9 0.3988235
v 2 2 -14 1 1 0.4431373
v 1 2 -14 0.9 0.9 0.3988235
v 1 2 -13 0.8 0.8 0.3545098
v 2 2 -13 1 1 0.4431373
v 2 2 -14 1 1 0.4431373
v 2 3 -14 1 1 0.4431373
v 1 3 -14 0.8 0.8 0.3545098
v 1 2 -14 0.9 0.9 0.3988235
v 2 2 -13 1 1 0.4431373
v 2 3 -13 1 1 0.4431373
v 2 3 -14 1 1 0.4431373
v 2 2 -14 1 1 0.4431373
v 1 2 -14 0.8 0.8 0.3545098
v 1 3 -14 0.8 0.8 0.3545098
v 1 3 -13 1 1 0.4431373
v 1 2 -13 0.8 0.8 0.3545098
v 2 4 -2 0.1058824 0.1058824 0.1058824
v 1 4 -2 0.1058824 0.1058824 0.1058824
v 1 4 -3 0.1058824 0.1058824 0.1058824
v 2 4 -3 0.1058824 0.1058824 0.1058824
v 1 3 -2 0.08470588 0.08470588 0.08470588
v 1 4 -2 0.09529412 0.09529412 0.09529412
v 2 4 -2 0.1058824 0.1058824 0.1058824
v 2 3 -2 0.1058824 0.1058824 0.1058824
v 2 3 -2 0.1058824 0.1058824 0.1058824
v 2 4 -2 0.1058824 0.1058824 0.1058824
v 2 4 -3 0.1058824 0.1058824 0.1058824
v 2 3 -3 0.1058824 0.1058824 0.1058824
v 1 3 -3 0.1058824 0.1058824 0.1058824
v 1 4 -3 0.1058824 0.1058824 0.1058824
v 1 4 -2 0.09529412 0.09529412 0.09529412
v 1 3 -2 0.08470588 0.08470588 0.08470588
v 2 4 -3 0.1058824 0.1058824 0.1058824
v 1 4 -3 0.1058824 0.1058824 0.1058824
v 1 4 -4 0.1058824 0.1058824 0.1058824
v 2 4 -4 0.1058824 0.1058824 0.1058824
v 2 3 -4 0.08470588 0.08470588 0.08470588
v 2 4 -4 0.09529412 0.09529412 0.09529412
v 1 4 -4 0.1058824 0.1058824 0.1058824
v 1 3 -4 0.1058824 0.1058824 0.1058824
v 2 3 -3 0.1058824 0.1058824 0.1058824
v 2 4 -3 0.1058824 0.1058824 0.1058824
v 2 4 -4 0.09529412 0.09529412 0.09529412
v 2 3 -4 0.08470588 0.08470588 0.08470588
v 1 3 -4 0.1058824 0.1058824 0.1058824
v 1 4 -4 0.1058824 0.1058824 0.1058824
v 1 4 -3 0.1058824 0.1058824 0.1058824
v 1 3 -3 0.1058824 0.1058824 0.1058824
v 2 4 -12 0.1058824 0.1058824 0.1058824
v 1 4 -12 0.1058824 0.1058824 0.1058824
v 1 4 -13 0.1058824 0.1058824 0.1058824
v 2 4 -13 0.1058824 0.1058824 0.1058824
v 1 3 -12 0.1058824 0.1058824 0.1058824
v 1 4 -12 0.1058824 0.1058824 0.1058824
v 2 4 -12 0.09529412 0.09529412 0.09529412
v 2 3 -12 0.08470588 0.08470588 0.08470588
v 2 3 -12 0.08470588 0.08470588 0.08470588
v 2 4 -12 0.09529412 0.09529412 0.09529412
v 2 4 -13 0.1058824 0.1058824 0.1058824
v 2 3 -13 0.1058824 0.1058824 0.1058824
v 1 3 -13 0.1058824 0.1058824 0.1058824
v 1 4 -13 0.1058824 0.1058824 0.1058824
v 1 4 -12 0.1058824 0.1058824 0.1058824
v 1 3 -12 0.1058824 0.1058824 0.1058824
v 2 4 -13 0.1058824 0.1058824 0.1058824
v 1 4 -13 0.1058824 0.1058824 0.1058824
v 1 4 -14 0.1058824 0.1058824 0.1058824
v 2 4 -14 0.1058824 0.1058824 0.1058824
v 2 3 -14 0.1058824 0.1058824 0.1058824
v 2 4 -14 0.1058824 0.1058824 0.1058824
v 1 4 -14 0.09529412 0.09529412 0.09529412
v 1 3 -14 0.08470588 0.08470588 0.08470588
v 2 3 -13 0.1058824 0.1058824 0.1058824
v 2 4 -13 0.1058824 0.1058824 0.1058824
v 2 4 -14 0.1058824 0.1058824 0.1058824
v 2 3 -14 0.1058824 0.1058824 0.1058824
v 1 3 -14 0.08470588 0.08470588 0.08470588
v 1 4 -14 0.09529412 0.09529412 0.09529412
v 1 4 -13 0.1058824 0.1058824 0.1058824
v 1 3 -13 0.1058824 0.1058824 0.1058824
v 1 0 -3 1 1 0.4431373
v 0 0 -3 1 1 0.4431373
v 0 0 -2 1 1 0.4431373
v 1 0 -2 1 1 0.4431373
v 0 0 -2 0.9 0.9 0.3988235
v 0 1 -2 0.8 0.8 0.3545098
v 1 1 -2 1 1 0.4431373
v 1 0 -2 1 1 0.4431373
v 1 0 -2 1 1 0.4431373
v 1 1 -2 1 1 0.4431373
v 1 1 -3 1 1 0.4431373
v 1 0 -3 1 1 0.4431373
v 1 0 -4 1 1 0.4431373
v 0 0 -4 1 1 0.4431373
v 0 0 -3 1 1 0.4431373
v 1 0 -3 1 1 0.4431373
v 1 0 -3 1 1 0.4431373
v 1 1 -3 1 1 0.4431373
v 1 1 -4 0.8 0.8 0.3545098
v 1 0 -4 0.9 0.9 0.3988235
v 1 0 -5 1 1 0.4431373
v 0 0 -5 1 1 0.4431373
v 0 0 -4 1 1 0.4431373
v 1 0 -4 1 1 0.4431373
v 1 1 -4 0.8 0.8 0.3545098
v 0 1 -4 0.9 0.9 0.3988235
v 0 1 -5 1 1 0.4431373
v 1 1 -5 0.8 0.8 0.3545098
v 1 0 -6 1 1 0.4431373
v 0 0 -6 1 1 0.4431373
v 0 0 -5 1 1 0.4431373
v 1 0 -5 1 1 0.4431373
v 1 1 -5 0.8 0.8 0.3545098
v 0 1 -5 1 1 0.4431373
v 0 1 -6 1 1 0.4431373
v 1 1 -6 0.9 0.9 0.3988235
v 1 0 -7 1 1 0.4431373
v 0 0 -7 1 1 0.4431373
v 0 0 -6 1 1 0.4431373
v 1 0 -6 1 1 0.4431373
v 1 1 -6 0.9 0.9 0.3988235
v 0 1 -6 1 1 0.4431373
v 0 1 -7 1 1 0.4431373
v 1 1 -7 1 1 0.4431373
v 1 0 -8 1 1 0.4431373
v 0 0 -8 1 1 0.4431373
v 0 0 -7 1 1 0.4431373
v 1 0 -7 1 1 0.4431373
v 1 1 -7 1 1 0.4431373
v 0 1 -7 1 1 0.4431373
v 0 1 -8 1 1 0.4431373
v 1 1 -8 1 1 0.4431373
v 1 0 -9 1 1 0.4431373
v 0 0 -9 1 1 0.4431373
v 0 0 -8 1 1 0.4431373
v 1 0 -8 1 1 0.4431373
v 1 1 -8 1 1 0.4431373
v 0 1 -8 1 1 0.4431373
v 0 1 -9 1 1 0.4431373
v 1 1 -9 1 1 0.4431373
v 1 0 -10 1 1 0.4431373
v 0 0 -10 1 1 0.4431373
v 0 0 -9 1 1 0.4431373
v 1 0 -9 1 1 0.4431373
v 1 1 -9 1 1 0.4431373
v 0 1 -9 1 1 0.4431373
v 0 1 -10 1 1 0.4431373
v 1 1 -10 0.9 0.9 0.3988235
v 1 0 -11 1 1 0.4431373
v 0 0 -11 1 1 0.4431373
v 0 0 -10 1 1 0.4431373
v 1 0 -10 1 1 0.4431373
v 1 1 -10 0.9 0.9 0.3988235
v 0 1 -10 1 1 0.4431373
v 0 1 -11 1 1 0.4431373
v 1 1 -11 0.8 0.8 0.3545098
v 1 0 -12 1 1 0.4431373
v 0 0 -12 1 1 0.4431373
v 0 0 -11 1 1 0.4431373
v 1 0 -11 1 1 0.4431373
v 1 1 -11 0.8 0.8 0.3545098
v 0 1 -11 1 1 0.4431373
v 0 1 -12 0.9 0.9 0.3988235
v 1 1 -12 0.8 0.8 0.3545098
v 1 0 -13 1 1 0.4431373
v 0 0 -13 1 1 0.4431373
v 0 0 -12 1 1 0.4431373
v 1 0 -12 1 1 0.4431373
v 1 0 -12 0.9 0.9 0.3988235
v 1 1 -12 0.8 0.8 0.3545098
v 1 1 -13 1 1 0.4431373
v 1 0 -13 1 1 0.4431373
v 1 0 -14 1 1 0.4431373
v 0 0 -14 1 1 0.4431373
v 0 0 -13 1 1 0.4431373
v 1 0 -13 1 1 0.4431373
v 1 0 -14 1 1 0.4431373
v 1 1 -14 1 1 0.4431373
v 0 1 -14 0.8 0.8 0.3545098
v 0 0 -14 0.9 0.9 0.3988235
v 1 0 -13 1 1 0.4431373
v 1 1 -13 1 1 0.4431373
v 1 1 -14 1 1 0.4431373
v 1 0 -14 1 1 0.4431373
v 1 2 -2 0.8 0.8 0.3545098
v 0 2 -2 0.9 0.9 0.3988235
v 0 2 -3 1 1 0.4431373
v 1 2 -3 0.8 0.8 0.3545098
v 0 1 -2 0.8 0.8 0.3545098
v 0 2 -2 0.8 0.8 0.3545098
v 1 2 -2 0.9 0.9 0.3988235
v 1 1 -2 1 1 0.4431373
v 1 1 -2 1 1 0.4431373
v 1 2 -2 0.9 0.9 0.3988235
v 1 2 -3 0.8 0.8 0.3545098
v 1 1 -3 1 1 0.4431373
v 0 1 -3 0.8 0.8 0.3545098
v 0 2 -3 1 1 0.4431373
v 0 2 -2 0.9 0.9 0.3988235
v 0 1 -2 0.8 0.8 0.3545098
v 1 2 -3 0.8 0.8 0.3545098
v 0 2 -3 1 1 0.4431373
v 0 2 -4 1 1 0.4431373
v 1 2 -4 0.9 0.9 0.3988235
v 1 1 -4 0.8 0.8 0.3545098
v 1 2 -4 0.9 0.9 0.3988235
v 0 2 -4 1 1 0.4431373
v 0 1 -4 0.8 0.8 0.3545098
v 1 1 -3 1 1 0.4431373
v 1 2 -3 0.8 0.8 0.3545098
v 1 2 -4 0.8 0.8 0.3545098
v 1 1 -4 0.8 0.8 0.3545098
v 0 1 -4 0.8 0.8 0.3545098
v 0 2 -4 1 1 0.4431373
v 0 2 -3 1 1 0.4431373
v 0 1 -3 0.8 0.8 0.3545098
v 1 2 -12 0.9 0.9 0.3988235
v 0 2 -12 1 1 0.4431373
v 0 2 -13 1 1 0.4431373
v 1 2 -13 0.8 0.8 0.3545098
v 0 1 -12 0.8 0.8 0.3545098
v 0 2 -12 1 1 0.4431373
v 1 2 -12 0.9 0.9 0.3988235
v 1 1 -12 0.8 0.8 0.3545098
v 1 1 -12 0.8 0.8 0.3545098
v 1 2 -12 0.8 0.8 0.3545098
v 1 2 -13 0.8 0.8 0.3545098
v 1 1 -13 1 1 0.4431373
v 0 1 -13 0.8 0.8 0.3545098
v 0 2 -13 1 1 0.4431373
v 0 2 -12 1 1 0.4431373
v 0 1 -12 0.8 0.8 0.3545098
v 1 2 -13 0.8 0.8 0.3545098
v 0 2 -13 1 1 0.4431373
v 0 2 -14 0.9 0.9 0.3988235
v 1 2 -14 0.8 0.8 0.3545098
v 1 1 -14 1 1 0.4431373
v 1 2 -14 0.9 0.9 0.3988235
v 0 2 -14 0.8 0.8 0.3545098
v 0 1 -14 0.8 0.8 0.3545098
v 1 1 -13 1 1 0.4431373
v 1 2 -13 0.8 0.8 0.3545098
v 1 2 -14 0.9 0.9 0.3988235
v 1 1 -14 1 1 0.4431373
v 0 1 -14 0.8 0.8 0.3545098
v 0 2 -14 0.9 0.9 0.3988235
v 0 2 -13 1 1 0.4431373
v 0 1 -13 0.8 0.8 0.3545098
v 1 2 -2 0.9 0.9 0.3988235
v 0 2 -2 0.8 0.8 0.3545098
v 0 2 -1 0.9 0.9 0.3988235
v 1 2 -1 1 1 0.4431373
v 0 2 -1 0.9 0.9 0.3988235
v 0 3 -1 0.8 0.8 0.3545098
v 1 3 -1 1 1 0.4431373
v 1 2 -1 1 1 0.4431373
v 1 2 -2 0.8 0.8 0.3545098
v 1 3 -2 0.8 0.8 0.3545098
v 0 3 -2 1 1 0.4431373
v 0 2 -2 0.9 0.9 0.3988235
v 1 2 -1 1 1 0.4431373
v 1 3 -1 1 1 0.4431373
v 1 3 -2 0.8 0.8 0.3545098
v 1 2 -2 0.9 0.9 0.3988235
v 0 2 -2 0.9 0.9 0.3988235
v 0 3 -2 1 1 0.4431373
v 0 3 -1 0.8 0.8 0.3545098
v 0 2 -1 0.8 0.8 0.3545098
v 1 2 -15 1 1 0.4431373
v 0 2 -15 0.9 0.9 0.3988235
v 0 2 -14 0.8 0.8 0.3545098
v 1 2 -14 0.9 0.9 0.3988235
v 0 2 -14 0.9 0.9 0.3988235
v 0 3 -14 1 1 0.4431373
v 1 3 -14 0.8 0.8 0.3545098
v 1 2 -14 0.8 0.8 0.3545098
v 1 2 -15 1 1 0.4431373
v 1 3 -15 1 1 0.4431373
v 0 3 -15 0.8 0.8 0.3545098
v 0 2 -15 0.9 0.9 0.3988235
v 1 2 -14 0.9 0.9 0.3988235
v 1 3 -14 0.8 0.8 0.3545098
v 1 3 -15 1 1 0.4431373
v 1 2 -15 1 1 0.4431373
v 0 2 -15 0.8 0.8 0.3545098
v 0 3 -15 0.8 0.8 0.3545098
v 0 3 -14 1 1 0.4431373
v 0 2 -14 0.9 0.9 0.3988235
v 1 4 -1 0.1058824 0.1058824 0.1058824
v 0 4 -1 0.1058824 0.1058824 0.1058824
v 0 4 -2 0.1058824 0.1058824 0.1058824
v 1 4 -2 0.1058824 0.1058824 0.1058824
v 0 3 -1 0.08470588 0.08470588 0.08470588
v 0 4 -1 0.09529412 0.09529412 0.09529412
v 1 4 -1 0.1058824 0.1058824 0.1058824
v 1 3 -1 0.1058824 0.1058824 0.1058824
v 1 3 -2 0.08470588 0.08470588 0.08470588
v 1 4 -2 0.09529412 0.09529412 0.09529412
v 0 4 -2 0.1058824 0.1058824 0.1058824
v 0 3 -2 0.1058824 0.1058824 0.1058824
v 1 3 -1 0.1058824 0.1058824 0.1058824
v 1 4 -1 0.1058824 0.1058824 0.1058824
v 1 4 -2 0.09529412 0.09529412 0.09529412
v 1 3 -2 0.08470588 0.08470588 0.08470588
v 0 3 -2 0.1058824 0.1058824 0.1058824
v 0 4 -2 0.1058824 0.1058824 0.1058824
v 0 4 -1 0.09529412 0.09529412 0.09529412
v 0 3 -1 0.08470588 0.08470588 0.08470588
v 1 4 -14 0.1058824 0.1058824 0.1058824
v 0 4 -14 0.1058824 0.1058824 0.1058824
v 0 4 -15 0.1058824 0.1058824 0.1058824
v 1 4 -15 0.1058824 0.1058824 0.1058824
v 0 3 -14 0.1058824 0.1058824 0.1058824
v 0 4 -14 0.1058824 0.1058824 0.1058824
v 1 4 -14 0.09529412 0.09529412 0.09529412
v 1 3 -14 0.08470588 0.08470588 0.08470588
v 1 3 -15 0.1058824 0.1058824 0.1058824
v 1 4 -15 0.1058824 0.1058824 0.1058824
v 0 4 -15 0.09529412 0.09529412 0.09529412
v 0 3 -15 0.08470588 0.08470588 0.08470588
v 1 3 -14 0.08470588 0.08470588 0.08470588
v 1 4 -14 0.09529412 0.09529412 0.09529412
v 1 4 -15 0.1058824 0.1058824 0.1058824
v 1 3 -15 0.1058824 0.1058824 0.1058824
v 0 3 -15 0.08470588 0.08470588 0.08470588
v 0 4 -15 0.09529412 0.09529412 0.09529412
v 0 4 -14 0.1058824 0.1058824 0.1058824
v 0 3 -14 0.1058824 0.1058824 0.1058824
vn 0 -1 0
vn 0 0 1
vn 0 0 -1
vn 1 0 0
vn -1 0 0
vn 0 1 0
v -1 2 0 0.9 0.9 0.3988235
v -2 2 0 0.8 0.8 0.3545098
v -2 2 1 0.9 0.9 0.3988235
v -1 2 1 1 1 0.4431373
v -2 2 1 0.9 0.9 0.3988235
v -2 3 1 0.8 0.8 0.3545098
v -1 3 1 1 1 0.4431373
v -1 2 1 1 1 0.4431373
v -1 2 0 0.8 0.8 0.3545098
v -1 3 0 0.8 0.8 0.3545098
v -2 3 0 1 1 0.4431373
v -2 2 0 0.9 0.9 0.3988235
v -1 2 1 1 1 0.4431373
v -1 3 1 1 1 0.4431373
v -1 3 0 0.8 0.8 0.3545098
v -1 2 0 0.9 0.9 0.3988235
v -2 2 0 0.9 0.9 0.3988235
v -2 3 0 1 1 0.4431373
v -2 3 1 0.8 0.8 0.3545098
v -2 2 1 0.8 0.8 0.3545098
v -1 4 1 0.1058824 0.1058824 0.1058824
v -2 4 1 0.1058824 0.1058824 0.1058824
v -2 4 0 0.1058824 0.1058824 0.1058824
v -1 4 0 0.1058824 0.1058824 0.1058824
v -2 3 1 0.08470588 0.08470588 0.08470588
v -2 4 1 0.09529412 0.09529412 0.09529412
v -1 4 1 0.1058824 0.1058824 0.1058824
v -1 3 1 0.1058824 0.1058824 0.1058824
v -1 3 0 0.08470588 0.08470588 0.08470588
v -1 4 0 0.09529412 0.09529412 0.09529412
v -2 4 0 0.1058824 0.1058824 0.1058824
v -2 3 0 0.1058824 0.1058824 0.1058824
v -1 3 1 0.1058824 0.1058824 0.1058824
v -1 4 1 0.1058824 0.1058824 0.1058824
v -1 4 0 0.09529412 0.09529412 0.09529412
v -1 3 0 0.08470588 0.08470588 0.08470588
v -2 3 0 0.1058824 0.1058824 0.1058824
v -2 4 0 0.1058824 0.1058824 0.1058824
v -2 4 1 0.09529412 0.09529412 0.09529412
v -2 3 1 0.08470588 0.08470588 0.08470588
v -2 0 0 1 1 0.4431373
v -3 0 0 1 1 0.4431373
v -3 0 1 1 1 0.4431373
v -2 0 1 1 1 0.4431373
v -3 0 1 1 1 0.4431373
v -3 1 1 1 1 0.4431373
v -2 1 1 1 1 0.4431373
v -2 0 1 1 1 0.4431373
v -2 0 1 1 1 0.4431373
v -2 1 1 1 1 0.4431373
v -2 1 0 0.8 0.8 0.3545098
v -2 0 0 0.9 0.9 0.3988235
v -2 2 1 0.8 0.8 0.3545098
v -3 2 1 0.8 0.8 0.3545098
v -3 2 0 1 1 0.4431373
v -2 2 0 0.9 0.9 0.3988235
v -3 1 1 1 1 0.4431373
v -3 2 1 0.8 0.8 0.3545098
v -2 2 1 0.9 0.9 0.3988235
v -2 1 1 1 1 0.4431373
v -2 1 0 0.8 0.8 0.3545098
v -2 2 0 0.9 0.9 0.3988235
v -3 2 0 1 1 0.4431373
v -3 1 0 0.8 0.8 0.3545098
v -2 1 1 1 1 0.4431373
v -2 2 1 0.9 0.9 0.3988235
v -2 2 0 0.8 0.8 0.3545098
v -2 1 0 0.8 0.8 0.3545098
v -2 2 1 0.9 0.9 0.3988235
v -3 2 1 0.8 0.8 0.3545098
v -3 2 2 1 1 0.4431373
v -2 2 2 1 1 0.4431373
v -3 2 2 1 1 0.4431373
v -3 3 2 1 1 0.4431373
v -2 3 2 1 1 0.4431373
v -2 2 2 1 1 0.4431373
v -2 2 1 0.8 0.8 0.3545098
v -2 3 1 0.8 0.8 0.3545098
v -3 3 1 1 1 0.4431373
v -3 2 1 0.8 0.8 0.3545098
v -2 2 2 1 1 0.4431373
v -2 3 2 1 1 0.4431373
v -2 3 1 0.8 0.8 0.3545098
v -2 2 1 0.9 0.9 0.3988235
v -2 4 2 0.1058824 0.1058824 0.1058824
v -3 4 2 0.1058824 0.1058824 0.1058824
v -3 4 1 0.1058824 0.1058824 0.1058824
v -2 4 1 0.1058824 0.1058824 0.1058824
v -3 3 2 0.1058824 0.1058824 0.1058824
v -3 4 2 0.1058824 0.1058824 0.1058824
v -2 4 2 0.1058824 0.1058824 0.1058824
v -2 3 2 0.1058824 0.1058824 0.1058824
v -2 3 1 0.08470588 0.08470588 0.08470588
v -2 4 1 0.09529412 0.09529412 0.09529412
v -3 4 1 0.1058824 0.1058824 0.1058824
v -3 3 1 0.1058824 0.1058824 0.1058824
v -2 3 2 0.1058824 0.1058824 0.1058824
v -2 4 2 0.1058824 0.1058824 0.1058824
v -2 4 1 0.09529412 0.09529412 0.09529412
v -2 3 1 0.08470588 0.08470588 0.08470588
v -3 0 0 1 1 0.4431373
v -4 0 0 1 1 0.4431373
v -4 0 1 1 1 0.4431373
v -3 0 1 1 1 0.4431373
v -4 0 1 0.9 0.9 0.3988235
v -4 1 1 0.8 0.8 0.3545098
v -3 1 1 1 1 0.4431373
v -3 0 1 1 1 0.4431373
v -3 2 1 0.8 0.8 0.3545098
v -4 2 1 0.9 0.9 0.3988235
v -4 2 0 1 1 0.4431373
v -3 2 0 1 1 0.4431373
v -4 1 1 0.8 0.8 0.3545098
v -4 2 1 0.8 0.8 0.3545098
v -3 2 1 0.8 0.8 0.3545098
v -3 1 1 1 1 0.4431373
v -3 1 0 0.8 0.8 0.3545098
v -3 2 0 1 1 0.4431373
v -4 2 0 1 1 0.4431373
v -4 1 0 0.8 0.8 0.3545098
v -4 1 0 0.8 0.8 0.3545098
v -4 2 0 1 1 0.4431373
v -4 2 1 0.9 0.9 0.3988235
v -4 1 1 0.8 0.8 0.3545098
v -3 2 1 0.8 0.8 0.3545098
v -4 2 1 0.8 0.8 0.3545098
v -4 2 2 0.9 0.9 0.3988235
v -3 2 2 1 1 0.4431373
v -4 2 2 0.9 0.9 0.3988235
v -4 3 2 0.8 0.8 0.3545098
v -3 3 2 1 1 0.4431373
v -3 2 2 1 1 0.4431373
v -3 2 1 0.8 0.8 0.3545098
v -3 3 1 1 1 0.4431373
v -4 3 1 1 1 0.4431373
v -4 2 1 0.9 0.9 0.3988235
v -4 2 1 0.9 0.9 0.3988235
v -4 3 1 1 1 0.4431373
v -4 3 2 0.8 0.8 0.3545098
v -4 2 2 0.8 0.8 0.3545098
v -3 4 2 0.1058824 0.1058824 0.1058824
v -4 4 2 0.1058824 0.1058824 0.1058824
v -4 4 1 0.1058824 0.1058824 0.1058824
v -3 4 1 0.1058824 0.1058824 0.1058824
v -4 3 2 0.08470588 0.08470588 0.08470588
v -4 4 2 0.09529412 0.09529412 0.09529412
v -3 4 2 0.1058824 0.1058824 0.1058824
v -3 3 2 0.1058824 0.1058824 0.1058824
v -3 3 1 0.1058824 0.1058824 0.1058824
v -3 4 1 0.1058824 0.1058824 0.1058824
v -4 4 1 0.1058824 0.1058824 0.1058824
v -4 3 1 0.1058824 0.1058824 0.1058824
v -4 3 1 0.1058824 0.1058824 0.1058824
v -4 4 1 0.1058824 0.1058824 0.1058824
v -4 4 2 0.09529412 0.09529412 0.09529412
v -4 3 2 0.08470588 0.08470588 0.08470588
v -4 0 1 1 1 0.4431373
v -5 0 1 1 1 0.4431373
v -5 0 2 1 1 0.4431373
v -4 0 2 1 1 0.4431373
v -5 0 2 1 1 0.4431373
v -5 1 2 1 1 0.4431373
v -4 1 2 1 1 0.4431373
v -4 0 2 1 1 0.4431373
v -4 0 2 1 1 0.4431373
v -4 1 2 1 1 0.4431373
v -4 1 1 0.8 0.8 0.3545098
v -4 0 1 0.9 0.9 0.3988235
v -4 0 0 1 1 0.4431373
v -5 0 0 1 1 0.4431373
v -5 0 1 1 1 0.4431373
v -4 0 1 1 1 0.4431373
v -4 1 1 0.8 0.8 0.3545098
v -5 1 1 0.8 0.8 0.3545098
v -5 1 0 1 1 0.4431373
v -4 1 0 0.9 0.9 0.3988235
v -4 2 2 0.8 0.8 0.3545098
v -5 2 2 0.8 0.8 0.3545098
v -5 2 1 1 1 0.4431373
v -4 2 1 0.9 0.9 0.3988235
v -5 1 2 1 1 0.4431373
v -5 2 2 0.8 0.8 0.3545098
v -4 2 2 0.9 0.9 0.3988235
v -4 1 2 1 1 0.4431373
v -4 1 1 0.8 0.8 0.3545098
v -4 2 1 0.9 0.9 0.3988235
v -5 2 1 1 1 0.4431373
v -5 1 1 0.8 0.8 0.3545098
v -4 1 2 1 1 0.4431373
v -4 2 2 0.9 0.9 0.3988235
v -4 2 1 0.8 0.8 0.3545098
v -4 1 1 0.8 0.8 0.3545098
v -4 2 2 0.9 0.9 0.3988235
v -5 2 2 0.8 0.8 0.3545098
v -5 2 3 1 1 0.4431373
v -4 2 3 1 1 0.4431373
v -5 2 3 1 1 0.4431373
v -5 3 3 1 1 0.4431373
v -4 3 3 1 1 0.4431373
v -4 2 3 1 1 0.4431373
v -4 2 2 0.8 0.8 0.3545098
v -4 3 2 0.8 0.8 0.3545098
v -5 3 2 1 1 0.4431373
v -5 2 2 0.8 0.8 0.3545098
v -4 2 3 1 1 0.4431373
v -4 3 3 1 1 0.4431373
v -4 3 2 0.8 0.8 0.3545098
v -4 2 2 0.9 0.9 0.3988235
v -4 4 3 0.1058824 0.1058824 0.1058824
v -5 4 3 0.1058824 0.1058824 0.1058824
v -5 4 2 0.1058824 0.1058824 0.1058824
v -4 4 2 0.1058824 0.1058824 0.1058824
v -5 3 3 0.1058824 0.1058824 0.1058824
v -5 4 3 0.1058824 0.1058824 0.1058824
v -4 4 3 0.1058824 0.1058824 0.1058824
v -4 3 3 0.1058824 0.1058824 0.1058824
v -4 3 2 0.08470588 0.08470588 0.08470588
v -4 4 2 0.09529412 0.09529412 0.09529412
v -5 4 2 0.1058824 0.1058824 0.1058824
v -5 3 2 0.1058824 0.1058824 0.1058824
v -4 3 3 0.1058824 0.1058824 0.1058824
v -4 4 3 0.1058824 0.1058824 0.1058824
v -4 4 2 0.09529412 0.09529412 0.09529412
v -4 3 2 0.08470588 0.08470588 0.08470588
v -5 0 1 1 1 0.4431373
v -6 0 1 1 1 0.4431373
v -6 0 2 1 1 0.4431373
v -5 0 2 1 1 0.4431373
v -6 0 2 0.9 0.9 0.3988235
v -6 1 2 0.8 0.8 0.3545098
v -5 1 2 1 1 0.4431373
v -5 0 2 1 1 0.4431373
v -5 0 0 1 1 0.4431373
v -6 0 0 1 1 0.4431373
v -6 0 1 1 1 0.4431373
v -5 0 1 1 1 0.4431373
v -5 1 1 0.8 0.8 0.3545098
v -6 1 1 0.9 0.9 0.3988235
v -6 1 0 1 1 0.4431373
v -5 1 0 1 1 0.4431373
v -5 2 2 0.8 0.8 0.3545098
v -6 2 2 0.9 0.9 0.3988235
v -6 2 1 1 1 0.4431373
v -5 2 1 1 1 0.4431373
v -6 1 2 0.8 0.8 0.3545098
v -6 2 2 0.8 0.8 0.3545098
v -5 2 2 0.8 0.8 0.3545098
v -5 1 2 1 1 0.4431373
v -5 1 1 0.8 0.8 0.3545098
v -5 2 1 1 1 0.4431373
v -6 2 1 1 1 0.4431373
v -6 1 1 0.8 0.8 0.3545098
v -6 1 1 0.8 0.8 0.3545098
v -6 2 1 1 1 0.4431373
v -6 2 2 0.9 0.9 0.3988235
v -6 1 2 0.8 0.8 0.3545098
v -5 2 2 0.8 0.8 0.3545098
v -6 2 2 0.8 0.8 0.3545098
v -6 2 3 0.8 0.8 0.3545098
v -5 2 3 1 1 0.4431373
v -6 2 3 0.8 0.8 0.3545098
v -6 3 3 0.8 0.8 0.3545098
v -5 3 3 1 1 0.4431373
v -5 2 3 1 1 0.4431373
v -5 2 2 0.8 0.8 0.3545098
v -5 3 2 1 1 0.4431373
v -6 3 2 1 1 0.4431373
v -6 2 2 0.9 0.9 0.3988235
v -6 2 2 0.9 0.9 0.3988235
v -6 3 2 1 1 0.4431373
v -6 3 3 0.8 0.8 0.3545098
v -6 2 3 0.8 0.8 0.3545098
v -5 4 3 0.1058824 0.1058824 0.1058824
v -6 4 3 0.1058824 0.1058824 0.1058824
v -6 4 2 0.1058824 0.1058824 0.1058824
v -5 4 2 0.1058824 0.1058824 0.1058824
v -6 3 3 0.08470588 0.08470588 0.08470588
v -6 4 3 0.09529412 0.09529412 0.09529412
v -5 4 3 0.1058824 0.1058824 0.1058824
v -5 3 3 0.1058824 0.1058824 0.1058824
v -5 3 2 0.1058824 0.1058824 0.1058824
v -5 4 2 0.1058824 0.1058824 0.1058824
v -6 4 2 0.1058824 0.1058824 0.1058824
v -6 3 2 0.1058824 0.1058824 0.1058824
v -6 3 2 0.1058824 0.1058824 0.1058824
v -6 4 2 0.1058824 0.1058824 0.1058824
v -6 4 3 0.09529412 0.09529412 0.09529412
v -6 3 3 0.08470588 0.08470588 0.08470588
v -6 0 2 1 1 0.4431373
v -7 0 2 1 1 0.4431373
v -7 0 3 1 1 0.4431373
v -6 0 3 1 1 0.4431373
v -7 0 3 1 1 0.4431373
v -7 1 3 0.9 0.9 0.3988235
v -6 1 3 0.9 0.9 0.3988235
v -6 0 3 1 1 0.4431373
v -6 0 3 1 1 0.4431373
v -6 1 3 1 1 0.4431373
v -6 1 2 0.8 0.8 0.3545098
v -6 0 2 0.9 0.9 0.3988235
v -6 0 1 1 1 0.4431373
v -7 0 1 1 1 0.4431373
v -7 0 2 1 1 0.4431373
v -6 0 2 1 1 0.4431373
v -6 1 2 0.8 0.8 0.3545098
v -7 1 2 0.8 0.8 0.3545098
v -7 1 1 1 1 0.4431373
v -6 1 1 0.9 0.9 0.3988235
v -6 0 0 1 1 0.4431373
v -7 0 0 1 1 0.4431373
v -7 0 1 1 1 0.4431373
v -6 0 1 1 1 0.4431373
v -6 1 1 0.9 0.9 0.3988235
v -7 1 1 1 1 0.4431373
v -7 1 0 1 1 0.4431373
v -6 1 0 1 1 0.4431373
v -6 1 3 0.9 0.9 0.3988235
v -7 1 3 0.8 0.8 0.3545098
v -7 1 4 1 1 0.4431373
v -6 1 4 1 1 0.4431373
v -7 1 4 1 1 0.4431373
v -7 2 4 1 1 0.4431373
v -6 2 4 1 1 0.4431373
v -6 1 4 1 1 0.4431373
v -6 1 4 1 1 0.4431373
v -6 2 4 1 1 0.4431373
v -6 2 3 0.9 0.9 0.3988235
v -6 1 3 1 1 0.4431373
v -7 1 3 0.8 0.8 0.3545098
v -7 2 3 0.8 0.8 0.3545098
v -7 2 4 0.9 0.9 0.3988235
v -7 1 4 1 1 0.4431373
v -6 2 3 0.8 0.8 0.3545098
v -7 2 3 0.8 0.8 0.3545098
v -7 2 2 1 1 0.4431373
v -6 2 2 0.9 0.9 0.3988235
v -6 1 2 0.8 0.8 0.3545098
v -6 2 2 0.9 0.9 0.3988235
v -7 2 2 1 1 0.4431373
v -7 1 2 0.8 0.8 0.3545098
v -6 1 3 1 1 0.4431373
v -6 2 3 0.9 0.9 0.3988235
v -6 2 2 0.8 0.8 0.3545098
v -6 1 2 0.8 0.8 0.3545098
v -7 2 4 1 1 0.4431373
v -7 3 4 1 1 0.4431373
v -6 3 4 1 1 0.4431373
v -6 2 4 1 1 0.4431373
v -6 2 3 0.8 0.8 0.3545098
v -6 3 3 0.8 0.8 0.3545098
v -7 3 3 1 1 0.4431373
v -7 2 3 0.8 0.8 0.3545098
v -6 2 4 1 1 0.4431373
v -6 3 4 1 1 0.4431373
v -6 3 3 0.8 0.8 0.3545098
v -6 2 3 0.9 0.9 0.3988235
v -6 4 4 0.1058824 0.1058824 0.1058824
v -7 4 4 0.1058824 0.1058824 0.1058824
v -7 4 3 0.1058824 0.1058824 0.1058824
v -6 4 3 0.1058824 0.1058824 0.1058824
v -7 3 4 0.1058824 0.1058824 0.1058824
v -7 4 4 0.1058824 0.1058824 0.1058824
v -6 4 4 0.1058824 0.1058824 0.1058824
v -6 3 4 0.1058824 0.1058824 0.1058824
v -6 3 3 0.08470588 0.08470588 0.08470588
v -6 4 3 0.09529412 0.09529412 0.09529412
v -7 4 3 0.1058824 0.1058824 0.1058824
v -7 3 3 0.1058824 0.1058824 0.1058824
v -6 3 4 0.1058824 0.1058824 0.1058824
v -6 4 4 0.1058824 0.1058824 0.1058824
v -6 4 3 0.09529412 0.09529412 0.09529412
v -6 3 3 0.08470588 0.08470588 0.08470588
v -7 0 2 1 1 0.4431373
v -8 0 2 1 1 0.4431373
v -8 0 3 1 1 0.4431373
v -7 0 3 1 1 0.4431373
v -8 0 3 1 1 0.4431373
v -8 1 3 1 1 0.4431373
v -7 1 3 0.9 0.9 0.3988235
v -7 0 3 1 1 0.4431373
v -7 0 1 1 1 0.4431373
v -8 0 1 1 1 0.4431373
v -8 0 2 1 1 0.4431373
v -7 0 2 1 1 0.4431373
v -7 1 2 0.8 0.8 0.3545098
v -8 1 2 0.8 0.8 0.3545098
v -8 1 1 1 1 0.4431373
v -7 1 1 1 1 0.4431373
v -7 0 0 1 1 0.4431373
v -8 0 0 1 1 0.4431373
v -8 0 1 1 1 0.4431373
v -7 0 1 1 1 0.4431373
v -7 1 1 1 1 0.4431373
v -8 1 1 1 1 0.4431373
v -8 1 0 1 1 0.4431373
v -7 1 0 1 1 0.4431373
v -7 2 3 0.8 0.8 0.3545098
v -8 2 3 0.8 0.8 0.3545098
v -8 2 2 1 1 0.4431373
v -7 2 2 1 1 0.4431373
v -8 1 3 1 1 0.4431373
v -8 2 3 0.8 0.8 0.3545098
v -7 2 3 0.8 0.8 0.3545098
v -7 1 3 0.9 0.9 0.3988235
v -7 1 2 0.8 0.8 0.3545098
v -7 2 2 1 1 0.4431373
v -8 2 2 1 1 0.4431373
v -8 1 2 0.8 0.8 0.3545098
v -7 2 3 0.8 0.8 0.3545098
v -8 2 3 0.8 0.8 0.3545098
v -8 2 4 1 1 0.4431373
v -7 2 4 0.9 0.9 0.3988235
v -8 2 4 1 1 0.4431373
v -8 3 4 1 1 0.4431373
v -7 3 4 1 1 0.4431373
v -7 2 4 1 1 0.4431373
v -7 2 3 0.8 0.8 0.3545098
v -7 3 3 1 1 0.4431373
v -8 3 3 1 1 0.4431373
v -8 2 3 0.8 0.8 0.3545098
v -7 4 4 0.1058824 0.1058824 0.1058824
v -8 4 4 0.1058824 0.1058824 0.1058824
v -8 4 3 0.1058824 0.1058824 0.1058824
v -7 4 3 0.1058824 0.1058824 0.1058824
v -8 3 4 0.1058824 0.1058824 0.1058824
v -8 4 4 0.1058824 0.1058824 0.1058824
v -7 4 4 0.1058824 0.1058824 0.1058824
v -7 3 4 0.1058824 0.1058824 0.1058824
v -7 3 3 0.1058824 0.1058824 0.1058824
v -7 4 3 0.1058824 0.1058824 0.1058824
v -8 4 3 0.1058824 0.1058824 0.1058824
v -8 3 3 0.1058824 0.1058824 0.1058824
v -8 0 2 1 1 0.4431373
v -9 0 2 1 1 0.4431373
v -9 0 3 1 1 0.4431373
v -8 0 3 1 1 0.4431373
v -9 0 3 1 1 0.4431373
v -9 1 3 0.9 0.9 0.3988235
v -8 1 3 1 1 0.4431373
v -8 0 3 1 1 0.4431373
v -8 0 1 1 1 0.4431373
v -9 0 1 1 1 0.4431373
v -9 0 2 1 1 0.4431373
v -8 0 2 1 1 0.4431373
v -8 1 2 0.8 0.8 0.3545098
v -9 1 2 0.8 0.8 0.3545098
v -9 1 1 1 1 0.4431373
v -8 1 1 1 1 0.4431373
v -8 0 0 1 1 0.4431373
v -9 0 0 1 1 0.4431373
v -9 0 1 1 1 0.4431373
v -8 0 1 1 1 0.4431373
v -8 1 1 1 1 0.4431373
v -9 1 1 1 1 0.4431373
v -9 1 0 1 1 0.4431373
v -8 1 0 1 1 0.4431373
v -8 2 3 0.8 0.8 0.3545098
v -9 2 3 0.8 0.8 0.3545098
v -9 2 2 1 1 0.4431373
v -8 2 2 1 1 0.4431373
v -9 1 3 0.9 0.9 0.3988235
v -9 2 3 0.8 0.8 0.3545098
v -8 2 3 0.8 0.8 0.3545098
v -8 1 3 1 1 0.4431373
v -8 1 2 0.8 0.8 0.3545098
v -8 2 2 1 1 0.4431373
v -9 2 2 1 1 0.4431373
v -9 1 2 0.8 0.8 0.3545098
v -8 2 3 0.8 0.8 0.3545098
v -9 2 3 0.8 0.8 0.3545098
v -9 2 4 0.9 0.9 0.3988235
v -8 2 4 1 1 0.4431373
v -9 2 4 1 1 0.4431373
v -9 3 4 1 1 0.4431373
v -8 3 4 1 1 0.4431373
v -8 2 4 1 1 0.4431373
v -8 2 3 0.8 0.8 0.3545098
v -8 3 3 1 1 0.4431373
v -9 3 3 1 1 0.4431373
v -9 2 3 0.8 0.8 0.3545098
v -8 4 4 0.1058824 0.1058824 0.1058824
v -9 4 4 0.1058824 0.1058824 0.1058824
v -9 4 3 0.1058824 0.1058824 0.1058824
v -8 4 3 0.1058824 0.1058824 0.1058824
v -9 3 4 0.1058824 0.1058824 0.1058824
v -9 4 4 0.1058824 0.1058824 0.1058824
v -8 4 4 0.1058824 0.1058824 0.1058824
v -8 3 4 0.1058824 0.1058824 0.1058824
v -8 3 3 0.1058824 0.1058824 0.1058824
v -8 4 3 0.1058824 0.1058824 0.1058824
v -9 4 3 0.1058824 0.1058824 0.1058824
v -9 3 3 0.1058824 0.1058824 0.1058824
v -9 0 2 1 1 0.4431373
v -10 0 2 1 1 0.4431373
v -10 0 3 1 1 0.4431373
v -9 0 3 1 1 0.4431373
v -10 0 3 1 1 0.4431373
v -10 1 3 0.9 0.9 0.3988235
v -9 1 3 0.9 0.9 0.3988235
v -9 0 3 1 1 0.4431373
v -10 0 2 0.9 0.9 0.3988235
v -10 1 2 0.8 0.8 0.3545098
v -10 1 3 1 1 0.4431373
v -10 0 3 1 1 0.4431373
v -9 0 1 1 1 0.4431373
v -10 0 1 1 1 0.4431373
v -10 0 2 1 1 0.4431373
v -9 0 2 1 1 0.4431373
v -9 1 2 0.8 0.8 0.3545098
v -10 1 2 0.8 0.8 0.3545098
v -10 1 1 0.9 0.9 0.3988235
v -9 1 1 1 1 0.4431373
v -9 0 0 1 1 0.4431373
v -10 0 0 1 1 0.4431373
v -10 0 1 1 1 0.4431373
v -9 0 1 1 1 0.4431373
v -9 1 1 1 1 0.4431373
v -10 1 1 0.9 0.9 0.3988235
v -10 1 0 1 1 0.4431373
v -9 1 0 1 1 0.4431373
v -9 1 3 0.8 0.8 0.3545098
v -10 1 3 0.9 0.9 0.3988235
v -10 1 4 1 1 0.4431373
v -9 1 4 1 1 0.4431373
v -10 1 4 1 1 0.4431373
v -10 2 4 1 1 0.4431373
v -9 2 4 1 1 0.4431373
v -9 1 4 1 1 0.4431373
v -9 1 4 1 1 0.4431373
v -9 2 4 0.9 0.9 0.3988235
v -9 2 3 0.8 0.8 0.3545098
v -9 1 3 0.8 0.8 0.3545098
v -10 1 3 1 1 0.4431373
v -10 2 3 0.9 0.9 0.3988235
v -10 2 4 1 1 0.4431373
v -10 1 4 1 1 0.4431373
v -9 2 3 0.8 0.8 0.3545098
v -10 2 3 0.8 0.8 0.3545098
v -10 2 2 0.9 0.9 0.3988235
v -9 2 2 1 1 0.4431373
v -9 1 2 0.8 0.8 0.3545098
v -9 2 2 1 1 0.4431373
v -10 2 2 0.9 0.9 0.3988235
v -10 1 2 0.8 0.8 0.3545098
v -10 1 2 0.8 0.8 0.3545098
v -10 2 2 0.8 0.8 0.3545098
v -10 2 3 0.9 0.9 0.3988235
v -10 1 3 1 1 0.4431373
v -10 2 4 1 1 0.4431373
v -10 3 4 1 1 0.4431373
v -9 3 4 1 1 0.4431373
v -9 2 4 1 1 0.4431373
v -9 2 3 0.8 0.8 0.3545098
v -9 3 3 1 1 0.4431373
v -10 3 3 0.8 0.8 0.3545098
v -10 2 3 0.8 0.8 0.3545098
v -10 2 3 0.9 0.9 0.3988235
v -10 3 3 0.8 0.8 0.3545098
v -10 3 4 1 1 0.4431373
v -10 2 4 1 1 0.4431373
v -9 4 4 0.1058824 0.1058824 0.1058824
v -10 4 4 0.1058824 0.1058824 0.1058824
v -10 4 3 0.1058824 0.1058824 0.1058824
v -9 4 3 0.1058824 0.1058824 0.1058824
v -10 3 4 0.1058824 0.1058824 0.1058824
v -10 4 4 0.1058824 0.1058824 0.1058824
v -9 4 4 0.1058824 0.1058824 0.1058824
v -9 3 4 0.1058824 0.1058824 0.1058824
v -9 3 3 0.1058824 0.1058824 0.1058824
v -9 4 3 0.1058824 0.1058824 0.1058824
v -10 4 3 0.09529412 0.09529412 0.09529412
v -10 3 3 0.08470588 0.08470588 0.08470588
v -10 3 3 0.08470588 0.08470588 0.08470588
v -10 4 3 0.09529412 0.09529412 0.09529412
v -10 4 4 0.1058824 0.1058824 0.1058824
v -10 3 4 0.1058824 0.1058824 0.1058824
v -10 0 1 1 1 0.4431373
v -11 0 1 1 1 0.4431373
v -11 0 2 1 1 0.4431373
v -10 0 2 1 1 0.4431373
v -11 0 2 1 1 0.4431373
v -11 1 2 1 1 0.4431373
v -10 1 2 0.8 0.8 0.3545098
v -10 0 2 0.9 0.9 0.3988235
v -10 0 0 1 1 0.4431373
v -11 0 0 1 1 0.4431373
v -11 0 1 1 1 0.4431373
v -10 0 1 1 1 0.4431373
v -10 1 1 0.9 0.9 0.3988235
v -11 1 1 0.8 0.8 0.3545098
v -11 1 0 1 1 0.4431373
v -10 1 0 1 1 0.4431373
v -10 2 2 0.9 0.9 0.3988235
v -11 2 2 0.8 0.8 0.3545098
v -11 2 1 1 1 0.4431373
v -10 2 1 1 1 0.4431373
v -11 1 2 1 1 0.4431373
v -11 2 2 0.8 0.8 0.3545098
v -10 2 2 0.8 0.8 0.3545098
v -10 1 2 0.8 0.8 0.3545098
v -10 1 1 0.8 0.8 0.3545098
v -10 2 1 1 1 0.4431373
v -11 2 1 1 1 0.4431373
v -11 1 1 0.8 0.8 0.3545098
v -10 1 2 0.8 0.8 0.3545098
v -10 2 2 0.9 0.9 0.3988235
v -10 2 1 1 1 0.4431373
v -10 1 1 0.8 0.8 0.3545098
v -10 2 2 0.8 0.8 0.3545098
v -11 2 2 0.8 0.8 0.3545098
v -11 2 3 1 1 0.4431373
v -10 2 3 0.8 0.8 0.3545098
v -11 2 3 1 1 0.4431373
v -11 3 3 1 1 0.4431373
v -10 3 3 0.8 0.8 0.3545098
v -10 2 3 0.8 0.8 0.3545098
v -10 2 2 0.9 0.9 0.3988235
v -10 3 2 1 1 0.4431373
v -11 3 2 1 1 0.4431373
v -11 2 2 0.8 0.8 0.3545098
v -10 2 3 0.8 0.8 0.3545098
v -10 3 3 0.8 0.8 0.3545098
v -10 3 2 1 1 0.4431373
v -10 2 2 0.9 0.9 0.3988235
v -10 4 3 0.1058824 0.1058824 0.1058824
v -11 4 3 0.1058824 0.1058824 0.1058824
v -11 4 2 0.1058824 0.1058824 0.1058824
v -10 4 2 0.1058824 0.1058824 0.1058824
v -11 3 3 0.1058824 0.1058824 0.1058824
v -11 4 3 0.1058824 0.1058824 0.1058824
v -10 4 3 0.09529412 0.09529412 0.09529412
v -10 3 3 0.08470588 0.08470588 0.08470588
v -10 3 2 0.1058824 0.1058824 0.1058824
v -10 4 2 0.1058824 0.1058824 0.1058824
v -11 4 2 0.1058824 0.1058824 0.1058824
v -11 3 2 0.1058824 0.1058824 0.1058824
v -10 3 3 0.08470588 0.08470588 0.08470588
v -10 4 3 0.09529412 0.09529412 0.09529412
v -10 4 2 0.1058824 0.1058824 0.1058824
v -10 3 2 0.1058824 0.1058824 0.1058824
v -11 0 1 1 1 0.4431373
v -12 0 1 1 1 0.4431373
v -12 0 2 1 1 0.4431373
v -11 0 2 1 1 0.4431373
v -12 0 2 1 1 0.4431373
v -12 1 2 1 1 0.4431373
v -11 1 2 1 1 0.4431373
v -11 0 2 1 1 0.4431373
v -12 0 1 0.9 0.9 0.3988235
v -12 1 1 0.8 0.8 0.3545098
v -12 1 2 1 1 0.4431373
v -12 0 2 1 1 0.4431373
v -11 0 0 1 1 0.4431373
v -12 0 0 1 1 0.4431373
v -12 0 1 1 1 0.4431373
v -11 0 1 1 1 0.4431373
v -11 1 1 0.8 0.8 0.3545098
v -12 1 1 0.8 0.8 0.3545098
v -12 1 0 0.9 0.9 0.3988235
v -11 1 0 1 1 0.4431373
v -11 2 2 0.8 0.8 0.3545098
v -12 2 2 0.8 0.8 0.3545098
v -12 2 1 0.9 0.9 0.3988235
v -11 2 1 1 1 0.4431373
v -12 1 2 1 1 0.4431373
v -12 2 2 0.9 0.9 0.3988235
v -11 2 2 0.8 0.8 0.3545098
v -11 1 2 1 1 0.4431373
v -11 1 1 0.8 0.8 0.3545098
v -11 2 1 1 1 0.4431373
v -12 2 1 0.9 0.9 0.3988235
v -12 1 1 0.8 0.8 0.3545098
v -12 1 1 0.8 0.8 0.3545098
v -12 2 1 0.8 0.8 0.3545098
v -12 2 2 0.9 0.9 0.3988235
v -12 1 2 1 1 0.4431373
v -11 2 2 0.8 0.8 0.3545098
v -12 2 2 0.9 0.9 0.3988235
v -12 2 3 1 1 0.4431373
v -11 2 3 1 1 0.4431373
v -12 2 3 1 1 0.4431373
v -12 3 3 1 1 0.4431373
v -11 3 3 1 1 0.4431373
v -11 2 3 1 1 0.4431373
v -11 2 2 0.8 0.8 0.3545098
v -11 3 2 1 1 0.4431373
v -12 3 2 0.8 0.8 0.3545098
v -12 2 2 0.8 0.8 0.3545098
v -12 2 2 0.9 0.9 0.3988235
v -12 3 2 0.8 0.8 0.3545098
v -12 3 3 1 1 0.4431373
v -12 2 3 1 1 0.4431373
v -11 4 3 0.1058824 0.1058824 0.1058824
v -12 4 3 0.1058824 0.1058824 0.1058824
v -12 4 2 0.1058824 0.1058824 0.1058824
v -11 4 2 0.1058824 0.1058824 0.1058824
v -12 3 3 0.1058824 0.1058824 0.1058824
v -12 4 3 0.1058824 0.1058824 0.1058824
v -11 4 3 0.1058824 0.1058824 0.1058824
v -11 3 3 0.1058824 0.1058824 0.1058824
v -11 3 2 0.1058824 0.1058824 0.1058824
v -11 4 2 0.1058824 0.1058824 0.1058824
v -12 4 2 0.09529412 0.09529412 0.09529412
v -12 3 2 0.08470588 0.08470588 0.08470588
v -12 3 2 0.08470588 0.08470588 0.08470588
v -12 4 2 0.09529412 0.09529412 0.09529412
v -12 4 3 0.1058824 0.1058824 0.1058824
v -12 3 3 0.1058824 0.1058824 0.1058824
v -12 0 0 1 1 0.4431373
v -13 0 0 1 1 0.4431373
v -13 0 1 1 1 0.4431373
v -12 0 1 1 1 0.4431373
v -13 0 1 1 1 0.4431373
v -13 1 1 1 1 0.4431373
v -12 1 1 0.8 0.8 0.3545098
v -12 0 1 0.9 0.9 0.3988235
v -12 2 1 0.9 0.9 0.3988235
v -13 2 1 0.8 0.8 0.3545098
v -13 2 0 1 1 0.4431373
v -12 2 0 1 1 0.4431373
v -13 1 1 1 1 0.4431373
v -13 2 1 0.8 0.8 0.3545098
v -12 2 1 0.8 0.8 0.3545098
v -12 1 1 0.8 0.8 0.3545098
v -12 1 0 0.8 0.8 0.3545098
v -12 2 0 1 1 0.4431373
v -13 2 0 1 1 0.4431373
v -13 1 0 0.8 0.8 0.3545098
v -12 1 1 0.8 0.8 0.3545098
v -12 2 1 0.9 0.9 0.3988235
v -12 2 0 1 1 0.4431373
v -12 1 0 0.8 0.8 0.3545098
v -12 2 1 0.8 0.8 0.3545098
v -13 2 1 0.8 0.8 0.3545098
v -13 2 2 1 1 0.4431373
v -12 2 2 0.9 0.9 0.3988235
v -13 2 2 1 1 0.4431373
v -13 3 2 1 1 0.4431373
v -12 3 2 0.8 0.8 0.3545098
v -12 2 2 0.9 0.9 0.3988235
v -12 2 1 0.9 0.9 0.3988235
v -12 3 1 1 1 0.4431373
v -13 3 1 1 1 0.4431373
v -13 2 1 0.8 0.8 0.3545098
v -12 2 2 0.8 0.8 0.3545098
v -12 3 2 0.8 0.8 0.3545098
v -12 3 1 1 1 0.4431373
v -12 2 1 0.9 0.9 0.3988235
v -12 4 2 0.1058824 0.1058824 0.1058824
v -13 4 2 0.1058824 0.1058824 0.1058824
v -13 4 1 0.1058824 0.1058824 0.1058824
v -12 4 1 0.1058824 0.1058824 0.1058824
v -13 3 2 0.1058824 0.1058824 0.1058824
v -13 4 2 0.1058824 0.1058824 0.1058824
v -12 4 2 0.09529412 0.09529412 0.09529412
v -12 3 2 0.08470588 0.08470588 0.08470588
v -12 3 1 0.1058824 0.1058824 0.1058824
v -12 4 1 0.1058824 0.1058824 0.1058824
v -13 4 1 0.1058824 0.1058824 0.1058824
v -13 3 1 0.1058824 0.1058824 0.1058824
v -12 3 2 0.08470588 0.08470588 0.08470588
v -12 4 2 0.09529412 0.09529412 0.09529412
v -12 4 1 0.1058824 0.1058824 0.1058824
v -12 3 1 0.1058824 0.1058824 0.1058824
v -13 0 0 1 1 0.4431373
v -14 0 0 1 1 0.4431373
v -14 0 1 1 1 0.4431373
v -13 0 1 1 1 0.4431373
v -14 0 1 1 1 0.4431373
v -14 1 1 1 1 0.4431373
v -13 1 1 1 1 0.4431373
v -13 0 1 1 1 0.4431373
v -14 0 0 0.9 0.9 0.3988235
v -14 1 0 0.8 0.8 0.3545098
v -14 1 1 1 1 0.4431373
v -14 0 1 1 1 0.4431373
v -13 2 1 0.8 0.8 0.3545098
v -14 2 1 0.8 0.8 0.3545098
v -14 2 0 0.9 0.9 0.3988235
v -13 2 0 1 1 0.4431373
v -14 1 1 1 1 0.4431373
v -14 2 1 0.9 0.9 0.3988235
v -13 2 1 0.8 0.8 0.3545098
v -13 1 1 1 1 0.4431373
v -13 1 0 0.8 0.8 0.3545098
v -13 2 0 1 1 0.4431373
v -14 2 0 0.9 0.9 0.3988235
v -14 1 0 0.8 0.8 0.3545098
v -14 1 0 0.8 0.8 0.3545098
v -14 2 0 0.8 0.8 0.3545098
v -14 2 1 0.9 0.9 0.3988235
v -14 1 1 1 1 0.4431373
v -13 2 1 0.8 0.8 0.3545098
v -14 2 1 0.9 0.9 0.3988235
v -14 2 2 1 1 0.4431373
v -13 2 2 1 1 0.4431373
v -14 2 2 1 1 0.4431373
v -14 3 2 1 1 0.4431373
v -13 3 2 1 1 0.4431373
v -13 2 2 1 1 0.4431373
v -13 2 1 0.8 0.8 0.3545098
v -13 3 1 1 1 0.4431373
v -14 3 1 0.8 0.8 0.3545098
v -14 2 1 0.8 0.8 0.3545098
v -14 2 1 0.9 0.9 0.3988235
v -14 3 1 0.8 0.8 0.3545098
v -14 3 2 1 1 0.4431373
v -14 2 2 1 1 0.4431373
v -13 4 2 0.1058824 0.1058824 0.1058824
v -14 4 2 0.1058824 0.1058824 0.1058824
v -14 4 1 0.1058824 0.1058824 0.1058824
v -13 4 1 0.1058824 0.1058824 0.1058824
v -14 3 2 0.1058824 0.1058824 0.1058824
v -14 4 2 0.1058824 0.1058824 0.1058824
v -13 4 2 0.1058824 0.1058824 0.1058824
v -13 3 2 0.1058824 0.1058824 0.1058824
v -13 3 1 0.1058824 0.1058824 0.1058824
v -13 4 1 0.1058824 0.1058824 0.1058824
v -14 4 1 0.09529412 0.09529412 0.09529412
v -14 3 1 0.08470588 0.08470588 0.08470588
v -14 3 1 0.08470588 0.08470588 0.08470588
v -14 4 1 0.09529412 0.09529412 0.09529412
v -14 4 2 0.1058824 0.1058824 0.1058824
v -14 3 2 0.1058824 0.1058824 0.1058824
v -14 2 0 0.8 0.8 0.3545098
v -15 2 0 0.9 0.9 0.3988235
v -15 2 1 1 1 0.4431373
v -14 2 1 0.9 0.9 0.3988235
v -15 2 1 1 1 0.4431373
v -15 3 1 1 1 0.4431373
v -14 3 1 0.8 0.8 0.3545098
v -14 2 1 0.9 0.9 0.3988235
v -14 2 0 0.9 0.9 0.3988235
v -14 3 0 1 1 0.4431373
v -15 3 0 0.8 0.8 0.3545098
v -15 2 0 0.8 0.8 0.3545098
v -14 2 1 0.8 0.8 0.3545098
v -14 3 1 0.8 0.8 0.3545098
v -14 3 0 1 1 0.4431373
v -14 2 0 0.9 0.9 0.3988235
v -15 2 0 0.9 0.9 0.3988235
v -15 3 0 0.8 0.8 0.3545098
v -15 3 1 1 1 0.4431373
v -15 2 1 1 1 0.4431373
v -14 4 1 0.1058824 0.1058824 0.1058824
v -15 4 1 0.1058824 0.1058824 0.1058824
v -15 4 0 0.1058824 0.1058824 0.1058824
v -14 4 0 0.1058824 0.1058824 0.1058824
v -15 3 1 0.1058824 0.1058824 0.1058824
v -15 4 1 0.1058824 0.1058824 0.1058824
v -14 4 1 0.09529412 0.09529412 0.09529412
v -14 3 1 0.08470588 0.08470588 0.08470588
v -14 3 0 0.1058824 0.1058824 0.1058824
v -14 4 0 0.1058824 0.1058824 0.1058824
v -15 4 0 0.09529412 0.09529412 0.09529412
v -15 3 0 0.08470588 0.08470588 0.08470588
v -14 3 1 0.08470588 0.08470588 0.08470588
v -14 4 1 0.09529412 0.09529412 0.09529412
v -14 4 0 0.1058824 0.1058824 0.1058824
v -14 3 0 0.1058824 0.1058824 0.1058824
v -15 3 0 0.08470588 0.08470588 0.08470588
v -15 4 0 0.09529412 0.09529412 0.09529412
v -15 4 1 0.1058824 0.1058824 0.1058824
v -15 3 1 0.1058824 0.1058824 0.1058824
v 0 0 -2 1 1 0.4431373
v -1 0 -2 1 1 0.4431373
v -1 0 -1 1 1 0.4431373
v 0 0 -1 1 1 0.4431373
v -1 0 -1 0.9 0.9 0.3988235
v -1 1 -1 0.8 0.8 0.3545098
v 0 1 -1 1 1 0.4431373
v 0 0 -1 1 1 0.4431373
v 0 0 -1 1 1 0.4431373
v 0 1 -1 1 1 0.4431373
v 0 1 -2 0.8 0.8 0.3545098
v 0 0 -2 0.9 0.9 0.3988235
v 0 0 -3 1 1 0.4431373
v -1 0 -3 1 1 0.4431373
v -1 0 -2 1 1 0.4431373
v 0 0 -2 1 1 0.4431373
v 0 1 -2 0.8 0.8 0.3545098
v -1 1 -2 0.9 0.9 0.3988235
v -1 1 -3 0.9 0.9 0.3988235
v 0 1 -3 0.8 0.8 0.3545098
v 0 0 -4 1 1 0.4431373
v -1 0 -4 1 1 0.4431373
v -1 0 -3 1 1 0.4431373
v 0 0 -3 1 1 0.4431373
v 0 1 -3 0.8 0.8 0.3545098
v -1 1 -3 0.9 0.9 0.3988235
v -1 1 -4 0.8 0.8 0.3545098
v 0 1 -4 0.9 0.9 0.3988235
v 0 0 -5 1 1 0.4431373
v -1 0 -5 1 1 0.4431373
v -1 0 -4 1 1 0.4431373
v 0 0 -4 1 1 0.4431373
v 0 1 -4 0.9 0.9 0.3988235
v -1 1 -4 0.8 0.8 0.3545098
v -1 1 -5 0.9 0.9 0.3988235
v 0 1 -5 1 1 0.4431373
v 0 0 -6 1 1 0.4431373
v -1 0 -6 1 1 0.4431373
v -1 0 -5 1 1 0.4431373
v 0 0 -5 1 1 0.4431373
v 0 1 -5 1 1 0.4431373
v -1 1 -5 0.9 0.9 0.3988235
v -1 1 -6 1 1 0.4431373
v 0 1 -6 1 1 0.4431373
v 0 0 -7 1 1 0.4431373
v -1 0 -7 1 1 0.4431373
v -1 0 -6 1 1 0.4431373
v 0 0 -6 1 1 0.4431373
v 0 1 -6 1 1 0.4431373
v -1 1 -6 1 1 0.4431373
v -1 1 -7 1 1 0.4431373
v 0 1 -7 1 1 0.4431373
v 0 0 -8 1 1 0.4431373
v -1 0 -8 1 1 0.4431373
v -1 0 -7 1 1 0.4431373
v 0 0 -7 1 1 0.4431373
v 0 1 -7 1 1 0.4431373
v -1 1 -7 1 1 0.4431373
v -1 1 -8 1 1 0.4431373
v 0 1 -8 1 1 0.4431373
v 0 0 -9 1 1 0.4431373
v -1 0 -9 1 1 0.4431373
v -1 0 -8 1 1 0.4431373
v 0 0 -8 1 1 0.4431373
v 0 1 -8 1 1 0.4431373
v -1 1 -8 1 1 0.4431373
v -1 1 -9 1 1 0.4431373
v 0 1 -9 1 1 0.4431373
v 0 0 -10 1 1 0.4431373
v -1 0 -10 1 1 0.4431373
v -1 0 -9 1 1 0.4431373
v 0 0 -9 1 1 0.4431373
v 0 1 -9 1 1 0.4431373
v -1 1 -9 1 1 0.4431373
v -1 1 -10 1 1 0.4431373
v 0 1 -10 1 1 0.4431373
v 0 0 -11 1 1 0.4431373
v -1 0 -11 1 1 0.4431373
v -1 0 -10 1 1 0.4431373
v 0 0 -10 1 1 0.4431373
v 0 1 -10 1 1 0.4431373
v -1 1 -10 1 1 0.4431373
v -1 1 -11 0.9 0.9 0.3988235
v 0 1 -11 1 1 0.4431373
v 0 0 -12 1 1 0.4431373
v -1 0 -12 1 1 0.4431373
v -1 0 -11 1 1 0.4431373
v 0 0 -11 1 1 0.4431373
v 0 1 -11 1 1 0.4431373
v -1 1 -11 0.9 0.9 0.3988235
v -1 1 -12 0.8 0.8 0.3545098
v 0 1 -12 0.9 0.9 0.3988235
v 0 0 -13 1 1 0.4431373
v -1 0 -13 1 1 0.4431373
v -1 0 -12 1 1 0.4431373
v 0 0 -12 1 1 0.4431373
v 0 1 -12 0.9 0.9 0.3988235
v -1 1 -12 0.8 0.8 0.3545098
v -1 1 -13 0.9 0.9 0.3988235
v 0 1 -13 0.8 0.8 0.3545098
v 0 0 -14 1 1 0.4431373
v -1 0 -14 1 1 0.4431373
v -1 0 -13 1 1 0.4431373
v 0 0 -13 1 1 0.4431373
v 0 1 -13 0.8 0.8 0.3545098
v -1 1 -13 0.9 0.9 0.3988235
v -1 1 -14 0.9 0.9 0.3988235
v 0 1 -14 0.8 0.8 0.3545098
v 0 0 -15 1 1 0.4431373
v -1 0 -15 1 1 0.4431373
v -1 0 -14 1 1 0.4431373
v 0 0 -14 1 1 0.4431373
v 0 0 -15 1 1 0.4431373
v 0 1 -15 1 1 0.4431373
v -1 1 -15 0.8 0.8 0.3545098
v -1 0 -15 0.9 0.9 0.3988235
v 0 0 -14 0.9 0.9 0.3988235
v 0 1 -14 0.8 0.8 0.3545098
v 0 1 -15 1 1 0.4431373
v 0 0 -15 1 1 0.4431373
v 0 2 -1 0.8 0.8 0.3545098
v -1 2 -1 0.9 0.9 0.3988235
v -1 2 -2 1 1 0.4431373
v 0 2 -2 0.9 0.9 0.3988235
v -1 1 -1 0.8 0.8 0.3545098
v -1 2 -1 0.8 0.8 0.3545098
v 0 2 -1 0.9 0.9 0.3988235
v 0 1 -1 1 1 0.4431373
v 0 1 -2 0.8 0.8 0.3545098
v 0 2 -2 0.9 0.9 0.3988235
v -1 2 -2 1 1 0.4431373
v -1 1 -2 0.8 0.8 0.3545098
v 0 1 -1 1 1 0.4431373
v 0 2 -1 0.9 0.9 0.3988235
v 0 2 -2 0.8 0.8 0.3545098
v 0 1 -2 0.8 0.8 0.3545098
v -1 1 -2 0.8 0.8 0.3545098
v -1 2 -2 1 1 0.4431373
v -1 2 -1 0.9 0.9 0.3988235
v -1 1 -1 0.8 0.8 0.3545098
v 0 2 -14 0.9 0.9 0.3988235
v -1 2 -14 1 1 0.4431373
v -1 2 -15 0.9 0.9 0.3988235
v 0 2 -15 0.8 0.8 0.3545098
v -1 1 -14 0.8 0.8 0.3545098
v -1 2 -14 1 1 0.4431373
v 0 2 -14 0.9 0.9 0.3988235
v 0 1 -14 0.8 0.8 0.3545098
v 0 1 -15 1 1 0.4431373
v 0 2 -15 0.9 0.9 0.3988235
v -1 2 -15 0.8 0.8 0.3545098
v -1 1 -15 0.8 0.8 0.3545098
v 0 1 -14 0.8 0.8 0.3545098
v 0 2 -14 0.8 0.8 0.3545098
v 0 2 -15 0.9 0.9 0.3988235
v 0 1 -15 1 1 0.4431373
v -1 1 -15 0.8 0.8 0.3545098
v -1 2 -15 0.9 0.9 0.3988235
v -1 2 -14 1 1 0.4431373
v -1 1 -14 0.8 0.8 0.3545098
v 0 2 -1 0.9 0.9 0.3988235
v -1 2 -1 0.8 0.8 0.3545098
v -1 2 0 0.9 0.9 0.3988235
v 0 2 0 1 1 0.4431373
v -1 2 0 0.9 0.9 0.3988235
v -1 3 0 0.8 0.8 0.3545098
v 0 3 0 1 1 0.4431373
v 0 2 0 1 1 0.4431373
v 0 2 -1 0.8 0.8 0.3545098
v 0 3 -1 0.8 0.8 0.3545098
v -1 3 -1 1 1 0.4431373
v -1 2 -1 0.9 0.9 0.3988235
v 0 2 0 1 1 0.4431373
v 0 3 0 1 1 0.4431373
v 0 3 -1 0.8 0.8 0.3545098
v 0 2 -1 0.9 0.9 0.3988235
v -1 2 -1 0.9 0.9 0.3988235
v -1 3 -1 1 1 0.4431373
v -1 3 0 0.8 0.8 0.3545098
v -1 2 0 0.8 0.8 0.3545098
v 0 2 -16 1 1 0.4431373
v -1 2 -16 0.9 0.9 0.3988235
v -1 2 -15 0.8 0.8 0.3545098
v 0 2 -15 0.9 0.9 0.3988235
v -1 2 -15 0.9 0.9 0.3988235
v -1 3 -15 1 1 0.4431373
v 0 3 -15 0.8 0.8 0.3545098
v 0 2 -15 0.8 0.8 0.3545098
v 0 2 -16 1 1 0.4431373
v 0 3 -16 1 1 0.4431373
v -1 3 -16 0.8 0.8 0.3545098
v -1 2 -16 0.9 0.9 0.3988235
v 0 2 -15 0.9 0.9 0.3988235
v 0 3 -15 0.8 0.8 0.3545098
v 0 3 -16 1 1 0.4431373
v 0 2 -16 1 1 0.4431373
v -1 2 -16 0.8 0.8 0.3545098
v -1 3 -16 0.8 0.8 0.3545098
v -1 3 -15 1 1 0.4431373
v -1 2 -15 0.9 0.9 0.3988235
v 0 4 0 0.1058824 0.1058824 0.1058824
v -1 4 0 0.1058824 0.1058824 0.1058824
v -1 4 -1 0.1058824 0.1058824 0.1058824
v 0 4 -1 0.1058824 0.1058824 0.1058824
v -1 3 0 0.08470588 0.08470588 0.08470588
v -1 4 0 0.09529412 0.09529412 0.09529412
v 0 4 0 0.1058824 0.1058824 0.1058824
v 0 3 0 0.1058824 0.1058824 0.1058824
v 0 3 -1 0.08470588 0.08470588 0.08470588
v 0 4 -1 0.09529412 0.09529412 0.09529412
v -1 4 -1 0.1058824 0.1058824 0.1058824
v -1 3 -1 0.1058824 0.1058824 0.1058824
v 0 3 0 0.1058824 0.1058824 0.1058824
v 0 4 0 0.1058824 0.1058824 0.1058824
v 0 4 -1 0.09529412 0.09529412 0.09529412
v 0 3 -1 0.08470588 0.08470588 0.08470588
v -1 3 -1 0.1058824 0.1058824 0.1058824
v -1 4 -1 0.1058824 0.1058824 0.1058824
v -1 4 0 0.09529412 0.09529412 0.09529412
v -1 3 0 0.08470588 0.08470588 0.08470588
v 0 4 -15 0.1058824 0.1058824 0.1058824
v -1 4 -15 0.1058824 0.1058824 0.1058824
v -1 4 -16 0.1058824 0.1058824 0.1058824
v 0 4 -16 0.1058824 0.1058824 0.1058824
v -1 3 -15 0.1058824 0.1058824 0.1058824
v -1 4 -15 0.1058824 0.1058824 0.1058824
v 0 4 -15 0.09529412 0.09529412 0.09529412
v 0 3 -15 0.08470588 0.08470588 0.08470588
v 0 3 -16 0.1058824 0.1058824 0.1058824
v 0 4 -16 0.1058824 0.1058824 0.1058824
v -1 4 -16 0.09529412 0.09529412 0.09529412
v -1 3 -16 0.08470588 0.08470588 0.08470588
v 0 3 -15 0.08470588 0.08470588 0.08470588
v 0 4 -15 0.09529412 0.09529412 0.09529412
v 0 4 -16 0.1058824 0.1058824 0.1058824
v 0 3 -16 0.1058824 0.1058824 0.1058824
v -1 3 -16 0.08470588 0.08470588 0.08470588
v -1 4 -16 0.09529412 0.09529412 0.09529412
v -1 4 -15 0.1058824 0.1058824 0.1058824
v -1 3 -15 0.1058824 0.1058824 0.1058824
v -1 0 -1 1 1 0.4431373
v -2 0 -1 1 1 0.4431373
v -2 0 0 1 1 0.4431373
v -1 0 0 1 1 0.4431373
v -2 0 0 0.9 0.9 0.3988235
v -2 1 0 0.8 0.8 0.3545098
v -1 1 0 1 1 0.4431373
v -1 0 0 1 1 0.4431373
v -1 0 0 1 1 0.4431373
v -1 1 0 1 1 0.4431373
v -1 1 -1 0.8 0.8 0.3545098
v -1 0 -1 0.9 0.9 0.3988235
v -1 0 -2 1 1 0.4431373
v -2 0 -2 1 1 0.4431373
v -2 0 -1 1 1 0.4431373
v -1 0 -1 1 1 0.4431373
v -1 1 -1 0.8 0.8 0.3545098
v -2 1 -1 0.9 0.9 0.3988235
v -2 1 -2 0.9 0.9 0.3988235
v -1 1 -2 0.9 0.9 0.3988235
v -1 0 -3 1 1 0.4431373
v -2 0 -3 1 1 0.4431373
v -2 0 -2 1 1 0.4431373
v -1 0 -2 1 1 0.4431373
v -1 1 -2 0.9 0.9 0.3988235
v -2 1 -2 0.9 0.9 0.3988235
v -2 1 -3 0.8 0.8 0.3545098
v -1 1 -3 0.9 0.9 0.3988235
v -1 0 -4 1 1 0.4431373
v -2 0 -4 1 1 0.4431373
v -2 0 -3 1 1 0.4431373
v -1 0 -3 1 1 0.4431373
v -1 0 -5 1 1 0.4431373
v -2 0 -5 1 1 0.4431373
v -2 0 -4 1 1 0.4431373
v -1 0 -4 1 1 0.4431373
v -1 0 -6 1 1 0.4431373
v -2 0 -6 1 1 0.4431373
v -2 0 -5 1 1 0.4431373
v -1 0 -5 1 1 0.4431373
v -1 1 -5 0.9 0.9 0.3988235
v -2 1 -5 0.8 0.8 0.3545098
v -2 1 -6 0.8 0.8 0.3545098
v -1 1 -6 1 1 0.4431373
v -1 0 -7 1 1 0.4431373
v -2 0 -7 1 1 0.4431373
v -2 0 -6 1 1 0.4431373
v -1 0 -6 1 1 0.4431373
v -1 1 -6 1 1 0.4431373
v -2 1 -6 0.8 0.8 0.3545098
v -2 1 -7 0.8 0.8 0.3545098
v -1 1 -7 1 1 0.4431373
v -1 0 -8 1 1 0.4431373
v -2 0 -8 1 1 0.4431373
v -2 0 -7 1 1 0.4431373
v -1 0 -7 1 1 0.4431373
v -1 1 -7 1 1 0.4431373
v -2 1 -7 0.8 0.8 0.3545098
v -2 1 -8 0.8 0.8 0.3545098
v -1 1 -8 1 1 0.4431373
v -1 0 -9 1 1 0.4431373
v -2 0 -9 1 1 0.4431373
v -2 0 -8 1 1 0.4431373
v -1 0 -8 1 1 0.4431373
v -1 1 -8 1 1 0.4431373
v -2 1 -8 0.8 0.8 0.3545098
v -2 1 -9 0.8 0.8 0.3545098
v -1 1 -9 1 1 0.4431373
v -1 0 -10 1 1 0.4431373
v -2 0 -10 1 1 0.4431373
v -2 0 -9 1 1 0.4431373
v -1 0 -9 1 1 0.4431373
v -1 1 -9 1 1 0.4431373
v -2 1 -9 0.8 0.8 0.3545098
v -2 1 -10 0.8 0.8 0.3545098
v -1 1 -10 1 1 0.4431373
v -1 0 -11 1 1 0.4431373
v -2 0 -11 1 1 0.4431373
v -2 0 -10 1 1 0.4431373
v -1 0 -10 1 1 0.4431373
v -1 1 -10 1 1 0.4431373
v -2 1 -10 0.8 0.8 0.3545098
v -2 1 -11 0.8 0.8 0.3545098
v -1 1 -11 0.9 0.9 0.3988235
v -1 0 -12 1 1 0.4431373
v -2 0 -12 1 1 0.4431373
v -2 0 -11 1 1 0.4431373
v -1 0 -11 1 1 0.4431373
v -1 0 -13 1 1 0.4431373
v -2 0 -13 1 1 0.4431373
v -2 0 -12 1 1 0.4431373
v -1 0 -12 1 1 0.4431373
v -1 0 -14 1 1 0.4431373
v -2 0 -14 1 1 0.4431373
v -2 0 -13 1 1 0.4431373
v -1 0 -13 1 1 0.4431373
v -1 1 -13 0.9 0.9 0.3988235
v -2 1 -13 0.8 0.8 0.3545098
v -2 1 -14 0.9 0.9 0.3988235
v -1 1 -14 0.9 0.9 0.3988235
v -1 0 -15 1 1 0.4431373
v -2 0 -15 1 1 0.4431373
v -2 0 -14 1 1 0.4431373
v -1 0 -14 1 1 0.4431373
v -1 1 -14 0.9 0.9 0.3988235
v -2 1 -14 0.9 0.9 0.3988235
v -2 1 -15 0.9 0.9 0.3988235
v -1 1 -15 0.8 0.8 0.3545098
v -1 0 -16 1 1 0.4431373
v -2 0 -16 1 1 0.4431373
v -2 0 -15 1 1 0.4431373
v -1 0 -15 1 1 0.4431373
v -1 0 -16 1 1 0.4431373
v -1 1 -16 1 1 0.4431373
v -2 1 -16 0.8 0.8 0.3545098
v -2 0 -16 0.9 0.9 0.3988235
v -1 0 -15 0.9 0.9 0.3988235
v -1 1 -15 0.8 0.8 0.3545098
v -1 1 -16 1 1 0.4431373
v -1 0 -16 1 1 0.4431373
v -1 2 0 0.8 0.8 0.3545098
v -2 2 0 0.9 0.9 0.3988235
v -2 2 -1 1 1 0.4431373
v -1 2 -1 0.9 0.9 0.3988235
v -2 1 0 0.8 0.8 0.3545098
v -2 2 0 0.8 0.8 0.3545098
v -1 2 0 0.9 0.9 0.3988235
v -1 1 0 1 1 0.4431373
v -1 1 -1 0.8 0.8 0.3545098
v -1 2 -1 0.9 0.9 0.3988235
v -2 2 -1 1 1 0.4431373
v -2 1 -1 0.8 0.8 0.3545098
v -1 1 0 1 1 0.4431373
v -1 2 0 0.9 0.9 0.3988235
v -1 2 -1 0.8 0.8 0.3545098
v -1 1 -1 0.8 0.8 0.3545098
v -2 1 -1 0.8 0.8 0.3545098
v -2 2 -1 1 1 0.4431373
v -2 2 0 0.9 0.9 0.3988235
v -2 1 0 0.8 0.8 0.3545098
v -1 2 -3 1 1 0.4431373
v -2 2 -3 0.9 0.9 0.3988235
v -2 2 -4 0.8 0.8 0.3545098
v -1 2 -4 1 1 0.4431373
v -2 1 -3 0.8 0.8 0.3545098
v -2 2 -3 0.9 0.9 0.3988235
v -1 2 -3 1 1 0.4431373
v -1 1 -3 0.8 0.8 0.3545098
v -1 1 -3 0.8 0.8 0.3545098
v -1 2 -3 1 1 0.4431373
v -1 2 -4 1 1 0.4431373
v -1 1 -4 0.8 0.8 0.3545098
v -1 2 -4 1 1 0.4431373
v -2 2 -4 0.8 0.8 0.3545098
v -2 2 -5 0.8 0.8 0.3545098
v -1 2 -5 1 1 0.4431373
v -1 1 -5 0.8 0.8 0.3545098
v -1 2 -5 1 1 0.4431373
v -2 2 -5 0.8 0.8 0.3545098
v -2 1 -5 0.8 0.8 0.3545098
v -1 1 -4 0.8 0.8 0.3545098
v -1 2 -4 1 1 0.4431373
v -1 2 -5 1 1 0.4431373
v -1 1 -5 0.8 0.8 0.3545098
v -1 2 -11 1 1 0.4431373
v -2 2 -11 0.8 0.8 0.3545098
v -2 2 -12 0.8 0.8 0.3545098
v -1 2 -12 1 1 0.4431373
v -2 1 -11 0.8 0.8 0.3545098
v -2 2 -11 0.8 0.8 0.3545098
v -1 2 -11 1 1 0.4431373
v -1 1 -11 0.8 0.8 0.3545098
v -1 1 -11 0.8 0.8 0.3545098
v -1 2 -11 1 1 0.4431373
v -1 2 -12 1 1 0.4431373
v -1 1 -12 0.8 0.8 0.3545098
v -1 2 -12 1 1 0.4431373
v -2 2 -12 0.8 0.8 0.3545098
v -2 2 -13 0.9 0.9 0.3988235
v -1 2 -13 1 1 0.4431373
v -1 1 -13 0.8 0.8 0.3545098
v -1 2 -13 1 1 0.4431373
v -2 2 -13 0.9 0.9 0.3988235
v -2 1 -13 0.8 0.8 0.3545098
v -1 1 -12 0.8 0.8 0.3545098
v -1 2 -12 1 1 0.4431373
v -1 2 -13 1 1 0.4431373
v -1 1 -13 0.8 0.8 0.3545098
v -1 2 -15 0.9 0.9 0.3988235
v -2 2 -15 1 1 0.4431373
v -2 2 -16 0.9 0.9 0.3988235
v -1 2 -16 0.8 0.8 0.3545098
v -2 1 -15 0.8 0.8 0.3545098
v -2 2 -15 1 1 0.4431373
v -1 2 -15 0.9 0.9 0.3988235
v -1 1 -15 0.8 0.8 0.3545098
v -1 1 -16 1 1 0.4431373
v -1 2 -16 0.9 0.9 0.3988235
v -2 2 -16 0.8 0.8 0.3545098
v -2 1 -16 0.8 0.8 0.3545098
v -1 1 -15 0.8 0.8 0.3545098
v -1 2 -15 0.8 0.8 0.3545098
v -1 2 -16 0.9 0.9 0.3988235
v -1 1 -16 1 1 0.4431373
v -2 1 -16 0.8 0.8 0.3545098
v -2 2 -16 0.9 0.9 0.3988235
v -2 2 -15 1 1 0.4431373
v -2 1 -15 0.8 0.8 0.3545098
v -2 0 -1 1 1 0.4431373
v -3 0 -1 1 1 0.4431373
v -3 0 0 1 1 0.4431373
v -2 0 0 1 1 0.4431373
v -2 1 0 0.8 0.8 0.3545098
v -3 1 0 0.8 0.8 0.3545098
v -3 1 -1 0.9 0.9 0.3988235
v -2 1 -1 0.9 0.9 0.3988235
v -2 0 -2 1 1 0.4431373
v -3 0 -2 1 1 0.4431373
v -3 0 -1 1 1 0.4431373
v -2 0 -1 1 1 0.4431373
v -2 1 -1 0.9 0.9 0.3988235
v -3 1 -1 0.9 0.9 0.3988235
v -3 1 -2 0.8 0.8 0.3545098
v -2 1 -2 0.9 0.9 0.3988235
v -2 0 -3 1 1 0.4431373
v -3 0 -3 1 1 0.4431373
v -3 0 -2 1 1 0.4431373
v -2 0 -2 1 1 0.4431373
v -2 0 -4 1 1 0.4431373
v -3 0 -4 1 1 0.4431373
v -3 0 -3 1 1 0.4431373
v -2 0 -3 1 1 0.4431373
v -2 0 -5 1 1 0.4431373
v -3 0 -5 1 1 0.4431373
v -3 0 -4 1 1 0.4431373
v -2 0 -4 1 1 0.4431373
v -2 0 -6 1 1 0.4431373
v -3 0 -6 1 1 0.4431373
v -3 0 -5 1 1 0.4431373
v -2 0 -5 1 1 0.4431373
v -2 0 -7 1 1 0.4431373
v -3 0 -7 1 1 0.4431373
v -3 0 -6 1 1 0.4431373
v -2 0 -6 1 1 0.4431373
v -2 0 -8 1 1 0.4431373
v -3 0 -8 1 1 0.4431373
v -3 0 -7 1 1 0.4431373
v -2 0 -7 1 1 0.4431373
v -2 0 -9 1 1 0.4431373
v -3 0 -9 1 1 0.4431373
v -3 0 -8 1 1 0.4431373
v -2 0 -8 1 1 0.4431373
v -2 0 -10 1 1 0.4431373
v -3 0 -10 1 1 0.4431373
v -3 0 -9 1 1 0.4431373
v -2 0 -9 1 1 0.4431373
v -2 0 -11 1 1 0.4431373
v -3 0 -11 1 1 0.4431373
v -3 0 -10 1 1 0.4431373
v -2 0 -10 1 1 0.4431373
v -2 0 -12 1 1 0.4431373
v -3 0 -12 1 1 0.4431373
v -3 0 -11 1 1 0.4431373
v -2 0 -11 1 1 0.4431373
v -2 0 -13 1 1 0.4431373
v -3 0 -13 1 1 0.4431373
v -3 0 -12 1 1 0.4431373
v -2 0 -12 1 1 0.4431373
v -2 0 -14 1 1 0.4431373
v -3 0 -14 1 1 0.4431373
v -3 0 -13 1 1 0.4431373
v -2 0 -13 1 1 0.4431373
v -2 0 -15 1 1 0.4431373
v -3 0 -15 1 1 0.4431373
v -3 0 -14 1 1 0.4431373
v -2 0 -14 1 1 0.4431373
v -2 1 -14 0.9 0.9 0.3988235
v -3 1 -14 0.8 0.8 0.3545098
v -3 1 -15 0.9 0.9 0.3988235
v -2 1 -15 0.9 0.9 0.3988235
v -2 0 -16 1 1 0.4431373
v -3 0 -16 1 1 0.4431373
v -3 0 -15 1 1 0.4431373
v -2 0 -15 1 1 0.4431373
v -2 1 -15 0.9 0.9 0.3988235
v -3 1 -15 0.9 0.9 0.3988235
v -3 1 -16 0.8 0.8 0.3545098
v -2 1 -16 0.8 0.8 0.3545098
v -2 2 -2 1 1 0.4431373
v -3 2 -2 0.9 0.9 0.3988235
v -3 2 -3 0.8 0.8 0.3545098
v -2 2 -3 0.9 0.9 0.3988235
v -3 1 -2 0.8 0.8 0.3545098
v -3 2 -2 0.9 0.9 0.3988235
v -2 2 -2 1 1 0.4431373
v -2 1 -2 0.8 0.8 0.3545098
v -2 1 -2 0.8 0.8 0.3545098
v -2 2 -2 1 1 0.4431373
v -2 2 -3 0.9 0.9 0.3988235
v -2 1 -3 0.8 0.8 0.3545098
v -3 1 -5 0.8 0.8 0.3545098
v -3 2 -5 0.8 0.8 0.3545098
v -3 2 -4 0.8 0.8 0.3545098
v -3 1 -4 0.8 0.8 0.3545098
v -2 1 -5 0.8 0.8 0.3545098
v -2 2 -5 0.9 0.9 0.3988235
v -2 2 -6 1 1 0.4431373
v -2 1 -6 0.8 0.8 0.3545098
v -3 1 -6 0.8 0.8 0.3545098
v -3 2 -6 0.8 0.8 0.3545098
v -3 2 -5 0.8 0.8 0.3545098
v -3 1 -5 0.8 0.8 0.3545098
v -2 2 -6 0.9 0.9 0.3988235
v -3 2 -6 0.8 0.8 0.3545098
v -3 2 -7 0.8 0.8 0.3545098
v -2 2 -7 0.9 0.9 0.3988235
v -2 1 -6 0.8 0.8 0.3545098
v -2 2 -6 1 1 0.4431373
v -2 2 -7 1 1 0.4431373
v -2 1 -7 0.8 0.8 0.3545098
v -2 1 -7 0.8 0.8 0.3545098
v -2 2 -7 1 1 0.4431373
v -2 2 -8 1 1 0.4431373
v -2 1 -8 0.8 0.8 0.3545098
v -3 1 -8 0.8 0.8 0.3545098
v -3 2 -8 0.8 0.8 0.3545098
v -3 2 -7 0.8 0.8 0.3545098
v -3 1 -7 0.8 0.8 0.3545098
v -2 1 -8 0.8 0.8 0.3545098
v -2 2 -8 1 1 0.4431373
v -2 2 -9 1 1 0.4431373
v -2 1 -9 0.8 0.8 0.3545098
v -3 1 -9 0.8 0.8 0.3545098
v -3 2 -9 0.8 0.8 0.3545098
v -3 2 -8 0.8 0.8 0.3545098
v -3 1 -8 0.8 0.8 0.3545098
v -2 2 -9 0.9 0.9 0.3988235
v -3 2 -9 0.8 0.8 0.3545098
v -3 2 -10 0.8 0.8 0.3545098
v -2 2 -10 0.9 0.9 0.3988235
v -2 1 -9 0.8 0.8 0.3545098
v -2 2 -9 1 1 0.4431373
v -2 2 -10 1 1 0.4431373
v -2 1 -10 0.8 0.8 0.3545098
v -2 1 -10 0.8 0.8 0.3545098
v -2 2 -10 1 1 0.4431373
v -2 2 -11 0.9 0.9 0.3988235
v -2 1 -11 0.8 0.8 0.3545098
v -3 1 -11 0.8 0.8 0.3545098
v -3 2 -11 0.8 0.8 0.3545098
v -3 2 -10 0.8 0.8 0.3545098
v -3 1 -10 0.8 0.8 0.3545098
v -3 1 -12 0.8 0.8 0.3545098
v -3 2 -12 0.8 0.8 0.3545098
v -3 2 -11 0.8 0.8 0.3545098
v -3 1 -11 0.8 0.8 0.3545098
v -2 2 -13 0.9 0.9 0.3988235
v -3 2 -13 0.8 0.8 0.3545098
v -3 2 -14 0.9 0.9 0.3988235
v -2 2 -14 1 1 0.4431373
v -2 1 -14 0.8 0.8 0.3545098
v -2 2 -14 1 1 0.4431373
v -3 2 -14 0.9 0.9 0.3988235
v -3 1 -14 0.8 0.8 0.3545098
v -2 1 -13 0.8 0.8 0.3545098
v -2 2 -13 0.9 0.9 0.3988235
v -2 2 -14 1 1 0.4431373
v -2 1 -14 0.8 0.8 0.3545098
v -2 3 -3 1 1 0.4431373
v -3 3 -3 1 1 0.4431373
v -3 3 -4 1 1 0.4431373
v -2 3 -4 1 1 0.4431373
v -3 2 -3 0.8 0.8 0.3545098
v -3 3 -3 0.9 0.9 0.3988235
v -2 3 -3 1 1 0.4431373
v -2 2 -3 0.9 0.9 0.3988235
v -2 2 -3 0.9 0.9 0.3988235
v -2 3 -3 1 1 0.4431373
v -2 3 -4 1 1 0.4431373
v -2 2 -4 0.8 0.8 0.3545098
v -2 3 -4 1 1 0.4431373
v -3 3 -4 1 1 0.4431373
v -3 3 -5 0.9 0.9 0.3988235
v -2 3 -5 1 1 0.4431373
v -2 2 -4 0.8 0.8 0.3545098
v -2 3 -4 1 1 0.4431373
v -2 3 -5 1 1 0.4431373
v -2 2 -5 0.9 0.9 0.3988235
v -2 3 -5 1 1 0.4431373
v -3 3 -5 0.9 0.9 0.3988235
v -3 3 -6 0.8 0.8 0.3545098
v -2 3 -6 1 1 0.4431373
v -2 2 -6 0.9 0.9 0.3988235
v -2 3 -6 1 1 0.4431373
v -3 3 -6 0.8 0.8 0.3545098
v -3 2 -6 0.8 0.8 0.3545098
v -2 2 -5 0.9 0.9 0.3988235
v -2 3 -5 1 1 0.4431373
v -2 3 -6 1 1 0.4431373
v -2 2 -6 1 1 0.4431373
v -2 3 -7 1 1 0.4431373
v -3 3 -7 0.8 0.8 0.3545098
v -3 3 -8 0.8 0.8 0.3545098
v -2 3 -8 1 1 0.4431373
v -3 2 -7 0.8 0.8 0.3545098
v -3 3 -7 0.8 0.8 0.3545098
v -2 3 -7 1 1 0.4431373
v -2 2 -7 0.9 0.9 0.3988235
v -2 2 -7 1 1 0.4431373
v -2 3 -7 1 1 0.4431373
v -2 3 -8 1 1 0.4431373
v -2 2 -8 1 1 0.4431373
v -2 3 -8 1 1 0.4431373
v -3 3 -8 0.8 0.8 0.3545098
v -3 3 -9 0.8 0.8 0.3545098
v -2 3 -9 1 1 0.4431373
v -2 2 -9 0.9 0.9 0.3988235
v -2 3 -9 1 1 0.4431373
v -3 3 -9 0.8 0.8 0.3545098
v -3 2 -9 0.8 0.8 0.3545098
v -2 2 -8 1 1 0.4431373
v -2 3 -8 1 1 0.4431373
v -2 3 -9 1 1 0.4431373
v -2 2 -9 1 1 0.4431373
v -2 3 -10 1 1 0.4431373
v -3 3 -10 0.8 0.8 0.3545098
v -3 3 -11 0.9 0.9 0.3988235
v -2 3 -11 1 1 0.4431373
v -3 2 -10 0.8 0.8 0.3545098
v -3 3 -10 0.8 0.8 0.3545098
v -2 3 -10 1 1 0.4431373
v -2 2 -10 0.9 0.9 0.3988235
v -2 2 -10 1 1 0.4431373
v -2 3 -10 1 1 0.4431373
v -2 3 -11 1 1 0.4431373
v -2 2 -11 0.9 0.9 0.3988235
v -2 3 -11 1 1 0.4431373
v -3 3 -11 0.9 0.9 0.3988235
v -3 3 -12 1 1 0.4431373
v -2 3 -12 1 1 0.4431373
v -2 2 -11 0.9 0.9 0.3988235
v -2 3 -11 1 1 0.4431373
v -2 3 -12 1 1 0.4431373
v -2 2 -12 0.8 0.8 0.3545098
v -2 3 -12 1 1 0.4431373
v -3 3 -12 1 1 0.4431373
v -3 3 -13 1 1 0.4431373
v -2 3 -13 1 1 0.4431373
v -2 2 -13 0.9 0.9 0.3988235
v -2 3 -13 1 1 0.4431373
v -3 3 -13 0.9 0.9 0.3988235
v -3 2 -13 0.8 0.8 0.3545098
v -2 2 -12 0.8 0.8 0.3545098
v -2 3 -12 1 1 0.4431373
v -2 3 -13 1 1 0.4431373
v -2 2 -13 0.9 0.9 0.3988235
v -2 4 -6 0.7176471 0 0
v -3 4 -6 0.5741177 0 0
v -3 4 -5 0.6458824 0 0
v -2 4 -5 0.7176471 0 0
v -2 5 -5 0.7176471 0 0
v -3 5 -5 0.6458824 0 0
v -3 5 -6 0.5741177 0 0
v -2 5 -6 0.6458824 0 0
v -3 4 -5 0.6458824 0 0
v -3 5 -5 0.6458824 0 0
v -2 5 -5 0.7176471 0 0
v -2 4 -5 0.7176471 0 0
v -2 4 -6 0.7176471 0 0
v -2 5 -6 0.6458824 0 0
v -3 5 -6 0.5741177 0 0
v -3 4 -6 0.5741177 0 0
v -2 4 -5 0.7176471 0 0
v -2 5 -5 0.7176471 0 0
v -2 5 -6 0.7176471 0 0
v -2 4 -6 0.7176471 0 0
v -2 4 -8 0.7176471 0 0
v -3 4 -8 0.5741177 0 0
v -3 4 -7 0.5741177 0 0
v -2 4 -7 0.7176471 0 0
v -2 5 -7 0.6458824 0 0
v -3 5 -7 0.5741177 0 0
v -3 5 -8 0.5741177 0 0
v -2 5 -8 0.7176471 0 0
v -3 4 -7 0.5741177 0 0
v -3 5 -7 0.5741177 0 0
v -2 5 -7 0.6458824 0 0
v -2 4 -7 0.7176471 0 0
v -2 4 -7 0.7176471 0 0
v -2 5 -7 0.7176471 0 0
v -2 5 -8 0.7176471 0 0
v -2 4 -8 0.7176471 0 0
v -2 4 -9 0.7176471 0 0
v -3 4 -9 0.5741177 0 0
v -3 4 -8 0.5741177 0 0
v -2 4 -8 0.7176471 0 0
v -2 5 -8 0.7176471 0 0
v -3 5 -8 0.5741177 0 0
v -3 5 -9 0.5741177 0 0
v -2 5 -9 0.6458824 0 0
v -2 4 -9 0.7176471 0 0
v -2 5 -9 0.6458824 0 0
v -3 5 -9 0.5741177 0 0
v -3 4 -9 0.5741177 0 0
v -2 4 -8 0.7176471 0 0
v -2 5 -8 0.7176471 0 0
v -2 5 -9 0.7176471 0 0
v -2 4 -9 0.7176471 0 0
v -2 4 -11 0.7176471 0 0
v -3 4 -11 0.6458824 0 0
v -3 4 -10 0.5741177 0 0
v -2 4 -10 0.7176471 0 0
v -2 5 -10 0.6458824 0 0
v -3 5 -10 0.5741177 0 0
v -3 5 -11 0.6458824 0 0
v -2 5 -11 0.7176471 0 0
v -3 4 -10 0.5741177 0 0
v -3 5 -10 0.5741177 0 0
v -2 5 -10 0.6458824 0 0
v -2 4 -10 0.7176471 0 0
v -2 4 -11 0.7176471 0 0
v -2 5 -11 0.7176471 0 0
v -3 5 -11 0.6458824 0 0
v -3 4 -11 0.6458824 0 0
v -2 4 -10 0.7176471 0 0
v -2 5 -10 0.7176471 0 0
v -2 5 -11 0.7176471 0 0
v -2 4 -11 0.7176471 0 0
v -2 5 -7 0.6458824 0 0
v -3 5 -7 0.5741177 0 0
v -3 5 -6 0.5741177 0 0
v -2 5 -6 0.6458824 0 0
v -2 6 -6 0.7176471 0 0
v -3 6 -6 0.7176471 0 0
v -3 6 -7 0.7176471 0 0
v -2 6 -7 0.7176471 0 0
v -3 5 -6 0.5741177 0 0
v -3 6 -6 0.6458824 0 0
v -2 6 -6 0.7176471 0 0
v -2 5 -6 0.6458824 0 0
v -2 5 -7 0.6458824 0 0
v -2 6 -7 0.7176471 0 0
v -3 6 -7 0.6458824 0 0
v -3 5 -7 0.5741177 0 0
v -2 5 -6 0.7176471 0 0
v -2 6 -6 0.7176471 0 0
v -2 6 -7 0.7176471 0 0
v -2 5 -7 0.7176471 0 0
v -2 5 -10 0.6458824 0 0
v -3 5 -10 0.5741177 0 0
v -3 5 -9 0.5741177 0 0
v -2 5 -9 0.6458824 0 0
v -2 6 -9 0.7176471 0 0
v -3 6 -9 0.7176471 0 0
v -3 6 -10 0.7176471 0 0
v -2 6 -10 0.7176471 0 0
v -3 5 -9 0.5741177 0 0
v -3 6 -9 0.6458824 0 0
v -2 6 -9 0.7176471 0 0
v -2 5 -9 0.6458824 0 0
v -2 5 -10 0.6458824 0 0
v -2 6 -10 0.7176471 0 0
v -3 6 -10 0.6458824 0 0
v -3 5 -10 0.5741177 0 0
v -2 5 -9 0.7176471 0 0
v -2 6 -9 0.7176471 0 0
v -2 6 -10 0.7176471 0 0
v -2 5 -10 0.7176471 0 0
v -3 0 -1 1 1 0.4431373
v -4 0 -1 1 1 0.4431373
v -4 0 0 1 1 0.4431373
v -3 0 0 1 1 0.4431373
v -3 1 0 0.8 0.8 0.3545098
v -4 1 0 0.9 0.9 0.3988235
v -4 1 -1 0.8 0.8 0.3545098
v -3 1 -1 0.9 0.9 0.3988235
v -3 0 -2 1 1 0.4431373
v -4 0 -2 1 1 0.4431373
v -4 0 -1 1 1 0.4431373
v -3 0 -1 1 1 0.4431373
v -3 0 -3 1 1 0.4431373
v -4 0 -3 1 1 0.4431373
v -4 0 -2 1 1 0.4431373
v -3 0 -2 1 1 0.4431373
v -3 0 -4 1 1 0.4431373
v -4 0 -4 1 1 0.4431373
v -4 0 -3 1 1 0.4431373
v -3 0 -3 1 1 0.4431373
v -3 0 -5 1 1 0.4431373
v -4 0 -5 1 1 0.4431373
v -4 0 -4 1 1 0.4431373
v -3 0 -4 1 1 0.4431373
v -3 1 -4 0.8 0.8 0.3545098
v -4 1 -4 0.9 0.9 0.3988235
v -4 1 -5 1 1 0.4431373
v -3 1 -5 0.8 0.8 0.3545098
v -3 0 -6 1 1 0.4431373
v -4 0 -6 1 1 0.4431373
v -4 0 -5 1 1 0.4431373
v -3 0 -5 1 1 0.4431373
v -3 1 -5 0.8 0.8 0.3545098
v -4 1 -5 1 1 0.4431373
v -4 1 -6 0.9 0.9 0.3988235
v -3 1 -6 0.8 0.8 0.3545098
v -3 0 -7 1 1 0.4431373
v -4 0 -7 1 1 0.4431373
v -4 0 -6 1 1 0.4431373
v -3 0 -6 1 1 0.4431373
v -3 0 -8 1 1 0.4431373
v -4 0 -8 1 1 0.4431373
v -4 0 -7 1 1 0.4431373
v -3 0 -7 1 1 0.4431373
v -3 1 -7 0.8 0.8 0.3545098
v -4 1 -7 0.9 0.9 0.3988235
v -4 1 -8 1 1 0.4431373
v -3 1 -8 0.8 0.8 0.3545098
v -3 0 -9 1 1 0.4431373
v -4 0 -9 1 1 0.4431373
v -4 0 -8 1 1 0.4431373
v -3 0 -8 1 1 0.4431373
v -3 1 -8 0.8 0.8 0.3545098
v -4 1 -8 1 1 0.4431373
v -4 1 -9 0.9 0.9 0.3988235
v -3 1 -9 0.8 0.8 0.3545098
v -3 0 -10 1 1 0.4431373
v -4 0 -10 1 1 0.4431373
v -4 0 -9 1 1 0.4431373
v -3 0 -9 1 1 0.4431373
v -3 0 -11 1 1 0.4431373
v -4 0 -11 1 1 0.4431373
v -4 0 -10 1 1 0.4431373
v -3 0 -10 1 1 0.4431373
v -3 1 -10 0.8 0.8 0.3545098
v -4 1 -10 0.9 0.9 0.3988235
v -4 1 -11 1 1 0.4431373
v -3 1 -11 0.8 0.8 0.3545098
v -3 0 -12 1 1 0.4431373
v -4 0 -12 1 1 0.4431373
v -4 0 -11 1 1 0.4431373
v -3 0 -11 1 1 0.4431373
v -3 1 -11 0.8 0.8 0.3545098
v -4 1 -11 1 1 0.4431373
v -4 1 -12 0.9 0.9 0.3988235
v -3 1 -12 0.8 0.8 0.3545098
v -3 0 -13 1 1 0.4431373
v -4 0 -13 1 1 0.4431373
v -4 0 -12 1 1 0.4431373
v -3 0 -12 1 1 0.4431373
v -3 0 -14 1 1 0.4431373
v -4 0 -14 1 1 0.4431373
v -4 0 -13 1 1 0.4431373
v -3 0 -13 1 1 0.4431373
v -3 0 -15 1 1 0.4431373
v -4 0 -15 1 1 0.4431373
v -4 0 -14 1 1 0.4431373
v -3 0 -14 1 1 0.4431373
v -3 0 -16 1 1 0.4431373
v -4 0 -16 1 1 0.4431373
v -4 0 -15 1 1 0.4431373
v -3 0 -15 1 1 0.4431373
v -3 1 -15 0.9 0.9 0.3988235
v -4 1 -15 0.8 0.8 0.3545098
v -4 1 -16 0.9 0.9 0.3988235
v -3 1 -16 0.8 0.8 0.3545098
v -3 2 -1 1 1 0.4431373
v -4 2 -1 1 1 0.4431373
v -4 2 -2 0.8 0.8 0.3545098
v -3 2 -2 0.9 0.9 0.3988235
v -4 1 -1 0.8 0.8 0.3545098
v -4 2 -1 1 1 0.4431373
v -3 2 -1 1 1 0.4431373
v -3 1 -1 0.8 0.8 0.3545098
v -3 1 -1 0.8 0.8 0.3545098
v -3 2 -1 1 1 0.4431373
v -3 2 -2 0.9 0.9 0.3988235
v -3 1 -2 0.8 0.8 0.3545098
v -3 1 -4 0.8 0.8 0.3545098
v -3 2 -4 0.8 0.8 0.3545098
v -4 2 -4 0.8 0.8 0.3545098
v -4 1 -4 0.8 0.8 0.3545098
v -4 1 -4 0.8 0.8 0.3545098
v -4 2 -4 0.8 0.8 0.3545098
v -4 2 -3 0.8 0.8 0.3545098
v -4 1 -3 0.8 0.8 0.3545098
v -4 1 -6 0.8 0.8 0.3545098
v -4 2 -6 0.9 0.9 0.3988235
v -3 2 -6 0.8 0.8 0.3545098
v -3 1 -6 0.8 0.8 0.3545098
v -3 1 -7 0.8 0.8 0.3545098
v -3 2 -7 0.8 0.8 0.3545098
v -4 2 -7 0.9 0.9 0.3988235
v -4 1 -7 0.8 0.8 0.3545098
v -4 1 -7 0.8 0.8 0.3545098
v -4 2 -7 1 1 0.4431373
v -4 2 -6 1 1 0.4431373
v -4 1 -6 0.8 0.8 0.3545098
v -4 1 -9 0.8 0.8 0.3545098
v -4 2 -9 0.9 0.9 0.3988235
v -3 2 -9 0.8 0.8 0.3545098
v -3 1 -9 0.8 0.8 0.3545098
v -3 1 -10 0.8 0.8 0.3545098
v -3 2 -10 0.8 0.8 0.3545098
v -4 2 -10 0.9 0.9 0.3988235
v -4 1 -10 0.8 0.8 0.3545098
v -4 1 -10 0.8 0.8 0.3545098
v -4 2 -10 1 1 0.4431373
v -4 2 -9 1 1 0.4431373
v -4 1 -9 0.8 0.8 0.3545098
v -4 1 -12 0.8 0.8 0.3545098
v -4 2 -12 0.8 0.8 0.3545098
v -3 2 -12 0.8 0.8 0.3545098
v -3 1 -12 0.8 0.8 0.3545098
v -4 1 -13 0.8 0.8 0.3545098
v -4 2 -13 0.8 0.8 0.3545098
v -4 2 -12 0.8 0.8 0.3545098
v -4 1 -12 0.8 0.8 0.3545098
v -3 2 -14 0.9 0.9 0.3988235
v -4 2 -14 0.8 0.8 0.3545098
v -4 2 -15 1 1 0.4431373
v -3 2 -15 1 1 0.4431373
v -3 1 -15 0.8 0.8 0.3545098
v -3 2 -15 1 1 0.4431373
v -4 2 -15 1 1 0.4431373
v -4 1 -15 0.8 0.8 0.3545098
v -3 1 -14 0.8 0.8 0.3545098
v -3 2 -14 0.9 0.9 0.3988235
v -3 2 -15 1 1 0.4431373
v -3 1 -15 0.8 0.8 0.3545098
v -3 3 -2 1 1 0.4431373
v -4 3 -2 1 1 0.4431373
v -4 3 -3 1 1 0.4431373
v -3 3 -3 1 1 0.4431373
v -4 2 -2 0.8 0.8 0.3545098
v -4 3 -2 1 1 0.4431373
v -3 3 -2 1 1 0.4431373
v -3 2 -2 0.9 0.9 0.3988235
v -3 2 -2 0.9 0.9 0.3988235
v -3 3 -2 1 1 0.4431373
v -3 3 -3 0.9 0.9 0.3988235
v -3 2 -3 0.8 0.8 0.3545098
v -3 3 -3 1 1 0.4431373
v -4 3 -3 1 1 0.4431373
v -4 3 -4 0.9 0.9 0.3988235
v -3 3 -4 1 1 0.4431373
v -3 2 -5 0.8 0.8 0.3545098
v -4 2 -5 1 1 0.4431373
v -4 2 -4 0.9 0.9 0.3988235
v -3 2 -4 0.8 0.8 0.3545098
v -3 3 -4 1 1 0.4431373
v -4 3 -4 0.9 0.9 0.3988235
v -4 3 -5 0.8 0.8 0.3545098
v -3 3 -5 0.9 0.9 0.3988235
v -3 2 -6 0.8 0.8 0.3545098
v -4 2 -6 0.9 0.9 0.3988235
v -4 2 -5 1 1 0.4431373
v -3 2 -5 0.8 0.8 0.3545098
v -4 2 -6 1 1 0.4431373
v -4 3 -6 1 1 0.4431373
v -4 3 -5 0.8 0.8 0.3545098
v -4 2 -5 0.9 0.9 0.3988235
v -3 2 -6 0.8 0.8 0.3545098
v -3 3 -6 0.9 0.9 0.3988235
v -3 3 -7 0.9 0.9 0.3988235
v -3 2 -7 0.8 0.8 0.3545098
v -4 2 -7 1 1 0.4431373
v -4 3 -7 1 1 0.4431373
v -4 3 -6 1 1 0.4431373
v -4 2 -6 1 1 0.4431373
v -3 2 -8 0.8 0.8 0.3545098
v -4 2 -8 1 1 0.4431373
v -4 2 -7 0.9 0.9 0.3988235
v -3 2 -7 0.8 0.8 0.3545098
v -4 2 -8 1 1 0.4431373
v -4 3 -8 1 1 0.4431373
v -4 3 -7 1 1 0.4431373
v -4 2 -7 1 1 0.4431373
v -3 2 -9 0.8 0.8 0.3545098
v -4 2 -9 0.9 0.9 0.3988235
v -4 2 -8 1 1 0.4431373
v -3 2 -8 0.8 0.8 0.3545098
v -4 2 -9 1 1 0.4431373
v -4 3 -9 1 1 0.4431373
v -4 3 -8 1 1 0.4431373
v -4 2 -8 1 1 0.4431373
v -3 2 -9 0.8 0.8 0.3545098
v -3 3 -9 0.9 0.9 0.3988235
v -3 3 -10 0.9 0.9 0.3988235
v -3 2 -10 0.8 0.8 0.3545098
v -4 2 -10 1 1 0.4431373
v -4 3 -10 1 1 0.4431373
v -4 3 -9 1 1 0.4431373
v -4 2 -9 1 1 0.4431373
v -3 2 -11 0.8 0.8 0.3545098
v -4 2 -11 1 1 0.4431373
v -4 2 -10 0.9 0.9 0.3988235
v -3 2 -10 0.8 0.8 0.3545098
v -4 2 -11 0.9 0.9 0.3988235
v -4 3 -11 0.8 0.8 0.3545098
v -4 3 -10 1 1 0.4431373
v -4 2 -10 1 1 0.4431373
v -3 2 -12 0.8 0.8 0.3545098
v -4 2 -12 0.9 0.9 0.3988235
v -4 2 -11 1 1 0.4431373
v -3 2 -11 0.8 0.8 0.3545098
v -3 3 -11 0.9 0.9 0.3988235
v -4 3 -11 0.8 0.8 0.3545098
v -4 3 -12 0.9 0.9 0.3988235
v -3 3 -12 1 1 0.4431373
v -3 3 -12 1 1 0.4431373
v -4 3 -12 0.9 0.9 0.3988235
v -4 3 -13 1 1 0.4431373
v -3 3 -13 1 1 0.4431373
v -3 3 -13 1 1 0.4431373
v -4 3 -13 1 1 0.4431373
v -4 3 -14 1 1 0.4431373
v -3 3 -14 1 1 0.4431373
v -3 2 -14 0.9 0.9 0.3988235
v -3 3 -14 1 1 0.4431373
v -4 3 -14 1 1 0.4431373
v -4 2 -14 0.8 0.8 0.3545098
v -3 2 -13 0.8 0.8 0.3545098
v -3 3 -13 0.9 0.9 0.3988235
v -3 3 -14 1 1 0.4431373
v -3 2 -14 0.9 0.9 0.3988235
v -4 3 -5 0.8 0.8 0.3545098
v -4 4 -5 0.8 0.8 0.3545098
v -3 4 -5 0.9 0.9 0.3988235
v -3 3 -5 0.8 0.8 0.3545098
v -3 3 -5 0.8 0.8 0.3545098
v -3 4 -5 0.9 0.9 0.3988235
v -3 4 -6 0.9 0.9 0.3988235
v -3 3 -6 0.9 0.9 0.3988235
v -4 3 -6 1 1 0.4431373
v -4 4 -6 1 1 0.4431373
v -4 4 -5 0.8 0.8 0.3545098
v -4 3 -5 0.8 0.8 0.3545098
v -3 3 -6 0.9 0.9 0.3988235
v -3 4 -6 0.9 0.9 0.3988235
v -3 4 -7 0.9 0.9 0.3988235
v -3 3 -7 0.9 0.9 0.3988235
v -4 3 -7 1 1 0.4431373
v -4 4 -7 1 1 0.4431373
v -4 4 -6 1 1 0.4431373
v -4 3 -6 1 1 0.4431373
v -3 3 -7 0.9 0.9 0.3988235
v -3 4 -7 0.9 0.9 0.3988235
v -3 4 -8 0.8 0.8 0.3545098
v -3 3 -8 0.8 0.8 0.3545098
v -4 3 -8 1 1 0.4431373
v -4 4 -8 1 1 0.4431373
v -4 4 -7 1 1 0.4431373
v -4 3 -7 1 1 0.4431373
v -3 3 -8 0.8 0.8 0.3545098
v -3 4 -8 0.8 0.8 0.3545098
v -3 4 -9 0.9 0.9 0.3988235
v -3 3 -9 0.9 0.9 0.3988235
v -4 3 -9 1 1 0.4431373
v -4 4 -9 1 1 0.4431373
v -4 4 -8 1 1 0.4431373
v -4 3 -8 1 1 0.4431373
v -3 3 -9 0.9 0.9 0.3988235
v -3 4 -9 0.9 0.9 0.3988235
v -3 4 -10 0.9 0.9 0.3988235
v -3 3 -10 0.9 0.9 0.3988235
v -4 3 -10 1 1 0.4431373
v -4 4 -10 1 1 0.4431373
v -4 4 -9 1 1 0.4431373
v -4 3 -9 1 1 0.4431373
v -3 3 -11 0.8 0.8 0.3545098
v -3 4 -11 0.9 0.9 0.3988235
v -4 4 -11 0.8 0.8 0.3545098
v -4 3 -11 0.8 0.8 0.3545098
v -3 3 -10 0.9 0.9 0.3988235
v -3 4 -10 0.9 0.9 0.3988235
v -3 4 -11 0.9 0.9 0.3988235
v -3 3 -11 0.8 0.8 0.3545098
v -4 3 -11 0.8 0.8 0.3545098
v -4 4 -11 0.8 0.8 0.3545098
v -4 4 -10 1 1 0.4431373
v -4 3 -10 1 1 0.4431373
v -3 4 -5 0.6458824 0 0
v -4 4 -5 0.5741177 0 0
v -4 4 -4 0.6458824 0 0
v -3 4 -4 0.7176471 0 0
v -3 5 -4 0.7176471 0 0
v -4 5 -4 0.6458824 0 0
v -4 5 -5 0.5741177 0 0
v -3 5 -5 0.6458824 0 0
v -4 4 -4 0.6458824 0 0
v -4 5 -4 0.6458824 0 0
v -3 5 -4 0.7176471 0 0
v -3 4 -4 0.7176471 0 0
v -3 4 -4 0.7176471 0 0
v -3 5 -4 0.7176471 0 0
v -3 5 -5 0.6458824 0 0
v -3 4 -5 0.6458824 0 0
v -4 4 -6 1 1 0.4431373
v -4 5 -6 0.8 0.8 0.3545098
v -4 5 -5 0.8 0.8 0.3545098
v -4 4 -5 0.8 0.8 0.3545098
v -3 4 -6 0.9 0.9 0.3988235
v -3 5 -6 0.8 0.8 0.3545098
v -3 5 -7 0.8 0.8 0.3545098
v -3 4 -7 0.9 0.9 0.3988235
v -4 4 -7 1 1 0.4431373
v -4 5 -7 0.8 0.8 0.3545098
v -4 5 -6 0.8 0.8 0.3545098
v -4 4 -6 1 1 0.4431373
v -4 4 -8 1 1 0.4431373
v -4 5 -8 0.8 0.8 0.3545098
v -4 5 -7 0.8 0.8 0.3545098
v -4 4 -7 1 1 0.4431373
v -4 4 -9 1 1 0.4431373
v -4 5 -9 0.8 0.8 0.3545098
v -4 5 -8 0.8 0.8 0.3545098
v -4 4 -8 1 1 0.4431373
v -3 4 -9 0.9 0.9 0.3988235
v -3 5 -9 0.8 0.8 0.3545098
v -3 5 -10 0.8 0.8 0.3545098
v -3 4 -10 0.9 0.9 0.3988235
v -4 4 -10 1 1 0.4431373
v -4 5 -10 0.8 0.8 0.3545098
v -4 5 -9 0.8 0.8 0.3545098
v -4 4 -9 1 1 0.4431373
v -4 4 -11 0.8 0.8 0.3545098
v -4 5 -11 0.8 0.8 0.3545098
v -4 5 -10 0.8 0.8 0.3545098
v -4 4 -10 1 1 0.4431373
v -3 4 -12 0.7176471 0 0
v -4 4 -12 0.6458824 0 0
v -4 4 -11 0.5741177 0 0
v -3 4 -11 0.6458824 0 0
v -3 5 -11 0.6458824 0 0
v -4 5 -11 0.5741177 0 0
v -4 5 -12 0.6458824 0 0
v -3 5 -12 0.7176471 0 0
v -3 4 -12 0.7176471 0 0
v -3 5 -12 0.7176471 0 0
v -4 5 -12 0.6458824 0 0
v -4 4 -12 0.6458824 0 0
v -3 4 -11 0.6458824 0 0
v -3 5 -11 0.6458824 0 0
v -3 5 -12 0.7176471 0 0
v -3 4 -12 0.7176471 0 0
v -3 6 -5 1 1 0.4431373
v -4 6 -5 1 1 0.4431373
v -4 6 -6 1 1 0.4431373
v -3 6 -6 1 1 0.4431373
v -4 5 -5 0.8 0.8 0.3545098
v -4 6 -5 0.9 0.9 0.3988235
v -3 6 -5 1 1 0.4431373
v -3 5 -5 0.9 0.9 0.3988235
v -3 5 -5 0.9 0.9 0.3988235
v -3 6 -5 1 1 0.4431373
v -3 6 -6 0.9 0.9 0.3988235
v -3 5 -6 0.8 0.8 0.3545098
v -3 6 -6 1 1 0.4431373
v -4 6 -6 1 1 0.4431373
v -4 6 -7 0.9 0.9 0.3988235
v -3 6 -7 1 1 0.4431373
v -3 6 -7 1 1 0.4431373
v -4 6 -7 0.9 0.9 0.3988235
v -4 6 -8 0.8 0.8 0.3545098
v -3 6 -8 1 1 0.4431373
v -3 5 -7 0.8 0.8 0.3545098
v -3 6 -7 0.9 0.9 0.3988235
v -3 6 -8 1 1 0.4431373
v -3 5 -8 0.8 0.8 0.3545098
v -3 6 -8 1 1 0.4431373
v -4 6 -8 0.8 0.8 0.3545098
v -4 6 -9 0.9 0.9 0.3988235
v -3 6 -9 1 1 0.4431373
v -3 5 -8 0.8 0.8 0.3545098
v -3 6 -8 1 1 0.4431373
v -3 6 -9 0.9 0.9 0.3988235
v -3 5 -9 0.8 0.8 0.3545098
v -3 6 -9 1 1 0.4431373
v -4 6 -9 0.9 0.9 0.3988235
v -4 6 -10 1 1 0.4431373
v -3 6 -10 1 1 0.4431373
v -3 6 -10 1 1 0.4431373
v -4 6 -10 1 1 0.4431373
v -4 6 -11 1 1 0.4431373
v -3 6 -11 1 1 0.4431373
v -3 5 -11 0.9 0.9 0.3988235
v -3 6 -11 1 1 0.4431373
v -4 6 -11 0.9 0.9 0.3988235
v -4 5 -11 0.8 0.8 0.3545098
v -3 5 -10 0.8 0.8 0.3545098
v -3 6 -10 0.9 0.9 0.3988235
v -3 6 -11 1 1 0.4431373
v -3 5 -11 0.9 0.9 0.3988235
v -4 0 -1 1 1 0.4431373
v -5 0 -1 1 1 0.4431373
v -5 0 0 1 1 0.4431373
v -4 0 0 1 1 0.4431373
v -4 1 0 0.9 0.9 0.3988235
v -5 1 0 1 1 0.4431373
v -5 1 -1 0.9 0.9 0.3988235
v -4 1 -1 0.8 0.8 0.3545098
v -4 0 -2 1 1 0.4431373
v -5 0 -2 1 1 0.4431373
v -5 0 -1 1 1 0.4431373
v -4 0 -1 1 1 0.4431373
v -4 0 -3 1 1 0.4431373
v -5 0 -3 1 1 0.4431373
v -5 0 -2 1 1 0.4431373
v -4 0 -2 1 1 0.4431373
v -4 0 -4 1 1 0.4431373
v -5 0 -4 1 1 0.4431373
v -5 0 -3 1 1 0.4431373
v -4 0 -3 1 1 0.4431373
v -4 1 -3 0.8 0.8 0.3545098
v -5 1 -3 0.8 0.8 0.3545098
v -5 1 -4 1 1 0.4431373
v -4 1 -4 0.9 0.9 0.3988235
v -4 0 -5 1 1 0.4431373
v -5 0 -5 1 1 0.4431373
v -5 0 -4 1 1 0.4431373
v -4 0 -4 1 1 0.4431373
v -4 1 -4 0.9 0.9 0.3988235
v -5 1 -4 1 1 0.4431373
v -5 1 -5 1 1 0.4431373
v -4 1 -5 1 1 0.4431373
v -4 0 -6 1 1 0.4431373
v -5 0 -6 1 1 0.4431373
v -5 0 -5 1 1 0.4431373
v -4 0 -5 1 1 0.4431373
v -4 1 -5 1 1 0.4431373
v -5 1 -5 1 1 0.4431373
v -5 1 -6 1 1 0.4431373
v -4 1 -6 0.9 0.9 0.3988235
v -4 0 -7 1 1 0.4431373
v -5 0 -7 1 1 0.4431373
v -5 0 -6 1 1 0.4431373
v -4 0 -6 1 1 0.4431373
v -4 1 -6 0.9 0.9 0.3988235
v -5 1 -6 1 1 0.4431373
v -5 1 -7 1 1 0.4431373
v -4 1 -7 0.9 0.9 0.3988235
v -4 0 -8 1 1 0.4431373
v -5 0 -8 1 1 0.4431373
v -5 0 -7 1 1 0.4431373
v -4 0 -7 1 1 0.4431373
v -4 1 -7 0.9 0.9 0.3988235
v -5 1 -7 1 1 0.4431373
v -5 1 -8 1 1 0.4431373
v -4 1 -8 1 1 0.4431373
v -4 0 -9 1 1 0.4431373
v -5 0 -9 1 1 0.4431373
v -5 0 -8 1 1 0.4431373
v -4 0 -8 1 1 0.4431373
v -4 1 -8 1 1 0.4431373
v -5 1 -8 1 1 0.4431373
v -5 1 -9 1 1 0.4431373
v -4 1 -9 0.9 0.9 0.3988235
v -4 0 -10 1 1 0.4431373
v -5 0 -10 1 1 0.4431373
v -5 0 -9 1 1 0.4431373
v -4 0 -9 1 1 0.4431373
v -4 1 -9 0.9 0.9 0.3988235
v -5 1 -9 1 1 0.4431373
v -5 1 -10 1 1 0.4431373
v -4 1 -10 0.9 0.9 0.3988235
v -4 0 -11 1 1 0.4431373
v -5 0 -11 1 1 0.4431373
v -5 0 -10 1 1 0.4431373
v -4 0 -10 1 1 0.4431373
v -4 1 -10 0.9 0.9 0.3988235
v -5 1 -10 1 1 0.4431373
v -5 1 -11 1 1 0.4431373
v -4 1 -11 1 1 0.4431373
v -4 0 -12 1 1 0.4431373
v -5 0 -12 1 1 0.4431373
v -5 0 -11 1 1 0.4431373
v -4 0 -11 1 1 0.4431373
v -4 1 -11 1 1 0.4431373
v -5 1 -11 1 1 0.4431373
v -5 1 -12 1 1 0.4431373
v -4 1 -12 0.9 0.9 0.3988235
v -4 0 -13 1 1 0.4431373
v -5 0 -13 1 1 0.4431373
v -5 0 -12 1 1 0.4431373
v -4 0 -12 1 1 0.4431373
v -4 1 -12 0.9 0.9 0.3988235
v -5 1 -12 1 1 0.4431373
v -5 1 -13 0.8 0.8 0.3545098
v -4 1 -13 0.8 0.8 0.3545098
v -4 0 -14 1 1 0.4431373
v -5 0 -14 1 1 0.4431373
v -5 0 -13 1 1 0.4431373
v -4 0 -13 1 1 0.4431373
v -4 0 -15 1 1 0.4431373
v -5 0 -15 1 1 0.4431373
v -5 0 -14 1 1 0.4431373
v -4 0 -14 1 1 0.4431373
v -4 0 -16 1 1 0.4431373
v -5 0 -16 1 1 0.4431373
v -5 0 -15 1 1 0.4431373
v -4 0 -15 1 1 0.4431373
v -4 1 -15 0.8 0.8 0.3545098
v -5 1 -15 0.9 0.9 0.3988235
v -5 1 -16 1 1 0.4431373
v -4 1 -16 0.9 0.9 0.3988235
v -4 2 -1 1 1 0.4431373
v -5 2 -1 1 1 0.4431373
v -5 2 -2 0.8 0.8 0.3545098
v -4 2 -2 0.8 0.8 0.3545098
v -5 1 -1 0.8 0.8 0.3545098
v -5 2 -1 1 1 0.4431373
v -4 2 -1 1 1 0.4431373
v -4 1 -1 0.8 0.8 0.3545098
v -5 1 -2 0.8 0.8 0.3545098
v -5 2 -2 0.8 0.8 0.3545098
v -5 2 -1 1 1 0.4431373
v -5 1 -1 0.8 0.8 0.3545098
v -4 1 -3 0.8 0.8 0.3545098
v -4 2 -3 0.8 0.8 0.3545098
v -5 2 -3 0.8 0.8 0.3545098
v -5 1 -3 0.8 0.8 0.3545098
v -5 1 -13 0.8 0.8 0.3545098
v -5 2 -13 0.8 0.8 0.3545098
v -4 2 -13 0.8 0.8 0.3545098
v -4 1 -13 0.8 0.8 0.3545098
v -4 2 -14 0.8 0.8 0.3545098
v -5 2 -14 0.8 0.8 0.3545098
v -5 2 -15 1 1 0.4431373
v -4 2 -15 1 1 0.4431373
v -4 1 -15 0.8 0.8 0.3545098
v -4 2 -15 1 1 0.4431373
v -5 2 -15 1 1 0.4431373
v -5 1 -15 0.8 0.8 0.3545098
v -5 1 -15 0.8 0.8 0.3545098
v -5 2 -15 1 1 0.4431373
v -5 2 -14 0.8 0.8 0.3545098
v -5 1 -14 0.8 0.8 0.3545098
v -4 3 -2 1 1 0.4431373
v -5 3 -2 1 1 0.4431373
v -5 3 -3 0.9 0.9 0.3988235
v -4 3 -3 1 1 0.4431373
v -5 2 -2 0.9 0.9 0.3988235
v -5 3 -2 1 1 0.4431373
v -4 3 -2 1 1 0.4431373
v -4 2 -2 0.8 0.8 0.3545098
v -4 2 -4 0.9 0.9 0.3988235
v -5 2 -4 1 1 0.4431373
v -5 2 -3 0.8 0.8 0.3545098
v -4 2 -3 0.8 0.8 0.3545098
v -4 3 -3 1 1 0.4431373
v -5 3 -3 0.9 0.9 0.3988235
v -5 3 -4 0.8 0.8 0.3545098
v -4 3 -4 0.9 0.9 0.3988235
v -4 2 -5 1 1 0.4431373
v -5 2 -5 1 1 0.4431373
v -5 2 -4 1 1 0.4431373
v -4 2 -4 0.9 0.9 0.3988235
v -4 2 -5 0.9 0.9 0.3988235
v -4 3 -5 0.8 0.8 0.3545098
v -5 3 -5 1 1 0.4431373
v -5 2 -5 1 1 0.4431373
v -5 2 -5 1 1 0.4431373
v -5 3 -5 1 1 0.4431373
v -5 3 -4 0.8 0.8 0.3545098
v -5 2 -4 0.9 0.9 0.3988235
v -4 2 -12 0.9 0.9 0.3988235
v -5 2 -12 1 1 0.4431373
v -5 2 -11 1 1 0.4431373
v -4 2 -11 1 1 0.4431373
v -5 2 -11 1 1 0.4431373
v -5 3 -11 1 1 0.4431373
v -4 3 -11 0.8 0.8 0.3545098
v -4 2 -11 0.9 0.9 0.3988235
v -5 2 -12 0.9 0.9 0.3988235
v -5 3 -12 0.8 0.8 0.3545098
v -5 3 -11 1 1 0.4431373
v -5 2 -11 1 1 0.4431373
v -4 2 -13 0.8 0.8 0.3545098
v -5 2 -13 0.8 0.8 0.3545098
v -5 2 -12 1 1 0.4431373
v -4 2 -12 0.9 0.9 0.3988235
v -4 3 -12 0.9 0.9 0.3988235
v -5 3 -12 0.8 0.8 0.3545098
v -5 3 -13 0.9 0.9 0.3988235
v -4 3 -13 1 1 0.4431373
v -4 3 -13 1 1 0.4431373
v -5 3 -13 0.9 0.9 0.3988235
v -5 3 -14 1 1 0.4431373
v -4 3 -14 1 1 0.4431373
v -4 2 -14 0.8 0.8 0.3545098
v -4 3 -14 1 1 0.4431373
v -5 3 -14 1 1 0.4431373
v -5 2 -14 0.9 0.9 0.3988235
v -5 3 -4 0.8 0.8 0.3545098
v -5 4 -4 0.8 0.8 0.3545098
v -4 4 -4 0.9 0.9 0.3988235
v -4 3 -4 0.8 0.8 0.3545098
v -4 3 -5 0.8 0.8 0.3545098
v -4 4 -5 0.8 0.8 0.3545098
v -5 4 -5 1 1 0.4431373
v -5 3 -5 1 1 0.4431373
v -4 3 -4 0.8 0.8 0.3545098
v -4 4 -4 0.9 0.9 0.3988235
v -4 4 -5 0.8 0.8 0.3545098
v -4 3 -5 0.8 0.8 0.3545098
v -5 3 -5 1 1 0.4431373
v -5 4 -5 1 1 0.4431373
v -5 4 -4 0.8 0.8 0.3545098
v -5 3 -4 0.8 0.8 0.3545098
v -5 3 -11 1 1 0.4431373
v -5 4 -11 1 1 0.4431373
v -4 4 -11 0.8 0.8 0.3545098
v -4 3 -11 0.8 0.8 0.3545098
v -4 3 -12 0.8 0.8 0.3545098
v -4 4 -12 0.9 0.9 0.3988235
v -5 4 -12 0.8 0.8 0.3545098
v -5 3 -12 0.8 0.8 0.3545098
v -4 3 -11 0.8 0.8 0.3545098
v -4 4 -11 0.8 0.8 0.3545098
v -4 4 -12 0.9 0.9 0.3988235
v -4 3 -12 0.8 0.8 0.3545098
v -5 3 -12 0.8 0.8 0.3545098
v -5 4 -12 0.8 0.8 0.3545098
v -5 4 -11 1 1 0.4431373
v -5 3 -11 1 1 0.4431373
v -4 4 -4 0.6458824 0 0
v -5 4 -4 0.5741177 0 0
v -5 4 -3 0.6458824 0 0
v -4 4 -3 0.7176471 0 0
v -4 5 -3 0.7176471 0 0
v -5 5 -3 0.6458824 0 0
v -5 5 -4 0.5741177 0 0
v -4 5 -4 0.6458824 0 0
v -5 4 -3 0.6458824 0 0
v -5 5 -3 0.6458824 0 0
v -4 5 -3 0.7176471 0 0
v -4 4 -3 0.7176471 0 0
v -4 4 -3 0.7176471 0 0
v -4 5 -3 0.7176471 0 0
v -4 5 -4 0.6458824 0 0
v -4 4 -4 0.6458824 0 0
v -4 4 -5 0.8 0.8 0.3545098
v -4 5 -5 0.8 0.8 0.3545098
v -5 5 -5 0.8 0.8 0.3545098
v -5 4 -5 1 1 0.4431373
v -5 4 -5 1 1 0.4431373
v -5 5 -5 0.8 0.8 0.3545098
v -5 5 -4 0.8 0.8 0.3545098
v -5 4 -4 0.8 0.8 0.3545098
v -5 4 -11 1 1 0.4431373
v -5 5 -11 0.8 0.8 0.3545098
v -4 5 -11 0.8 0.8 0.3545098
v -4 4 -11 0.8 0.8 0.3545098
v -5 4 -12 0.8 0.8 0.3545098
v -5 5 -12 0.8 0.8 0.3545098
v -5 5 -11 0.8 0.8 0.3545098
v -5 4 -11 1 1 0.4431373
v -4 4 -13 0.7176471 0 0
v -5 4 -13 0.6458824 0 0
v -5 4 -12 0.5741177 0 0
v -4 4 -12 0.6458824 0 0
v -4 5 -12 0.6458824 0 0
v -5 5 -12 0.5741177 0 0
v -5 5 -13 0.6458824 0 0
v -4 5 -13 0.7176471 0 0
v -4 4 -13 0.7176471 0 0
v -4 5 -13 0.7176471 0 0
v -5 5 -13 0.6458824 0 0
v -5 4 -13 0.6458824 0 0
v -4 4 -12 0.6458824 0 0
v -4 5 -12 0.6458824 0 0
v -4 5 -13 0.7176471 0 0
v -4 4 -13 0.7176471 0 0
v -4 6 -4 1 1 0.4431373
v -5 6 -4 1 1 0.4431373
v -5 6 -5 1 1 0.4431373
v -4 6 -5 1 1 0.4431373
v -5 5 -4 0.8 0.8 0.3545098
v -5 6 -4 0.9 0.9 0.3988235
v -4 6 -4 1 1 0.4431373
v -4 5 -4 0.9 0.9 0.3988235
v -4 5 -4 0.9 0.9 0.3988235
v -4 6 -4 1 1 0.4431373
v -4 6 -5 0.9 0.9 0.3988235
v -4 5 -5 0.8 0.8 0.3545098
v -4 5 -6 0.8 0.8 0.3545098
v -5 5 -6 1 1 0.4431373
v -5 5 -5 0.9 0.9 0.3988235
v -4 5 -5 0.8 0.8 0.3545098
v -4 6 -5 1 1 0.4431373
v -5 6 -5 1 1 0.4431373
v -5 6 -6 0.9 0.9 0.3988235
v -4 6 -6 1 1 0.4431373
v -4 5 -7 0.8 0.8 0.3545098
v -5 5 -7 1 1 0.4431373
v -5 5 -6 1 1 0.4431373
v -4 5 -6 0.8 0.8 0.3545098
v -4 6 -6 1 1 0.4431373
v -5 6 -6 0.9 0.9 0.3988235
v -5 6 -7 0.8 0.8 0.3545098
v -4 6 -7 0.9 0.9 0.3988235
v -5 5 -7 1 1 0.4431373
v -5 6 -7 0.8 0.8 0.3545098
v -5 6 -6 0.8 0.8 0.3545098
v -5 5 -6 0.9 0.9 0.3988235
v -4 5 -8 0.8 0.8 0.3545098
v -5 5 -8 1 1 0.4431373
v -5 5 -7 1 1 0.4431373
v -4 5 -7 0.8 0.8 0.3545098
v -5 5 -8 1 1 0.4431373
v -5 6 -8 0.8 0.8 0.3545098
v -5 6 -7 0.8 0.8 0.3545098
v -5 5 -7 1 1 0.4431373
v -4 5 -9 0.8 0.8 0.3545098
v -5 5 -9 1 1 0.4431373
v -5 5 -8 1 1 0.4431373
v -4 5 -8 0.8 0.8 0.3545098
v -5 5 -9 1 1 0.4431373
v -5 6 -9 0.8 0.8 0.3545098
v -5 6 -8 0.8 0.8 0.3545098
v -5 5 -8 1 1 0.4431373
v -4 5 -10 0.8 0.8 0.3545098
v -5 5 -10 1 1 0.4431373
v -5 5 -9 1 1 0.4431373
v -4 5 -9 0.8 0.8 0.3545098
v -4 6 -9 0.9 0.9 0.3988235
v -5 6 -9 0.8 0.8 0.3545098
v -5 6 -10 0.9 0.9 0.3988235
v -4 6 -10 1 1 0.4431373
v -5 5 -10 0.9 0.9 0.3988235
v -5 6 -10 0.8 0.8 0.3545098
v -5 6 -9 0.8 0.8 0.3545098
v -5 5 -9 1 1 0.4431373
v -4 5 -11 0.8 0.8 0.3545098
v -5 5 -11 0.9 0.9 0.3988235
v -5 5 -10 1 1 0.4431373
v -4 5 -10 0.8 0.8 0.3545098
v -4 6 -10 1 1 0.4431373
v -5 6 -10 0.9 0.9 0.3988235
v -5 6 -11 1 1 0.4431373
v -4 6 -11 1 1 0.4431373
v -4 6 -11 1 1 0.4431373
v -5 6 -11 1 1 0.4431373
v -5 6 -12 1 1 0.4431373
v -4 6 -12 1 1 0.4431373
v -4 5 -12 0.9 0.9 0.3988235
v -4 6 -12 1 1 0.4431373
v -5 6 -12 0.9 0.9 0.3988235
v -5 5 -12 0.8 0.8 0.3545098
v -4 5 -11 0.8 0.8 0.3545098
v -4 6 -11 0.9 0.9 0.3988235
v -4 6 -12 1 1 0.4431373
v -4 5 -12 0.9 0.9 0.3988235
v -4 7 -7 1 1 0.4431373
v -5 7 -7 0.9 0.9 0.3988235
v -5 7 -8 0.8 0.8 0.3545098
v -4 7 -8 1 1 0.4431373
v -5 6 -7 0.8 0.8 0.3545098
v -5 7 -7 0.9 0.9 0.3988235
v -4 7 -7 1 1 0.4431373
v -4 6 -7 0.8 0.8 0.3545098
v -4 6 -7 0.8 0.8 0.3545098
v -4 7 -7 1 1 0.4431373
v -4 7 -8 1 1 0.4431373
v -4 6 -8 0.8 0.8 0.3545098
v -4 7 -8 1 1 0.4431373
v -5 7 -8 0.8 0.8 0.3545098
v -5 7 -9 0.9 0.9 0.3988235
v -4 7 -9 1 1 0.4431373
v -4 6 -9 0.8 0.8 0.3545098
v -4 7 -9 1 1 0.4431373
v -5 7 -9 0.9 0.9 0.3988235
v -5 6 -9 0.8 0.8 0.3545098
v -4 6 -8 0.8 0.8 0.3545098
v -4 7 -8 1 1 0.4431373
v -4 7 -9 1 1 0.4431373
v -4 6 -9 0.8 0.8 0.3545098
v -5 0 -1 1 1 0.4431373
v -6 0 -1 1 1 0.4431373
v -6 0 0 1 1 0.4431373
v -5 0 0 1 1 0.4431373
v -5 1 0 1 1 0.4431373
v -6 1 0 1 1 0.4431373
v -6 1 -1 1 1 0.4431373
v -5 1 -1 0.9 0.9 0.3988235
v -5 0 -2 1 1 0.4431373
v -6 0 -2 1 1 0.4431373
v -6 0 -1 1 1 0.4431373
v -5 0 -1 1 1 0.4431373
v -5 1 -1 0.9 0.9 0.3988235
v -6 1 -1 1 1 0.4431373
v -6 1 -2 0.8 0.8 0.3545098
v -5 1 -2 0.8 0.8 0.3545098
v -5 0 -3 1 1 0.4431373
v -6 0 -3 1 1 0.4431373
v -6 0 -2 1 1 0.4431373
v -5 0 -2 1 1 0.4431373
v -5 0 -4 1 1 0.4431373
v -6 0 -4 1 1 0.4431373
v -6 0 -3 1 1 0.4431373
v -5 0 -3 1 1 0.4431373
v -5 1 -3 0.8 0.8 0.3545098
v -6 1 -3 0.8 0.8 0.3545098
v -6 1 -4 0.9 0.9 0.3988235
v -5 1 -4 1 1 0.4431373
v -5 0 -5 1 1 0.4431373
v -6 0 -5 1 1 0.4431373
v -6 0 -4 1 1 0.4431373
v -5 0 -4 1 1 0.4431373
v -5 1 -4 1 1 0.4431373
v -6 1 -4 0.9 0.9 0.3988235
v -6 1 -5 1 1 0.4431373
v -5 1 -5 1 1 0.4431373
v -5 0 -6 1 1 0.4431373
v -6 0 -6 1 1 0.4431373
v -6 0 -5 1 1 0.4431373
v -5 0 -5 1 1 0.4431373
v -5 1 -5 1 1 0.4431373
v -6 1 -5 1 1 0.4431373
v -6 1 -6 1 1 0.4431373
v -5 1 -6 1 1 0.4431373
v -5 0 -7 1 1 0.4431373
v -6 0 -7 1 1 0.4431373
v -6 0 -6 1 1 0.4431373
v -5 0 -6 1 1 0.4431373
v -5 1 -6 1 1 0.4431373
v -6 1 -6 1 1 0.4431373
v -6 1 -7 1 1 0.4431373
v -5 1 -7 1 1 0.4431373
v -5 0 -8 1 1 0.4431373
v -6 0 -8 1 1 0.4431373
v -6 0 -7 1 1 0.4431373
v -5 0 -7 1 1 0.4431373
v -5 1 -7 1 1 0.4431373
v -6 1 -7 1 1 0.4431373
v -6 1 -8 1 1 0.4431373
v -5 1 -8 1 1 0.4431373
v -5 0 -9 1 1 0.4431373
v -6 0 -9 1 1 0.4431373
v -6 0 -8 1 1 0.4431373
v -5 0 -8 1 1 0.4431373
v -5 1 -8 1 1 0.4431373
v -6 1 -8 1 1 0.4431373
v -6 1 -9 1 1 0.4431373
v -5 1 -9 1 1 0.4431373
v -5 0 -10 1 1 0.4431373
v -6 0 -10 1 1 0.4431373
v -6 0 -9 1 1 0.4431373
v -5 0 -9 1 1 0.4431373
v -5 1 -9 1 1 0.4431373
v -6 1 -9 1 1 0.4431373
v -6 1 -10 1 1 0.4431373
v -5 1 -10 1 1 0.4431373
v -5 0 -11 1 1 0.4431373
v -6 0 -11 1 1 0.4431373
v -6 0 -10 1 1 0.4431373
v -5 0 -10 1 1 0.4431373
v -5 1 -10 1 1 0.4431373
v -6 1 -10 1 1 0.4431373
v -6 1 -11 1 1 0.4431373
v -5 1 -11 1 1 0.4431373
v -5 0 -12 1 1 0.4431373
v -6 0 -12 1 1 0.4431373
v -6 0 -11 1 1 0.4431373
v -5 0 -11 1 1 0.4431373
v -5 1 -11 1 1 0.4431373
v -6 1 -11 1 1 0.4431373
v -6 1 -12 0.9 0.9 0.3988235
v -5 1 -12 1 1 0.4431373
v -5 0 -13 1 1 0.4431373
v -6 0 -13 1 1 0.4431373
v -6 0 -12 1 1 0.4431373
v -5 0 -12 1 1 0.4431373
v -5 1 -12 1 1 0.4431373
v -6 1 -12 0.9 0.9 0.3988235
v -6 1 -13 0.8 0.8 0.3545098
v -5 1 -13 0.8 0.8 0.3545098
v -5 0 -14 1 1 0.4431373
v -6 0 -14 1 1 0.4431373
v -6 0 -13 1 1 0.4431373
v -5 0 -13 1 1 0.4431373
v -5 0 -15 1 1 0.4431373
v -6 0 -15 1 1 0.4431373
v -6 0 -14 1 1 0.4431373
v -5 0 -14 1 1 0.4431373
v -5 1 -14 0.8 0.8 0.3545098
v -6 1 -14 0.8 0.8 0.3545098
v -6 1 -15 1 1 0.4431373
v -5 1 -15 0.9 0.9 0.3988235
v -5 0 -16 1 1 0.4431373
v -6 0 -16 1 1 0.4431373
v -6 0 -15 1 1 0.4431373
v -5 0 -15 1 1 0.4431373
v -5 1 -15 0.9 0.9 0.3988235
v -6 1 -15 1 1 0.4431373
v -6 1 -16 1 1 0.4431373
v -5 1 -16 1 1 0.4431373
v -6 1 -2 0.8 0.8 0.3545098
v -6 2 -2 1 1 0.4431373
v -5 2 -2 0.9 0.9 0.3988235
v -5 1 -2 0.8 0.8 0.3545098
v -5 1 -3 0.8 0.8 0.3545098
v -5 2 -3 0.8 0.8 0.3545098
v -6 2 -3 0.8 0.8 0.3545098
v -6 1 -3 0.8 0.8 0.3545098
v -6 1 -13 0.8 0.8 0.3545098
v -6 2 -13 0.8 0.8 0.3545098
v -5 2 -13 0.8 0.8 0.3545098
v -5 1 -13 0.8 0.8 0.3545098
v -5 1 -14 0.8 0.8 0.3545098
v -5 2 -14 0.9 0.9 0.3988235
v -6 2 -14 1 1 0.4431373
v -6 1 -14 0.8 0.8 0.3545098
v -5 3 -2 1 1 0.4431373
v -6 3 -2 1 1 0.4431373
v -6 3 -3 0.8 0.8 0.3545098
v -5 3 -3 0.9 0.9 0.3988235
v -6 2 -2 1 1 0.4431373
v -6 3 -2 1 1 0.4431373
v -5 3 -2 1 1 0.4431373
v -5 2 -2 0.9 0.9 0.3988235
v -6 2 -3 0.8 0.8 0.3545098
v -6 3 -3 0.8 0.8 0.3545098
v -6 3 -2 1 1 0.4431373
v -6 2 -2 0.9 0.9 0.3988235
v -5 2 -4 1 1 0.4431373
v -6 2 -4 0.9 0.9 0.3988235
v -6 2 -3 0.8 0.8 0.3545098
v -5 2 -3 0.8 0.8 0.3545098
v -5 2 -4 0.9 0.9 0.3988235
v -5 3 -4 0.8 0.8 0.3545098
v -6 3 -4 1 1 0.4431373
v -6 2 -4 1 1 0.4431373
v -5 2 -13 0.8 0.8 0.3545098
v -6 2 -13 0.8 0.8 0.3545098
v -6 2 -12 0.9 0.9 0.3988235
v -5 2 -12 1 1 0.4431373
v -6 2 -12 1 1 0.4431373
v -6 3 -12 1 1 0.4431373
v -5 3 -12 0.8 0.8 0.3545098
v -5 2 -12 0.9 0.9 0.3988235
v -5 3 -13 0.9 0.9 0.3988235
v -6 3 -13 0.8 0.8 0.3545098
v -6 3 -14 1 1 0.4431373
v -5 3 -14 1 1 0.4431373
v -5 2 -14 0.9 0.9 0.3988235
v -5 3 -14 1 1 0.4431373
v -6 3 -14 1 1 0.4431373
v -6 2 -14 1 1 0.4431373
v -6 2 -14 0.9 0.9 0.3988235
v -6 3 -14 1 1 0.4431373
v -6 3 -13 0.8 0.8 0.3545098
v -6 2 -13 0.8 0.8 0.3545098
v -6 3 -3 0.9 0.9 0.3988235
v -6 4 -3 0.9 0.9 0.3988235
v -5 4 -3 0.9 0.9 0.3988235
v -5 3 -3 0.8 0.8 0.3545098
v -5 3 -4 0.8 0.8 0.3545098
v -5 4 -4 0.8 0.8 0.3545098
v -6 4 -4 1 1 0.4431373
v -6 3 -4 1 1 0.4431373
v -5 3 -3 0.8 0.8 0.3545098
v -5 4 -3 0.9 0.9 0.3988235
v -5 4 -4 0.8 0.8 0.3545098
v -5 3 -4 0.8 0.8 0.3545098
v -6 3 -12 1 1 0.4431373
v -6 4 -12 1 1 0.4431373
v -5 4 -12 0.8 0.8 0.3545098
v -5 3 -12 0.8 0.8 0.3545098
v -5 3 -13 0.8 0.8 0.3545098
v -5 4 -13 0.9 0.9 0.3988235
v -6 4 -13 0.9 0.9 0.3988235
v -6 3 -13 0.9 0.9 0.3988235
v -5 3 -12 0.8 0.8 0.3545098
v -5 4 -12 0.8 0.8 0.3545098
v -5 4 -13 0.9 0.9 0.3988235
v -5 3 -13 0.8 0.8 0.3545098
v -5 4 -3 0.6458824 0 0
v -6 4 -3 0.5741177 0 0
v -6 4 -2 0.7176471 0 0
v -5 4 -2 0.7176471 0 0
v -5 5 -2 0.7176471 0 0
v -6 5 -2 0.6458824 0 0
v -6 5 -3 0.5741177 0 0
v -5 5 -3 0.6458824 0 0
v -6 4 -2 0.7176471 0 0
v -6 5 -2 0.7176471 0 0
v -5 5 -2 0.7176471 0 0
v -5 4 -2 0.7176471 0 0
v -5 4 -2 0.7176471 0 0
v -5 5 -2 0.7176471 0 0
v -5 5 -3 0.6458824 0 0
v -5 4 -3 0.6458824 0 0
v -6 4 -3 0.5741177 0 0
v -6 5 -3 0.5741177 0 0
v -6 5 -2 0.6458824 0 0
v -6 4 -2 0.7176471 0 0
v -5 4 -4 0.8 0.8 0.3545098
v -5 5 -4 0.8 0.8 0.3545098
v -6 5 -4 0.8 0.8 0.3545098
v -6 4 -4 1 1 0.4431373
v -6 4 -12 1 1 0.4431373
v -6 5 -12 0.8 0.8 0.3545098
v -5 5 -12 0.8 0.8 0.3545098
v -5 4 -12 0.8 0.8 0.3545098
v -5 4 -14 0.7176471 0 0
v -6 4 -14 0.7176471 0 0
v -6 4 -13 0.5741177 0 0
v -5 4 -13 0.6458824 0 0
v -5 5 -13 0.6458824 0 0
v -6 5 -13 0.5741177 0 0
v -6 5 -14 0.6458824 0 0
v -5 5 -14 0.7176471 0 0
v -5 4 -14 0.7176471 0 0
v -5 5 -14 0.7176471 0 0
v -6 5 -14 0.7176471 0 0
v -6 4 -14 0.7176471 0 0
v -5 4 -13 0.6458824 0 0
v -5 5 -13 0.6458824 0 0
v -5 5 -14 0.7176471 0 0
v -5 4 -14 0.7176471 0 0
v -6 4 -14 0.7176471 0 0
v -6 5 -14 0.6458824 0 0
v -6 5 -13 0.5741177 0 0
v -6 4 -13 0.5741177 0 0
v -5 6 -3 1 1 0.4431373
v -6 6 -3 1 1 0.4431373
v -6 6 -4 1 1 0.4431373
v -5 6 -4 1 1 0.4431373
v -6 5 -3 0.8 0.8 0.3545098
v -6 6 -3 0.9 0.9 0.3988235
v -5 6 -3 1 1 0.4431373
v -5 5 -3 0.9 0.9 0.3988235
v -5 5 -3 0.9 0.9 0.3988235
v -5 6 -3 1 1 0.4431373
v -5 6 -4 0.9 0.9 0.3988235
v -5 5 -4 0.8 0.8 0.3545098
v -5 5 -5 0.9 0.9 0.3988235
v -6 5 -5 1 1 0.4431373
v -6 5 -4 0.8 0.8 0.3545098
v -5 5 -4 0.8 0.8 0.3545098
v -5 6 -4 1 1 0.4431373
v -6 6 -4 1 1 0.4431373
v -6 6 -5 0.9 0.9 0.3988235
v -5 6 -5 1 1 0.4431373
v -5 5 -6 1 1 0.4431373
v -6 5 -6 1 1 0.4431373
v -6 5 -5 1 1 0.4431373
v -5 5 -5 0.9 0.9 0.3988235
v -5 6 -5 1 1 0.4431373
v -6 6 -5 0.9 0.9 0.3988235
v -6 6 -6 0.8 0.8 0.3545098
v -5 6 -6 0.9 0.9 0.3988235
v -5 5 -6 0.9 0.9 0.3988235
v -5 6 -6 0.8 0.8 0.3545098
v -6 6 -6 0.8 0.8 0.3545098
v -6 5 -6 1 1 0.4431373
v -6 5 -6 1 1 0.4431373
v -6 6 -6 0.8 0.8 0.3545098
v -6 6 -5 0.8 0.8 0.3545098
v -6 5 -5 0.9 0.9 0.3988235
v -5 5 -11 0.9 0.9 0.3988235
v -6 5 -11 1 1 0.4431373
v -6 5 -10 1 1 0.4431373
v -5 5 -10 1 1 0.4431373
v -5 6 -10 0.9 0.9 0.3988235
v -6 6 -10 0.8 0.8 0.3545098
v -6 6 -11 0.9 0.9 0.3988235
v -5 6 -11 1 1 0.4431373
v -6 5 -10 1 1 0.4431373
v -6 6 -10 0.8 0.8 0.3545098
v -5 6 -10 0.8 0.8 0.3545098
v -5 5 -10 0.9 0.9 0.3988235
v -6 5 -11 0.9 0.9 0.3988235
v -6 6 -11 0.8 0.8 0.3545098
v -6 6 -10 0.8 0.8 0.3545098
v -6 5 -10 1 1 0.4431373
v -5 5 -12 0.8 0.8 0.3545098
v -6 5 -12 0.8 0.8 0.3545098
v -6 5 -11 1 1 0.4431373
v -5 5 -11 0.9 0.9 0.3988235
v -5 6 -11 1 1 0.4431373
v -6 6 -11 0.9 0.9 0.3988235
v -6 6 -12 1 1 0.4431373
v -5 6 -12 1 1 0.4431373
v -5 6 -12 1 1 0.4431373
v -6 6 -12 1 1 0.4431373
v -6 6 -13 1 1 0.4431373
v -5 6 -13 1 1 0.4431373
v -5 5 -13 0.9 0.9 0.3988235
v -5 6 -13 1 1 0.4431373
v -6 6 -13 0.9 0.9 0.3988235
v -6 5 -13 0.8 0.8 0.3545098
v -5 5 -12 0.8 0.8 0.3545098
v -5 6 -12 0.9 0.9 0.3988235
v -5 6 -13 1 1 0.4431373
v -5 5 -13 0.9 0.9 0.3988235
v -5 6 -7 0.8 0.8 0.3545098
v -6 6 -7 1 1 0.4431373
v -6 6 -6 0.9 0.9 0.3988235
v -5 6 -6 0.8 0.8 0.3545098
v -5 7 -6 1 1 0.4431373
v -6 7 -6 0.9 0.9 0.3988235
v -6 7 -7 0.8 0.8 0.3545098
v -5 7 -7 0.9 0.9 0.3988235
v -6 6 -6 0.8 0.8 0.3545098
v -6 7 -6 0.9 0.9 0.3988235
v -5 7 -6 1 1 0.4431373
v -5 6 -6 0.8 0.8 0.3545098
v -5 6 -6 0.8 0.8 0.3545098
v -5 7 -6 1 1 0.4431373
v -5 7 -7 0.9 0.9 0.3988235
v -5 6 -7 0.8 0.8 0.3545098
v -5 6 -8 0.8 0.8 0.3545098
v -6 6 -8 1 1 0.4431373
v -6 6 -7 1 1 0.4431373
v -5 6 -7 0.8 0.8 0.3545098
v -6 6 -8 1 1 0.4431373
v -6 7 -8 1 1 0.4431373
v -6 7 -7 0.8 0.8 0.3545098
v -6 6 -7 0.9 0.9 0.3988235
v -5 6 -9 0.8 0.8 0.3545098
v -6 6 -9 1 1 0.4431373
v -6 6 -8 1 1 0.4431373
v -5 6 -8 0.8 0.8 0.3545098
v -6 6 -9 0.9 0.9 0.3988235
v -6 7 -9 0.8 0.8 0.3545098
v -6 7 -8 1 1 0.4431373
v -6 6 -8 1 1 0.4431373
v -5 6 -10 0.8 0.8 0.3545098
v -6 6 -10 0.9 0.9 0.3988235
v -6 6 -9 1 1 0.4431373
v -5 6 -9 0.8 0.8 0.3545098
v -5 7 -9 0.9 0.9 0.3988235
v -6 7 -9 0.8 0.8 0.3545098
v -6 7 -10 0.9 0.9 0.3988235
v -5 7 -10 1 1 0.4431373
v -5 6 -10 0.8 0.8 0.3545098
v -5 7 -10 1 1 0.4431373
v -6 7 -10 0.9 0.9 0.3988235
v -6 6 -10 0.8 0.8 0.3545098
v -5 6 -9 0.8 0.8 0.3545098
v -5 7 -9 0.9 0.9 0.3988235
v -5 7 -10 1 1 0.4431373
v -5 6 -10 0.8 0.8 0.3545098
v -6 7 -7 0.08470588 0.08470588 0.08470588
v -6 8 -7 0.08470588 0.08470588 0.08470588
v -5 8 -7 0.1058824 0.1058824 0.1058824
v -5 7 -7 0.09529412 0.09529412 0.09529412
v -5 7 -7 0.09529412 0.09529412 0.09529412
v -5 8 -7 0.1058824 0.1058824 0.1058824
v -5 8 -8 0.1058824 0.1058824 0.1058824
v -5 7 -8 0.08470588 0.08470588 0.08470588
v -6 7 -8 0.1058824 0.1058824 0.1058824
v -6 8 -8 0.1058824 0.1058824 0.1058824
v -6 8 -7 0.08470588 0.08470588 0.08470588
v -6 7 -7 0.08470588 0.08470588 0.08470588
v -5 7 -9 0.09529412 0.09529412 0.09529412
v -5 8 -9 0.1058824 0.1058824 0.1058824
v -6 8 -9 0.08470588 0.08470588 0.08470588
v -6 7 -9 0.08470588 0.08470588 0.08470588
v -5 7 -8 0.08470588 0.08470588 0.08470588
v -5 8 -8 0.1058824 0.1058824 0.1058824
v -5 8 -9 0.1058824 0.1058824 0.1058824
v -5 7 -9 0.09529412 0.09529412 0.09529412
v -6 7 -9 0.08470588 0.08470588 0.08470588
v -6 8 -9 0.08470588 0.08470588 0.08470588
v -6 8 -8 0.1058824 0.1058824 0.1058824
v -6 7 -8 0.1058824 0.1058824 0.1058824
v -6 8 -7 0.08470588 0.08470588 0.08470588
v -6 9 -7 0.08470588 0.08470588 0.08470588
v -5 9 -7 0.1058824 0.1058824 0.1058824
v -5 8 -7 0.1058824 0.1058824 0.1058824
v -5 8 -7 0.1058824 0.1058824 0.1058824
v -5 9 -7 0.1058824 0.1058824 0.1058824
v -5 9 -8 0.1058824 0.1058824 0.1058824
v -5 8 -8 0.1058824 0.1058824 0.1058824
v -6 8 -8 0.1058824 0.1058824 0.1058824
v -6 9 -8 0.1058824 0.1058824 0.1058824
v -6 9 -7 0.08470588 0.08470588 0.08470588
v -6 8 -7 0.08470588 0.08470588 0.08470588
v -5 8 -9 0.1058824 0.1058824 0.1058824
v -5 9 -9 0.1058824 0.1058824 0.1058824
v -6 9 -9 0.08470588 0.08470588 0.08470588
v -6 8 -9 0.08470588 0.08470588 0.08470588
v -5 8 -8 0.1058824 0.1058824 0.1058824
v -5 9 -8 0.1058824 0.1058824 0.1058824
v -5 9 -9 0.1058824 0.1058824 0.1058824
v -5 8 -9 0.1058824 0.1058824 0.1058824
v -6 8 -9 0.08470588 0.08470588 0.08470588
v -6 9 -9 0.08470588 0.08470588 0.08470588
v -6 9 -8 0.1058824 0.1058824 0.1058824
v -6 8 -8 0.1058824 0.1058824 0.1058824
v -6 9 -7 0.08470588 0.08470588 0.08470588
v -6 10 -7 0.08470588 0.08470588 0.08470588
v -5 10 -7 0.1058824 0.1058824 0.1058824
v -5 9 -7 0.1058824 0.1058824 0.1058824
v -5 9 -7 0.1058824 0.1058824 0.1058824
v -5 10 -7 0.1058824 0.1058824 0.1058824
v -5 10 -8 0.1058824 0.1058824 0.1058824
v -5 9 -8 0.1058824 0.1058824 0.1058824
v -6 9 -8 0.1058824 0.1058824 0.1058824
v -6 10 -8 0.08470588 0.08470588 0.08470588
v -6 10 -7 0.08470588 0.08470588 0.08470588
v -6 9 -7 0.08470588 0.08470588 0.08470588
v -5 9 -9 0.1058824 0.1058824 0.1058824
v -5 10 -9 0.1058824 0.1058824 0.1058824
v -6 10 -9 0.08470588 0.08470588 0.08470588
v -6 9 -9 0.08470588 0.08470588 0.08470588
v -5 9 -8 0.1058824 0.1058824 0.1058824
v -5 10 -8 0.1058824 0.1058824 0.1058824
v -5 10 -9 0.1058824 0.1058824 0.1058824
v -5 9 -9 0.1058824 0.1058824 0.1058824
v -6 9 -9 0.08470588 0.08470588 0.08470588
v -6 10 -9 0.08470588 0.08470588 0.08470588
v -6 10 -8 0.08470588 0.08470588 0.08470588
v -6 9 -8 0.1058824 0.1058824 0.1058824
v -5 11 -7 1 1 0.4431373
v -6 11 -7 0.9 0.9 0.3988235
v -6 11 -8 0.8 0.8 0.3545098
v -5 11 -8 1 1 0.4431373
v -6 10 -7 0.8 0.8 0.3545098
v -6 11 -7 0.9 0.9 0.3988235
v -5 11 -7 1 1 0.4431373
v -5 10 -7 1 1 0.4431373
v -5 10 -7 1 1 0.4431373
v -5 11 -7 1 1 0.4431373
v -5 11 -8 1 1 0.4431373
v -5 10 -8 1 1 0.4431373
v -5 11 -8 1 1 0.4431373
v -6 11 -8 0.8 0.8 0.3545098
v -6 11 -9 0.9 0.9 0.3988235
v -5 11 -9 1 1 0.4431373
v -5 10 -9 1 1 0.4431373
v -5 11 -9 1 1 0.4431373
v -6 11 -9 0.9 0.9 0.3988235
v -6 10 -9 0.8 0.8 0.3545098
v -5 10 -8 1 1 0.4431373
v -5 11 -8 1 1 0.4431373
v -5 11 -9 1 1 0.4431373
v -5 10 -9 1 1 0.4431373
v -6 0 -1 1 1 0.4431373
v -7 0 -1 1 1 0.4431373
v -7 0 0 1 1 0.4431373
v -6 0 0 1 1 0.4431373
v -6 1 0 1 1 0.4431373
v -7 1 0 1 1 0.4431373
v -7 1 -1 1 1 0.4431373
v -6 1 -1 1 1 0.4431373
v -6 0 -2 1 1 0.4431373
v -7 0 -2 1 1 0.4431373
v -7 0 -1 1 1 0.4431373
v -6 0 -1 1 1 0.4431373
v -6 1 -1 1 1 0.4431373
v -7 1 -1 1 1 0.4431373
v -7 1 -2 0.8 0.8 0.3545098
v -6 1 -2 0.8 0.8 0.3545098
v -6 0 -3 1 1 0.4431373
v -7 0 -3 1 1 0.4431373
v -7 0 -2 1 1 0.4431373
v -6 0 -2 1 1 0.4431373
v -6 0 -4 1 1 0.4431373
v -7 0 -4 1 1 0.4431373
v -7 0 -3 1 1 0.4431373
v -6 0 -3 1 1 0.4431373
v -6 0 -5 1 1 0.4431373
v -7 0 -5 1 1 0.4431373
v -7 0 -4 1 1 0.4431373
v -6 0 -4 1 1 0.4431373
v -6 1 -4 0.9 0.9 0.3988235
v -7 1 -4 0.9 0.9 0.3988235
v -7 1 -5 1 1 0.4431373
v -6 1 -5 1 1 0.4431373
v -6 0 -6 1 1 0.4431373
v -7 0 -6 1 1 0.4431373
v -7 0 -5 1 1 0.4431373
v -6 0 -5 1 1 0.4431373
v -6 1 -5 1 1 0.4431373
v -7 1 -5 1 1 0.4431373
v -7 1 -6 1 1 0.4431373
v -6 1 -6 1 1 0.4431373
v -6 0 -7 1 1 0.4431373
v -7 0 -7 1 1 0.4431373
v -7 0 -6 1 1 0.4431373
v -6 0 -6 1 1 0.4431373
v -6 1 -6 1 1 0.4431373
v -7 1 -6 1 1 0.4431373
v -7 1 -7 1 1 0.4431373
v -6 1 -7 1 1 0.4431373
v -6 0 -8 1 1 0.4431373
v -7 0 -8 1 1 0.4431373
v -7 0 -7 1 1 0.4431373
v -6 0 -7 1 1 0.4431373
v -6 1 -7 1 1 0.4431373
v -7 1 -7 1 1 0.4431373
v -7 1 -8 1 1 0.4431373
v -6 1 -8 1 1 0.4431373
v -6 0 -9 1 1 0.4431373
v -7 0 -9 1 1 0.4431373
v -7 0 -8 1 1 0.4431373
v -6 0 -8 1 1 0.4431373
v -6 1 -8 1 1 0.4431373
v -7 1 -8 1 1 0.4431373
v -7 1 -9 1 1 0.4431373
v -6 1 -9 1 1 0.4431373
v -6 0 -10 1 1 0.4431373
v -7 0 -10 1 1 0.4431373
v -7 0 -9 1 1 0.4431373
v -6 0 -9 1 1 0.4431373
v -6 1 -9 1 1 0.4431373
v -7 1 -9 1 1 0.4431373
v -7 1 -10 1 1 0.4431373
v -6 1 -10 1 1 0.4431373
v -6 0 -11 1 1 0.4431373
v -7 0 -11 1 1 0.4431373
v -7 0 -10 1 1 0.4431373
v -6 0 -10 1 1 0.4431373
v -6 1 -10 1 1 0.4431373
v -7 1 -10 1 1 0.4431373
v -7 1 -11 1 1 0.4431373
v -6 1 -11 1 1 0.4431373
v -6 0 -12 1 1 0.4431373
v -7 0 -12 1 1 0.4431373
v -7 0 -11 1 1 0.4431373
v -6 0 -11 1 1 0.4431373
v -6 1 -11 1 1 0.4431373
v -7 1 -11 1 1 0.4431373
v -7 1 -12 0.9 0.9 0.3988235
v -6 1 -12 0.9 0.9 0.3988235
v -6 0 -13 1 1 0.4431373
v -7 0 -13 1 1 0.4431373
v -7 0 -12 1 1 0.4431373
v -6 0 -12 1 1 0.4431373
v -6 0 -14 1 1 0.4431373
v -7 0 -14 1 1 0.4431373
v -7 0 -13 1 1 0.4431373
v -6 0 -13 1 1 0.4431373
v -6 0 -15 1 1 0.4431373
v -7 0 -15 1 1 0.4431373
v -7 0 -14 1 1 0.4431373
v -6 0 -14 1 1 0.4431373
v -6 1 -14 0.8 0.8 0.3545098
v -7 1 -14 0.8 0.8 0.3545098
v -7 1 -15 1 1 0.4431373
v -6 1 -15 1 1 0.4431373
v -6 0 -16 1 1 0.4431373
v -7 0 -16 1 1 0.4431373
v -7 0 -15 1 1 0.4431373
v -6 0 -15 1 1 0.4431373
v -6 1 -15 1 1 0.4431373
v -7 1 -15 1 1 0.4431373
v -7 1 -16 1 1 0.4431373
v -6 1 -16 1 1 0.4431373
v -6 2 -2 0.9 0.9 0.3988235
v -7 2 -2 0.9 0.9 0.3988235
v -7 2 -3 0.8 0.8 0.3545098
v -6 2 -3 0.8 0.8 0.3545098
v -7 1 -2 0.8 0.8 0.3545098
v -7 2 -2 1 1 0.4431373
v -6 2 -2 1 1 0.4431373
v -6 1 -2 0.8 0.8 0.3545098
v -6 1 -4 0.8 0.8 0.3545098
v -6 2 -4 1 1 0.4431373
v -7 2 -4 1 1 0.4431373
v -7 1 -4 0.8 0.8 0.3545098
v -6 1 -3 0.8 0.8 0.3545098
v -6 2 -3 0.8 0.8 0.3545098
v -6 2 -4 0.9 0.9 0.3988235
v -6 1 -4 0.8 0.8 0.3545098
v -7 1 -4 0.8 0.8 0.3545098
v -7 2 -4 0.9 0.9 0.3988235
v -7 2 -3 0.8 0.8 0.3545098
v -7 1 -3 0.8 0.8 0.3545098
v -7 1 -12 0.8 0.8 0.3545098
v -7 2 -12 1 1 0.4431373
v -6 2 -12 1 1 0.4431373
v -6 1 -12 0.8 0.8 0.3545098
v -6 1 -12 0.8 0.8 0.3545098
v -6 2 -12 0.9 0.9 0.3988235
v -6 2 -13 0.8 0.8 0.3545098
v -6 1 -13 0.8 0.8 0.3545098
v -7 1 -13 0.8 0.8 0.3545098
v -7 2 -13 0.8 0.8 0.3545098
v -7 2 -12 0.9 0.9 0.3988235
v -7 1 -12 0.8 0.8 0.3545098
v -6 2 -13 0.8 0.8 0.3545098
v -7 2 -13 0.8 0.8 0.3545098
v -7 2 -14 0.9 0.9 0.3988235
v -6 2 -14 0.9 0.9 0.3988235
v -6 1 -14 0.8 0.8 0.3545098
v -6 2 -14 1 1 0.4431373
v -7 2 -14 1 1 0.4431373
v -7 1 -14 0.8 0.8 0.3545098
v -7 2 -3 0.8 0.8 0.3545098
v -7 3 -3 0.9 0.9 0.3988235
v -6 3 -3 0.9 0.9 0.3988235
v -6 2 -3 0.8 0.8 0.3545098
v -6 2 -4 1 1 0.4431373
v -6 3 -4 1 1 0.4431373
v -7 3 -4 1 1 0.4431373
v -7 2 -4 1 1 0.4431373
v -7 2 -12 1 1 0.4431373
v -7 3 -12 1 1 0.4431373
v -6 3 -12 1 1 0.4431373
v -6 2 -12 1 1 0.4431373
v -6 2 -13 0.8 0.8 0.3545098
v -6 3 -13 0.9 0.9 0.3988235
v -7 3 -13 0.9 0.9 0.3988235
v -7 2 -13 0.8 0.8 0.3545098
v -7 3 -3 0.9 0.9 0.3988235
v -7 4 -3 0.9 0.9 0.3988235
v -6 4 -3 0.9 0.9 0.3988235
v -6 3 -3 0.9 0.9 0.3988235
v -6 3 -4 1 1 0.4431373
v -6 4 -4 1 1 0.4431373
v -7 4 -4 1 1 0.4431373
v -7 3 -4 1 1 0.4431373
v -7 3 -12 1 1 0.4431373
v -7 4 -12 1 1 0.4431373
v -6 4 -12 1 1 0.4431373
v -6 3 -12 1 1 0.4431373
v -6 3 -13 0.9 0.9 0.3988235
v -6 4 -13 0.9 0.9 0.3988235
v -7 4 -13 0.9 0.9 0.3988235
v -7 3 -13 0.9 0.9 0.3988235
v -7 4 -3 0.9 0.9 0.3988235
v -7 5 -3 0.8 0.8 0.3545098
v -6 5 -3 0.8 0.8 0.3545098
v -6 4 -3 0.9 0.9 0.3988235
v -6 4 -4 1 1 0.4431373
v -6 5 -4 0.8 0.8 0.3545098
v -7 5 -4 0.8 0.8 0.3545098
v -7 4 -4 1 1 0.4431373
v -7 4 -12 1 1 0.4431373
v -7 5 -12 0.8 0.8 0.3545098
v -6 5 -12 0.8 0.8 0.3545098
v -6 4 -12 1 1 0.4431373
v -6 4 -13 0.9 0.9 0.3988235
v -6 5 -13 0.8 0.8 0.3545098
v -7 5 -13 0.8 0.8 0.3545098
v -7 4 -13 0.9 0.9 0.3988235
v -6 5 -3 0.5741177 0 0
v -7 5 -3 0.5741177 0 0
v -7 5 -2 0.6458824 0 0
v -6 5 -2 0.6458824 0 0
v -6 6 -2 0.7176471 0 0
v -7 6 -2 0.7176471 0 0
v -7 6 -3 0.7176471 0 0
v -6 6 -3 0.7176471 0 0
v -7 5 -2 0.7176471 0 0
v -7 6 -2 0.7176471 0 0
v -6 6 -2 0.7176471 0 0
v -6 5 -2 0.7176471 0 0
v -6 5 -2 0.6458824 0 0
v -6 6 -2 0.7176471 0 0
v -6 6 -3 0.6458824 0 0
v -6 5 -3 0.5741177 0 0
v -7 5 -3 0.5741177 0 0
v -7 6 -3 0.6458824 0 0
v -7 6 -2 0.7176471 0 0
v -7 5 -2 0.6458824 0 0
v -6 6 -3 1 1 0.4431373
v -7 6 -3 1 1 0.4431373
v -7 6 -4 0.9 0.9 0.3988235
v -6 6 -4 1 1 0.4431373
v -6 5 -5 1 1 0.4431373
v -7 5 -5 1 1 0.4431373
v -7 5 -4 0.8 0.8 0.3545098
v -6 5 -4 0.8 0.8 0.3545098
v -6 6 -4 1 1 0.4431373
v -7 6 -4 0.9 0.9 0.3988235
v -7 6 -5 0.8 0.8 0.3545098
v -6 6 -5 0.9 0.9 0.3988235
v -6 5 -5 0.9 0.9 0.3988235
v -6 6 -5 0.8 0.8 0.3545098
v -7 6 -5 0.8 0.8 0.3545098
v -7 5 -5 1 1 0.4431373
v -6 5 -12 0.8 0.8 0.3545098
v -7 5 -12 0.8 0.8 0.3545098
v -7 5 -11 1 1 0.4431373
v -6 5 -11 1 1 0.4431373
v -6 6 -11 0.9 0.9 0.3988235
v -7 6 -11 0.8 0.8 0.3545098
v -7 6 -12 0.9 0.9 0.3988235
v -6 6 -12 1 1 0.4431373
v -7 5 -11 1 1 0.4431373
v -7 6 -11 0.8 0.8 0.3545098
v -6 6 -11 0.8 0.8 0.3545098
v -6 5 -11 0.9 0.9 0.3988235
v -6 6 -12 1 1 0.4431373
v -7 6 -12 0.9 0.9 0.3988235
v -7 6 -13 1 1 0.4431373
v -6 6 -13 1 1 0.4431373
v -6 5 -14 0.6458824 0 0
v -7 5 -14 0.6458824 0 0
v -7 5 -13 0.5741177 0 0
v -6 5 -13 0.5741177 0 0
v -6 6 -13 0.7176471 0 0
v -7 6 -13 0.7176471 0 0
v -7 6 -14 0.7176471 0 0
v -6 6 -14 0.7176471 0 0
v -6 5 -14 0.7176471 0 0
v -6 6 -14 0.7176471 0 0
v -7 6 -14 0.7176471 0 0
v -7 5 -14 0.7176471 0 0
v -6 5 -13 0.5741177 0 0
v -6 6 -13 0.6458824 0 0
v -6 6 -14 0.7176471 0 0
v -6 5 -14 0.6458824 0 0
v -7 5 -14 0.6458824 0 0
v -7 6 -14 0.7176471 0 0
v -7 6 -13 0.6458824 0 0
v -7 5 -13 0.5741177 0 0
v -6 6 -6 0.9 0.9 0.3988235
v -7 6 -6 1 1 0.4431373
v -7 6 -5 0.8 0.8 0.3545098
v -6 6 -5 0.8 0.8 0.3545098
v -6 7 -5 1 1 0.4431373
v -7 7 -5 0.9 0.9 0.3988235
v -7 7 -6 0.8 0.8 0.3545098
v -6 7 -6 0.9 0.9 0.3988235
v -7 6 -5 0.8 0.8 0.3545098
v -7 7 -5 0.9 0.9 0.3988235
v -6 7 -5 1 1 0.4431373
v -6 6 -5 0.8 0.8 0.3545098
v -6 6 -5 0.8 0.8 0.3545098
v -6 7 -5 1 1 0.4431373
v -6 7 -6 0.9 0.9 0.3988235
v -6 6 -6 0.8 0.8 0.3545098
v -6 6 -7 1 1 0.4431373
v -7 6 -7 1 1 0.4431373
v -7 6 -6 1 1 0.4431373
v -6 6 -6 0.9 0.9 0.3988235
v -6 6 -7 0.9 0.9 0.3988235
v -6 7 -7 0.8 0.8 0.3545098
v -7 7 -7 1 1 0.4431373
v -7 6 -7 1 1 0.4431373
v -7 6 -7 1 1 0.4431373
v -7 7 -7 1 1 0.4431373
v -7 7 -6 0.8 0.8 0.3545098
v -7 6 -6 0.9 0.9 0.3988235
v -6 6 -10 0.9 0.9 0.3988235
v -7 6 -10 1 1 0.4431373
v -7 6 -9 1 1 0.4431373
v -6 6 -9 1 1 0.4431373
v -7 6 -9 1 1 0.4431373
v -7 7 -9 1 1 0.4431373
v -6 7 -9 0.8 0.8 0.3545098
v -6 6 -9 0.9 0.9 0.3988235
v -7 6 -10 0.9 0.9 0.3988235
v -7 7 -10 0.8 0.8 0.3545098
v -7 7 -9 1 1 0.4431373
v -7 6 -9 1 1 0.4431373
v -6 6 -11 0.8 0.8 0.3545098
v -7 6 -11 0.8 0.8 0.3545098
v -7 6 -10 1 1 0.4431373
v -6 6 -10 0.9 0.9 0.3988235
v -6 7 -10 0.9 0.9 0.3988235
v -7 7 -10 0.8 0.8 0.3545098
v -7 7 -11 0.9 0.9 0.3988235
v -6 7 -11 1 1 0.4431373
v -6 6 -11 0.8 0.8 0.3545098
v -6 7 -11 1 1 0.4431373
v -7 7 -11 0.9 0.9 0.3988235
v -7 6 -11 0.8 0.8 0.3545098
v -6 6 -10 0.8 0.8 0.3545098
v -6 7 -10 0.9 0.9 0.3988235
v -6 7 -11 1 1 0.4431373
v -6 6 -11 0.8 0.8 0.3545098
v -7 7 -6 0.08470588 0.08470588 0.08470588
v -7 8 -6 0.08470588 0.08470588 0.08470588
v -6 8 -6 0.1058824 0.1058824 0.1058824
v -6 7 -6 0.09529412 0.09529412 0.09529412
v -6 7 -7 0.08470588 0.08470588 0.08470588
v -6 8 -7 0.08470588 0.08470588 0.08470588
v -7 8 -7 0.1058824 0.1058824 0.1058824
v -7 7 -7 0.1058824 0.1058824 0.1058824
v -6 7 -6 0.09529412 0.09529412 0.09529412
v -6 8 -6 0.1058824 0.1058824 0.1058824
v -6 8 -7 0.08470588 0.08470588 0.08470588
v -6 7 -7 0.08470588 0.08470588 0.08470588
v -7 7 -7 0.1058824 0.1058824 0.1058824
v -7 8 -7 0.1058824 0.1058824 0.1058824
v -7 8 -6 0.08470588 0.08470588 0.08470588
v -7 7 -6 0.08470588 0.08470588 0.08470588
v -7 7 -9 0.1058824 0.1058824 0.1058824
v -7 8 -9 0.1058824 0.1058824 0.1058824
v -6 8 -9 0.08470588 0.08470588 0.08470588
v -6 7 -9 0.08470588 0.08470588 0.08470588
v -6 7 -10 0.09529412 0.09529412 0.09529412
v -6 8 -10 0.1058824 0.1058824 0.1058824
v -7 8 -10 0.08470588 0.08470588 0.08470588
v -7 7 -10 0.08470588 0.08470588 0.08470588
v -6 7 -9 0.08470588 0.08470588 0.08470588
v -6 8 -9 0.08470588 0.08470588 0.08470588
v -6 8 -10 0.1058824 0.1058824 0.1058824
v -6 7 -10 0.09529412 0.09529412 0.09529412
v -7 7 -10 0.08470588 0.08470588 0.08470588
v -7 8 -10 0.08470588 0.08470588 0.08470588
v -7 8 -9 0.1058824 0.1058824 0.1058824
v -7 7 -9 0.1058824 0.1058824 0.1058824
v -7 8 -6 0.08470588 0.08470588 0.08470588
v -7 9 -6 0.08470588 0.08470588 0.08470588
v -6 9 -6 0.1058824 0.1058824 0.1058824
v -6 8 -6 0.1058824 0.1058824 0.1058824
v -6 8 -7 0.08470588 0.08470588 0.08470588
v -6 9 -7 0.08470588 0.08470588 0.08470588
v -7 9 -7 0.1058824 0.1058824 0.1058824
v -7 8 -7 0.1058824 0.1058824 0.1058824
v -6 8 -6 0.1058824 0.1058824 0.1058824
v -6 9 -6 0.1058824 0.1058824 0.1058824
v -6 9 -7 0.08470588 0.08470588 0.08470588
v -6 8 -7 0.08470588 0.08470588 0.08470588
v -7 8 -7 0.1058824 0.1058824 0.1058824
v -7 9 -7 0.1058824 0.1058824 0.1058824
v -7 9 -6 0.08470588 0.08470588 0.08470588
v -7 8 -6 0.08470588 0.08470588 0.08470588
v -7 8 -9 0.1058824 0.1058824 0.1058824
v -7 9 -9 0.1058824 0.1058824 0.1058824
v -6 9 -9 0.08470588 0.08470588 0.08470588
v -6 8 -9 0.08470588 0.08470588 0.08470588
v -6 8 -10 0.1058824 0.1058824 0.1058824
v -6 9 -10 0.1058824 0.1058824 0.1058824
v -7 9 -10 0.08470588 0.08470588 0.08470588
v -7 8 -10 0.08470588 0.08470588 0.08470588
v -6 8 -9 0.08470588 0.08470588 0.08470588
v -6 9 -9 0.08470588 0.08470588 0.08470588
v -6 9 -10 0.1058824 0.1058824 0.1058824
v -6 8 -10 0.1058824 0.1058824 0.1058824
v -7 8 -10 0.08470588 0.08470588 0.08470588
v -7 9 -10 0.08470588 0.08470588 0.08470588
v -7 9 -9 0.1058824 0.1058824 0.1058824
v -7 8 -9 0.1058824 0.1058824 0.1058824
v -7 9 -6 0.08470588 0.08470588 0.08470588
v -7 10 -6 0.08470588 0.08470588 0.08470588
v -6 10 -6 0.1058824 0.1058824 0.1058824
v -6 9 -6 0.1058824 0.1058824 0.1058824
v -6 9 -7 0.08470588 0.08470588 0.08470588
v -6 10 -7 0.08470588 0.08470588 0.08470588
v -7 10 -7 0.08470588 0.08470588 0.08470588
v -7 9 -7 0.1058824 0.1058824 0.1058824
v -6 9 -6 0.1058824 0.1058824 0.1058824
v -6 10 -6 0.1058824 0.1058824 0.1058824
v -6 10 -7 0.08470588 0.08470588 0.08470588
v -6 9 -7 0.08470588 0.08470588 0.08470588
v -7 9 -7 0.1058824 0.1058824 0.1058824
v -7 10 -7 0.08470588 0.08470588 0.08470588
v -7 10 -6 0.08470588 0.08470588 0.08470588
v -7 9 -6 0.08470588 0.08470588 0.08470588
v -7 9 -9 0.1058824 0.1058824 0.1058824
v -7 10 -9 0.08470588 0.08470588 0.08470588
v -6 10 -9 0.08470588 0.08470588 0.08470588
v -6 9 -9 0.08470588 0.08470588 0.08470588
v -6 9 -10 0.1058824 0.1058824 0.1058824
v -6 10 -10 0.1058824 0.1058824 0.1058824
v -7 10 -10 0.08470588 0.08470588 0.08470588
v -7 9 -10 0.08470588 0.08470588 0.08470588
v -6 9 -9 0.08470588 0.08470588 0.08470588
v -6 10 -9 0.08470588 0.08470588 0.08470588
v -6 10 -10 0.1058824 0.1058824 0.1058824
v -6 9 -10 0.1058824 0.1058824 0.1058824
v -7 9 -10 0.08470588 0.08470588 0.08470588
v -7 10 -10 0.08470588 0.08470588 0.08470588
v -7 10 -9 0.08470588 0.08470588 0.08470588
v -7 9 -9 0.1058824 0.1058824 0.1058824
v -6 11 -6 1 1 0.4431373
v -7 11 -6 0.9 0.9 0.3988235
v -7 11 -7 0.8 0.8 0.3545098
v -6 11 -7 0.9 0.9 0.3988235
v -7 10 -6 0.8 0.8 0.3545098
v -7 11 -6 0.9 0.9 0.3988235
v -6 11 -6 1 1 0.4431373
v -6 10 -6 1 1 0.4431373
v -6 10 -6 1 1 0.4431373
v -6 11 -6 1 1 0.4431373
v -6 11 -7 0.9 0.9 0.3988235
v -6 10 -7 0.8 0.8 0.3545098
v -6 10 -8 0.8 0.8 0.3545098
v -7 10 -8 1 1 0.4431373
v -7 10 -7 0.9 0.9 0.3988235
v -6 10 -7 0.8 0.8 0.3545098
v -6 10 -9 0.8 0.8 0.3545098
v -7 10 -9 0.9 0.9 0.3988235
v -7 10 -8 1 1 0.4431373
v -6 10 -8 0.8 0.8 0.3545098
v -6 11 -9 0.9 0.9 0.3988235
v -7 11 -9 0.8 0.8 0.3545098
v -7 11 -10 0.9 0.9 0.3988235
v -6 11 -10 1 1 0.4431373
v -6 10 -10 1 1 0.4431373
v -6 11 -10 1 1 0.4431373
v -7 11 -10 0.9 0.9 0.3988235
v -7 10 -10 0.8 0.8 0.3545098
v -6 10 -9 0.8 0.8 0.3545098
v -6 11 -9 0.9 0.9 0.3988235
v -6 11 -10 1 1 0.4431373
v -6 10 -10 1 1 0.4431373
v -6 12 -7 1 1 0.4431373
v -7 12 -7 0.9 0.9 0.3988235
v -7 12 -8 0.8 0.8 0.3545098
v -6 12 -8 1 1 0.4431373
v -7 11 -7 0.8 0.8 0.3545098
v -7 12 -7 0.9 0.9 0.3988235
v -6 12 -7 1 1 0.4431373
v -6 11 -7 0.9 0.9 0.3988235
v -6 11 -7 0.9 0.9 0.3988235
v -6 12 -7 1 1 0.4431373
v -6 12 -8 1 1 0.4431373
v -6 11 -8 0.8 0.8 0.3545098
v -6 12 -8 1 1 0.4431373
v -7 12 -8 0.8 0.8 0.3545098
v -7 12 -9 0.9 0.9 0.3988235
v -6 12 -9 1 1 0.4431373
v -6 11 -9 0.9 0.9 0.3988235
v -6 12 -9 1 1 0.4431373
v -7 12 -9 0.9 0.9 0.3988235
v -7 11 -9 0.8 0.8 0.3545098
v -6 11 -8 0.8 0.8 0.3545098
v -6 12 -8 1 1 0.4431373
v -6 12 -9 1 1 0.4431373
v -6 11 -9 0.9 0.9 0.3988235
v -7 0 -1 1 1 0.4431373
v -8 0 -1 1 1 0.4431373
v -8 0 0 1 1 0.4431373
v -7 0 0 1 1 0.4431373
v -7 1 0 1 1 0.4431373
v -8 1 0 1 1 0.4431373
v -8 1 -1 1 1 0.4431373
v -7 1 -1 1 1 0.4431373
v -7 0 -2 1 1 0.4431373
v -8 0 -2 1 1 0.4431373
v -8 0 -1 1 1 0.4431373
v -7 0 -1 1 1 0.4431373
v -7 1 -1 1 1 0.4431373
v -8 1 -1 1 1 0.4431373
v -8 1 -2 0.8 0.8 0.3545098
v -7 1 -2 0.8 0.8 0.3545098
v -7 0 -3 1 1 0.4431373
v -8 0 -3 1 1 0.4431373
v -8 0 -2 1 1 0.4431373
v -7 0 -2 1 1 0.4431373
v -7 0 -4 1 1 0.4431373
v -8 0 -4 1 1 0.4431373
v -8 0 -3 1 1 0.4431373
v -7 0 -3 1 1 0.4431373
v -7 1 -3 0.8 0.8 0.3545098
v -8 1 -3 0.8 0.8 0.3545098
v -8 1 -4 1 1 0.4431373
v -7 1 -4 0.9 0.9 0.3988235
v -7 0 -5 1 1 0.4431373
v -8 0 -5 1 1 0.4431373
v -8 0 -4 1 1 0.4431373
v -7 0 -4 1 1 0.4431373
v -7 1 -4 0.9 0.9 0.3988235
v -8 1 -4 1 1 0.4431373
v -8 1 -5 1 1 0.4431373
v -7 1 -5 1 1 0.4431373
v -7 0 -6 1 1 0.4431373
v -8 0 -6 1 1 0.4431373
v -8 0 -5 1 1 0.4431373
v -7 0 -5 1 1 0.4431373
v -7 1 -5 1 1 0.4431373
v -8 1 -5 1 1 0.4431373
v -8 1 -6 1 1 0.4431373
v -7 1 -6 1 1 0.4431373
v -7 0 -7 1 1 0.4431373
v -8 0 -7 1 1 0.4431373
v -8 0 -6 1 1 0.4431373
v -7 0 -6 1 1 0.4431373
v -7 1 -6 1 1 0.4431373
v -8 1 -6 1 1 0.4431373
v -8 1 -7 1 1 0.4431373
v -7 1 -7 1 1 0.4431373
v -7 0 -8 1 1 0.4431373
v -8 0 -8 1 1 0.4431373
v -8 0 -7 1 1 0.4431373
v -7 0 -7 1 1 0.4431373
v -7 1 -7 1 1 0.4431373
v -8 1 -7 1 1 0.4431373
v -8 1 -8 1 1 0.4431373
v -7 1 -8 1 1 0.4431373
v -7 0 -9 1 1 0.4431373
v -8 0 -9 1 1 0.4431373
v -8 0 -8 1 1 0.4431373
v -7 0 -8 1 1 0.4431373
v -7 1 -8 1 1 0.4431373
v -8 1 -8 1 1 0.4431373
v -8 1 -9 1 1 0.4431373
v -7 1 -9 1 1 0.4431373
v -7 0 -10 1 1 0.4431373
v -8 0 -10 1 1 0.4431373
v -8 0 -9 1 1 0.4431373
v -7 0 -9 1 1 0.4431373
v -7 1 -9 1 1 0.4431373
v -8 1 -9 1 1 0.4431373
v -8 1 -10 1 1 0.4431373
v -7 1 -10 1 1 0.4431373
v -7 0 -11 1 1 0.4431373
v -8 0 -11 1 1 0.4431373
v -8 0 -10 1 1 0.4431373
v -7 0 -10 1 1 0.4431373
v -7 1 -10 1 1 0.4431373
v -8 1 -10 1 1 0.4431373
v -8 1 -11 1 1 0.4431373
v -7 1 -11 1 1 0.4431373
v -7 0 -12 1 1 0.4431373
v -8 0 -12 1 1 0.4431373
v -8 0 -11 1 1 0.4431373
v -7 0 -11 1 1 0.4431373
v -7 1 -11 1 1 0.4431373
v -8 1 -11 1 1 0.4431373
v -8 1 -12 1 1 0.4431373
v -7 1 -12 0.9 0.9 0.3988235
v -7 0 -13 1 1 0.4431373
v -8 0 -13 1 1 0.4431373
v -8 0 -12 1 1 0.4431373
v -7 0 -12 1 1 0.4431373
v -7 1 -12 0.9 0.9 0.3988235
v -8 1 -12 1 1 0.4431373
v -8 1 -13 0.8 0.8 0.3545098
v -7 1 -13 0.8 0.8 0.3545098
v -7 0 -14 1 1 0.4431373
v -8 0 -14 1 1 0.4431373
v -8 0 -13 1 1 0.4431373
v -7 0 -13 1 1 0.4431373
v -7 0 -15 1 1 0.4431373
v -8 0 -15 1 1 0.4431373
v -8 0 -14 1 1 0.4431373
v -7 0 -14 1 1 0.4431373
v -7 1 -14 0.8 0.8 0.3545098
v -8 1 -14 0.8 0.8 0.3545098
v -8 1 -15 1 1 0.4431373
v -7 1 -15 1 1 0.4431373
v -7 0 -16 1 1 0.4431373
v -8 0 -16 1 1 0.4431373
v -8 0 -15 1 1 0.4431373
v -7 0 -15 1 1 0.4431373
v -7 1 -15 1 1 0.4431373
v -8 1 -15 1 1 0.4431373
v -8 1 -16 1 1 0.4431373
v -7 1 -16 1 1 0.4431373
v -8 1 -2 0.8 0.8 0.3545098
v -8 2 -2 1 1 0.4431373
v -7 2 -2 1 1 0.4431373
v -7 1 -2 0.8 0.8 0.3545098
v -7 1 -3 0.8 0.8 0.3545098
v -7 2 -3 0.8 0.8 0.3545098
v -8 2 -3 0.8 0.8 0.3545098
v -8 1 -3 0.8 0.8 0.3545098
v -8 1 -13 0.8 0.8 0.3545098
v -8 2 -13 0.8 0.8 0.3545098
v -7 2 -13 0.8 0.8 0.3545098
v -7 1 -13 0.8 0.8 0.3545098
v -7 1 -14 0.8 0.8 0.3545098
v -7 2 -14 1 1 0.4431373
v -8 2 -14 1 1 0.4431373
v -8 1 -14 0.8 0.8 0.3545098
v -7 3 -2 1 1 0.4431373
v -8 3 -2 1 1 0.4431373
v -8 3 -3 0.8 0.8 0.3545098
v -7 3 -3 0.8 0.8 0.3545098
v -8 2 -2 1 1 0.4431373
v -8 3 -2 1 1 0.4431373
v -7 3 -2 1 1 0.4431373
v -7 2 -2 1 1 0.4431373
v -7 2 -2 0.9 0.9 0.3988235
v -7 3 -2 1 1 0.4431373
v -7 3 -3 0.8 0.8 0.3545098
v -7 2 -3 0.8 0.8 0.3545098
v -7 2 -4 0.9 0.9 0.3988235
v -8 2 -4 1 1 0.4431373
v -8 2 -3 0.8 0.8 0.3545098
v -7 2 -3 0.8 0.8 0.3545098
v -7 2 -4 1 1 0.4431373
v -7 3 -4 1 1 0.4431373
v -8 3 -4 1 1 0.4431373
v -8 2 -4 1 1 0.4431373
v -7 2 -13 0.8 0.8 0.3545098
v -8 2 -13 0.8 0.8 0.3545098
v -8 2 -12 1 1 0.4431373
v -7 2 -12 0.9 0.9 0.3988235
v -8 2 -12 1 1 0.4431373
v -8 3 -12 1 1 0.4431373
v -7 3 -12 1 1 0.4431373
v -7 2 -12 1 1 0.4431373
v -7 3 -13 0.8 0.8 0.3545098
v -8 3 -13 0.8 0.8 0.3545098
v -8 3 -14 1 1 0.4431373
v -7 3 -14 1 1 0.4431373
v -7 2 -14 1 1 0.4431373
v -7 3 -14 1 1 0.4431373
v -8 3 -14 1 1 0.4431373
v -8 2 -14 1 1 0.4431373
v -7 2 -13 0.8 0.8 0.3545098
v -7 3 -13 0.8 0.8 0.3545098
v -7 3 -14 1 1 0.4431373
v -7 2 -14 0.9 0.9 0.3988235
v -8 3 -3 0.8 0.8 0.3545098
v -8 4 -3 0.8 0.8 0.3545098
v -7 4 -3 0.9 0.9 0.3988235
v -7 3 -3 0.9 0.9 0.3988235
v -7 3 -4 1 1 0.4431373
v -7 4 -4 1 1 0.4431373
v -8 4 -4 1 1 0.4431373
v -8 3 -4 1 1 0.4431373
v -8 3 -12 1 1 0.4431373
v -8 4 -12 1 1 0.4431373
v -7 4 -12 1 1 0.4431373
v -7 3 -12 1 1 0.4431373
v -7 3 -13 0.9 0.9 0.3988235
v -7 4 -13 0.9 0.9 0.3988235
v -8 4 -13 0.8 0.8 0.3545098
v -8 3 -13 0.8 0.8 0.3545098
v -7 4 -3 0.5741177 0 0
v -8 4 -3 0.5741177 0 0
v -8 4 -2 0.7176471 0 0
v -7 4 -2 0.7176471 0 0
v -7 5 -2 0.6458824 0 0
v -8 5 -2 0.7176471 0 0
v -8 5 -3 0.5741177 0 0
v -7 5 -3 0.5741177 0 0
v -8 4 -2 0.7176471 0 0
v -8 5 -2 0.7176471 0 0
v -7 5 -2 0.7176471 0 0
v -7 4 -2 0.7176471 0 0
v -7 4 -2 0.7176471 0 0
v -7 5 -2 0.6458824 0 0
v -7 5 -3 0.5741177 0 0
v -7 4 -3 0.5741177 0 0
v -7 4 -4 1 1 0.4431373
v -7 5 -4 0.8 0.8 0.3545098
v -8 5 -4 0.8 0.8 0.3545098
v -8 4 -4 1 1 0.4431373
v -8 4 -12 1 1 0.4431373
v -8 5 -12 0.8 0.8 0.3545098
v -7 5 -12 0.8 0.8 0.3545098
v -7 4 -12 1 1 0.4431373
v -7 4 -14 0.7176471 0 0
v -8 4 -14 0.7176471 0 0
v -8 4 -13 0.5741177 0 0
v -7 4 -13 0.5741177 0 0
v -7 5 -13 0.5741177 0 0
v -8 5 -13 0.5741177 0 0
v -8 5 -14 0.7176471 0 0
v -7 5 -14 0.6458824 0 0
v -7 4 -14 0.7176471 0 0
v -7 5 -14 0.7176471 0 0
v -8 5 -14 0.7176471 0 0
v -8 4 -14 0.7176471 0 0
v -7 4 -13 0.5741177 0 0
v -7 5 -13 0.5741177 0 0
v -7 5 -14 0.6458824 0 0
v -7 4 -14 0.7176471 0 0
v -7 6 -3 1 1 0.4431373
v -8 6 -3 1 1 0.4431373
v -8 6 -4 0.8 0.8 0.3545098
v -7 6 -4 0.9 0.9 0.3988235
v -8 5 -3 0.8 0.8 0.3545098
v -8 6 -3 1 1 0.4431373
v -7 6 -3 0.9 0.9 0.3988235
v -7 5 -3 0.8 0.8 0.3545098
v -7 5 -5 1 1 0.4431373
v -8 5 -5 1 1 0.4431373
v -8 5 -4 0.8 0.8 0.3545098
v -7 5 -4 0.8 0.8 0.3545098
v -7 5 -5 1 1 0.4431373
v -7 6 -5 0.8 0.8 0.3545098
v -8 6 -5 0.8 0.8 0.3545098
v -8 5 -5 1 1 0.4431373
v -7 5 -12 0.8 0.8 0.3545098
v -8 5 -12 0.8 0.8 0.3545098
v -8 5 -11 1 1 0.4431373
v -7 5 -11 1 1 0.4431373
v -8 5 -11 1 1 0.4431373
v -8 6 -11 0.8 0.8 0.3545098
v -7 6 -11 0.8 0.8 0.3545098
v -7 5 -11 1 1 0.4431373
v -7 6 -12 0.9 0.9 0.3988235
v -8 6 -12 0.8 0.8 0.3545098
v -8 6 -13 1 1 0.4431373
v -7 6 -13 1 1 0.4431373
v -7 5 -13 0.8 0.8 0.3545098
v -7 6 -13 0.9 0.9 0.3988235
v -8 6 -13 1 1 0.4431373
v -8 5 -13 0.8 0.8 0.3545098
v -7 7 -4 1 1 0.4431373
v -8 7 -4 1 1 0.4431373
v -8 7 -5 0.8 0.8 0.3545098
v -7 7 -5 0.9 0.9 0.3988235
v -8 6 -4 0.8 0.8 0.3545098
v -8 7 -4 1 1 0.4431373
v -7 7 -4 1 1 0.4431373
v -7 6 -4 0.8 0.8 0.3545098
v -7 6 -4 0.8 0.8 0.3545098
v -7 7 -4 1 1 0.4431373
v -7 7 -5 0.9 0.9 0.3988235
v -7 6 -5 0.8 0.8 0.3545098
v -7 6 -6 1 1 0.4431373
v -8 6 -6 1 1 0.4431373
v -8 6 -5 0.8 0.8 0.3545098
v -7 6 -5 0.8 0.8 0.3545098
v -7 6 -6 0.9 0.9 0.3988235
v -7 7 -6 0.8 0.8 0.3545098
v -8 7 -6 1 1 0.4431373
v -8 6 -6 1 1 0.4431373
v -7 6 -11 0.8 0.8 0.3545098
v -8 6 -11 0.8 0.8 0.3545098
v -8 6 -10 1 1 0.4431373
v -7 6 -10 1 1 0.4431373
v -8 6 -10 1 1 0.4431373
v -8 7 -10 1 1 0.4431373
v -7 7 -10 0.8 0.8 0.3545098
v -7 6 -10 0.9 0.9 0.3988235
v -7 7 -11 0.9 0.9 0.3988235
v -8 7 -11 0.8 0.8 0.3545098
v -8 7 -12 1 1 0.4431373
v -7 7 -12 1 1 0.4431373
v -7 6 -12 0.8 0.8 0.3545098
v -7 7 -12 1 1 0.4431373
v -8 7 -12 1 1 0.4431373
v -8 6 -12 0.8 0.8 0.3545098
v -7 6 -11 0.8 0.8 0.3545098
v -7 7 -11 0.9 0.9 0.3988235
v -7 7 -12 1 1 0.4431373
v -7 6 -12 0.8 0.8 0.3545098
v -8 7 -5 0.08470588 0.08470588 0.08470588
v -8 8 -5 0.1058824 0.1058824 0.1058824
v -7 8 -5 0.1058824 0.1058824 0.1058824
v -7 7 -5 0.09529412 0.09529412 0.09529412
v -7 7 -6 0.08470588 0.08470588 0.08470588
v -7 8 -6 0.08470588 0.08470588 0.08470588
v -8 8 -6 0.1058824 0.1058824 0.1058824
v -8 7 -6 0.1058824 0.1058824 0.1058824
v -7 7 -5 0.09529412 0.09529412 0.09529412
v -7 8 -5 0.1058824 0.1058824 0.1058824
v -7 8 -6 0.08470588 0.08470588 0.08470588
v -7 7 -6 0.08470588 0.08470588 0.08470588
v -8 7 -10 0.1058824 0.1058824 0.1058824
v -8 8 -10 0.1058824 0.1058824 0.1058824
v -7 8 -10 0.08470588 0.08470588 0.08470588
v -7 7 -10 0.08470588 0.08470588 0.08470588
v -7 7 -11 0.09529412 0.09529412 0.09529412
v -7 8 -11 0.1058824 0.1058824 0.1058824
v -8 8 -11 0.1058824 0.1058824 0.1058824
v -8 7 -11 0.08470588 0.08470588 0.08470588
v -7 7 -10 0.08470588 0.08470588 0.08470588
v -7 8 -10 0.08470588 0.08470588 0.08470588
v -7 8 -11 0.1058824 0.1058824 0.1058824
v -7 7 -11 0.09529412 0.09529412 0.09529412
v -8 8 -5 0.1058824 0.1058824 0.1058824
v -8 9 -5 0.1058824 0.1058824 0.1058824
v -7 9 -5 0.1058824 0.1058824 0.1058824
v -7 8 -5 0.1058824 0.1058824 0.1058824
v -7 8 -6 0.08470588 0.08470588 0.08470588
v -7 9 -6 0.08470588 0.08470588 0.08470588
v -8 9 -6 0.1058824 0.1058824 0.1058824
v -8 8 -6 0.1058824 0.1058824 0.1058824
v -7 8 -5 0.1058824 0.1058824 0.1058824
v -7 9 -5 0.1058824 0.1058824 0.1058824
v -7 9 -6 0.08470588 0.08470588 0.08470588
v -7 8 -6 0.08470588 0.08470588 0.08470588
v -8 8 -10 0.1058824 0.1058824 0.1058824
v -8 9 -10 0.1058824 0.1058824 0.1058824
v -7 9 -10 0.08470588 0.08470588 0.08470588
v -7 8 -10 0.08470588 0.08470588 0.08470588
v -7 8 -11 0.1058824 0.1058824 0.1058824
v -7 9 -11 0.1058824 0.1058824 0.1058824
v -8 9 -11 0.1058824 0.1058824 0.1058824
v -8 8 -11 0.1058824 0.1058824 0.1058824
v -7 8 -10 0.08470588 0.08470588 0.08470588
v -7 9 -10 0.08470588 0.08470588 0.08470588
v -7 9 -11 0.1058824 0.1058824 0.1058824
v -7 8 -11 0.1058824 0.1058824 0.1058824
v -8 9 -5 0.1058824 0.1058824 0.1058824
v -8 10 -5 0.1058824 0.1058824 0.1058824
v -7 10 -5 0.1058824 0.1058824 0.1058824
v -7 9 -5 0.1058824 0.1058824 0.1058824
v -7 9 -6 0.08470588 0.08470588 0.08470588
v -7 10 -6 0.08470588 0.08470588 0.08470588
v -8 10 -6 0.08470588 0.08470588 0.08470588
v -8 9 -6 0.1058824 0.1058824 0.1058824
v -7 9 -5 0.1058824 0.1058824 0.1058824
v -7 10 -5 0.1058824 0.1058824 0.1058824
v -7 10 -6 0.08470588 0.08470588 0.08470588
v -7 9 -6 0.08470588 0.08470588 0.08470588
v -8 9 -10 0.1058824 0.1058824 0.1058824
v -8 10 -10 0.08470588 0.08470588 0.08470588
v -7 10 -10 0.08470588 0.08470588 0.08470588
v -7 9 -10 0.08470588 0.08470588 0.08470588
v -7 9 -11 0.1058824 0.1058824 0.1058824
v -7 10 -11 0.1058824 0.1058824 0.1058824
v -8 10 -11 0.1058824 0.1058824 0.1058824
v -8 9 -11 0.1058824 0.1058824 0.1058824
v -7 9 -10 0.08470588 0.08470588 0.08470588
v -7 10 -10 0.08470588 0.08470588 0.08470588
v -7 10 -11 0.1058824 0.1058824 0.1058824
v -7 9 -11 0.1058824 0.1058824 0.1058824
v -7 11 -5 1 1 0.4431373
v -8 11 -5 1 1 0.4431373
v -8 11 -6 0.8 0.8 0.3545098
v -7 11 -6 0.9 0.9 0.3988235
v -8 10 -5 1 1 0.4431373
v -8 11 -5 1 1 0.4431373
v -7 11 -5 1 1 0.4431373
v -7 10 -5 1 1 0.4431373
v -7 10 -5 1 1 0.4431373
v -7 11 -5 1 1 0.4431373
v -7 11 -6 0.9 0.9 0.3988235
v -7 10 -6 0.8 0.8 0.3545098
v -7 10 -7 0.9 0.9 0.3988235
v -8 10 -7 1 1 0.4431373
v -8 10 -6 0.8 0.8 0.3545098
v -7 10 -6 0.8 0.8 0.3545098
v -7 10 -8 1 1 0.4431373
v -8 10 -8 1 1 0.4431373
v -8 10 -7 1 1 0.4431373
v -7 10 -7 0.9 0.9 0.3988235
v -7 10 -9 0.9 0.9 0.3988235
v -8 10 -9 1 1 0.4431373
v -8 10 -8 1 1 0.4431373
v -7 10 -8 1 1 0.4431373
v -7 10 -10 0.8 0.8 0.3545098
v -8 10 -10 0.8 0.8 0.3545098
v -8 10 -9 1 1 0.4431373
v -7 10 -9 0.9 0.9 0.3988235
v -7 11 -10 0.9 0.9 0.3988235
v -8 11 -10 0.8 0.8 0.3545098
v -8 11 -11 1 1 0.4431373
v -7 11 -11 1 1 0.4431373
v -7 10 -11 1 1 0.4431373
v -7 11 -11 1 1 0.4431373
v -8 11 -11 1 1 0.4431373
v -8 10 -11 1 1 0.4431373
v -7 10 -10 0.8 0.8 0.3545098
v -7 11 -10 0.9 0.9 0.3988235
v -7 11 -11 1 1 0.4431373
v -7 10 -11 1 1 0.4431373
v -7 12 -6 1 1 0.4431373
v -8 12 -6 1 1 0.4431373
v -8 12 -7 0.8 0.8 0.3545098
v -7 12 -7 0.9 0.9 0.3988235
v -8 11 -6 0.8 0.8 0.3545098
v -8 12 -6 1 1 0.4431373
v -7 12 -6 1 1 0.4431373
v -7 11 -6 0.9 0.9 0.3988235
v -7 11 -6 0.9 0.9 0.3988235
v -7 12 -6 1 1 0.4431373
v -7 12 -7 0.9 0.9 0.3988235
v -7 11 -7 0.8 0.8 0.3545098
v -7 12 -9 0.9 0.9 0.3988235
v -8 12 -9 0.8 0.8 0.3545098
v -8 12 -10 1 1 0.4431373
v -7 12 -10 1 1 0.4431373
v -7 11 -10 0.9 0.9 0.3988235
v -7 12 -10 1 1 0.4431373
v -8 12 -10 1 1 0.4431373
v -8 11 -10 0.8 0.8 0.3545098
v -7 11 -9 0.8 0.8 0.3545098
v -7 12 -9 0.9 0.9 0.3988235
v -7 12 -10 1 1 0.4431373
v -7 11 -10 0.9 0.9 0.3988235
v -7 13 -7 1 1 0.4431373
v -8 13 -7 1 1 0.4431373
v -8 13 -8 1 1 0.4431373
v -7 13 -8 1 1 0.4431373
v -8 12 -7 0.8 0.8 0.3545098
v -8 13 -7 1 1 0.4431373
v -7 13 -7 1 1 0.4431373
v -7 12 -7 0.9 0.9 0.3988235
v -7 12 -7 0.9 0.9 0.3988235
v -7 13 -7 1 1 0.4431373
v -7 13 -8 1 1 0.4431373
v -7 12 -8 0.8 0.8 0.3545098
v -7 13 -8 1 1 0.4431373
v -8 13 -8 1 1 0.4431373
v -8 13 -9 1 1 0.4431373
v -7 13 -9 1 1 0.4431373
v -7 12 -9 0.9 0.9 0.3988235
v -7 13 -9 1 1 0.4431373
v -8 13 -9 1 1 0.4431373
v -8 12 -9 0.8 0.8 0.3545098
v -7 12 -8 0.8 0.8 0.3545098
v -7 13 -8 1 1 0.4431373
v -7 13 -9 1 1 0.4431373
v -7 12 -9 0.9 0.9 0.3988235
v -8 0 -1 1 1 0.4431373
v -9 0 -1 1 1 0.4431373
v -9 0 0 1 1 0.4431373
v -8 0 0 1 1 0.4431373
v -8 1 0 1 1 0.4431373
v -9 1 0 1 1 0.4431373
v -9 1 -1 1 1 0.4431373
v -8 1 -1 1 1 0.4431373
v -8 0 -2 1 1 0.4431373
v -9 0 -2 1 1 0.4431373
v -9 0 -1 1 1 0.4431373
v -8 0 -1 1 1 0.4431373
v -8 1 -1 1 1 0.4431373
v -9 1 -1 1 1 0.4431373
v -9 1 -2 0.8 0.8 0.3545098
v -8 1 -2 0.8 0.8 0.3545098
v -8 0 -3 1 1 0.4431373
v -9 0 -3 1 1 0.4431373
v -9 0 -2 1 1 0.4431373
v -8 0 -2 1 1 0.4431373
v -8 0 -4 1 1 0.4431373
v -9 0 -4 1 1 0.4431373
v -9 0 -3 1 1 0.4431373
v -8 0 -3 1 1 0.4431373
v -8 1 -3 0.8 0.8 0.3545098
v -9 1 -3 0.8 0.8 0.3545098
v -9 1 -4 0.9 0.9 0.3988235
v -8 1 -4 1 1 0.4431373
v -8 0 -5 1 1 0.4431373
v -9 0 -5 1 1 0.4431373
v -9 0 -4 1 1 0.4431373
v -8 0 -4 1 1 0.4431373
v -8 1 -4 1 1 0.4431373
v -9 1 -4 0.9 0.9 0.3988235
v -9 1 -5 1 1 0.4431373
v -8 1 -5 1 1 0.4431373
v -8 0 -6 1 1 0.4431373
v -9 0 -6 1 1 0.4431373
v -9 0 -5 1 1 0.4431373
v -8 0 -5 1 1 0.4431373
v -8 1 -5 1 1 0.4431373
v -9 1 -5 1 1 0.4431373
v -9 1 -6 1 1 0.4431373
v -8 1 -6 1 1 0.4431373
v -8 0 -7 1 1 0.4431373
v -9 0 -7 1 1 0.4431373
v -9 0 -6 1 1 0.4431373
v -8 0 -6 1 1 0.4431373
v -8 1 -6 1 1 0.4431373
v -9 1 -6 1 1 0.4431373
v -9 1 -7 1 1 0.4431373
v -8 1 -7 1 1 0.4431373
v -8 0 -8 1 1 0.4431373
v -9 0 -8 1 1 0.4431373
v -9 0 -7 1 1 0.4431373
v -8 0 -7 1 1 0.4431373
v -8 1 -7 1 1 0.4431373
v -9 1 -7 1 1 0.4431373
v -9 1 -8 1 1 0.4431373
v -8 1 -8 1 1 0.4431373
v -8 0 -9 1 1 0.4431373
v -9 0 -9 1 1 0.4431373
v -9 0 -8 1 1 0.4431373
v -8 0 -8 1 1 0.4431373
v -8 1 -8 1 1 0.4431373
v -9 1 -8 1 1 0.4431373
v -9 1 -9 1 1 0.4431373
v -8 1 -9 1 1 0.4431373
v -8 0 -10 1 1 0.4431373
v -9 0 -10 1 1 0.4431373
v -9 0 -9 1 1 0.4431373
v -8 0 -9 1 1 0.4431373
v -8 1 -9 1 1 0.4431373
v -9 1 -9 1 1 0.4431373
v -9 1 -10 1 1 0.4431373
v -8 1 -10 1 1 0.4431373
v -8 0 -11 1 1 0.4431373
v -9 0 -11 1 1 0.4431373
v -9 0 -10 1 1 0.4431373
v -8 0 -10 1 1 0.4431373
v -8 1 -10 1 1 0.4431373
v -9 1 -10 1 1 0.4431373
v -9 1 -11 1 1 0.4431373
v -8 1 -11 1 1 0.4431373
v -8 0 -12 1 1 0.4431373
v -9 0 -12 1 1 0.4431373
v -9 0 -11 1 1 0.4431373
v -8 0 -11 1 1 0.4431373
v -8 1 -11 1 1 0.4431373
v -9 1 -11 1 1 0.4431373
v -9 1 -12 0.9 0.9 0.3988235
v -8 1 -12 1 1 0.4431373
v -8 0 -13 1 1 0.4431373
v -9 0 -13 1 1 0.4431373
v -9 0 -12 1 1 0.4431373
v -8 0 -12 1 1 0.4431373
v -8 1 -12 1 1 0.4431373
v -9 1 -12 0.9 0.9 0.3988235
v -9 1 -13 0.8 0.8 0.3545098
v -8 1 -13 0.8 0.8 0.3545098
v -8 0 -14 1 1 0.4431373
v -9 0 -14 1 1 0.4431373
v -9 0 -13 1 1 0.4431373
v -8 0 -13 1 1 0.4431373
v -8 0 -15 1 1 0.4431373
v -9 0 -15 1 1 0.4431373
v -9 0 -14 1 1 0.4431373
v -8 0 -14 1 1 0.4431373
v -8 1 -14 0.8 0.8 0.3545098
v -9 1 -14 0.8 0.8 0.3545098
v -9 1 -15 1 1 0.4431373
v -8 1 -15 1 1 0.4431373
v -8 0 -16 1 1 0.4431373
v -9 0 -16 1 1 0.4431373
v -9 0 -15 1 1 0.4431373
v -8 0 -15 1 1 0.4431373
v -8 1 -15 1 1 0.4431373
v -9 1 -15 1 1 0.4431373
v -9 1 -16 1 1 0.4431373
v -8 1 -16 1 1 0.4431373
v -9 1 -2 0.8 0.8 0.3545098
v -9 2 -2 1 1 0.4431373
v -8 2 -2 1 1 0.4431373
v -8 1 -2 0.8 0.8 0.3545098
v -8 1 -3 0.8 0.8 0.3545098
v -8 2 -3 0.8 0.8 0.3545098
v -9 2 -3 0.8 0.8 0.3545098
v -9 1 -3 0.8 0.8 0.3545098
v -9 1 -13 0.8 0.8 0.3545098
v -9 2 -13 0.8 0.8 0.3545098
v -8 2 -13 0.8 0.8 0.3545098
v -8 1 -13 0.8 0.8 0.3545098
v -8 1 -14 0.8 0.8 0.3545098
v -8 2 -14 1 1 0.4431373
v -9 2 -14 1 1 0.4431373
v -9 1 -14 0.8 0.8 0.3545098
v -8 3 -2 1 1 0.4431373
v -9 3 -2 1 1 0.4431373
v -9 3 -3 0.8 0.8 0.3545098
v -8 3 -3 0.8 0.8 0.3545098
v -9 2 -2 1 1 0.4431373
v -9 3 -2 1 1 0.4431373
v -8 3 -2 1 1 0.4431373
v -8 2 -2 1 1 0.4431373
v -9 2 -3 0.8 0.8 0.3545098
v -9 3 -3 0.8 0.8 0.3545098
v -9 3 -2 1 1 0.4431373
v -9 2 -2 0.9 0.9 0.3988235
v -8 2 -4 1 1 0.4431373
v -9 2 -4 0.9 0.9 0.3988235
v -9 2 -3 0.8 0.8 0.3545098
v -8 2 -3 0.8 0.8 0.3545098
v -8 2 -4 1 1 0.4431373
v -8 3 -4 1 1 0.4431373
v -9 3 -4 1 1 0.4431373
v -9 2 -4 1 1 0.4431373
v -8 2 -13 0.8 0.8 0.3545098
v -9 2 -13 0.8 0.8 0.3545098
v -9 2 -12 0.9 0.9 0.3988235
v -8 2 -12 1 1 0.4431373
v -9 2 -12 1 1 0.4431373
v -9 3 -12 1 1 0.4431373
v -8 3 -12 1 1 0.4431373
v -8 2 -12 1 1 0.4431373
v -8 3 -13 0.8 0.8 0.3545098
v -9 3 -13 0.8 0.8 0.3545098
v -9 3 -14 1 1 0.4431373
v -8 3 -14 1 1 0.4431373
v -8 2 -14 1 1 0.4431373
v -8 3 -14 1 1 0.4431373
v -9 3 -14 1 1 0.4431373
v -9 2 -14 1 1 0.4431373
v -9 2 -14 0.9 0.9 0.3988235
v -9 3 -14 1 1 0.4431373
v -9 3 -13 0.8 0.8 0.3545098
v -9 2 -13 0.8 0.8 0.3545098
v -9 3 -3 0.9 0.9 0.3988235
v -9 4 -3 0.9 0.9 0.3988235
v -8 4 -3 0.8 0.8 0.3545098
v -8 3 -3 0.8 0.8 0.3545098
v -8 3 -4 1 1 0.4431373
v -8 4 -4 1 1 0.4431373
v -9 4 -4 1 1 0.4431373
v -9 3 -4 1 1 0.4431373
v -9 3 -12 1 1 0.4431373
v -9 4 -12 1 1 0.4431373
v -8 4 -12 1 1 0.4431373
v -8 3 -12 1 1 0.4431373
v -8 3 -13 0.8 0.8 0.3545098
v -8 4 -13 0.8 0.8 0.3545098
v -9 4 -13 0.9 0.9 0.3988235
v -9 3 -13 0.9 0.9 0.3988235
v -8 4 -3 0.5741177 0 0
v -9 4 -3 0.5741177 0 0
v -9 4 -2 0.7176471 0 0
v -8 4 -2 0.7176471 0 0
v -8 5 -2 0.7176471 0 0
v -9 5 -2 0.6458824 0 0
v -9 5 -3 0.5741177 0 0
v -8 5 -3 0.5741177 0 0
v -9 4 -2 0.7176471 0 0
v -9 5 -2 0.7176471 0 0
v -8 5 -2 0.7176471 0 0
v -8 4 -2 0.7176471 0 0
v -9 4 -3 0.5741177 0 0
v -9 5 -3 0.5741177 0 0
v -9 5 -2 0.6458824 0 0
v -9 4 -2 0.7176471 0 0
v -8 4 -4 1 1 0.4431373
v -8 5 -4 0.8 0.8 0.3545098
v -9 5 -4 0.8 0.8 0.3545098
v -9 4 -4 1 1 0.4431373
v -9 4 -12 1 1 0.4431373
v -9 5 -12 0.8 0.8 0.3545098
v -8 5 -12 0.8 0.8 0.3545098
v -8 4 -12 1 1 0.4431373
v -8 4 -14 0.7176471 0 0
v -9 4 -14 0.7176471 0 0
v -9 4 -13 0.5741177 0 0
v -8 4 -13 0.5741177 0 0
v -8 5 -13 0.5741177 0 0
v -9 5 -13 0.5741177 0 0
v -9 5 -14 0.6458824 0 0
v -8 5 -14 0.7176471 0 0
v -8 4 -14 0.7176471 0 0
v -8 5 -14 0.7176471 0 0
v -9 5 -14 0.7176471 0 0
v -9 4 -14 0.7176471 0 0
v -9 4 -14 0.7176471 0 0
v -9 5 -14 0.6458824 0 0
v -9 5 -13 0.5741177 0 0
v -9 4 -13 0.5741177 0 0
v -8 6 -3 1 1 0.4431373
v -9 6 -3 1 1 0.4431373
v -9 6 -4 0.9 0.9 0.3988235
v -8 6 -4 0.8 0.8 0.3545098
v -9 5 -3 0.8 0.8 0.3545098
v -9 6 -3 0.9 0.9 0.3988235
v -8 6 -3 1 1 0.4431373
v -8 5 -3 0.8 0.8 0.3545098
v -8 5 -5 1 1 0.4431373
v -9 5 -5 1 1 0.4431373
v -9 5 -4 0.8 0.8 0.3545098
v -8 5 -4 0.8 0.8 0.3545098
v -8 5 -5 1 1 0.4431373
v -8 6 -5 0.8 0.8 0.3545098
v -9 6 -5 0.8 0.8 0.3545098
v -9 5 -5 1 1 0.4431373
v -8 5 -12 0.8 0.8 0.3545098
v -9 5 -12 0.8 0.8 0.3545098
v -9 5 -11 1 1 0.4431373
v -8 5 -11 1 1 0.4431373
v -9 5 -11 1 1 0.4431373
v -9 6 -11 0.8 0.8 0.3545098
v -8 6 -11 0.8 0.8 0.3545098
v -8 5 -11 1 1 0.4431373
v -8 6 -12 0.8 0.8 0.3545098
v -9 6 -12 0.9 0.9 0.3988235
v -9 6 -13 1 1 0.4431373
v -8 6 -13 1 1 0.4431373
v -8 5 -13 0.8 0.8 0.3545098
v -8 6 -13 1 1 0.4431373
v -9 6 -13 0.9 0.9 0.3988235
v -9 5 -13 0.8 0.8 0.3545098
v -8 7 -4 1 1 0.4431373
v -9 7 -4 1 1 0.4431373
v -9 7 -5 0.9 0.9 0.3988235
v -8 7 -5 0.8 0.8 0.3545098
v -9 6 -4 0.8 0.8 0.3545098
v -9 7 -4 1 1 0.4431373
v -8 7 -4 1 1 0.4431373
v -8 6 -4 0.8 0.8 0.3545098
v -9 6 -5 0.8 0.8 0.3545098
v -9 7 -5 0.9 0.9 0.3988235
v -9 7 -4 1 1 0.4431373
v -9 6 -4 0.8 0.8 0.3545098
v -8 6 -6 1 1 0.4431373
v -9 6 -6 1 1 0.4431373
v -9 6 -5 0.8 0.8 0.3545098
v -8 6 -5 0.8 0.8 0.3545098
v -8 6 -6 1 1 0.4431373
v -8 7 -6 1 1 0.4431373
v -9 7 -6 0.8 0.8 0.3545098
v -9 6 -6 0.9 0.9 0.3988235
v -8 6 -11 0.8 0.8 0.3545098
v -9 6 -11 0.8 0.8 0.3545098
v -9 6 -10 1 1 0.4431373
v -8 6 -10 1 1 0.4431373
v -9 6 -10 0.9 0.9 0.3988235
v -9 7 -10 0.8 0.8 0.3545098
v -8 7 -10 1 1 0.4431373
v -8 6 -10 1 1 0.4431373
v -8 7 -11 0.8 0.8 0.3545098
v -9 7 -11 0.9 0.9 0.3988235
v -9 7 -12 1 1 0.4431373
v -8 7 -12 1 1 0.4431373
v -8 6 -12 0.8 0.8 0.3545098
v -8 7 -12 1 1 0.4431373
v -9 7 -12 1 1 0.4431373
v -9 6 -12 0.8 0.8 0.3545098
v -9 6 -12 0.8 0.8 0.3545098
v -9 7 -12 1 1 0.4431373
v -9 7 -11 0.9 0.9 0.3988235
v -9 6 -11 0.8 0.8 0.3545098
v -9 7 -5 0.09529412 0.09529412 0.09529412
v -9 8 -5 0.1058824 0.1058824 0.1058824
v -8 8 -5 0.1058824 0.1058824 0.1058824
v -8 7 -5 0.08470588 0.08470588 0.08470588
v -8 7 -6 0.1058824 0.1058824 0.1058824
v -8 8 -6 0.1058824 0.1058824 0.1058824
v -9 8 -6 0.08470588 0.08470588 0.08470588
v -9 7 -6 0.08470588 0.08470588 0.08470588
v -9 7 -6 0.08470588 0.08470588 0.08470588
v -9 8 -6 0.08470588 0.08470588 0.08470588
v -9 8 -5 0.1058824 0.1058824 0.1058824
v -9 7 -5 0.09529412 0.09529412 0.09529412
v -9 7 -10 0.08470588 0.08470588 0.08470588
v -9 8 -10 0.08470588 0.08470588 0.08470588
v -8 8 -10 0.1058824 0.1058824 0.1058824
v -8 7 -10 0.1058824 0.1058824 0.1058824
v -8 7 -11 0.08470588 0.08470588 0.08470588
v -8 8 -11 0.1058824 0.1058824 0.1058824
v -9 8 -11 0.1058824 0.1058824 0.1058824
v -9 7 -11 0.09529412 0.09529412 0.09529412
v -9 7 -11 0.09529412 0.09529412 0.09529412
v -9 8 -11 0.1058824 0.1058824 0.1058824
v -9 8 -10 0.08470588 0.08470588 0.08470588
v -9 7 -10 0.08470588 0.08470588 0.08470588
v -9 8 -5 0.1058824 0.1058824 0.1058824
v -9 9 -5 0.1058824 0.1058824 0.1058824
v -8 9 -5 0.1058824 0.1058824 0.1058824
v -8 8 -5 0.1058824 0.1058824 0.1058824
v -8 8 -6 0.1058824 0.1058824 0.1058824
v -8 9 -6 0.1058824 0.1058824 0.1058824
v -9 9 -6 0.08470588 0.08470588 0.08470588
v -9 8 -6 0.08470588 0.08470588 0.08470588
v -9 8 -6 0.08470588 0.08470588 0.08470588
v -9 9 -6 0.08470588 0.08470588 0.08470588
v -9 9 -5 0.1058824 0.1058824 0.1058824
v -9 8 -5 0.1058824 0.1058824 0.1058824
v -8 8 -9 1 1 0.4431373
v -9 8 -9 0.9 0.9 0.3988235
v -9 8 -8 1 1 0.4431373
v -8 8 -8 1 1 0.4431373
v -8 9 -8 1 1 0.4431373
v -9 9 -8 1 1 0.4431373
v -9 9 -9 0.9 0.9 0.3988235
v -8 9 -9 1 1 0.4431373
v -9 8 -8 1 1 0.4431373
v -9 9 -8 1 1 0.4431373
v -8 9 -8 1 1 0.4431373
v -8 8 -8 1 1 0.4431373
v -8 8 -9 1 1 0.4431373
v -8 9 -9 1 1 0.4431373
v -9 9 -9 0.8 0.8 0.3545098
v -9 8 -9 0.8 0.8 0.3545098
v -8 8 -8 1 1 0.4431373
v -8 9 -8 1 1 0.4431373
v -8 9 -9 1 1 0.4431373
v -8 8 -9 1 1 0.4431373
v -9 8 -9 0.8 0.8 0.3545098
v -9 9 -9 0.8 0.8 0.3545098
v -9 9 -8 1 1 0.4431373
v -9 8 -8 1 1 0.4431373
v -9 8 -10 0.08470588 0.08470588 0.08470588
v -9 9 -10 0.08470588 0.08470588 0.08470588
v -8 9 -10 0.1058824 0.1058824 0.1058824
v -8 8 -10 0.1058824 0.1058824 0.1058824
v -8 8 -11 0.1058824 0.1058824 0.1058824
v -8 9 -11 0.1058824 0.1058824 0.1058824
v -9 9 -11 0.1058824 0.1058824 0.1058824
v -9 8 -11 0.1058824 0.1058824 0.1058824
v -9 8 -11 0.1058824 0.1058824 0.1058824
v -9 9 -11 0.1058824 0.1058824 0.1058824
v -9 9 -10 0.08470588 0.08470588 0.08470588
v -9 8 -10 0.08470588 0.08470588 0.08470588
v -9 9 -5 0.1058824 0.1058824 0.1058824
v -9 10 -5 0.1058824 0.1058824 0.1058824
v -8 10 -5 0.1058824 0.1058824 0.1058824
v -8 9 -5 0.1058824 0.1058824 0.1058824
v -8 9 -6 0.1058824 0.1058824 0.1058824
v -8 10 -6 0.08470588 0.08470588 0.08470588
v -9 10 -6 0.08470588 0.08470588 0.08470588
v -9 9 -6 0.08470588 0.08470588 0.08470588
v -9 9 -6 0.08470588 0.08470588 0.08470588
v -9 10 -6 0.08470588 0.08470588 0.08470588
v -9 10 -5 0.1058824 0.1058824 0.1058824
v -9 9 -5 0.1058824 0.1058824 0.1058824
v -9 9 -10 0.08470588 0.08470588 0.08470588
v -9 10 -10 0.08470588 0.08470588 0.08470588
v -8 10 -10 0.08470588 0.08470588 0.08470588
v -8 9 -10 0.1058824 0.1058824 0.1058824
v -8 9 -11 0.1058824 0.1058824 0.1058824
v -8 10 -11 0.1058824 0.1058824 0.1058824
v -9 10 -11 0.1058824 0.1058824 0.1058824
v -9 9 -11 0.1058824 0.1058824 0.1058824
v -9 9 -11 0.1058824 0.1058824 0.1058824
v -9 10 -11 0.1058824 0.1058824 0.1058824
v -9 10 -10 0.08470588 0.08470588 0.08470588
v -9 9 -10 0.08470588 0.08470588 0.08470588
v -8 11 -5 1 1 0.4431373
v -9 11 -5 1 1 0.4431373
v -9 11 -6 0.9 0.9 0.3988235
v -8 11 -6 0.8 0.8 0.3545098
v -9 10 -5 1 1 0.4431373
v -9 11 -5 1 1 0.4431373
v -8 11 -5 1 1 0.4431373
v -8 10 -5 1 1 0.4431373
v -9 10 -6 0.8 0.8 0.3545098
v -9 11 -6 0.9 0.9 0.3988235
v -9 11 -5 1 1 0.4431373
v -9 10 -5 1 1 0.4431373
v -8 10 -7 1 1 0.4431373
v -9 10 -7 0.9 0.9 0.3988235
v -9 10 -6 0.8 0.8 0.3545098
v -8 10 -6 0.8 0.8 0.3545098
v -8 10 -8 1 1 0.4431373
v -9 10 -8 1 1 0.4431373
v -9 10 -7 0.9 0.9 0.3988235
v -8 10 -7 1 1 0.4431373
v -8 10 -9 1 1 0.4431373
v -9 10 -9 0.9 0.9 0.3988235
v -9 10 -8 1 1 0.4431373
v -8 10 -8 1 1 0.4431373
v -8 10 -10 0.8 0.8 0.3545098
v -9 10 -10 0.8 0.8 0.3545098
v -9 10 -9 0.9 0.9 0.3988235
v -8 10 -9 1 1 0.4431373
v -8 11 -10 0.8 0.8 0.3545098
v -9 11 -10 0.9 0.9 0.3988235
v -9 11 -11 1 1 0.4431373
v -8 11 -11 1 1 0.4431373
v -8 10 -11 1 1 0.4431373
v -8 11 -11 1 1 0.4431373
v -9 11 -11 1 1 0.4431373
v -9 10 -11 1 1 0.4431373
v -9 10 -11 1 1 0.4431373
v -9 11 -11 1 1 0.4431373
v -9 11 -10 0.9 0.9 0.3988235
v -9 10 -10 0.8 0.8 0.3545098
v -8 12 -6 1 1 0.4431373
v -9 12 -6 1 1 0.4431373
v -9 12 -7 0.9 0.9 0.3988235
v -8 12 -7 0.8 0.8 0.3545098
v -9 11 -6 0.9 0.9 0.3988235
v -9 12 -6 1 1 0.4431373
v -8 12 -6 1 1 0.4431373
v -8 11 -6 0.8 0.8 0.3545098
v -9 11 -7 0.8 0.8 0.3545098
v -9 12 -7 0.9 0.9 0.3988235
v -9 12 -6 1 1 0.4431373
v -9 11 -6 0.9 0.9 0.3988235
v -8 12 -9 0.8 0.8 0.3545098
v -9 12 -9 0.9 0.9 0.3988235
v -9 12 -10 1 1 0.4431373
v -8 12 -10 1 1 0.4431373
v -8 11 -10 0.8 0.8 0.3545098
v -8 12 -10 1 1 0.4431373
v -9 12 -10 1 1 0.4431373
v -9 11 -10 0.9 0.9 0.3988235
v -9 11 -10 0.9 0.9 0.3988235
v -9 12 -10 1 1 0.4431373
v -9 12 -9 0.9 0.9 0.3988235
v -9 11 -9 0.8 0.8 0.3545098
v -8 13 -7 1 1 0.4431373
v -9 13 -7 1 1 0.4431373
v -9 13 -8 1 1 0.4431373
v -8 13 -8 1 1 0.4431373
v -9 12 -7 0.9 0.9 0.3988235
v -9 13 -7 1 1 0.4431373
v -8 13 -7 1 1 0.4431373
v -8 12 -7 0.8 0.8 0.3545098
v -9 12 -8 0.8 0.8 0.3545098
v -9 13 -8 1 1 0.4431373
v -9 13 -7 1 1 0.4431373
v -9 12 -7 0.9 0.9 0.3988235
v -8 13 -8 1 1 0.4431373
v -9 13 -8 1 1 0.4431373
v -9 13 -9 1 1 0.4431373
v -8 13 -9 1 1 0.4431373
v -8 12 -9 0.8 0.8 0.3545098
v -8 13 -9 1 1 0.4431373
v -9 13 -9 1 1 0.4431373
v -9 12 -9 0.9 0.9 0.3988235
v -9 12 -9 0.9 0.9 0.3988235
v -9 13 -9 1 1 0.4431373
v -9 13 -8 1 1 0.4431373
v -9 12 -8 0.8 0.8 0.3545098
v -9 0 -1 1 1 0.4431373
v -10 0 -1 1 1 0.4431373
v -10 0 0 1 1 0.4431373
v -9 0 0 1 1 0.4431373
v -9 1 0 1 1 0.4431373
v -10 1 0 1 1 0.4431373
v -10 1 -1 1 1 0.4431373
v -9 1 -1 1 1 0.4431373
v -9 0 -2 1 1 0.4431373
v -10 0 -2 1 1 0.4431373
v -10 0 -1 1 1 0.4431373
v -9 0 -1 1 1 0.4431373
v -9 1 -1 1 1 0.4431373
v -10 1 -1 1 1 0.4431373
v -10 1 -2 0.8 0.8 0.3545098
v -9 1 -2 0.8 0.8 0.3545098
v -9 0 -3 1 1 0.4431373
v -10 0 -3 1 1 0.4431373
v -10 0 -2 1 1 0.4431373
v -9 0 -2 1 1 0.4431373
v -9 0 -4 1 1 0.4431373
v -10 0 -4 1 1 0.4431373
v -10 0 -3 1 1 0.4431373
v -9 0 -3 1 1 0.4431373
v -9 0 -5 1 1 0.4431373
v -10 0 -5 1 1 0.4431373
v -10 0 -4 1 1 0.4431373
v -9 0 -4 1 1 0.4431373
v -9 1 -4 0.9 0.9 0.3988235
v -10 1 -4 0.9 0.9 0.3988235
v -10 1 -5 1 1 0.4431373
v -9 1 -5 1 1 0.4431373
v -9 0 -6 1 1 0.4431373
v -10 0 -6 1 1 0.4431373
v -10 0 -5 1 1 0.4431373
v -9 0 -5 1 1 0.4431373
v -9 1 -5 1 1 0.4431373
v -10 1 -5 1 1 0.4431373
v -10 1 -6 1 1 0.4431373
v -9 1 -6 1 1 0.4431373
v -9 0 -7 1 1 0.4431373
v -10 0 -7 1 1 0.4431373
v -10 0 -6 1 1 0.4431373
v -9 0 -6 1 1 0.4431373
v -9 1 -6 1 1 0.4431373
v -10 1 -6 1 1 0.4431373
v -10 1 -7 1 1 0.4431373
v -9 1 -7 1 1 0.4431373
v -9 0 -8 1 1 0.4431373
v -10 0 -8 1 1 0.4431373
v -10 0 -7 1 1 0.4431373
v -9 0 -7 1 1 0.4431373
v -9 1 -7 1 1 0.4431373
v -10 1 -7 1 1 0.4431373
v -10 1 -8 1 1 0.4431373
v -9 1 -8 1 1 0.4431373
v -9 0 -9 1 1 0.4431373
v -10 0 -9 1 1 0.4431373
v -10 0 -8 1 1 0.4431373
v -9 0 -8 1 1 0.4431373
v -9 1 -8 1 1 0.4431373
v -10 1 -8 1 1 0.4431373
v -10 1 -9 1 1 0.4431373
v -9 1 -9 1 1 0.4431373
v -9 0 -10 1 1 0.4431373
v -10 0 -10 1 1 0.4431373
v -10 0 -9 1 1 0.4431373
v -9 0 -9 1 1 0.4431373
v -9 1 -9 1 1 0.4431373
v -10 1 -9 1 1 0.4431373
v -10 1 -10 1 1 0.4431373
v -9 1 -10 1 1 0.4431373
v -9 0 -11 1 1 0.4431373
v -10 0 -11 1 1 0.4431373
v -10 0 -10 1 1 0.4431373
v -9 0 -10 1 1 0.4431373
v -9 1 -10 1 1 0.4431373
v -10 1 -10 1 1 0.4431373
v -10 1 -11 1 1 0.4431373
v -9 1 -11 1 1 0.4431373
v -9 0 -12 1 1 0.4431373
v -10 0 -12 1 1 0.4431373
v -10 0 -11 1 1 0.4431373
v -9 0 -11 1 1 0.4431373
v -9 1 -11 1 1 0.4431373
v -10 1 -11 1 1 0.4431373
v -10 1 -12 0.9 0.9 0.3988235
v -9 1 -12 0.9 0.9 0.3988235
v -9 0 -13 1 1 0.4431373
v -10 0 -13 1 1 0.4431373
v -10 0 -12 1 1 0.4431373
v -9 0 -12 1 1 0.4431373
v -9 0 -14 1 1 0.4431373
v -10 0 -14 1 1 0.4431373
v -10 0 -13 1 1 0.4431373
v -9 0 -13 1 1 0.4431373
v -9 0 -15 1 1 0.4431373
v -10 0 -15 1 1 0.4431373
v -10 0 -14 1 1 0.4431373
v -9 0 -14 1 1 0.4431373
v -9 1 -14 0.8 0.8 0.3545098
v -10 1 -14 0.8 0.8 0.3545098
v -10 1 -15 1 1 0.4431373
v -9 1 -15 1 1 0.4431373
v -9 0 -16 1 1 0.4431373
v -10 0 -16 1 1 0.4431373
v -10 0 -15 1 1 0.4431373
v -9 0 -15 1 1 0.4431373
v -9 1 -15 1 1 0.4431373
v -10 1 -15 1 1 0.4431373
v -10 1 -16 1 1 0.4431373
v -9 1 -16 1 1 0.4431373
v -9 2 -2 0.9 0.9 0.3988235
v -10 2 -2 0.9 0.9 0.3988235
v -10 2 -3 0.8 0.8 0.3545098
v -9 2 -3 0.8 0.8 0.3545098
v -10 1 -2 0.8 0.8 0.3545098
v -10 2 -2 1 1 0.4431373
v -9 2 -2 1 1 0.4431373
v -9 1 -2 0.8 0.8 0.3545098
v -9 1 -4 0.8 0.8 0.3545098
v -9 2 -4 1 1 0.4431373
v -10 2 -4 1 1 0.4431373
v -10 1 -4 0.8 0.8 0.3545098
v -9 1 -3 0.8 0.8 0.3545098
v -9 2 -3 0.8 0.8 0.3545098
v -9 2 -4 0.9 0.9 0.3988235
v -9 1 -4 0.8 0.8 0.3545098
v -10 1 -4 0.8 0.8 0.3545098
v -10 2 -4 0.9 0.9 0.3988235
v -10 2 -3 0.8 0.8 0.3545098
v -10 1 -3 0.8 0.8 0.3545098
v -10 1 -12 0.8 0.8 0.3545098
v -10 2 -12 1 1 0.4431373
v -9 2 -12 1 1 0.4431373
v -9 1 -12 0.8 0.8 0.3545098
v -9 1 -12 0.8 0.8 0.3545098
v -9 2 -12 0.9 0.9 0.3988235
v -9 2 -13 0.8 0.8 0.3545098
v -9 1 -13 0.8 0.8 0.3545098
v -10 1 -13 0.8 0.8 0.3545098
v -10 2 -13 0.8 0.8 0.3545098
v -10 2 -12 0.9 0.9 0.3988235
v -10 1 -12 0.8 0.8 0.3545098
v -9 2 -13 0.8 0.8 0.3545098
v -10 2 -13 0.8 0.8 0.3545098
v -10 2 -14 0.9 0.9 0.3988235
v -9 2 -14 0.9 0.9 0.3988235
v -9 1 -14 0.8 0.8 0.3545098
v -9 2 -14 1 1 0.4431373
v -10 2 -14 1 1 0.4431373
v -10 1 -14 0.8 0.8 0.3545098
v -10 2 -3 0.8 0.8 0.3545098
v -10 3 -3 0.9 0.9 0.3988235
v -9 3 -3 0.9 0.9 0.3988235
v -9 2 -3 0.8 0.8 0.3545098
v -9 2 -4 1 1 0.4431373
v -9 3 -4 1 1 0.4431373
v -10 3 -4 1 1 0.4431373
v -10 2 -4 1 1 0.4431373
v -10 2 -12 1 1 0.4431373
v -10 3 -12 1 1 0.4431373
v -9 3 -12 1 1 0.4431373
v -9 2 -12 1 1 0.4431373
v -9 2 -13 0.8 0.8 0.3545098
v -9 3 -13 0.9 0.9 0.3988235
v -10 3 -13 0.9 0.9 0.3988235
v -10 2 -13 0.8 0.8 0.3545098
v -10 3 -3 0.9 0.9 0.3988235
v -10 4 -3 0.9 0.9 0.3988235
v -9 4 -3 0.9 0.9 0.3988235
v -9 3 -3 0.9 0.9 0.3988235
v -9 3 -4 1 1 0.4431373
v -9 4 -4 1 1 0.4431373
v -10 4 -4 1 1 0.4431373
v -10 3 -4 1 1 0.4431373
v -10 3 -12 1 1 0.4431373
v -10 4 -12 1 1 0.4431373
v -9 4 -12 1 1 0.4431373
v -9 3 -12 1 1 0.4431373
v -9 3 -13 0.9 0.9 0.3988235
v -9 4 -13 0.9 0.9 0.3988235
v -10 4 -13 0.9 0.9 0.3988235
v -10 3 -13 0.9 0.9 0.3988235
v -10 4 -3 0.9 0.9 0.3988235
v -10 5 -3 0.8 0.8 0.3545098
v -9 5 -3 0.8 0.8 0.3545098
v -9 4 -3 0.9 0.9 0.3988235
v -9 4 -4 1 1 0.4431373
v -9 5 -4 0.8 0.8 0.3545098
v -10 5 -4 0.8 0.8 0.3545098
v -10 4 -4 1 1 0.4431373
v -10 4 -12 1 1 0.4431373
v -10 5 -12 0.8 0.8 0.3545098
v -9 5 -12 0.8 0.8 0.3545098
v -9 4 -12 1 1 0.4431373
v -9 4 -13 0.9 0.9 0.3988235
v -9 5 -13 0.8 0.8 0.3545098
v -10 5 -13 0.8 0.8 0.3545098
v -10 4 -13 0.9 0.9 0.3988235
v -9 5 -3 0.5741177 0 0
v -10 5 -3 0.5741177 0 0
v -10 5 -2 0.6458824 0 0
v -9 5 -2 0.6458824 0 0
v -9 6 -2 0.7176471 0 0
v -10 6 -2 0.7176471 0 0
v -10 6 -3 0.7176471 0 0
v -9 6 -3 0.7176471 0 0
v -10 5 -2 0.7176471 0 0
v -10 6 -2 0.7176471 0 0
v -9 6 -2 0.7176471 0 0
v -9 5 -2 0.7176471 0 0
v -9 5 -2 0.6458824 0 0
v -9 6 -2 0.7176471 0 0
v -9 6 -3 0.6458824 0 0
v -9 5 -3 0.5741177 0 0
v -10 5 -3 0.5741177 0 0
v -10 6 -3 0.6458824 0 0
v -10 6 -2 0.7176471 0 0
v -10 5 -2 0.6458824 0 0
v -9 6 -3 1 1 0.4431373
v -10 6 -3 1 1 0.4431373
v -10 6 -4 1 1 0.4431373
v -9 6 -4 0.9 0.9 0.3988235
v -9 5 -5 1 1 0.4431373
v -10 5 -5 1 1 0.4431373
v -10 5 -4 0.8 0.8 0.3545098
v -9 5 -4 0.8 0.8 0.3545098
v -9 6 -4 0.9 0.9 0.3988235
v -10 6 -4 1 1 0.4431373
v -10 6 -5 0.9 0.9 0.3988235
v -9 6 -5 0.8 0.8 0.3545098
v -9 5 -5 1 1 0.4431373
v -9 6 -5 0.8 0.8 0.3545098
v -10 6 -5 0.8 0.8 0.3545098
v -10 5 -5 0.9 0.9 0.3988235
v -9 5 -12 0.8 0.8 0.3545098
v -10 5 -12 0.8 0.8 0.3545098
v -10 5 -11 1 1 0.4431373
v -9 5 -11 1 1 0.4431373
v -9 6 -11 0.8 0.8 0.3545098
v -10 6 -11 0.9 0.9 0.3988235
v -10 6 -12 1 1 0.4431373
v -9 6 -12 0.9 0.9 0.3988235
v -10 5 -11 0.9 0.9 0.3988235
v -10 6 -11 0.8 0.8 0.3545098
v -9 6 -11 0.8 0.8 0.3545098
v -9 5 -11 1 1 0.4431373
v -9 6 -12 0.9 0.9 0.3988235
v -10 6 -12 1 1 0.4431373
v -10 6 -13 1 1 0.4431373
v -9 6 -13 1 1 0.4431373
v -9 5 -14 0.6458824 0 0
v -10 5 -14 0.6458824 0 0
v -10 5 -13 0.5741177 0 0
v -9 5 -13 0.5741177 0 0
v -9 6 -13 0.7176471 0 0
v -10 6 -13 0.7176471 0 0
v -10 6 -14 0.7176471 0 0
v -9 6 -14 0.7176471 0 0
v -9 5 -14 0.7176471 0 0
v -9 6 -14 0.7176471 0 0
v -10 6 -14 0.7176471 0 0
v -10 5 -14 0.7176471 0 0
v -9 5 -13 0.5741177 0 0
v -9 6 -13 0.6458824 0 0
v -9 6 -14 0.7176471 0 0
v -9 5 -14 0.6458824 0 0
v -10 5 -14 0.6458824 0 0
v -10 6 -14 0.7176471 0 0
v -10 6 -13 0.6458824 0 0
v -10 5 -13 0.5741177 0 0
v -9 6 -6 1 1 0.4431373
v -10 6 -6 0.9 0.9 0.3988235
v -10 6 -5 0.8 0.8 0.3545098
v -9 6 -5 0.8 0.8 0.3545098
v -9 7 -5 0.9 0.9 0.3988235
v -10 7 -5 1 1 0.4431373
v -10 7 -6 0.9 0.9 0.3988235
v -9 7 -6 0.8 0.8 0.3545098
v -10 6 -5 0.8 0.8 0.3545098
v -10 7 -5 1 1 0.4431373
v -9 7 -5 0.9 0.9 0.3988235
v -9 6 -5 0.8 0.8 0.3545098
v -10 6 -6 0.8 0.8 0.3545098
v -10 7 -6 0.9 0.9 0.3988235
v -10 7 -5 1 1 0.4431373
v -10 6 -5 0.8 0.8 0.3545098
v -9 6 -7 1 1 0.4431373
v -10 6 -7 1 1 0.4431373
v -10 6 -6 0.9 0.9 0.3988235
v -9 6 -6 1 1 0.4431373
v -9 6 -7 1 1 0.4431373
v -9 7 -7 1 1 0.4431373
v -10 7 -7 0.8 0.8 0.3545098
v -10 6 -7 0.9 0.9 0.3988235
v -9 6 -6 0.9 0.9 0.3988235
v -9 7 -6 0.8 0.8 0.3545098
v -9 7 -7 1 1 0.4431373
v -9 6 -7 1 1 0.4431373
v -9 6 -10 1 1 0.4431373
v -10 6 -10 0.9 0.9 0.3988235
v -10 6 -9 1 1 0.4431373
v -9 6 -9 1 1 0.4431373
v -10 6 -9 0.9 0.9 0.3988235
v -10 7 -9 0.8 0.8 0.3545098
v -9 7 -9 1 1 0.4431373
v -9 6 -9 1 1 0.4431373
v -9 6 -9 1 1 0.4431373
v -9 7 -9 1 1 0.4431373
v -9 7 -10 0.8 0.8 0.3545098
v -9 6 -10 0.9 0.9 0.3988235
v -9 6 -11 0.8 0.8 0.3545098
v -10 6 -11 0.8 0.8 0.3545098
v -10 6 -10 0.9 0.9 0.3988235
v -9 6 -10 1 1 0.4431373
v -9 7 -10 0.8 0.8 0.3545098
v -10 7 -10 0.9 0.9 0.3988235
v -10 7 -11 1 1 0.4431373
v -9 7 -11 0.9 0.9 0.3988235
v -9 6 -11 0.8 0.8 0.3545098
v -9 7 -11 0.9 0.9 0.3988235
v -10 7 -11 1 1 0.4431373
v -10 6 -11 0.8 0.8 0.3545098
v -10 6 -11 0.8 0.8 0.3545098
v -10 7 -11 1 1 0.4431373
v -10 7 -10 0.9 0.9 0.3988235
v -10 6 -10 0.8 0.8 0.3545098
v -10 7 -6 0.09529412 0.09529412 0.09529412
v -10 8 -6 0.1058824 0.1058824 0.1058824
v -9 8 -6 0.08470588 0.08470588 0.08470588
v -9 7 -6 0.08470588 0.08470588 0.08470588
v -9 7 -7 0.1058824 0.1058824 0.1058824
v -9 8 -7 0.1058824 0.1058824 0.1058824
v -10 8 -7 0.08470588 0.08470588 0.08470588
v -10 7 -7 0.08470588 0.08470588 0.08470588
v -9 7 -6 0.08470588 0.08470588 0.08470588
v -9 8 -6 0.08470588 0.08470588 0.08470588
v -9 8 -7 0.1058824 0.1058824 0.1058824
v -9 7 -7 0.1058824 0.1058824 0.1058824
v -10 7 -7 0.08470588 0.08470588 0.08470588
v -10 8 -7 0.08470588 0.08470588 0.08470588
v -10 8 -6 0.1058824 0.1058824 0.1058824
v -10 7 -6 0.09529412 0.09529412 0.09529412
v -10 7 -9 0.08470588 0.08470588 0.08470588
v -10 8 -9 0.08470588 0.08470588 0.08470588
v -9 8 -9 0.09529412 0.09529412 0.09529412
v -9 7 -9 0.1058824 0.1058824 0.1058824
v -9 7 -10 0.08470588 0.08470588 0.08470588
v -9 8 -10 0.08470588 0.08470588 0.08470588
v -10 8 -10 0.1058824 0.1058824 0.1058824
v -10 7 -10 0.09529412 0.09529412 0.09529412
v -9 7 -9 0.1058824 0.1058824 0.1058824
v -9 8 -9 0.09529412 0.09529412 0.09529412
v -9 8 -10 0.08470588 0.08470588 0.08470588
v -9 7 -10 0.08470588 0.08470588 0.08470588
v -10 7 -10 0.09529412 0.09529412 0.09529412
v -10 8 -10 0.1058824 0.1058824 0.1058824
v -10 8 -9 0.08470588 0.08470588 0.08470588
v -10 7 -9 0.08470588 0.08470588 0.08470588
v -10 8 -6 0.1058824 0.1058824 0.1058824
v -10 9 -6 0.1058824 0.1058824 0.1058824
v -9 9 -6 0.08470588 0.08470588 0.08470588
v -9 8 -6 0.08470588 0.08470588 0.08470588
v -9 8 -7 0.1058824 0.1058824 0.1058824
v -9 9 -7 0.1058824 0.1058824 0.1058824
v -10 9 -7 0.08470588 0.08470588 0.08470588
v -10 8 -7 0.08470588 0.08470588 0.08470588
v -9 8 -6 0.08470588 0.08470588 0.08470588
v -9 9 -6 0.08470588 0.08470588 0.08470588
v -9 9 -7 0.1058824 0.1058824 0.1058824
v -9 8 -7 0.1058824 0.1058824 0.1058824
v -10 8 -7 0.08470588 0.08470588 0.08470588
v -10 9 -7 0.08470588 0.08470588 0.08470588
v -10 9 -6 0.1058824 0.1058824 0.1058824
v -10 8 -6 0.1058824 0.1058824 0.1058824
v -10 8 -9 0.08470588 0.08470588 0.08470588
v -10 9 -9 0.08470588 0.08470588 0.08470588
v -9 9 -9 0.09529412 0.09529412 0.09529412
v -9 8 -9 0.09529412 0.09529412 0.09529412
v -9 8 -10 0.08470588 0.08470588 0.08470588
v -9 9 -10 0.08470588 0.08470588 0.08470588
v -10 9 -10 0.1058824 0.1058824 0.1058824
v -10 8 -10 0.1058824 0.1058824 0.1058824
v -9 8 -9 0.09529412 0.09529412 0.09529412
v -9 9 -9 0.09529412 0.09529412 0.09529412
v -9 9 -10 0.08470588 0.08470588 0.08470588
v -9 8 -10 0.08470588 0.08470588 0.08470588
v -10 8 -10 0.1058824 0.1058824 0.1058824
v -10 9 -10 0.1058824 0.1058824 0.1058824
v -10 9 -9 0.08470588 0.08470588 0.08470588
v -10 8 -9 0.08470588 0.08470588 0.08470588
v -10 9 -6 0.1058824 0.1058824 0.1058824
v -10 10 -6 0.1058824 0.1058824 0.1058824
v -9 10 -6 0.08470588 0.08470588 0.08470588
v -9 9 -6 0.08470588 0.08470588 0.08470588
v -9 9 -7 0.1058824 0.1058824 0.1058824
v -9 10 -7 0.08470588 0.08470588 0.08470588
v -10 10 -7 0.08470588 0.08470588 0.08470588
v -10 9 -7 0.08470588 0.08470588 0.08470588
v -9 9 -6 0.08470588 0.08470588 0.08470588
v -9 10 -6 0.08470588 0.08470588 0.08470588
v -9 10 -7 0.08470588 0.08470588 0.08470588
v -9 9 -7 0.1058824 0.1058824 0.1058824
v -10 9 -7 0.08470588 0.08470588 0.08470588
v -10 10 -7 0.08470588 0.08470588 0.08470588
v -10 10 -6 0.1058824 0.1058824 0.1058824
v -10 9 -6 0.1058824 0.1058824 0.1058824
v -10 9 -9 0.08470588 0.08470588 0.08470588
v -10 10 -9 0.08470588 0.08470588 0.08470588
v -9 10 -9 0.08470588 0.08470588 0.08470588
v -9 9 -9 0.09529412 0.09529412 0.09529412
v -9 9 -10 0.08470588 0.08470588 0.08470588
v -9 10 -10 0.08470588 0.08470588 0.08470588
v -10 10 -10 0.1058824 0.1058824 0.1058824
v -10 9 -10 0.1058824 0.1058824 0.1058824
v -9 9 -9 0.09529412 0.09529412 0.09529412
v -9 10 -9 0.08470588 0.08470588 0.08470588
v -9 10 -10 0.08470588 0.08470588 0.08470588
v -9 9 -10 0.08470588 0.08470588 0.08470588
v -10 9 -10 0.1058824 0.1058824 0.1058824
v -10 10 -10 0.1058824 0.1058824 0.1058824
v -10 10 -9 0.08470588 0.08470588 0.08470588
v -10 9 -9 0.08470588 0.08470588 0.08470588
v -9 11 -6 0.9 0.9 0.3988235
v -10 11 -6 1 1 0.4431373
v -10 11 -7 0.9 0.9 0.3988235
v -9 11 -7 0.8 0.8 0.3545098
v -10 10 -6 1 1 0.4431373
v -10 11 -6 1 1 0.4431373
v -9 11 -6 0.9 0.9 0.3988235
v -9 10 -6 0.8 0.8 0.3545098
v -10 10 -7 0.8 0.8 0.3545098
v -10 11 -7 0.9 0.9 0.3988235
v -10 11 -6 1 1 0.4431373
v -10 10 -6 1 1 0.4431373
v -9 10 -8 1 1 0.4431373
v -10 10 -8 0.8 0.8 0.3545098
v -10 10 -7 0.8 0.8 0.3545098
v -9 10 -7 0.9 0.9 0.3988235
v -9 10 -9 0.9 0.9 0.3988235
v -10 10 -9 0.8 0.8 0.3545098
v -10 10 -8 0.8 0.8 0.3545098
v -9 10 -8 1 1 0.4431373
v -9 11 -9 0.8 0.8 0.3545098
v -10 11 -9 0.9 0.9 0.3988235
v -10 11 -10 1 1 0.4431373
v -9 11 -10 0.9 0.9 0.3988235
v -9 10 -10 0.8 0.8 0.3545098
v -9 11 -10 0.9 0.9 0.3988235
v -10 11 -10 1 1 0.4431373
v -10 10 -10 1 1 0.4431373
v -10 10 -10 1 1 0.4431373
v -10 11 -10 1 1 0.4431373
v -10 11 -9 0.9 0.9 0.3988235
v -10 10 -9 0.8 0.8 0.3545098
v -9 12 -7 0.9 0.9 0.3988235
v -10 12 -7 1 1 0.4431373
v -10 12 -8 1 1 0.4431373
v -9 12 -8 0.8 0.8 0.3545098
v -10 11 -7 0.9 0.9 0.3988235
v -10 12 -7 1 1 0.4431373
v -9 12 -7 0.9 0.9 0.3988235
v -9 11 -7 0.8 0.8 0.3545098
v -10 11 -8 0.8 0.8 0.3545098
v -10 12 -8 1 1 0.4431373
v -10 12 -7 1 1 0.4431373
v -10 11 -7 0.9 0.9 0.3988235
v -9 12 -8 0.8 0.8 0.3545098
v -10 12 -8 1 1 0.4431373
v -10 12 -9 1 1 0.4431373
v -9 12 -9 0.9 0.9 0.3988235
v -9 11 -9 0.8 0.8 0.3545098
v -9 12 -9 0.9 0.9 0.3988235
v -10 12 -9 1 1 0.4431373
v -10 11 -9 0.9 0.9 0.3988235
v -10 11 -9 0.9 0.9 0.3988235
v -10 12 -9 1 1 0.4431373
v -10 12 -8 1 1 0.4431373
v -10 11 -8 0.8 0.8 0.3545098
v -10 0 -1 1 1 0.4431373
v -11 0 -1 1 1 0.4431373
v -11 0 0 1 1 0.4431373
v -10 0 0 1 1 0.4431373
v -10 1 0 1 1 0.4431373
v -11 1 0 1 1 0.4431373
v -11 1 -1 0.9 0.9 0.3988235
v -10 1 -1 1 1 0.4431373
v -10 0 -2 1 1 0.4431373
v -11 0 -2 1 1 0.4431373
v -11 0 -1 1 1 0.4431373
v -10 0 -1 1 1 0.4431373
v -10 1 -1 1 1 0.4431373
v -11 1 -1 0.9 0.9 0.3988235
v -11 1 -2 0.8 0.8 0.3545098
v -10 1 -2 0.8 0.8 0.3545098
v -10 0 -3 1 1 0.4431373
v -11 0 -3 1 1 0.4431373
v -11 0 -2 1 1 0.4431373
v -10 0 -2 1 1 0.4431373
v -10 0 -4 1 1 0.4431373
v -11 0 -4 1 1 0.4431373
v -11 0 -3 1 1 0.4431373
v -10 0 -3 1 1 0.4431373
v -10 1 -3 0.8 0.8 0.3545098
v -11 1 -3 0.8 0.8 0.3545098
v -11 1 -4 1 1 0.4431373
v -10 1 -4 0.9 0.9 0.3988235
v -10 0 -5 1 1 0.4431373
v -11 0 -5 1 1 0.4431373
v -11 0 -4 1 1 0.4431373
v -10 0 -4 1 1 0.4431373
v -10 1 -4 0.9 0.9 0.3988235
v -11 1 -4 1 1 0.4431373
v -11 1 -5 1 1 0.4431373
v -10 1 -5 1 1 0.4431373
v -10 0 -6 1 1 0.4431373
v -11 0 -6 1 1 0.4431373
v -11 0 -5 1 1 0.4431373
v -10 0 -5 1 1 0.4431373
v -10 1 -5 1 1 0.4431373
v -11 1 -5 1 1 0.4431373
v -11 1 -6 1 1 0.4431373
v -10 1 -6 1 1 0.4431373
v -10 0 -7 1 1 0.4431373
v -11 0 -7 1 1 0.4431373
v -11 0 -6 1 1 0.4431373
v -10 0 -6 1 1 0.4431373
v -10 1 -6 1 1 0.4431373
v -11 1 -6 1 1 0.4431373
v -11 1 -7 1 1 0.4431373
v -10 1 -7 1 1 0.4431373
v -10 0 -8 1 1 0.4431373
v -11 0 -8 1 1 0.4431373
v -11 0 -7 1 1 0.4431373
v -10 0 -7 1 1 0.4431373
v -10 1 -7 1 1 0.4431373
v -11 1 -7 1 1 0.4431373
v -11 1 -8 1 1 0.4431373
v -10 1 -8 1 1 0.4431373
v -10 0 -9 1 1 0.4431373
v -11 0 -9 1 1 0.4431373
v -11 0 -8 1 1 0.4431373
v -10 0 -8 1 1 0.4431373
v -10 1 -8 1 1 0.4431373
v -11 1 -8 1 1 0.4431373
v -11 1 -9 1 1 0.4431373
v -10 1 -9 1 1 0.4431373
v -10 0 -10 1 1 0.4431373
v -11 0 -10 1 1 0.4431373
v -11 0 -9 1 1 0.4431373
v -10 0 -9 1 1 0.4431373
v -10 1 -9 1 1 0.4431373
v -11 1 -9 1 1 0.4431373
v -11 1 -10 1 1 0.4431373
v -10 1 -10 1 1 0.4431373
v -10 0 -11 1 1 0.4431373
v -11 0 -11 1 1 0.4431373
v -11 0 -10 1 1 0.4431373
v -10 0 -10 1 1 0.4431373
v -10 1 -10 1 1 0.4431373
v -11 1 -10 1 1 0.4431373
v -11 1 -11 1 1 0.4431373
v -10 1 -11 1 1 0.4431373
v -10 0 -12 1 1 0.4431373
v -11 0 -12 1 1 0.4431373
v -11 0 -11 1 1 0.4431373
v -10 0 -11 1 1 0.4431373
v -10 1 -11 1 1 0.4431373
v -11 1 -11 1 1 0.4431373
v -11 1 -12 1 1 0.4431373
v -10 1 -12 0.9 0.9 0.3988235
v -10 0 -13 1 1 0.4431373
v -11 0 -13 1 1 0.4431373
v -11 0 -12 1 1 0.4431373
v -10 0 -12 1 1 0.4431373
v -10 1 -12 0.9 0.9 0.3988235
v -11 1 -12 1 1 0.4431373
v -11 1 -13 0.8 0.8 0.3545098
v -10 1 -13 0.8 0.8 0.3545098
v -10 0 -14 1 1 0.4431373
v -11 0 -14 1 1 0.4431373
v -11 0 -13 1 1 0.4431373
v -10 0 -13 1 1 0.4431373
v -10 0 -15 1 1 0.4431373
v -11 0 -15 1 1 0.4431373
v -11 0 -14 1 1 0.4431373
v -10 0 -14 1 1 0.4431373
v -10 1 -14 0.8 0.8 0.3545098
v -11 1 -14 0.8 0.8 0.3545098
v -11 1 -15 0.9 0.9 0.3988235
v -10 1 -15 1 1 0.4431373
v -10 0 -16 1 1 0.4431373
v -11 0 -16 1 1 0.4431373
v -11 0 -15 1 1 0.4431373
v -10 0 -15 1 1 0.4431373
v -10 1 -15 1 1 0.4431373
v -11 1 -15 0.9 0.9 0.3988235
v -11 1 -16 1 1 0.4431373
v -10 1 -16 1 1 0.4431373
v -11 1 -2 0.8 0.8 0.3545098
v -11 2 -2 0.9 0.9 0.3988235
v -10 2 -2 1 1 0.4431373
v -10 1 -2 0.8 0.8 0.3545098
v -10 1 -3 0.8 0.8 0.3545098
v -10 2 -3 0.8 0.8 0.3545098
v -11 2 -3 0.8 0.8 0.3545098
v -11 1 -3 0.8 0.8 0.3545098
v -11 1 -13 0.8 0.8 0.3545098
v -11 2 -13 0.8 0.8 0.3545098
v -10 2 -13 0.8 0.8 0.3545098
v -10 1 -13 0.8 0.8 0.3545098
v -10 1 -14 0.8 0.8 0.3545098
v -10 2 -14 1 1 0.4431373
v -11 2 -14 0.9 0.9 0.3988235
v -11 1 -14 0.8 0.8 0.3545098
v -10 3 -2 1 1 0.4431373
v -11 3 -2 1 1 0.4431373
v -11 3 -3 0.9 0.9 0.3988235
v -10 3 -3 0.8 0.8 0.3545098
v -11 2 -2 0.9 0.9 0.3988235
v -11 3 -2 1 1 0.4431373
v -10 3 -2 1 1 0.4431373
v -10 2 -2 1 1 0.4431373
v -10 2 -2 0.9 0.9 0.3988235
v -10 3 -2 1 1 0.4431373
v -10 3 -3 0.8 0.8 0.3545098
v -10 2 -3 0.8 0.8 0.3545098
v -10 2 -4 0.9 0.9 0.3988235
v -11 2 -4 1 1 0.4431373
v -11 2 -3 0.8 0.8 0.3545098
v -10 2 -3 0.8 0.8 0.3545098
v -10 2 -4 1 1 0.4431373
v -10 3 -4 1 1 0.4431373
v -11 3 -4 0.8 0.8 0.3545098
v -11 2 -4 0.9 0.9 0.3988235
v -10 2 -13 0.8 0.8 0.3545098
v -11 2 -13 0.8 0.8 0.3545098
v -11 2 -12 1 1 0.4431373
v -10 2 -12 0.9 0.9 0.3988235
v -11 2 -12 0.9 0.9 0.3988235
v -11 3 -12 0.8 0.8 0.3545098
v -10 3 -12 1 1 0.4431373
v -10 2 -12 1 1 0.4431373
v -10 3 -13 0.8 0.8 0.3545098
v -11 3 -13 0.9 0.9 0.3988235
v -11 3 -14 1 1 0.4431373
v -10 3 -14 1 1 0.4431373
v -10 2 -14 1 1 0.4431373
v -10 3 -14 1 1 0.4431373
v -11 3 -14 1 1 0.4431373
v -11 2 -14 0.9 0.9 0.3988235
v -10 2 -13 0.8 0.8 0.3545098
v -10 3 -13 0.8 0.8 0.3545098
v -10 3 -14 1 1 0.4431373
v -10 2 -14 0.9 0.9 0.3988235
v -11 3 -3 0.8 0.8 0.3545098
v -11 4 -3 0.9 0.9 0.3988235
v -10 4 -3 0.9 0.9 0.3988235
v -10 3 -3 0.9 0.9 0.3988235
v -10 3 -4 1 1 0.4431373
v -10 4 -4 1 1 0.4431373
v -11 4 -4 0.8 0.8 0.3545098
v -11 3 -4 0.8 0.8 0.3545098
v -11 3 -4 0.8 0.8 0.3545098
v -11 4 -4 0.8 0.8 0.3545098
v -11 4 -3 0.9 0.9 0.3988235
v -11 3 -3 0.8 0.8 0.3545098
v -11 3 -12 0.8 0.8 0.3545098
v -11 4 -12 0.8 0.8 0.3545098
v -10 4 -12 1 1 0.4431373
v -10 3 -12 1 1 0.4431373
v -10 3 -13 0.9 0.9 0.3988235
v -10 4 -13 0.9 0.9 0.3988235
v -11 4 -13 0.9 0.9 0.3988235
v -11 3 -13 0.8 0.8 0.3545098
v -11 3 -13 0.8 0.8 0.3545098
v -11 4 -13 0.9 0.9 0.3988235
v -11 4 -12 0.8 0.8 0.3545098
v -11 3 -12 0.8 0.8 0.3545098
v -10 4 -3 0.5741177 0 0
v -11 4 -3 0.6458824 0 0
v -11 4 -2 0.7176471 0 0
v -10 4 -2 0.7176471 0 0
v -10 5 -2 0.6458824 0 0
v -11 5 -2 0.7176471 0 0
v -11 5 -3 0.6458824 0 0
v -10 5 -3 0.5741177 0 0
v -11 4 -2 0.7176471 0 0
v -11 5 -2 0.7176471 0 0
v -10 5 -2 0.7176471 0 0
v -10 4 -2 0.7176471 0 0
v -10 4 -2 0.7176471 0 0
v -10 5 -2 0.6458824 0 0
v -10 5 -3 0.5741177 0 0
v -10 4 -3 0.5741177 0 0
v -11 4 -3 0.6458824 0 0
v -11 5 -3 0.6458824 0 0
v -11 5 -2 0.7176471 0 0
v -11 4 -2 0.7176471 0 0
v -10 4 -4 1 1 0.4431373
v -10 5 -4 0.8 0.8 0.3545098
v -11 5 -4 0.8 0.8 0.3545098
v -11 4 -4 0.8 0.8 0.3545098
v -11 4 -12 0.8 0.8 0.3545098
v -11 5 -12 0.8 0.8 0.3545098
v -10 5 -12 0.8 0.8 0.3545098
v -10 4 -12 1 1 0.4431373
v -10 4 -14 0.7176471 0 0
v -11 4 -14 0.7176471 0 0
v -11 4 -13 0.6458824 0 0
v -10 4 -13 0.5741177 0 0
v -10 5 -13 0.5741177 0 0
v -11 5 -13 0.6458824 0 0
v -11 5 -14 0.7176471 0 0
v -10 5 -14 0.6458824 0 0
v -10 4 -14 0.7176471 0 0
v -10 5 -14 0.7176471 0 0
v -11 5 -14 0.7176471 0 0
v -11 4 -14 0.7176471 0 0
v -10 4 -13 0.5741177 0 0
v -10 5 -13 0.5741177 0 0
v -10 5 -14 0.6458824 0 0
v -10 4 -14 0.7176471 0 0
v -11 4 -14 0.7176471 0 0
v -11 5 -14 0.7176471 0 0
v -11 5 -13 0.6458824 0 0
v -11 4 -13 0.6458824 0 0
v -10 6 -3 1 1 0.4431373
v -11 6 -3 1 1 0.4431373
v -11 6 -4 1 1 0.4431373
v -10 6 -4 1 1 0.4431373
v -11 5 -3 0.9 0.9 0.3988235
v -11 6 -3 1 1 0.4431373
v -10 6 -3 0.9 0.9 0.3988235
v -10 5 -3 0.8 0.8 0.3545098
v -11 5 -4 0.8 0.8 0.3545098
v -11 6 -4 0.9 0.9 0.3988235
v -11 6 -3 1 1 0.4431373
v -11 5 -3 0.9 0.9 0.3988235
v -10 5 -5 1 1 0.4431373
v -11 5 -5 0.9 0.9 0.3988235
v -11 5 -4 0.8 0.8 0.3545098
v -10 5 -4 0.8 0.8 0.3545098
v -10 6 -4 1 1 0.4431373
v -11 6 -4 1 1 0.4431373
v -11 6 -5 1 1 0.4431373
v -10 6 -5 0.9 0.9 0.3988235
v -10 5 -6 1 1 0.4431373
v -11 5 -6 1 1 0.4431373
v -11 5 -5 0.9 0.9 0.3988235
v -10 5 -5 1 1 0.4431373
v -10 6 -5 0.9 0.9 0.3988235
v -11 6 -5 1 1 0.4431373
v -11 6 -6 0.9 0.9 0.3988235
v -10 6 -6 0.8 0.8 0.3545098
v -10 5 -6 1 1 0.4431373
v -10 6 -6 0.8 0.8 0.3545098
v -11 6 -6 0.8 0.8 0.3545098
v -11 5 -6 0.9 0.9 0.3988235
v -10 5 -5 0.9 0.9 0.3988235
v -10 6 -5 0.8 0.8 0.3545098
v -10 6 -6 0.8 0.8 0.3545098
v -10 5 -6 1 1 0.4431373
v -10 5 -11 1 1 0.4431373
v -11 5 -11 0.9 0.9 0.3988235
v -11 5 -10 1 1 0.4431373
v -10 5 -10 1 1 0.4431373
v -10 6 -10 0.8 0.8 0.3545098
v -11 6 -10 0.9 0.9 0.3988235
v -11 6 -11 1 1 0.4431373
v -10 6 -11 0.9 0.9 0.3988235
v -11 5 -10 0.9 0.9 0.3988235
v -11 6 -10 0.8 0.8 0.3545098
v -10 6 -10 0.8 0.8 0.3545098
v -10 5 -10 1 1 0.4431373
v -10 5 -10 1 1 0.4431373
v -10 6 -10 0.8 0.8 0.3545098
v -10 6 -11 0.8 0.8 0.3545098
v -10 5 -11 0.9 0.9 0.3988235
v -10 5 -12 0.8 0.8 0.3545098
v -11 5 -12 0.8 0.8 0.3545098
v -11 5 -11 0.9 0.9 0.3988235
v -10 5 -11 1 1 0.4431373
v -10 6 -11 0.9 0.9 0.3988235
v -11 6 -11 1 1 0.4431373
v -11 6 -12 1 1 0.4431373
v -10 6 -12 1 1 0.4431373
v -10 6 -12 1 1 0.4431373
v -11 6 -12 1 1 0.4431373
v -11 6 -13 1 1 0.4431373
v -10 6 -13 1 1 0.4431373
v -10 5 -13 0.8 0.8 0.3545098
v -10 6 -13 0.9 0.9 0.3988235
v -11 6 -13 1 1 0.4431373
v -11 5 -13 0.9 0.9 0.3988235
v -11 5 -13 0.9 0.9 0.3988235
v -11 6 -13 1 1 0.4431373
v -11 6 -12 0.9 0.9 0.3988235
v -11 5 -12 0.8 0.8 0.3545098
v -10 6 -7 1 1 0.4431373
v -11 6 -7 0.8 0.8 0.3545098
v -11 6 -6 0.8 0.8 0.3545098
v -10 6 -6 0.9 0.9 0.3988235
v -10 7 -6 0.9 0.9 0.3988235
v -11 7 -6 1 1 0.4431373
v -11 7 -7 0.9 0.9 0.3988235
v -10 7 -7 0.8 0.8 0.3545098
v -11 6 -6 0.8 0.8 0.3545098
v -11 7 -6 1 1 0.4431373
v -10 7 -6 0.9 0.9 0.3988235
v -10 6 -6 0.8 0.8 0.3545098
v -11 6 -7 0.8 0.8 0.3545098
v -11 7 -7 0.9 0.9 0.3988235
v -11 7 -6 1 1 0.4431373
v -11 6 -6 0.8 0.8 0.3545098
v -10 6 -8 1 1 0.4431373
v -11 6 -8 0.8 0.8 0.3545098
v -11 6 -7 0.8 0.8 0.3545098
v -10 6 -7 1 1 0.4431373
v -10 6 -7 0.9 0.9 0.3988235
v -10 7 -7 0.8 0.8 0.3545098
v -10 7 -8 1 1 0.4431373
v -10 6 -8 1 1 0.4431373
v -10 6 -9 1 1 0.4431373
v -11 6 -9 0.8 0.8 0.3545098
v -11 6 -8 0.8 0.8 0.3545098
v -10 6 -8 1 1 0.4431373
v -10 6 -8 1 1 0.4431373
v -10 7 -8 1 1 0.4431373
v -10 7 -9 0.8 0.8 0.3545098
v -10 6 -9 0.9 0.9 0.3988235
v -10 6 -10 0.9 0.9 0.3988235
v -11 6 -10 0.8 0.8 0.3545098
v -11 6 -9 0.8 0.8 0.3545098
v -10 6 -9 1 1 0.4431373
v -10 7 -9 0.8 0.8 0.3545098
v -11 7 -9 0.9 0.9 0.3988235
v -11 7 -10 1 1 0.4431373
v -10 7 -10 0.9 0.9 0.3988235
v -10 6 -10 0.8 0.8 0.3545098
v -10 7 -10 0.9 0.9 0.3988235
v -11 7 -10 1 1 0.4431373
v -11 6 -10 0.8 0.8 0.3545098
v -11 6 -10 0.8 0.8 0.3545098
v -11 7 -10 1 1 0.4431373
v -11 7 -9 0.9 0.9 0.3988235
v -11 6 -9 0.8 0.8 0.3545098
v -11 7 -7 0.09529412 0.09529412 0.09529412
v -11 8 -7 0.1058824 0.1058824 0.1058824
v -10 8 -7 0.08470588 0.08470588 0.08470588
v -10 7 -7 0.08470588 0.08470588 0.08470588
v -10 7 -7 0.08470588 0.08470588 0.08470588
v -10 8 -7 0.08470588 0.08470588 0.08470588
v -10 8 -8 0.1058824 0.1058824 0.1058824
v -10 7 -8 0.1058824 0.1058824 0.1058824
v -11 7 -8 0.08470588 0.08470588 0.08470588
v -11 8 -8 0.1058824 0.1058824 0.1058824
v -11 8 -7 0.1058824 0.1058824 0.1058824
v -11 7 -7 0.09529412 0.09529412 0.09529412
v -10 7 -9 0.08470588 0.08470588 0.08470588
v -10 8 -9 0.08470588 0.08470588 0.08470588
v -11 8 -9 0.1058824 0.1058824 0.1058824
v -11 7 -9 0.09529412 0.09529412 0.09529412
v -10 7 -8 0.1058824 0.1058824 0.1058824
v -10 8 -8 0.1058824 0.1058824 0.1058824
v -10 8 -9 0.08470588 0.08470588 0.08470588
v -10 7 -9 0.08470588 0.08470588 0.08470588
v -11 7 -9 0.09529412 0.09529412 0.09529412
v -11 8 -9 0.1058824 0.1058824 0.1058824
v -11 8 -8 0.1058824 0.1058824 0.1058824
v -11 7 -8 0.08470588 0.08470588 0.08470588
v -11 8 -7 0.1058824 0.1058824 0.1058824
v -11 9 -7 0.1058824 0.1058824 0.1058824
v -10 9 -7 0.08470588 0.08470588 0.08470588
v -10 8 -7 0.08470588 0.08470588 0.08470588
v -10 8 -7 0.08470588 0.08470588 0.08470588
v -10 9 -7 0.08470588 0.08470588 0.08470588
v -10 9 -8 0.1058824 0.1058824 0.1058824
v -10 8 -8 0.1058824 0.1058824 0.1058824
v -11 8 -8 0.1058824 0.1058824 0.1058824
v -11 9 -8 0.1058824 0.1058824 0.1058824
v -11 9 -7 0.1058824 0.1058824 0.1058824
v -11 8 -7 0.1058824 0.1058824 0.1058824
v -10 8 -9 0.08470588 0.08470588 0.08470588
v -10 9 -9 0.08470588 0.08470588 0.08470588
v -11 9 -9 0.1058824 0.1058824 0.1058824
v -11 8 -9 0.1058824 0.1058824 0.1058824
v -10 8 -8 0.1058824 0.1058824 0.1058824
v -10 9 -8 0.1058824 0.1058824 0.1058824
v -10 9 -9 0.08470588 0.08470588 0.08470588
v -10 8 -9 0.08470588 0.08470588 0.08470588
v -11 8 -9 0.1058824 0.1058824 0.1058824
v -11 9 -9 0.1058824 0.1058824 0.1058824
v -11 9 -8 0.1058824 0.1058824 0.1058824
v -11 8 -8 0.1058824 0.1058824 0.1058824
v -11 9 -7 0.1058824 0.1058824 0.1058824
v -11 10 -7 0.1058824 0.1058824 0.1058824
v -10 10 -7 0.08470588 0.08470588 0.08470588
v -10 9 -7 0.08470588 0.08470588 0.08470588
v -10 9 -7 0.08470588 0.08470588 0.08470588
v -10 10 -7 0.08470588 0.08470588 0.08470588
v -10 10 -8 0.08470588 0.08470588 0.08470588
v -10 9 -8 0.1058824 0.1058824 0.1058824
v -11 9 -8 0.1058824 0.1058824 0.1058824
v -11 10 -8 0.1058824 0.1058824 0.1058824
v -11 10 -7 0.1058824 0.1058824 0.1058824
v -11 9 -7 0.1058824 0.1058824 0.1058824
v -10 9 -9 0.08470588 0.08470588 0.08470588
v -10 10 -9 0.08470588 0.08470588 0.08470588
v -11 10 -9 0.1058824 0.1058824 0.1058824
v -11 9 -9 0.1058824 0.1058824 0.1058824
v -10 9 -8 0.1058824 0.1058824 0.1058824
v -10 10 -8 0.08470588 0.08470588 0.08470588
v -10 10 -9 0.08470588 0.08470588 0.08470588
v -10 9 -9 0.08470588 0.08470588 0.08470588
v -11 9 -9 0.1058824 0.1058824 0.1058824
v -11 10 -9 0.1058824 0.1058824 0.1058824
v -11 10 -8 0.1058824 0.1058824 0.1058824
v -11 9 -8 0.1058824 0.1058824 0.1058824
v -10 11 -7 0.9 0.9 0.3988235
v -11 11 -7 1 1 0.4431373
v -11 11 -8 1 1 0.4431373
v -10 11 -8 0.8 0.8 0.3545098
v -11 10 -7 1 1 0.4431373
v -11 11 -7 1 1 0.4431373
v -10 11 -7 0.9 0.9 0.3988235
v -10 10 -7 0.8 0.8 0.3545098
v -11 10 -8 1 1 0.4431373
v -11 11 -8 1 1 0.4431373
v -11 11 -7 1 1 0.4431373
v -11 10 -7 1 1 0.4431373
v -10 11 -8 0.8 0.8 0.3545098
v -11 11 -8 1 1 0.4431373
v -11 11 -9 1 1 0.4431373
v -10 11 -9 0.9 0.9 0.3988235
v -10 10 -9 0.8 0.8 0.3545098
v -10 11 -9 0.9 0.9 0.3988235
v -11 11 -9 1 1 0.4431373
v -11 10 -9 1 1 0.4431373
v -11 10 -9 1 1 0.4431373
v -11 11 -9 1 1 0.4431373
v -11 11 -8 1 1 0.4431373
v -11 10 -8 1 1 0.4431373
v -11 0 -1 1 1 0.4431373
v -12 0 -1 1 1 0.4431373
v -12 0 0 1 1 0.4431373
v -11 0 0 1 1 0.4431373
v -11 1 0 1 1 0.4431373
v -12 1 0 0.9 0.9 0.3988235
v -12 1 -1 0.8 0.8 0.3545098
v -11 1 -1 0.9 0.9 0.3988235
v -11 0 -2 1 1 0.4431373
v -12 0 -2 1 1 0.4431373
v -12 0 -1 1 1 0.4431373
v -11 0 -1 1 1 0.4431373
v -11 0 -3 1 1 0.4431373
v -12 0 -3 1 1 0.4431373
v -12 0 -2 1 1 0.4431373
v -11 0 -2 1 1 0.4431373
v -11 0 -4 1 1 0.4431373
v -12 0 -4 1 1 0.4431373
v -12 0 -3 1 1 0.4431373
v -11 0 -3 1 1 0.4431373
v -11 1 -3 0.8 0.8 0.3545098
v -12 1 -3 0.8 0.8 0.3545098
v -12 1 -4 0.9 0.9 0.3988235
v -11 1 -4 1 1 0.4431373
v -11 0 -5 1 1 0.4431373
v -12 0 -5 1 1 0.4431373
v -12 0 -4 1 1 0.4431373
v -11 0 -4 1 1 0.4431373
v -11 1 -4 1 1 0.4431373
v -12 1 -4 0.9 0.9 0.3988235
v -12 1 -5 1 1 0.4431373
v -11 1 -5 1 1 0.4431373
v -11 0 -6 1 1 0.4431373
v -12 0 -6 1 1 0.4431373
v -12 0 -5 1 1 0.4431373
v -11 0 -5 1 1 0.4431373
v -11 1 -5 1 1 0.4431373
v -12 1 -5 1 1 0.4431373
v -12 1 -6 0.9 0.9 0.3988235
v -11 1 -6 1 1 0.4431373
v -11 0 -7 1 1 0.4431373
v -12 0 -7 1 1 0.4431373
v -12 0 -6 1 1 0.4431373
v -11 0 -6 1 1 0.4431373
v -11 1 -6 1 1 0.4431373
v -12 1 -6 0.9 0.9 0.3988235
v -12 1 -7 0.9 0.9 0.3988235
v -11 1 -7 1 1 0.4431373
v -11 0 -8 1 1 0.4431373
v -12 0 -8 1 1 0.4431373
v -12 0 -7 1 1 0.4431373
v -11 0 -7 1 1 0.4431373
v -11 1 -7 1 1 0.4431373
v -12 1 -7 0.9 0.9 0.3988235
v -12 1 -8 1 1 0.4431373
v -11 1 -8 1 1 0.4431373
v -11 0 -9 1 1 0.4431373
v -12 0 -9 1 1 0.4431373
v -12 0 -8 1 1 0.4431373
v -11 0 -8 1 1 0.4431373
v -11 1 -8 1 1 0.4431373
v -12 1 -8 1 1 0.4431373
v -12 1 -9 0.9 0.9 0.3988235
v -11 1 -9 1 1 0.4431373
v -11 0 -10 1 1 0.4431373
v -12 0 -10 1 1 0.4431373
v -12 0 -9 1 1 0.4431373
v -11 0 -9 1 1 0.4431373
v -11 1 -9 1 1 0.4431373
v -12 1 -9 0.9 0.9 0.3988235
v -12 1 -10 0.9 0.9 0.3988235
v -11 1 -10 1 1 0.4431373
v -11 0 -11 1 1 0.4431373
v -12 0 -11 1 1 0.4431373
v -12 0 -10 1 1 0.4431373
v -11 0 -10 1 1 0.4431373
v -11 1 -10 1 1 0.4431373
v -12 1 -10 0.9 0.9 0.3988235
v -12 1 -11 1 1 0.4431373
v -11 1 -11 1 1 0.4431373
v -11 0 -12 1 1 0.4431373
v -12 0 -12 1 1 0.4431373
v -12 0 -11 1 1 0.4431373
v -11 0 -11 1 1 0.4431373
v -11 1 -11 1 1 0.4431373
v -12 1 -11 1 1 0.4431373
v -12 1 -12 0.9 0.9 0.3988235
v -11 1 -12 1 1 0.4431373
v -11 0 -13 1 1 0.4431373
v -12 0 -13 1 1 0.4431373
v -12 0 -12 1 1 0.4431373
v -11 0 -12 1 1 0.4431373
v -11 1 -12 1 1 0.4431373
v -12 1 -12 0.9 0.9 0.3988235
v -12 1 -13 0.8 0.8 0.3545098
v -11 1 -13 0.8 0.8 0.3545098
v -11 0 -14 1 1 0.4431373
v -12 0 -14 1 1 0.4431373
v -12 0 -13 1 1 0.4431373
v -11 0 -13 1 1 0.4431373
v -11 0 -15 1 1 0.4431373
v -12 0 -15 1 1 0.4431373
v -12 0 -14 1 1 0.4431373
v -11 0 -14 1 1 0.4431373
v -11 0 -16 1 1 0.4431373
v -12 0 -16 1 1 0.4431373
v -12 0 -15 1 1 0.4431373
v -11 0 -15 1 1 0.4431373
v -11 1 -15 0.9 0.9 0.3988235
v -12 1 -15 0.8 0.8 0.3545098
v -12 1 -16 0.9 0.9 0.3988235
v -11 1 -16 1 1 0.4431373
v -11 2 -1 1 1 0.4431373
v -12 2 -1 1 1 0.4431373
v -12 2 -2 0.8 0.8 0.3545098
v -11 2 -2 0.8 0.8 0.3545098
v -12 1 -1 0.8 0.8 0.3545098
v -12 2 -1 1 1 0.4431373
v -11 2 -1 1 1 0.4431373
v -11 1 -1 0.8 0.8 0.3545098
v -11 1 -1 0.8 0.8 0.3545098
v -11 2 -1 1 1 0.4431373
v -11 2 -2 0.8 0.8 0.3545098
v -11 1 -2 0.8 0.8 0.3545098
v -11 1 -3 0.8 0.8 0.3545098
v -11 2 -3 0.8 0.8 0.3545098
v -12 2 -3 0.8 0.8 0.3545098
v -12 1 -3 0.8 0.8 0.3545098
v -12 1 -13 0.8 0.8 0.3545098
v -12 2 -13 0.8 0.8 0.3545098
v -11 2 -13 0.8 0.8 0.3545098
v -11 1 -13 0.8 0.8 0.3545098
v -11 2 -14 0.8 0.8 0.3545098
v -12 2 -14 0.8 0.8 0.3545098
v -12 2 -15 1 1 0.4431373
v -11 2 -15 1 1 0.4431373
v -11 1 -15 0.8 0.8 0.3545098
v -11 2 -15 1 1 0.4431373
v -12 2 -15 1 1 0.4431373
v -12 1 -15 0.8 0.8 0.3545098
v -11 1 -14 0.8 0.8 0.3545098
v -11 2 -14 0.8 0.8 0.3545098
v -11 2 -15 1 1 0.4431373
v -11 1 -15 0.8 0.8 0.3545098
v -11 3 -2 1 1 0.4431373
v -12 3 -2 1 1 0.4431373
v -12 3 -3 1 1 0.4431373
v -11 3 -3 0.9 0.9 0.3988235
v -12 2 -2 0.8 0.8 0.3545098
v -12 3 -2 1 1 0.4431373
v -11 3 -2 1 1 0.4431373
v -11 2 -2 0.9 0.9 0.3988235
v -11 2 -4 1 1 0.4431373
v -12 2 -4 0.9 0.9 0.3988235
v -12 2 -3 0.8 0.8 0.3545098
v -11 2 -3 0.8 0.8 0.3545098
v -11 3 -3 0.9 0.9 0.3988235
v -12 3 -3 1 1 0.4431373
v -12 3 -4 0.9 0.9 0.3988235
v -11 3 -4 0.8 0.8 0.3545098
v -11 2 -5 1 1 0.4431373
v -12 2 -5 1 1 0.4431373
v -12 2 -4 0.9 0.9 0.3988235
v -11 2 -4 1 1 0.4431373
v -11 2 -5 1 1 0.4431373
v -11 3 -5 1 1 0.4431373
v -12 3 -5 0.8 0.8 0.3545098
v -12 2 -5 0.9 0.9 0.3988235
v -11 2 -4 0.9 0.9 0.3988235
v -11 3 -4 0.8 0.8 0.3545098
v -11 3 -5 1 1 0.4431373
v -11 2 -5 1 1 0.4431373
v -11 2 -12 1 1 0.4431373
v -12 2 -12 0.9 0.9 0.3988235
v -12 2 -11 1 1 0.4431373
v -11 2 -11 1 1 0.4431373
v -12 2 -11 0.9 0.9 0.3988235
v -12 3 -11 0.8 0.8 0.3545098
v -11 3 -11 1 1 0.4431373
v -11 2 -11 1 1 0.4431373
v -11 2 -11 1 1 0.4431373
v -11 3 -11 1 1 0.4431373
v -11 3 -12 0.8 0.8 0.3545098
v -11 2 -12 0.9 0.9 0.3988235
v -11 2 -13 0.8 0.8 0.3545098
v -12 2 -13 0.8 0.8 0.3545098
v -12 2 -12 0.9 0.9 0.3988235
v -11 2 -12 1 1 0.4431373
v -11 3 -12 0.8 0.8 0.3545098
v -12 3 -12 0.9 0.9 0.3988235
v -12 3 -13 1 1 0.4431373
v -11 3 -13 0.9 0.9 0.3988235
v -11 3 -13 0.9 0.9 0.3988235
v -12 3 -13 1 1 0.4431373
v -12 3 -14 1 1 0.4431373
v -11 3 -14 1 1 0.4431373
v -11 2 -14 0.9 0.9 0.3988235
v -11 3 -14 1 1 0.4431373
v -12 3 -14 1 1 0.4431373
v -12 2 -14 0.8 0.8 0.3545098
v -12 3 -4 0.8 0.8 0.3545098
v -12 4 -4 0.9 0.9 0.3988235
v -11 4 -4 0.8 0.8 0.3545098
v -11 3 -4 0.8 0.8 0.3545098
v -11 3 -5 1 1 0.4431373
v -11 4 -5 1 1 0.4431373
v -12 4 -5 0.8 0.8 0.3545098
v -12 3 -5 0.8 0.8 0.3545098
v -11 3 -4 0.8 0.8 0.3545098
v -11 4 -4 0.8 0.8 0.3545098
v -11 4 -5 1 1 0.4431373
v -11 3 -5 1 1 0.4431373
v -12 3 -5 0.8 0.8 0.3545098
v -12 4 -5 0.8 0.8 0.3545098
v -12 4 -4 0.9 0.9 0.3988235
v -12 3 -4 0.8 0.8 0.3545098
v -12 3 -11 0.8 0.8 0.3545098
v -12 4 -11 0.8 0.8 0.3545098
v -11 4 -11 1 1 0.4431373
v -11 3 -11 1 1 0.4431373
v -11 3 -12 0.8 0.8 0.3545098
v -11 4 -12 0.8 0.8 0.3545098
v -12 4 -12 0.9 0.9 0.3988235
v -12 3 -12 0.8 0.8 0.3545098
v -11 3 -11 1 1 0.4431373
v -11 4 -11 1 1 0.4431373
v -11 4 -12 0.8 0.8 0.3545098
v -11 3 -12 0.8 0.8 0.3545098
v -12 3 -12 0.8 0.8 0.3545098
v -12 4 -12 0.9 0.9 0.3988235
v -12 4 -11 0.8 0.8 0.3545098
v -12 3 -11 0.8 0.8 0.3545098
v -11 4 -4 0.5741177 0 0
v -12 4 -4 0.6458824 0 0
v -12 4 -3 0.7176471 0 0
v -11 4 -3 0.6458824 0 0
v -11 5 -3 0.6458824 0 0
v -12 5 -3 0.7176471 0 0
v -12 5 -4 0.6458824 0 0
v -11 5 -4 0.5741177 0 0
v -12 4 -3 0.7176471 0 0
v -12 5 -3 0.7176471 0 0
v -11 5 -3 0.6458824 0 0
v -11 4 -3 0.6458824 0 0
v -12 4 -4 0.6458824 0 0
v -12 5 -4 0.6458824 0 0
v -12 5 -3 0.7176471 0 0
v -12 4 -3 0.7176471 0 0
v -11 4 -5 1 1 0.4431373
v -11 5 -5 0.8 0.8 0.3545098
v -12 5 -5 0.8 0.8 0.3545098
v -12 4 -5 0.8 0.8 0.3545098
v -11 4 -4 0.8 0.8 0.3545098
v -11 5 -4 0.8 0.8 0.3545098
v -11 5 -5 0.8 0.8 0.3545098
v -11 4 -5 1 1 0.4431373
v -12 4 -11 0.8 0.8 0.3545098
v -12 5 -11 0.8 0.8 0.3545098
v -11 5 -11 0.8 0.8 0.3545098
v -11 4 -11 1 1 0.4431373
v -11 4 -11 1 1 0.4431373
v -11 5 -11 0.8 0.8 0.3545098
v -11 5 -12 0.8 0.8 0.3545098
v -11 4 -12 0.8 0.8 0.3545098
v -11 4 -13 0.6458824 0 0
v -12 4 -13 0.7176471 0 0
v -12 4 -12 0.6458824 0 0
v -11 4 -12 0.5741177 0 0
v -11 5 -12 0.5741177 0 0
v -12 5 -12 0.6458824 0 0
v -12 5 -13 0.7176471 0 0
v -11 5 -13 0.6458824 0 0
v -11 4 -13 0.6458824 0 0
v -11 5 -13 0.6458824 0 0
v -12 5 -13 0.7176471 0 0
v -12 4 -13 0.7176471 0 0
v -12 4 -13 0.7176471 0 0
v -12 5 -13 0.7176471 0 0
v -12 5 -12 0.6458824 0 0
v -12 4 -12 0.6458824 0 0
v -11 6 -4 1 1 0.4431373
v -12 6 -4 1 1 0.4431373
v -12 6 -5 1 1 0.4431373
v -11 6 -5 1 1 0.4431373
v -12 5 -4 0.9 0.9 0.3988235
v -12 6 -4 1 1 0.4431373
v -11 6 -4 0.9 0.9 0.3988235
v -11 5 -4 0.8 0.8 0.3545098
v -12 5 -5 0.8 0.8 0.3545098
v -12 6 -5 0.9 0.9 0.3988235
v -12 6 -4 1 1 0.4431373
v -12 5 -4 0.9 0.9 0.3988235
v -11 5 -6 1 1 0.4431373
v -12 5 -6 0.8 0.8 0.3545098
v -12 5 -5 0.8 0.8 0.3545098
v -11 5 -5 0.9 0.9 0.3988235
v -11 6 -5 1 1 0.4431373
v -12 6 -5 1 1 0.4431373
v -12 6 -6 1 1 0.4431373
v -11 6 -6 0.9 0.9 0.3988235
v -11 5 -7 1 1 0.4431373
v -12 5 -7 0.8 0.8 0.3545098
v -12 5 -6 0.8 0.8 0.3545098
v -11 5 -6 1 1 0.4431373
v -11 6 -6 0.9 0.9 0.3988235
v -12 6 -6 1 1 0.4431373
v -12 6 -7 0.9 0.9 0.3988235
v -11 6 -7 0.8 0.8 0.3545098
v -11 5 -6 0.9 0.9 0.3988235
v -11 6 -6 0.8 0.8 0.3545098
v -11 6 -7 0.8 0.8 0.3545098
v -11 5 -7 1 1 0.4431373
v -11 5 -8 1 1 0.4431373
v -12 5 -8 0.8 0.8 0.3545098
v -12 5 -7 0.8 0.8 0.3545098
v -11 5 -7 1 1 0.4431373
v -11 5 -7 1 1 0.4431373
v -11 6 -7 0.8 0.8 0.3545098
v -11 6 -8 0.8 0.8 0.3545098
v -11 5 -8 1 1 0.4431373
v -11 5 -9 1 1 0.4431373
v -12 5 -9 0.8 0.8 0.3545098
v -12 5 -8 0.8 0.8 0.3545098
v -11 5 -8 1 1 0.4431373
v -11 5 -8 1 1 0.4431373
v -11 6 -8 0.8 0.8 0.3545098
v -11 6 -9 0.8 0.8 0.3545098
v -11 5 -9 1 1 0.4431373
v -11 5 -10 1 1 0.4431373
v -12 5 -10 0.8 0.8 0.3545098
v -12 5 -9 0.8 0.8 0.3545098
v -11 5 -9 1 1 0.4431373
v -11 6 -9 0.8 0.8 0.3545098
v -12 6 -9 0.9 0.9 0.3988235
v -12 6 -10 1 1 0.4431373
v -11 6 -10 0.9 0.9 0.3988235
v -11 5 -9 1 1 0.4431373
v -11 6 -9 0.8 0.8 0.3545098
v -11 6 -10 0.8 0.8 0.3545098
v -11 5 -10 0.9 0.9 0.3988235
v -11 5 -11 0.9 0.9 0.3988235
v -12 5 -11 0.8 0.8 0.3545098
v -12 5 -10 0.8 0.8 0.3545098
v -11 5 -10 1 1 0.4431373
v -11 6 -10 0.9 0.9 0.3988235
v -12 6 -10 1 1 0.4431373
v -12 6 -11 1 1 0.4431373
v -11 6 -11 1 1 0.4431373
v -11 6 -11 1 1 0.4431373
v -12 6 -11 1 1 0.4431373
v -12 6 -12 1 1 0.4431373
v -11 6 -12 1 1 0.4431373
v -11 5 -12 0.8 0.8 0.3545098
v -11 6 -12 0.9 0.9 0.3988235
v -12 6 -12 1 1 0.4431373
v -12 5 -12 0.9 0.9 0.3988235
v -12 5 -12 0.9 0.9 0.3988235
v -12 6 -12 1 1 0.4431373
v -12 6 -11 0.9 0.9 0.3988235
v -12 5 -11 0.8 0.8 0.3545098
v -11 7 -7 0.9 0.9 0.3988235
v -12 7 -7 1 1 0.4431373
v -12 7 -8 1 1 0.4431373
v -11 7 -8 0.8 0.8 0.3545098
v -12 6 -7 0.8 0.8 0.3545098
v -12 7 -7 1 1 0.4431373
v -11 7 -7 0.9 0.9 0.3988235
v -11 6 -7 0.8 0.8 0.3545098
v -12 6 -8 0.8 0.8 0.3545098
v -12 7 -8 1 1 0.4431373
v -12 7 -7 1 1 0.4431373
v -12 6 -7 0.8 0.8 0.3545098
v -11 7 -8 0.8 0.8 0.3545098
v -12 7 -8 1 1 0.4431373
v -12 7 -9 1 1 0.4431373
v -11 7 -9 0.9 0.9 0.3988235
v -11 6 -9 0.8 0.8 0.3545098
v -11 7 -9 0.9 0.9 0.3988235
v -12 7 -9 1 1 0.4431373
v -12 6 -9 0.8 0.8 0.3545098
v -12 6 -9 0.8 0.8 0.3545098
v -12 7 -9 1 1 0.4431373
v -12 7 -8 1 1 0.4431373
v -12 6 -8 0.8 0.8 0.3545098
v -12 0 -1 1 1 0.4431373
v -13 0 -1 1 1 0.4431373
v -13 0 0 1 1 0.4431373
v -12 0 0 1 1 0.4431373
v -12 1 0 0.9 0.9 0.3988235
v -13 1 0 0.8 0.8 0.3545098
v -13 1 -1 0.9 0.9 0.3988235
v -12 1 -1 0.8 0.8 0.3545098
v -12 0 -2 1 1 0.4431373
v -13 0 -2 1 1 0.4431373
v -13 0 -1 1 1 0.4431373
v -12 0 -1 1 1 0.4431373
v -12 0 -3 1 1 0.4431373
v -13 0 -3 1 1 0.4431373
v -13 0 -2 1 1 0.4431373
v -12 0 -2 1 1 0.4431373
v -12 0 -4 1 1 0.4431373
v -13 0 -4 1 1 0.4431373
v -13 0 -3 1 1 0.4431373
v -12 0 -3 1 1 0.4431373
v -12 0 -5 1 1 0.4431373
v -13 0 -5 1 1 0.4431373
v -13 0 -4 1 1 0.4431373
v -12 0 -4 1 1 0.4431373
v -12 1 -4 0.9 0.9 0.3988235
v -13 1 -4 0.8 0.8 0.3545098
v -13 1 -5 0.8 0.8 0.3545098
v -12 1 -5 1 1 0.4431373
v -12 0 -6 1 1 0.4431373
v -13 0 -6 1 1 0.4431373
v -13 0 -5 1 1 0.4431373
v -12 0 -5 1 1 0.4431373
v -12 1 -5 1 1 0.4431373
v -13 1 -5 0.8 0.8 0.3545098
v -13 1 -6 0.8 0.8 0.3545098
v -12 1 -6 0.9 0.9 0.3988235
v -12 0 -7 1 1 0.4431373
v -13 0 -7 1 1 0.4431373
v -13 0 -6 1 1 0.4431373
v -12 0 -6 1 1 0.4431373
v -12 0 -8 1 1 0.4431373
v -13 0 -8 1 1 0.4431373
v -13 0 -7 1 1 0.4431373
v -12 0 -7 1 1 0.4431373
v -12 1 -7 0.9 0.9 0.3988235
v -13 1 -7 0.8 0.8 0.3545098
v -13 1 -8 0.8 0.8 0.3545098
v -12 1 -8 1 1 0.4431373
v -12 0 -9 1 1 0.4431373
v -13 0 -9 1 1 0.4431373
v -13 0 -8 1 1 0.4431373
v -12 0 -8 1 1 0.4431373
v -12 1 -8 1 1 0.4431373
v -13 1 -8 0.8 0.8 0.3545098
v -13 1 -9 0.8 0.8 0.3545098
v -12 1 -9 0.9 0.9 0.3988235
v -12 0 -10 1 1 0.4431373
v -13 0 -10 1 1 0.4431373
v -13 0 -9 1 1 0.4431373
v -12 0 -9 1 1 0.4431373
v -12 0 -11 1 1 0.4431373
v -13 0 -11 1 1 0.4431373
v -13 0 -10 1 1 0.4431373
v -12 0 -10 1 1 0.4431373
v -12 1 -10 0.9 0.9 0.3988235
v -13 1 -10 0.8 0.8 0.3545098
v -13 1 -11 0.8 0.8 0.3545098
v -12 1 -11 1 1 0.4431373
v -12 0 -12 1 1 0.4431373
v -13 0 -12 1 1 0.4431373
v -13 0 -11 1 1 0.4431373
v -12 0 -11 1 1 0.4431373
v -12 1 -11 1 1 0.4431373
v -13 1 -11 0.8 0.8 0.3545098
v -13 1 -12 0.8 0.8 0.3545098
v -12 1 -12 0.9 0.9 0.3988235
v -12 0 -13 1 1 0.4431373
v -13 0 -13 1 1 0.4431373
v -13 0 -12 1 1 0.4431373
v -12 0 -12 1 1 0.4431373
v -12 0 -14 1 1 0.4431373
v -13 0 -14 1 1 0.4431373
v -13 0 -13 1 1 0.4431373
v -12 0 -13 1 1 0.4431373
v -12 0 -15 1 1 0.4431373
v -13 0 -15 1 1 0.4431373
v -13 0 -14 1 1 0.4431373
v -12 0 -14 1 1 0.4431373
v -12 0 -16 1 1 0.4431373
v -13 0 -16 1 1 0.4431373
v -13 0 -15 1 1 0.4431373
v -12 0 -15 1 1 0.4431373
v -12 1 -15 0.8 0.8 0.3545098
v -13 1 -15 0.9 0.9 0.3988235
v -13 1 -16 0.8 0.8 0.3545098
v -12 1 -16 0.9 0.9 0.3988235
v -12 2 -1 1 1 0.4431373
v -13 2 -1 1 1 0.4431373
v -13 2 -2 0.9 0.9 0.3988235
v -12 2 -2 0.8 0.8 0.3545098
v -13 1 -1 0.8 0.8 0.3545098
v -13 2 -1 1 1 0.4431373
v -12 2 -1 1 1 0.4431373
v -12 1 -1 0.8 0.8 0.3545098
v -13 1 -2 0.8 0.8 0.3545098
v -13 2 -2 0.9 0.9 0.3988235
v -13 2 -1 1 1 0.4431373
v -13 1 -1 0.8 0.8 0.3545098
v -12 1 -4 0.8 0.8 0.3545098
v -12 2 -4 0.8 0.8 0.3545098
v -13 2 -4 0.8 0.8 0.3545098
v -13 1 -4 0.8 0.8 0.3545098
v -12 1 -3 0.8 0.8 0.3545098
v -12 2 -3 0.8 0.8 0.3545098
v -12 2 -4 0.8 0.8 0.3545098
v -12 1 -4 0.8 0.8 0.3545098
v -13 1 -6 0.8 0.8 0.3545098
v -13 2 -6 0.8 0.8 0.3545098
v -12 2 -6 0.9 0.9 0.3988235
v -12 1 -6 0.8 0.8 0.3545098
v -12 1 -7 0.8 0.8 0.3545098
v -12 2 -7 0.9 0.9 0.3988235
v -13 2 -7 0.8 0.8 0.3545098
v -13 1 -7 0.8 0.8 0.3545098
v -12 1 -6 0.8 0.8 0.3545098
v -12 2 -6 1 1 0.4431373
v -12 2 -7 1 1 0.4431373
v -12 1 -7 0.8 0.8 0.3545098
v -13 1 -9 0.8 0.8 0.3545098
v -13 2 -9 0.8 0.8 0.3545098
v -12 2 -9 0.9 0.9 0.3988235
v -12 1 -9 0.8 0.8 0.3545098
v -12 1 -10 0.8 0.8 0.3545098
v -12 2 -10 0.9 0.9 0.3988235
v -13 2 -10 0.8 0.8 0.3545098
v -13 1 -10 0.8 0.8 0.3545098
v -12 1 -9 0.8 0.8 0.3545098
v -12 2 -9 1 1 0.4431373
v -12 2 -10 1 1 0.4431373
v -12 1 -10 0.8 0.8 0.3545098
v -13 1 -12 0.8 0.8 0.3545098
v -13 2 -12 0.8 0.8 0.3545098
v -12 2 -12 0.8 0.8 0.3545098
v -12 1 -12 0.8 0.8 0.3545098
v -12 1 -12 0.8 0.8 0.3545098
v -12 2 -12 0.8 0.8 0.3545098
v -12 2 -13 0.8 0.8 0.3545098
v -12 1 -13 0.8 0.8 0.3545098
v -12 2 -14 0.8 0.8 0.3545098
v -13 2 -14 0.9 0.9 0.3988235
v -13 2 -15 1 1 0.4431373
v -12 2 -15 1 1 0.4431373
v -12 1 -15 0.8 0.8 0.3545098
v -12 2 -15 1 1 0.4431373
v -13 2 -15 1 1 0.4431373
v -13 1 -15 0.8 0.8 0.3545098
v -13 1 -15 0.8 0.8 0.3545098
v -13 2 -15 1 1 0.4431373
v -13 2 -14 0.9 0.9 0.3988235
v -13 1 -14 0.8 0.8 0.3545098
v -12 3 -2 1 1 0.4431373
v -13 3 -2 1 1 0.4431373
v -13 3 -3 1 1 0.4431373
v -12 3 -3 1 1 0.4431373
v -13 2 -2 0.9 0.9 0.3988235
v -13 3 -2 1 1 0.4431373
v -12 3 -2 1 1 0.4431373
v -12 2 -2 0.8 0.8 0.3545098
v -13 2 -3 0.8 0.8 0.3545098
v -13 3 -3 0.9 0.9 0.3988235
v -13 3 -2 1 1 0.4431373
v -13 2 -2 0.9 0.9 0.3988235
v -12 3 -3 1 1 0.4431373
v -13 3 -3 1 1 0.4431373
v -13 3 -4 1 1 0.4431373
v -12 3 -4 0.9 0.9 0.3988235
v -12 2 -5 1 1 0.4431373
v -13 2 -5 0.8 0.8 0.3545098
v -13 2 -4 0.8 0.8 0.3545098
v -12 2 -4 0.9 0.9 0.3988235
v -12 3 -4 0.9 0.9 0.3988235
v -13 3 -4 1 1 0.4431373
v -13 3 -5 0.9 0.9 0.3988235
v -12 3 -5 0.8 0.8 0.3545098
v -12 2 -6 0.9 0.9 0.3988235
v -13 2 -6 0.8 0.8 0.3545098
v -13 2 -5 0.8 0.8 0.3545098
v -12 2 -5 1 1 0.4431373
v -12 2 -5 0.9 0.9 0.3988235
v -12 3 -5 0.8 0.8 0.3545098
v -12 3 -6 1 1 0.4431373
v -12 2 -6 1 1 0.4431373
v -12 2 -6 1 1 0.4431373
v -12 3 -6 1 1 0.4431373
v -12 3 -7 1 1 0.4431373
v -12 2 -7 1 1 0.4431373
v -13 2 -7 0.8 0.8 0.3545098
v -13 3 -7 0.9 0.9 0.3988235
v -13 3 -6 0.9 0.9 0.3988235
v -13 2 -6 0.8 0.8 0.3545098
v -12 2 -8 1 1 0.4431373
v -13 2 -8 0.8 0.8 0.3545098
v -13 2 -7 0.8 0.8 0.3545098
v -12 2 -7 0.9 0.9 0.3988235
v -12 2 -7 1 1 0.4431373
v -12 3 -7 1 1 0.4431373
v -12 3 -8 1 1 0.4431373
v -12 2 -8 1 1 0.4431373
v -12 2 -9 0.9 0.9 0.3988235
v -13 2 -9 0.8 0.8 0.3545098
v -13 2 -8 0.8 0.8 0.3545098
v -12 2 -8 1 1 0.4431373
v -12 2 -8 1 1 0.4431373
v -12 3 -8 1 1 0.4431373
v -12 3 -9 1 1 0.4431373
v -12 2 -9 1 1 0.4431373
v -12 2 -9 1 1 0.4431373
v -12 3 -9 1 1 0.4431373
v -12 3 -10 1 1 0.4431373
v -12 2 -10 1 1 0.4431373
v -13 2 -10 0.8 0.8 0.3545098
v -13 3 -10 0.9 0.9 0.3988235
v -13 3 -9 0.9 0.9 0.3988235
v -13 2 -9 0.8 0.8 0.3545098
v -12 2 -11 1 1 0.4431373
v -13 2 -11 0.8 0.8 0.3545098
v -13 2 -10 0.8 0.8 0.3545098
v -12 2 -10 0.9 0.9 0.3988235
v -12 2 -10 1 1 0.4431373
v -12 3 -10 1 1 0.4431373
v -12 3 -11 0.8 0.8 0.3545098
v -12 2 -11 0.9 0.9 0.3988235
v -12 2 -12 0.9 0.9 0.3988235
v -13 2 -12 0.8 0.8 0.3545098
v -13 2 -11 0.8 0.8 0.3545098
v -12 2 -11 1 1 0.4431373
v -12 3 -11 0.8 0.8 0.3545098
v -13 3 -11 0.9 0.9 0.3988235
v -13 3 -12 1 1 0.4431373
v -12 3 -12 0.9 0.9 0.3988235
v -12 3 -12 0.9 0.9 0.3988235
v -13 3 -12 1 1 0.4431373
v -13 3 -13 1 1 0.4431373
v -12 3 -13 1 1 0.4431373
v -12 3 -13 1 1 0.4431373
v -13 3 -13 1 1 0.4431373
v -13 3 -14 1 1 0.4431373
v -12 3 -14 1 1 0.4431373
v -12 2 -14 0.8 0.8 0.3545098
v -12 3 -14 1 1 0.4431373
v -13 3 -14 1 1 0.4431373
v -13 2 -14 0.9 0.9 0.3988235
v -13 2 -14 0.9 0.9 0.3988235
v -13 3 -14 1 1 0.4431373
v -13 3 -13 0.9 0.9 0.3988235
v -13 2 -13 0.8 0.8 0.3545098
v -13 3 -5 0.8 0.8 0.3545098
v -13 4 -5 0.9 0.9 0.3988235
v -12 4 -5 0.8 0.8 0.3545098
v -12 3 -5 0.8 0.8 0.3545098
v -12 3 -5 0.8 0.8 0.3545098
v -12 4 -5 0.8 0.8 0.3545098
v -12 4 -6 1 1 0.4431373
v -12 3 -6 1 1 0.4431373
v -13 3 -6 0.9 0.9 0.3988235
v -13 4 -6 0.9 0.9 0.3988235
v -13 4 -5 0.9 0.9 0.3988235
v -13 3 -5 0.8 0.8 0.3545098
v -12 3 -6 1 1 0.4431373
v -12 4 -6 1 1 0.4431373
v -12 4 -7 1 1 0.4431373
v -12 3 -7 1 1 0.4431373
v -13 3 -7 0.9 0.9 0.3988235
v -13 4 -7 0.9 0.9 0.3988235
v -13 4 -6 0.9 0.9 0.3988235
v -13 3 -6 0.9 0.9 0.3988235
v -12 3 -7 1 1 0.4431373
v -12 4 -7 1 1 0.4431373
v -12 4 -8 1 1 0.4431373
v -12 3 -8 1 1 0.4431373
v -13 3 -8 0.8 0.8 0.3545098
v -13 4 -8 0.8 0.8 0.3545098
v -13 4 -7 0.9 0.9 0.3988235
v -13 3 -7 0.9 0.9 0.3988235
v -12 3 -8 1 1 0.4431373
v -12 4 -8 1 1 0.4431373
v -12 4 -9 1 1 0.4431373
v -12 3 -9 1 1 0.4431373
v -13 3 -9 0.9 0.9 0.3988235
v -13 4 -9 0.9 0.9 0.3988235
v -13 4 -8 0.8 0.8 0.3545098
v -13 3 -8 0.8 0.8 0.3545098
v -12 3 -9 1 1 0.4431373
v -12 4 -9 1 1 0.4431373
v -12 4 -10 1 1 0.4431373
v -12 3 -10 1 1 0.4431373
v -13 3 -10 0.9 0.9 0.3988235
v -13 4 -10 0.9 0.9 0.3988235
v -13 4 -9 0.9 0.9 0.3988235
v -13 3 -9 0.9 0.9 0.3988235
v -12 3 -11 0.8 0.8 0.3545098
v -12 4 -11 0.8 0.8 0.3545098
v -13 4 -11 0.9 0.9 0.3988235
v -13 3 -11 0.8 0.8 0.3545098
v -12 3 -10 1 1 0.4431373
v -12 4 -10 1 1 0.4431373
v -12 4 -11 0.8 0.8 0.3545098
v -12 3 -11 0.8 0.8 0.3545098
v -13 3 -11 0.8 0.8 0.3545098
v -13 4 -11 0.9 0.9 0.3988235
v -13 4 -10 0.9 0.9 0.3988235
v -13 3 -10 0.9 0.9 0.3988235
v -12 4 -5 0.5741177 0 0
v -13 4 -5 0.6458824 0 0
v -13 4 -4 0.7176471 0 0
v -12 4 -4 0.6458824 0 0
v -12 5 -4 0.6458824 0 0
v -13 5 -4 0.7176471 0 0
v -13 5 -5 0.6458824 0 0
v -12 5 -5 0.5741177 0 0
v -13 4 -4 0.7176471 0 0
v -13 5 -4 0.7176471 0 0
v -12 5 -4 0.6458824 0 0
v -12 4 -4 0.6458824 0 0
v -13 4 -5 0.6458824 0 0
v -13 5 -5 0.6458824 0 0
v -13 5 -4 0.7176471 0 0
v -13 4 -4 0.7176471 0 0
v -12 4 -5 0.8 0.8 0.3545098
v -12 5 -5 0.8 0.8 0.3545098
v -12 5 -6 0.8 0.8 0.3545098
v -12 4 -6 1 1 0.4431373
v -12 4 -6 1 1 0.4431373
v -12 5 -6 0.8 0.8 0.3545098
v -12 5 -7 0.8 0.8 0.3545098
v -12 4 -7 1 1 0.4431373
v -13 4 -7 0.9 0.9 0.3988235
v -13 5 -7 0.8 0.8 0.3545098
v -13 5 -6 0.8 0.8 0.3545098
v -13 4 -6 0.9 0.9 0.3988235
v -12 4 -7 1 1 0.4431373
v -12 5 -7 0.8 0.8 0.3545098
v -12 5 -8 0.8 0.8 0.3545098
v -12 4 -8 1 1 0.4431373
v -12 4 -8 1 1 0.4431373
v -12 5 -8 0.8 0.8 0.3545098
v -12 5 -9 0.8 0.8 0.3545098
v -12 4 -9 1 1 0.4431373
v -12 4 -9 1 1 0.4431373
v -12 5 -9 0.8 0.8 0.3545098
v -12 5 -10 0.8 0.8 0.3545098
v -12 4 -10 1 1 0.4431373
v -13 4 -10 0.9 0.9 0.3988235
v -13 5 -10 0.8 0.8 0.3545098
v -13 5 -9 0.8 0.8 0.3545098
v -13 4 -9 0.9 0.9 0.3988235
v -12 4 -10 1 1 0.4431373
v -12 5 -10 0.8 0.8 0.3545098
v -12 5 -11 0.8 0.8 0.3545098
v -12 4 -11 0.8 0.8 0.3545098
v -12 4 -12 0.6458824 0 0
v -13 4 -12 0.7176471 0 0
v -13 4 -11 0.6458824 0 0
v -12 4 -11 0.5741177 0 0
v -12 5 -11 0.5741177 0 0
v -13 5 -11 0.6458824 0 0
v -13 5 -12 0.7176471 0 0
v -12 5 -12 0.6458824 0 0
v -12 4 -12 0.6458824 0 0
v -12 5 -12 0.6458824 0 0
v -13 5 -12 0.7176471 0 0
v -13 4 -12 0.7176471 0 0
v -13 4 -12 0.7176471 0 0
v -13 5 -12 0.7176471 0 0
v -13 5 -11 0.6458824 0 0
v -13 4 -11 0.6458824 0 0
v -12 6 -5 1 1 0.4431373
v -13 6 -5 1 1 0.4431373
v -13 6 -6 1 1 0.4431373
v -12 6 -6 1 1 0.4431373
v -13 5 -5 0.9 0.9 0.3988235
v -13 6 -5 1 1 0.4431373
v -12 6 -5 0.9 0.9 0.3988235
v -12 5 -5 0.8 0.8 0.3545098
v -13 5 -6 0.8 0.8 0.3545098
v -13 6 -6 0.9 0.9 0.3988235
v -13 6 -5 1 1 0.4431373
v -13 5 -5 0.9 0.9 0.3988235
v -12 6 -6 1 1 0.4431373
v -13 6 -6 1 1 0.4431373
v -13 6 -7 1 1 0.4431373
v -12 6 -7 0.9 0.9 0.3988235
v -12 6 -7 0.9 0.9 0.3988235
v -13 6 -7 1 1 0.4431373
v -13 6 -8 1 1 0.4431373
v -12 6 -8 0.8 0.8 0.3545098
v -13 5 -8 0.8 0.8 0.3545098
v -13 6 -8 1 1 0.4431373
v -13 6 -7 0.9 0.9 0.3988235
v -13 5 -7 0.8 0.8 0.3545098
v -12 6 -8 0.8 0.8 0.3545098
v -13 6 -8 1 1 0.4431373
v -13 6 -9 1 1 0.4431373
v -12 6 -9 0.9 0.9 0.3988235
v -13 5 -9 0.8 0.8 0.3545098
v -13 6 -9 0.9 0.9 0.3988235
v -13 6 -8 1 1 0.4431373
v -13 5 -8 0.8 0.8 0.3545098
v -12 6 -9 0.9 0.9 0.3988235
v -13 6 -9 1 1 0.4431373
v -13 6 -10 1 1 0.4431373
v -12 6 -10 1 1 0.4431373
v -12 6 -10 1 1 0.4431373
v -13 6 -10 1 1 0.4431373
v -13 6 -11 1 1 0.4431373
v -12 6 -11 1 1 0.4431373
v -12 5 -11 0.8 0.8 0.3545098
v -12 6 -11 0.9 0.9 0.3988235
v -13 6 -11 1 1 0.4431373
v -13 5 -11 0.9 0.9 0.3988235
v -13 5 -11 0.9 0.9 0.3988235
v -13 6 -11 1 1 0.4431373
v -13 6 -10 0.9 0.9 0.3988235
v -13 5 -10 0.8 0.8 0.3545098
v -13 0 -1 1 1 0.4431373
v -14 0 -1 1 1 0.4431373
v -14 0 0 1 1 0.4431373
v -13 0 0 1 1 0.4431373
v -13 1 0 0.8 0.8 0.3545098
v -14 1 0 0.8 0.8 0.3545098
v -14 1 -1 0.9 0.9 0.3988235
v -13 1 -1 0.9 0.9 0.3988235
v -13 0 -2 1 1 0.4431373
v -14 0 -2 1 1 0.4431373
v -14 0 -1 1 1 0.4431373
v -13 0 -1 1 1 0.4431373
v -13 1 -1 0.9 0.9 0.3988235
v -14 1 -1 0.9 0.9 0.3988235
v -14 1 -2 0.9 0.9 0.3988235
v -13 1 -2 0.8 0.8 0.3545098
v -13 0 -3 1 1 0.4431373
v -14 0 -3 1 1 0.4431373
v -14 0 -2 1 1 0.4431373
v -13 0 -2 1 1 0.4431373
v -13 0 -4 1 1 0.4431373
v -14 0 -4 1 1 0.4431373
v -14 0 -3 1 1 0.4431373
v -13 0 -3 1 1 0.4431373
v -13 0 -5 1 1 0.4431373
v -14 0 -5 1 1 0.4431373
v -14 0 -4 1 1 0.4431373
v -13 0 -4 1 1 0.4431373
v -13 0 -6 1 1 0.4431373
v -14 0 -6 1 1 0.4431373
v -14 0 -5 1 1 0.4431373
v -13 0 -5 1 1 0.4431373
v -13 0 -7 1 1 0.4431373
v -14 0 -7 1 1 0.4431373
v -14 0 -6 1 1 0.4431373
v -13 0 -6 1 1 0.4431373
v -13 0 -8 1 1 0.4431373
v -14 0 -8 1 1 0.4431373
v -14 0 -7 1 1 0.4431373
v -13 0 -7 1 1 0.4431373
v -13 0 -9 1 1 0.4431373
v -14 0 -9 1 1 0.4431373
v -14 0 -8 1 1 0.4431373
v -13 0 -8 1 1 0.4431373
v -13 0 -10 1 1 0.4431373
v -14 0 -10 1 1 0.4431373
v -14 0 -9 1 1 0.4431373
v -13 0 -9 1 1 0.4431373
v -13 0 -11 1 1 0.4431373
v -14 0 -11 1 1 0.4431373
v -14 0 -10 1 1 0.4431373
v -13 0 -10 1 1 0.4431373
v -13 0 -12 1 1 0.4431373
v -14 0 -12 1 1 0.4431373
v -14 0 -11 1 1 0.4431373
v -13 0 -11 1 1 0.4431373
v -13 0 -13 1 1 0.4431373
v -14 0 -13 1 1 0.4431373
v -14 0 -12 1 1 0.4431373
v -13 0 -12 1 1 0.4431373
v -13 0 -14 1 1 0.4431373
v -14 0 -14 1 1 0.4431373
v -14 0 -13 1 1 0.4431373
v -13 0 -13 1 1 0.4431373
v -13 0 -15 1 1 0.4431373
v -14 0 -15 1 1 0.4431373
v -14 0 -14 1 1 0.4431373
v -13 0 -14 1 1 0.4431373
v -13 1 -14 0.8 0.8 0.3545098
v -14 1 -14 0.9 0.9 0.3988235
v -14 1 -15 0.9 0.9 0.3988235
v -13 1 -15 0.9 0.9 0.3988235
v -13 0 -16 1 1 0.4431373
v -14 0 -16 1 1 0.4431373
v -14 0 -15 1 1 0.4431373
v -13 0 -15 1 1 0.4431373
v -13 1 -15 0.9 0.9 0.3988235
v -14 1 -15 0.9 0.9 0.3988235
v -14 1 -16 0.8 0.8 0.3545098
v -13 1 -16 0.8 0.8 0.3545098
v -13 2 -2 0.9 0.9 0.3988235
v -14 2 -2 1 1 0.4431373
v -14 2 -3 0.9 0.9 0.3988235
v -13 2 -3 0.8 0.8 0.3545098
v -14 1 -2 0.8 0.8 0.3545098
v -14 2 -2 1 1 0.4431373
v -13 2 -2 0.9 0.9 0.3988235
v -13 1 -2 0.8 0.8 0.3545098
v -14 1 -3 0.8 0.8 0.3545098
v -14 2 -3 0.9 0.9 0.3988235
v -14 2 -2 1 1 0.4431373
v -14 1 -2 0.8 0.8 0.3545098
v -13 1 -4 0.8 0.8 0.3545098
v -13 2 -4 0.8 0.8 0.3545098
v -13 2 -5 0.8 0.8 0.3545098
v -13 1 -5 0.8 0.8 0.3545098
v -13 1 -5 0.8 0.8 0.3545098
v -13 2 -5 0.8 0.8 0.3545098
v -13 2 -6 0.8 0.8 0.3545098
v -13 1 -6 0.8 0.8 0.3545098
v -14 1 -6 0.8 0.8 0.3545098
v -14 2 -6 1 1 0.4431373
v -14 2 -5 0.9 0.9 0.3988235
v -14 1 -5 0.8 0.8 0.3545098
v -13 2 -6 0.8 0.8 0.3545098
v -14 2 -6 0.9 0.9 0.3988235
v -14 2 -7 0.9 0.9 0.3988235
v -13 2 -7 0.8 0.8 0.3545098
v -14 1 -7 0.8 0.8 0.3545098
v -14 2 -7 1 1 0.4431373
v -14 2 -6 1 1 0.4431373
v -14 1 -6 0.8 0.8 0.3545098
v -13 1 -7 0.8 0.8 0.3545098
v -13 2 -7 0.8 0.8 0.3545098
v -13 2 -8 0.8 0.8 0.3545098
v -13 1 -8 0.8 0.8 0.3545098
v -14 1 -8 0.8 0.8 0.3545098
v -14 2 -8 1 1 0.4431373
v -14 2 -7 1 1 0.4431373
v -14 1 -7 0.8 0.8 0.3545098
v -13 1 -8 0.8 0.8 0.3545098
v -13 2 -8 0.8 0.8 0.3545098
v -13 2 -9 0.8 0.8 0.3545098
v -13 1 -9 0.8 0.8 0.3545098
v -14 1 -9 0.8 0.8 0.3545098
v -14 2 -9 1 1 0.4431373
v -14 2 -8 1 1 0.4431373
v -14 1 -8 0.8 0.8 0.3545098
v -13 2 -9 0.8 0.8 0.3545098
v -14 2 -9 0.9 0.9 0.3988235
v -14 2 -10 0.9 0.9 0.3988235
v -13 2 -10 0.8 0.8 0.3545098
v -14 1 -10 0.8 0.8 0.3545098
v -14 2 -10 1 1 0.4431373
v -14 2 -9 1 1 0.4431373
v -14 1 -9 0.8 0.8 0.3545098
v -13 1 -10 0.8 0.8 0.3545098
v -13 2 -10 0.8 0.8 0.3545098
v -13 2 -11 0.8 0.8 0.3545098
v -13 1 -11 0.8 0.8 0.3545098
v -14 1 -11 0.8 0.8 0.3545098
v -14 2 -11 0.9 0.9 0.3988235
v -14 2 -10 1 1 0.4431373
v -14 1 -10 0.8 0.8 0.3545098
v -13 1 -11 0.8 0.8 0.3545098
v -13 2 -11 0.8 0.8 0.3545098
v -13 2 -12 0.8 0.8 0.3545098
v -13 1 -12 0.8 0.8 0.3545098
v -13 2 -13 0.8 0.8 0.3545098
v -14 2 -13 0.9 0.9 0.3988235
v -14 2 -14 1 1 0.4431373
v -13 2 -14 0.9 0.9 0.3988235
v -13 1 -14 0.8 0.8 0.3545098
v -13 2 -14 0.9 0.9 0.3988235
v -14 2 -14 1 1 0.4431373
v -14 1 -14 0.8 0.8 0.3545098
v -14 1 -14 0.8 0.8 0.3545098
v -14 2 -14 1 1 0.4431373
v -14 2 -13 0.9 0.9 0.3988235
v -14 1 -13 0.8 0.8 0.3545098
v -13 3 -3 1 1 0.4431373
v -14 3 -3 1 1 0.4431373
v -14 3 -4 1 1 0.4431373
v -13 3 -4 1 1 0.4431373
v -14 2 -3 0.9 0.9 0.3988235
v -14 3 -3 1 1 0.4431373
v -13 3 -3 0.9 0.9 0.3988235
v -13 2 -3 0.8 0.8 0.3545098
v -14 2 -4 0.8 0.8 0.3545098
v -14 3 -4 1 1 0.4431373
v -14 3 -3 1 1 0.4431373
v -14 2 -3 0.9 0.9 0.3988235
v -13 3 -4 1 1 0.4431373
v -14 3 -4 1 1 0.4431373
v -14 3 -5 1 1 0.4431373
v -13 3 -5 0.9 0.9 0.3988235
v -14 2 -5 0.9 0.9 0.3988235
v -14 3 -5 1 1 0.4431373
v -14 3 -4 1 1 0.4431373
v -14 2 -4 0.8 0.8 0.3545098
v -13 3 -5 0.9 0.9 0.3988235
v -14 3 -5 1 1 0.4431373
v -14 3 -6 1 1 0.4431373
v -13 3 -6 0.8 0.8 0.3545098
v -13 2 -6 0.8 0.8 0.3545098
v -13 3 -6 0.8 0.8 0.3545098
v -14 3 -6 1 1 0.4431373
v -14 2 -6 0.9 0.9 0.3988235
v -14 2 -6 1 1 0.4431373
v -14 3 -6 1 1 0.4431373
v -14 3 -5 1 1 0.4431373
v -14 2 -5 0.9 0.9 0.3988235
v -13 3 -7 0.8 0.8 0.3545098
v -14 3 -7 1 1 0.4431373
v -14 3 -8 1 1 0.4431373
v -13 3 -8 0.8 0.8 0.3545098
v -14 2 -7 0.9 0.9 0.3988235
v -14 3 -7 1 1 0.4431373
v -13 3 -7 0.8 0.8 0.3545098
v -13 2 -7 0.8 0.8 0.3545098
v -14 2 -8 1 1 0.4431373
v -14 3 -8 1 1 0.4431373
v -14 3 -7 1 1 0.4431373
v -14 2 -7 1 1 0.4431373
v -13 3 -8 0.8 0.8 0.3545098
v -14 3 -8 1 1 0.4431373
v -14 3 -9 1 1 0.4431373
v -13 3 -9 0.8 0.8 0.3545098
v -13 2 -9 0.8 0.8 0.3545098
v -13 3 -9 0.8 0.8 0.3545098
v -14 3 -9 1 1 0.4431373
v -14 2 -9 0.9 0.9 0.3988235
v -14 2 -9 1 1 0.4431373
v -14 3 -9 1 1 0.4431373
v -14 3 -8 1 1 0.4431373
v -14 2 -8 1 1 0.4431373
v -13 3 -10 0.8 0.8 0.3545098
v -14 3 -10 1 1 0.4431373
v -14 3 -11 1 1 0.4431373
v -13 3 -11 0.9 0.9 0.3988235
v -14 2 -10 0.9 0.9 0.3988235
v -14 3 -10 1 1 0.4431373
v -13 3 -10 0.8 0.8 0.3545098
v -13 2 -10 0.8 0.8 0.3545098
v -14 2 -11 0.9 0.9 0.3988235
v -14 3 -11 1 1 0.4431373
v -14 3 -10 1 1 0.4431373
v -14 2 -10 1 1 0.4431373
v -13 3 -11 0.9 0.9 0.3988235
v -14 3 -11 1 1 0.4431373
v -14 3 -12 1 1 0.4431373
v -13 3 -12 1 1 0.4431373
v -14 2 -12 0.8 0.8 0.3545098
v -14 3 -12 1 1 0.4431373
v -14 3 -11 1 1 0.4431373
v -14 2 -11 0.9 0.9 0.3988235
v -13 3 -12 1 1 0.4431373
v -14 3 -12 1 1 0.4431373
v -14 3 -13 1 1 0.4431373
v -13 3 -13 1 1 0.4431373
v -13 2 -13 0.8 0.8 0.3545098
v -13 3 -13 0.9 0.9 0.3988235
v -14 3 -13 1 1 0.4431373
v -14 2 -13 0.9 0.9 0.3988235
v -14 2 -13 0.9 0.9 0.3988235
v -14 3 -13 1 1 0.4431373
v -14 3 -12 1 1 0.4431373
v -14 2 -12 0.8 0.8 0.3545098
v -13 4 -6 0.5741177 0 0
v -14 4 -6 0.7176471 0 0
v -14 4 -5 0.7176471 0 0
v -13 4 -5 0.6458824 0 0
v -13 5 -5 0.6458824 0 0
v -14 5 -5 0.7176471 0 0
v -14 5 -6 0.6458824 0 0
v -13 5 -6 0.5741177 0 0
v -14 4 -5 0.7176471 0 0
v -14 5 -5 0.7176471 0 0
v -13 5 -5 0.6458824 0 0
v -13 4 -5 0.6458824 0 0
v -13 4 -6 0.5741177 0 0
v -13 5 -6 0.5741177 0 0
v -14 5 -6 0.6458824 0 0
v -14 4 -6 0.7176471 0 0
v -14 4 -6 0.7176471 0 0
v -14 5 -6 0.7176471 0 0
v -14 5 -5 0.7176471 0 0
v -14 4 -5 0.7176471 0 0
v -13 4 -8 0.5741177 0 0
v -14 4 -8 0.7176471 0 0
v -14 4 -7 0.7176471 0 0
v -13 4 -7 0.5741177 0 0
v -13 5 -7 0.5741177 0 0
v -14 5 -7 0.6458824 0 0
v -14 5 -8 0.7176471 0 0
v -13 5 -8 0.5741177 0 0
v -14 4 -7 0.7176471 0 0
v -14 5 -7 0.6458824 0 0
v -13 5 -7 0.5741177 0 0
v -13 4 -7 0.5741177 0 0
v -14 4 -8 0.7176471 0 0
v -14 5 -8 0.7176471 0 0
v -14 5 -7 0.7176471 0 0
v -14 4 -7 0.7176471 0 0
v -13 4 -9 0.5741177 0 0
v -14 4 -9 0.7176471 0 0
v -14 4 -8 0.7176471 0 0
v -13 4 -8 0.5741177 0 0
v -13 5 -8 0.5741177 0 0
v -14 5 -8 0.7176471 0 0
v -14 5 -9 0.6458824 0 0
v -13 5 -9 0.5741177 0 0
v -13 4 -9 0.5741177 0 0
v -13 5 -9 0.5741177 0 0
v -14 5 -9 0.6458824 0 0
v -14 4 -9 0.7176471 0 0
v -14 4 -9 0.7176471 0 0
v -14 5 -9 0.7176471 0 0
v -14 5 -8 0.7176471 0 0
v -14 4 -8 0.7176471 0 0
v -13 4 -11 0.6458824 0 0
v -14 4 -11 0.7176471 0 0
v -14 4 -10 0.7176471 0 0
v -13 4 -10 0.5741177 0 0
v -13 5 -10 0.5741177 0 0
v -14 5 -10 0.6458824 0 0
v -14 5 -11 0.7176471 0 0
v -13 5 -11 0.6458824 0 0
v -14 4 -10 0.7176471 0 0
v -14 5 -10 0.6458824 0 0
v -13 5 -10 0.5741177 0 0
v -13 4 -10 0.5741177 0 0
v -13 4 -11 0.6458824 0 0
v -13 5 -11 0.6458824 0 0
v -14 5 -11 0.7176471 0 0
v -14 4 -11 0.7176471 0 0
v -14 4 -11 0.7176471 0 0
v -14 5 -11 0.7176471 0 0
v -14 5 -10 0.7176471 0 0
v -14 4 -10 0.7176471 0 0
v -13 5 -7 0.5741177 0 0
v -14 5 -7 0.6458824 0 0
v -14 5 -6 0.6458824 0 0
v -13 5 -6 0.5741177 0 0
v -13 6 -6 0.7176471 0 0
v -14 6 -6 0.7176471 0 0
v -14 6 -7 0.7176471 0 0
v -13 6 -7 0.7176471 0 0
v -14 5 -6 0.6458824 0 0
v -14 6 -6 0.7176471 0 0
v -13 6 -6 0.6458824 0 0
v -13 5 -6 0.5741177 0 0
v -13 5 -7 0.5741177 0 0
v -13 6 -7 0.6458824 0 0
v -14 6 -7 0.7176471 0 0
v -14 5 -7 0.6458824 0 0
v -14 5 -7 0.7176471 0 0
v -14 6 -7 0.7176471 0 0
v -14 6 -6 0.7176471 0 0
v -14 5 -6 0.7176471 0 0
v -13 5 -10 0.5741177 0 0
v -14 5 -10 0.6458824 0 0
v -14 5 -9 0.6458824 0 0
v -13 5 -9 0.5741177 0 0
v -13 6 -9 0.7176471 0 0
v -14 6 -9 0.7176471 0 0
v -14 6 -10 0.7176471 0 0
v -13 6 -10 0.7176471 0 0
v -14 5 -9 0.6458824 0 0
v -14 6 -9 0.7176471 0 0
v -13 6 -9 0.6458824 0 0
v -13 5 -9 0.5741177 0 0
v -13 5 -10 0.5741177 0 0
v -13 6 -10 0.6458824 0 0
v -14 6 -10 0.7176471 0 0
v -14 5 -10 0.6458824 0 0
v -14 5 -10 0.7176471 0 0
v -14 6 -10 0.7176471 0 0
v -14 6 -9 0.7176471 0 0
v -14 5 -9 0.7176471 0 0
v -14 0 -1 1 1 0.4431373
v -15 0 -1 1 1 0.4431373
v -15 0 0 1 1 0.4431373
v -14 0 0 1 1 0.4431373
v -15 0 0 1 1 0.4431373
v -15 1 0 1 1 0.4431373
v -14 1 0 0.8 0.8 0.3545098
v -14 0 0 0.9 0.9 0.3988235
v -15 0 -1 0.9 0.9 0.3988235
v -15 1 -1 0.8 0.8 0.3545098
v -15 1 0 1 1 0.4431373
v -15 0 0 1 1 0.4431373
v -14 0 -2 1 1 0.4431373
v -15 0 -2 1 1 0.4431373
v -15 0 -1 1 1 0.4431373
v -14 0 -1 1 1 0.4431373
v -14 1 -1 0.9 0.9 0.3988235
v -15 1 -1 0.8 0.8 0.3545098
v -15 1 -2 0.9 0.9 0.3988235
v -14 1 -2 0.9 0.9 0.3988235
v -14 0 -3 1 1 0.4431373
v -15 0 -3 1 1 0.4431373
v -15 0 -2 1 1 0.4431373
v -14 0 -2 1 1 0.4431373
v -14 1 -2 0.9 0.9 0.3988235
v -15 1 -2 0.9 0.9 0.3988235
v -15 1 -3 0.9 0.9 0.3988235
v -14 1 -3 0.8 0.8 0.3545098
v -14 0 -4 1 1 0.4431373
v -15 0 -4 1 1 0.4431373
v -15 0 -3 1 1 0.4431373
v -14 0 -3 1 1 0.4431373
v -14 0 -5 1 1 0.4431373
v -15 0 -5 1 1 0.4431373
v -15 0 -4 1 1 0.4431373
v -14 0 -4 1 1 0.4431373
v -14 0 -6 1 1 0.4431373
v -15 0 -6 1 1 0.4431373
v -15 0 -5 1 1 0.4431373
v -14 0 -5 1 1 0.4431373
v -14 1 -5 0.8 0.8 0.3545098
v -15 1 -5 0.9 0.9 0.3988235
v -15 1 -6 1 1 0.4431373
v -14 1 -6 0.8 0.8 0.3545098
v -14 0 -7 1 1 0.4431373
v -15 0 -7 1 1 0.4431373
v -15 0 -6 1 1 0.4431373
v -14 0 -6 1 1 0.4431373
v -14 1 -6 0.8 0.8 0.3545098
v -15 1 -6 1 1 0.4431373
v -15 1 -7 1 1 0.4431373
v -14 1 -7 0.8 0.8 0.3545098
v -14 0 -8 1 1 0.4431373
v -15 0 -8 1 1 0.4431373
v -15 0 -7 1 1 0.4431373
v -14 0 -7 1 1 0.4431373
v -14 1 -7 0.8 0.8 0.3545098
v -15 1 -7 1 1 0.4431373
v -15 1 -8 1 1 0.4431373
v -14 1 -8 0.8 0.8 0.3545098
v -14 0 -9 1 1 0.4431373
v -15 0 -9 1 1 0.4431373
v -15 0 -8 1 1 0.4431373
v -14 0 -8 1 1 0.4431373
v -14 1 -8 0.8 0.8 0.3545098
v -15 1 -8 1 1 0.4431373
v -15 1 -9 1 1 0.4431373
v -14 1 -9 0.8 0.8 0.3545098
v -14 0 -10 1 1 0.4431373
v -15 0 -10 1 1 0.4431373
v -15 0 -9 1 1 0.4431373
v -14 0 -9 1 1 0.4431373
v -14 1 -9 0.8 0.8 0.3545098
v -15 1 -9 1 1 0.4431373
v -15 1 -10 1 1 0.4431373
v -14 1 -10 0.8 0.8 0.3545098
v -14 0 -11 1 1 0.4431373
v -15 0 -11 1 1 0.4431373
v -15 0 -10 1 1 0.4431373
v -14 0 -10 1 1 0.4431373
v -14 1 -10 0.8 0.8 0.3545098
v -15 1 -10 1 1 0.4431373
v -15 1 -11 0.9 0.9 0.3988235
v -14 1 -11 0.8 0.8 0.3545098
v -14 0 -12 1 1 0.4431373
v -15 0 -12 1 1 0.4431373
v -15 0 -11 1 1 0.4431373
v -14 0 -11 1 1 0.4431373
v -14 0 -13 1 1 0.4431373
v -15 0 -13 1 1 0.4431373
v -15 0 -12 1 1 0.4431373
v -14 0 -12 1 1 0.4431373
v -14 0 -14 1 1 0.4431373
v -15 0 -14 1 1 0.4431373
v -15 0 -13 1 1 0.4431373
v -14 0 -13 1 1 0.4431373
v -14 1 -13 0.8 0.8 0.3545098
v -15 1 -13 0.9 0.9 0.3988235
v -15 1 -14 0.9 0.9 0.3988235
v -14 1 -14 0.9 0.9 0.3988235
v -14 0 -15 1 1 0.4431373
v -15 0 -15 1 1 0.4431373
v -15 0 -14 1 1 0.4431373
v -14 0 -14 1 1 0.4431373
v -14 1 -14 0.9 0.9 0.3988235
v -15 1 -14 0.9 0.9 0.3988235
v -15 1 -15 0.8 0.8 0.3545098
v -14 1 -15 0.9 0.9 0.3988235
v -14 0 -16 1 1 0.4431373
v -15 0 -16 1 1 0.4431373
v -15 0 -15 1 1 0.4431373
v -14 0 -15 1 1 0.4431373
v -14 0 -16 0.9 0.9 0.3988235
v -14 1 -16 0.8 0.8 0.3545098
v -15 1 -16 1 1 0.4431373
v -15 0 -16 1 1 0.4431373
v -15 0 -16 1 1 0.4431373
v -15 1 -16 1 1 0.4431373
v -15 1 -15 0.8 0.8 0.3545098
v -15 0 -15 0.9 0.9 0.3988235
v -14 2 0 0.9 0.9 0.3988235
v -15 2 0 0.8 0.8 0.3545098
v -15 2 -1 0.9 0.9 0.3988235
v -14 2 -1 1 1 0.4431373
v -15 1 0 1 1 0.4431373
v -15 2 0 0.9 0.9 0.3988235
v -14 2 0 0.8 0.8 0.3545098
v -14 1 0 0.8 0.8 0.3545098
v -14 1 -1 0.8 0.8 0.3545098
v -14 2 -1 1 1 0.4431373
v -15 2 -1 0.9 0.9 0.3988235
v -15 1 -1 0.8 0.8 0.3545098
v -14 1 0 0.8 0.8 0.3545098
v -14 2 0 0.9 0.9 0.3988235
v -14 2 -1 1 1 0.4431373
v -14 1 -1 0.8 0.8 0.3545098
v -15 1 -1 0.8 0.8 0.3545098
v -15 2 -1 0.8 0.8 0.3545098
v -15 2 0 0.9 0.9 0.3988235
v -15 1 0 1 1 0.4431373
v -14 2 -3 0.9 0.9 0.3988235
v -15 2 -3 1 1 0.4431373
v -15 2 -4 1 1 0.4431373
v -14 2 -4 0.8 0.8 0.3545098
v -15 1 -3 0.8 0.8 0.3545098
v -15 2 -3 1 1 0.4431373
v -14 2 -3 0.9 0.9 0.3988235
v -14 1 -3 0.8 0.8 0.3545098
v -15 1 -4 0.8 0.8 0.3545098
v -15 2 -4 1 1 0.4431373
v -15 2 -3 1 1 0.4431373
v -15 1 -3 0.8 0.8 0.3545098
v -14 2 -4 0.8 0.8 0.3545098
v -15 2 -4 1 1 0.4431373
v -15 2 -5 1 1 0.4431373
v -14 2 -5 0.8 0.8 0.3545098
v -14 1 -5 0.8 0.8 0.3545098
v -14 2 -5 0.8 0.8 0.3545098
v -15 2 -5 1 1 0.4431373
v -15 1 -5 0.8 0.8 0.3545098
v -15 1 -5 0.8 0.8 0.3545098
v -15 2 -5 1 1 0.4431373
v -15 2 -4 1 1 0.4431373
v -15 1 -4 0.8 0.8 0.3545098
v -14 2 -11 0.8 0.8 0.3545098
v -15 2 -11 1 1 0.4431373
v -15 2 -12 1 1 0.4431373
v -14 2 -12 0.8 0.8 0.3545098
v -15 1 -11 0.8 0.8 0.3545098
v -15 2 -11 1 1 0.4431373
v -14 2 -11 0.8 0.8 0.3545098
v -14 1 -11 0.8 0.8 0.3545098
v -15 1 -12 0.8 0.8 0.3545098
v -15 2 -12 1 1 0.4431373
v -15 2 -11 1 1 0.4431373
v -15 1 -11 0.8 0.8 0.3545098
v -14 2 -12 0.8 0.8 0.3545098
v -15 2 -12 1 1 0.4431373
v -15 2 -13 1 1 0.4431373
v -14 2 -13 0.9 0.9 0.3988235
v -14 1 -13 0.8 0.8 0.3545098
v -14 2 -13 0.9 0.9 0.3988235
v -15 2 -13 1 1 0.4431373
v -15 1 -13 0.8 0.8 0.3545098
v -15 1 -13 0.8 0.8 0.3545098
v -15 2 -13 1 1 0.4431373
v -15 2 -12 1 1 0.4431373
v -15 1 -12 0.8 0.8 0.3545098
v -14 2 -15 1 1 0.4431373
v -15 2 -15 0.9 0.9 0.3988235
v -15 2 -16 0.8 0.8 0.3545098
v -14 2 -16 0.9 0.9 0.3988235
v -15 1 -15 0.8 0.8 0.3545098
v -15 2 -15 0.9 0.9 0.3988235
v -14 2 -15 1 1 0.4431373
v -14 1 -15 0.8 0.8 0.3545098
v -14 1 -16 0.8 0.8 0.3545098
v -14 2 -16 0.8 0.8 0.3545098
v -15 2 -16 0.9 0.9 0.3988235
v -15 1 -16 1 1 0.4431373
v -14 1 -15 0.8 0.8 0.3545098
v -14 2 -15 1 1 0.4431373
v -14 2 -16 0.9 0.9 0.3988235
v -14 1 -16 0.8 0.8 0.3545098
v -15 1 -16 1 1 0.4431373
v -15 2 -16 0.9 0.9 0.3988235
v -15 2 -15 0.8 0.8 0.3545098
v -15 1 -15 0.8 0.8 0.3545098
v -15 0 -2 1 1 0.4431373
v -16 0 -2 1 1 0.4431373
v -16 0 -1 1 1 0.4431373
v -15 0 -1 1 1 0.4431373
v -16 0 -1 1 1 0.4431373
v -16 1 -1 1 1 0.4431373
v -15 1 -1 0.8 0.8 0.3545098
v -15 0 -1 0.9 0.9 0.3988235
v -16 0 -2 0.9 0.9 0.3988235
v -16 1 -2 0.8 0.8 0.3545098
v -16 1 -1 1 1 0.4431373
v -16 0 -1 1 1 0.4431373
v -15 0 -3 1 1 0.4431373
v -16 0 -3 1 1 0.4431373
v -16 0 -2 1 1 0.4431373
v -15 0 -2 1 1 0.4431373
v -15 1 -2 0.9 0.9 0.3988235
v -16 1 -2 0.8 0.8 0.3545098
v -16 1 -3 0.8 0.8 0.3545098
v -15 1 -3 0.9 0.9 0.3988235
v -15 0 -4 1 1 0.4431373
v -16 0 -4 1 1 0.4431373
v -16 0 -3 1 1 0.4431373
v -15 0 -3 1 1 0.4431373
v -15 1 -3 0.9 0.9 0.3988235
v -16 1 -3 0.8 0.8 0.3545098
v -16 1 -4 0.9 0.9 0.3988235
v -15 1 -4 0.8 0.8 0.3545098
v -15 0 -5 1 1 0.4431373
v -16 0 -5 1 1 0.4431373
v -16 0 -4 1 1 0.4431373
v -15 0 -4 1 1 0.4431373
v -15 1 -4 0.8 0.8 0.3545098
v -16 1 -4 0.9 0.9 0.3988235
v -16 1 -5 1 1 0.4431373
v -15 1 -5 0.9 0.9 0.3988235
v -15 0 -6 1 1 0.4431373
v -16 0 -6 1 1 0.4431373
v -16 0 -5 1 1 0.4431373
v -15 0 -5 1 1 0.4431373
v -15 1 -5 0.9 0.9 0.3988235
v -16 1 -5 1 1 0.4431373
v -16 1 -6 1 1 0.4431373
v -15 1 -6 1 1 0.4431373
v -15 0 -7 1 1 0.4431373
v -16 0 -7 1 1 0.4431373
v -16 0 -6 1 1 0.4431373
v -15 0 -6 1 1 0.4431373
v -15 1 -6 1 1 0.4431373
v -16 1 -6 1 1 0.4431373
v -16 1 -7 1 1 0.4431373
v -15 1 -7 1 1 0.4431373
v -15 0 -8 1 1 0.4431373
v -16 0 -8 1 1 0.4431373
v -16 0 -7 1 1 0.4431373
v -15 0 -7 1 1 0.4431373
v -15 1 -7 1 1 0.4431373
v -16 1 -7 1 1 0.4431373
v -16 1 -8 1 1 0.4431373
v -15 1 -8 1 1 0.4431373
v -15 0 -9 1 1 0.4431373
v -16 0 -9 1 1 0.4431373
v -16 0 -8 1 1 0.4431373
v -15 0 -8 1 1 0.4431373
v -15 1 -8 1 1 0.4431373
v -16 1 -8 1 1 0.4431373
v -16 1 -9 1 1 0.4431373
v -15 1 -9 1 1 0.4431373
v -15 0 -10 1 1 0.4431373
v -16 0 -10 1 1 0.4431373
v -16 0 -9 1 1 0.4431373
v -15 0 -9 1 1 0.4431373
v -15 1 -9 1 1 0.4431373
v -16 1 -9 1 1 0.4431373
v -16 1 -10 1 1 0.4431373
v -15 1 -10 1 1 0.4431373
v -15 0 -11 1 1 0.4431373
v -16 0 -11 1 1 0.4431373
v -16 0 -10 1 1 0.4431373
v -15 0 -10 1 1 0.4431373
v -15 1 -10 1 1 0.4431373
v -16 1 -10 1 1 0.4431373
v -16 1 -11 1 1 0.4431373
v -15 1 -11 0.9 0.9 0.3988235
v -15 0 -12 1 1 0.4431373
v -16 0 -12 1 1 0.4431373
v -16 0 -11 1 1 0.4431373
v -15 0 -11 1 1 0.4431373
v -15 1 -11 0.9 0.9 0.3988235
v -16 1 -11 1 1 0.4431373
v -16 1 -12 0.9 0.9 0.3988235
v -15 1 -12 0.8 0.8 0.3545098
v -15 0 -13 1 1 0.4431373
v -16 0 -13 1 1 0.4431373
v -16 0 -12 1 1 0.4431373
v -15 0 -12 1 1 0.4431373
v -15 1 -12 0.8 0.8 0.3545098
v -16 1 -12 0.9 0.9 0.3988235
v -16 1 -13 0.8 0.8 0.3545098
v -15 1 -13 0.9 0.9 0.3988235
v -15 0 -14 1 1 0.4431373
v -16 0 -14 1 1 0.4431373
v -16 0 -13 1 1 0.4431373
v -15 0 -13 1 1 0.4431373
v -15 1 -13 0.9 0.9 0.3988235
v -16 1 -13 0.8 0.8 0.3545098
v -16 1 -14 0.8 0.8 0.3545098
v -15 1 -14 0.9 0.9 0.3988235
v -15 0 -15 1 1 0.4431373
v -16 0 -15 1 1 0.4431373
v -16 0 -14 1 1 0.4431373
v -15 0 -14 1 1 0.4431373
v -15 0 -15 0.9 0.9 0.3988235
v -15 1 -15 0.8 0.8 0.3545098
v -16 1 -15 1 1 0.4431373
v -16 0 -15 1 1 0.4431373
v -16 0 -15 1 1 0.4431373
v -16 1 -15 1 1 0.4431373
v -16 1 -14 0.8 0.8 0.3545098
v -16 0 -14 0.9 0.9 0.3988235
v -15 2 -1 0.9 0.9 0.3988235
v -16 2 -1 0.8 0.8 0.3545098
v -16 2 -2 0.9 0.9 0.3988235
v -15 2 -2 1 1 0.4431373
v -16 1 -1 1 1 0.4431373
v -16 2 -1 0.9 0.9 0.3988235
v -15 2 -1 0.8 0.8 0.3545098
v -15 1 -1 0.8 0.8 0.3545098
v -15 1 -2 0.8 0.8 0.3545098
v -15 2 -2 1 1 0.4431373
v -16 2 -2 0.9 0.9 0.3988235
v -16 1 -2 0.8 0.8 0.3545098
v -15 1 -1 0.8 0.8 0.3545098
v -15 2 -1 0.9 0.9 0.3988235
v -15 2 -2 1 1 0.4431373
v -15 1 -2 0.8 0.8 0.3545098
v -16 1 -2 0.8 0.8 0.3545098
v -16 2 -2 0.8 0.8 0.3545098
v -16 2 -1 0.9 0.9 0.3988235
v -16 1 -1 1 1 0.4431373
v -15 2 -14 1 1 0.4431373
v -16 2 -14 0.9 0.9 0.3988235
v -16 2 -15 0.8 0.8 0.3545098
v -15 2 -15 0.9 0.9 0.3988235
v -16 1 -14 0.8 0.8 0.3545098
v -16 2 -14 0.9 0.9 0.3988235
v -15 2 -14 1 1 0.4431373
v -15 1 -14 0.8 0.8 0.3545098
v -15 1 -15 0.8 0.8 0.3545098
v -15 2 -15 0.8 0.8 0.3545098
v -16 2 -15 0.9 0.9 0.3988235
v -16 1 -15 1 1 0.4431373
v -15 1 -14 0.8 0.8 0.3545098
v -15 2 -14 1 1 0.4431373
v -15 2 -15 0.9 0.9 0.3988235
v -15 1 -15 0.8 0.8 0.3545098
v -16 1 -15 1 1 0.4431373
v -16 2 -15 0.9 0.9 0.3988235
v -16 2 -14 0.8 0.8 0.3545098
v -16 1 -14 0.8 0.8 0.3545098
v -15 2 -1 0.8 0.8 0.3545098
v -16 2 -1 0.9 0.9 0.3988235
v -16 2 0 1 1 0.4431373
v -15 2 0 0.9 0.9 0.3988235
v -16 2 0 1 1 0.4431373
v -16 3 0 1 1 0.4431373
v -15 3 0 0.8 0.8 0.3545098
v -15 2 0 0.9 0.9 0.3988235
v -15 2 -1 0.9 0.9 0.3988235
v -15 3 -1 1 1 0.4431373
v -16 3 -1 0.8 0.8 0.3545098
v -16 2 -1 0.8 0.8 0.3545098
v -15 2 0 0.8 0.8 0.3545098
v -15 3 0 0.8 0.8 0.3545098
v -15 3 -1 1 1 0.4431373
v -15 2 -1 0.9 0.9 0.3988235
v -16 2 -1 0.9 0.9 0.3988235
v -16 3 -1 0.8 0.8 0.3545098
v -16 3 0 1 1 0.4431373
v -16 2 0 1 1 0.4431373
v -15 2 -16 0.9 0.9 0.3988235
v -16 2 -16 1 1 0.4431373
v -16 2 -15 0.9 0.9 0.3988235
v -15 2 -15 0.8 0.8 0.3545098
v -16 2 -15 0.8 0.8 0.3545098
v -16 3 -15 0.8 0.8 0.3545098
v -15 3 -15 1 1 0.4431373
v -15 2 -15 0.9 0.9 0.3988235
v -15 2 -16 0.9 0.9 0.3988235
v -15 3 -16 0.8 0.8 0.3545098
v -16 3 -16 1 1 0.4431373
v -16 2 -16 1 1 0.4431373
v -15 2 -15 0.9 0.9 0.3988235
v -15 3 -15 1 1 0.4431373
v -15 3 -16 0.8 0.8 0.3545098
v -15 2 -16 0.8 0.8 0.3545098
v -16 2 -16 1 1 0.4431373
v -16 3 -16 1 1 0.4431373
v -16 3 -15 0.8 0.8 0.3545098
v -16 2 -15 0.9 0.9 0.3988235
v -15 4 0 0.1058824 0.1058824 0.1058824
v -16 4 0 0.1058824 0.1058824 0.1058824
v -16 4 -1 0.1058824 0.1058824 0.1058824
v -15 4 -1 0.1058824 0.1058824 0.1058824
v -16 3 0 0.1058824 0.1058824 0.1058824
v -16 4 0 0.1058824 0.1058824 0.1058824
v -15 4 0 0.09529412 0.09529412 0.09529412
v -15 3 0 0.08470588 0.08470588 0.08470588
v -15 3 -1 0.1058824 0.1058824 0.1058824
v -15 4 -1 0.1058824 0.1058824 0.1058824
v -16 4 -1 0.09529412 0.09529412 0.09529412
v -16 3 -1 0.08470588 0.08470588 0.08470588
v -15 3 0 0.08470588 0.08470588 0.08470588
v -15 4 0 0.09529412 0.09529412 0.09529412
v -15 4 -1 0.1058824 0.1058824 0.1058824
v -15 3 -1 0.1058824 0.1058824 0.1058824
v -16 3 -1 0.08470588 0.08470588 0.08470588
v -16 4 -1 0.09529412 0.09529412 0.09529412
v -16 4 0 0.1058824 0.1058824 0.1058824
v -16 3 0 0.1058824 0.1058824 0.1058824
v -15 4 -15 0.1058824 0.1058824 0.1058824
v -16 4 -15 0.1058824 0.1058824 0.1058824
v -16 4 -16 0.1058824 0.1058824 0.1058824
v -15 4 -16 0.1058824 0.1058824 0.1058824
v -16 3 -15 0.08470588 0.08470588 0.08470588
v -16 4 -15 0.09529412 0.09529412 0.09529412
v -15 4 -15 0.1058824 0.1058824 0.1058824
v -15 3 -15 0.1058824 0.1058824 0.1058824
v -15 3 -16 0.08470588 0.08470588 0.08470588
v -15 4 -16 0.09529412 0.09529412 0.09529412
v -16 4 -16 0.1058824 0.1058824 0.1058824
v -16 3 -16 0.1058824 0.1058824 0.1058824
v -15 3 -15 0.1058824 0.1058824 0.1058824
v -15 4 -15 0.1058824 0.1058824 0.1058824
v -15 4 -16 0.09529412 0.09529412 0.09529412
v -15 3 -16 0.08470588 0.08470588 0.08470588
v -16 3 -16 0.1058824 0.1058824 0.1058824
v -16 4 -16 0.1058824 0.1058824 0.1058824
v -16 4 -15 0.09529412 0.09529412 0.09529412
v -16 3 -15 0.08470588 0.08470588 0.08470588
v -1 2 -17 1 1 0.4431373
v -2 2 -17 0.9 0.9 0.3988235
v -2 2 -16 0.8 0.8 0.3545098
v -1 2 -16 0.9 0.9 0.3988235
v -2 2 -16 0.9 0.9 0.3988235
v -2 3 -16 1 1 0.4431373
v -1 3 -16 0.8 0.8 0.3545098
v -1 2 -16 0.8 0.8 0.3545098
v -1 2 -17 1 1 0.4431373
v -1 3 -17 1 1 0.4431373
v -2 3 -17 0.8 0.8 0.3545098
v -2 2 -17 0.9 0.9 0.3988235
v -1 2 -16 0.9 0.9 0.3988235
v -1 3 -16 0.8 0.8 0.3545098
v -1 3 -17 1 1 0.4431373
v -1 2 -17 1 1 0.4431373
v -2 2 -17 0.8 0.8 0.3545098
v -2 3 -17 0.8 0.8 0.3545098
v -2 3 -16 1 1 0.4431373
v -2 2 -16 0.9 0.9 0.3988235
v -1 4 -16 0.1058824 0.1058824 0.1058824
v -2 4 -16 0.1058824 0.1058824 0.1058824
v -2 4 -17 0.1058824 0.1058824 0.1058824
v -1 4 -17 0.1058824 0.1058824 0.1058824
v -2 3 -16 0.1058824 0.1058824 0.1058824
v -2 4 -16 0.1058824 0.1058824 0.1058824
v -1 4 -16 0.09529412 0.09529412 0.09529412
v -1 3 -16 0.08470588 0.08470588 0.08470588
v -1 3 -17 0.1058824 0.1058824 0.1058824
v -1 4 -17 0.1058824 0.1058824 0.1058824
v -2 4 -17 0.09529412 0.09529412 0.09529412
v -2 3 -17 0.08470588 0.08470588 0.08470588
v -1 3 -16 0.08470588 0.08470588 0.08470588
v -1 4 -16 0.09529412 0.09529412 0.09529412
v -1 4 -17 0.1058824 0.1058824 0.1058824
v -1 3 -17 0.1058824 0.1058824 0.1058824
v -2 3 -17 0.08470588 0.08470588 0.08470588
v -2 4 -17 0.09529412 0.09529412 0.09529412
v -2 4 -16 0.1058824 0.1058824 0.1058824
v -2 3 -16 0.1058824 0.1058824 0.1058824
v -2 0 -17 1 1 0.4431373
v -3 0 -17 1 1 0.4431373
v -3 0 -16 1 1 0.4431373
v -2 0 -16 1 1 0.4431373
v -2 0 -17 1 1 0.4431373
v -2 1 -17 1 1 0.4431373
v -3 1 -17 1 1 0.4431373
v -3 0 -17 1 1 0.4431373
v -2 0 -16 0.9 0.9 0.3988235
v -2 1 -16 0.8 0.8 0.3545098
v -2 1 -17 1 1 0.4431373
v -2 0 -17 1 1 0.4431373
v -2 2 -16 0.9 0.9 0.3988235
v -3 2 -16 1 1 0.4431373
v -3 2 -17 0.8 0.8 0.3545098
v -2 2 -17 0.8 0.8 0.3545098
v -3 1 -16 0.8 0.8 0.3545098
v -3 2 -16 1 1 0.4431373
v -2 2 -16 0.9 0.9 0.3988235
v -2 1 -16 0.8 0.8 0.3545098
v -2 1 -17 1 1 0.4431373
v -2 2 -17 0.9 0.9 0.3988235
v -3 2 -17 0.8 0.8 0.3545098
v -3 1 -17 1 1 0.4431373
v -2 1 -16 0.8 0.8 0.3545098
v -2 2 -16 0.8 0.8 0.3545098
v -2 2 -17 0.9 0.9 0.3988235
v -2 1 -17 1 1 0.4431373
v -2 2 -18 1 1 0.4431373
v -3 2 -18 1 1 0.4431373
v -3 2 -17 0.8 0.8 0.3545098
v -2 2 -17 0.9 0.9 0.3988235
v -3 2 -17 0.8 0.8 0.3545098
v -3 3 -17 1 1 0.4431373
v -2 3 -17 0.8 0.8 0.3545098
v -2 2 -17 0.8 0.8 0.3545098
v -2 2 -18 1 1 0.4431373
v -2 3 -18 1 1 0.4431373
v -3 3 -18 1 1 0.4431373
v -3 2 -18 1 1 0.4431373
v -2 2 -17 0.9 0.9 0.3988235
v -2 3 -17 0.8 0.8 0.3545098
v -2 3 -18 1 1 0.4431373
v -2 2 -18 1 1 0.4431373
v -2 4 -17 0.1058824 0.1058824 0.1058824
v -3 4 -17 0.1058824 0.1058824 0.1058824
v -3 4 -18 0.1058824 0.1058824 0.1058824
v -2 4 -18 0.1058824 0.1058824 0.1058824
v -3 3 -17 0.1058824 0.1058824 0.1058824
v -3 4 -17 0.1058824 0.1058824 0.1058824
v -2 4 -17 0.09529412 0.09529412 0.09529412
v -2 3 -17 0.08470588 0.08470588 0.08470588
v -2 3 -18 0.1058824 0.1058824 0.1058824
v -2 4 -18 0.1058824 0.1058824 0.1058824
v -3 4 -18 0.1058824 0.1058824 0.1058824
v -3 3 -18 0.1058824 0.1058824 0.1058824
v -2 3 -17 0.08470588 0.08470588 0.08470588
v -2 4 -17 0.09529412 0.09529412 0.09529412
v -2 4 -18 0.1058824 0.1058824 0.1058824
v -2 3 -18 0.1058824 0.1058824 0.1058824
v -3 0 -17 1 1 0.4431373
v -4 0 -17 1 1 0.4431373
v -4 0 -16 1 1 0.4431373
v -3 0 -16 1 1 0.4431373
v -3 0 -17 1 1 0.4431373
v -3 1 -17 1 1 0.4431373
v -4 1 -17 0.8 0.8 0.3545098
v -4 0 -17 0.9 0.9 0.3988235
v -3 2 -16 1 1 0.4431373
v -4 2 -16 1 1 0.4431373
v -4 2 -17 0.9 0.9 0.3988235
v -3 2 -17 0.8 0.8 0.3545098
v -4 1 -16 0.8 0.8 0.3545098
v -4 2 -16 1 1 0.4431373
v -3 2 -16 1 1 0.4431373
v -3 1 -16 0.8 0.8 0.3545098
v -3 1 -17 1 1 0.4431373
v -3 2 -17 0.8 0.8 0.3545098
v -4 2 -17 0.8 0.8 0.3545098
v -4 1 -17 0.8 0.8 0.3545098
v -4 1 -17 0.8 0.8 0.3545098
v -4 2 -17 0.9 0.9 0.3988235
v -4 2 -16 1 1 0.4431373
v -4 1 -16 0.8 0.8 0.3545098
v -3 2 -18 1 1 0.4431373
v -4 2 -18 0.9 0.9 0.3988235
v -4 2 -17 0.8 0.8 0.3545098
v -3 2 -17 0.8 0.8 0.3545098
v -4 2 -17 0.9 0.9 0.3988235
v -4 3 -17 1 1 0.4431373
v -3 3 -17 1 1 0.4431373
v -3 2 -17 0.8 0.8 0.3545098
v -3 2 -18 1 1 0.4431373
v -3 3 -18 1 1 0.4431373
v -4 3 -18 0.8 0.8 0.3545098
v -4 2 -18 0.9 0.9 0.3988235
v -4 2 -18 0.8 0.8 0.3545098
v -4 3 -18 0.8 0.8 0.3545098
v -4 3 -17 1 1 0.4431373
v -4 2 -17 0.9 0.9 0.3988235
v -3 4 -17 0.1058824 0.1058824 0.1058824
v -4 4 -17 0.1058824 0.1058824 0.1058824
v -4 4 -18 0.1058824 0.1058824 0.1058824
v -3 4 -18 0.1058824 0.1058824 0.1058824
v -4 3 -17 0.1058824 0.1058824 0.1058824
v -4 4 -17 0.1058824 0.1058824 0.1058824
v -3 4 -17 0.1058824 0.1058824 0.1058824
v -3 3 -17 0.1058824 0.1058824 0.1058824
v -3 3 -18 0.1058824 0.1058824 0.1058824
v -3 4 -18 0.1058824 0.1058824 0.1058824
v -4 4 -18 0.09529412 0.09529412 0.09529412
v -4 3 -18 0.08470588 0.08470588 0.08470588
v -4 3 -18 0.08470588 0.08470588 0.08470588
v -4 4 -18 0.09529412 0.09529412 0.09529412
v -4 4 -17 0.1058824 0.1058824 0.1058824
v -4 3 -17 0.1058824 0.1058824 0.1058824
v -4 0 -17 1 1 0.4431373
v -5 0 -17 1 1 0.4431373
v -5 0 -16 1 1 0.4431373
v -4 0 -16 1 1 0.4431373
v -4 1 -16 0.9 0.9 0.3988235
v -5 1 -16 1 1 0.4431373
v -5 1 -17 0.8 0.8 0.3545098
v -4 1 -17 0.8 0.8 0.3545098
v -4 0 -18 1 1 0.4431373
v -5 0 -18 1 1 0.4431373
v -5 0 -17 1 1 0.4431373
v -4 0 -17 1 1 0.4431373
v -4 0 -18 1 1 0.4431373
v -4 1 -18 1 1 0.4431373
v -5 1 -18 1 1 0.4431373
v -5 0 -18 1 1 0.4431373
v -4 0 -17 0.9 0.9 0.3988235
v -4 1 -17 0.8 0.8 0.3545098
v -4 1 -18 1 1 0.4431373
v -4 0 -18 1 1 0.4431373
v -4 2 -17 0.9 0.9 0.3988235
v -5 2 -17 1 1 0.4431373
v -5 2 -18 0.8 0.8 0.3545098
v -4 2 -18 0.8 0.8 0.3545098
v -5 1 -17 0.8 0.8 0.3545098
v -5 2 -17 1 1 0.4431373
v -4 2 -17 0.9 0.9 0.3988235
v -4 1 -17 0.8 0.8 0.3545098
v -4 1 -18 1 1 0.4431373
v -4 2 -18 0.9 0.9 0.3988235
v -5 2 -18 0.8 0.8 0.3545098
v -5 1 -18 1 1 0.4431373
v -4 1 -17 0.8 0.8 0.3545098
v -4 2 -17 0.8 0.8 0.3545098
v -4 2 -18 0.9 0.9 0.3988235
v -4 1 -18 1 1 0.4431373
v -4 2 -19 1 1 0.4431373
v -5 2 -19 1 1 0.4431373
v -5 2 -18 0.8 0.8 0.3545098
v -4 2 -18 0.9 0.9 0.3988235
v -5 2 -18 0.8 0.8 0.3545098
v -5 3 -18 1 1 0.4431373
v -4 3 -18 0.8 0.8 0.3545098
v -4 2 -18 0.8 0.8 0.3545098
v -4 2 -19 1 1 0.4431373
v -4 3 -19 1 1 0.4431373
v -5 3 -19 1 1 0.4431373
v -5 2 -19 1 1 0.4431373
v -4 2 -18 0.9 0.9 0.3988235
v -4 3 -18 0.8 0.8 0.3545098
v -4 3 -19 1 1 0.4431373
v -4 2 -19 1 1 0.4431373
v -4 4 -18 0.1058824 0.1058824 0.1058824
v -5 4 -18 0.1058824 0.1058824 0.1058824
v -5 4 -19 0.1058824 0.1058824 0.1058824
v -4 4 -19 0.1058824 0.1058824 0.1058824
v -5 3 -18 0.1058824 0.1058824 0.1058824
v -5 4 -18 0.1058824 0.1058824 0.1058824
v -4 4 -18 0.09529412 0.09529412 0.09529412
v -4 3 -18 0.08470588 0.08470588 0.08470588
v -4 3 -19 0.1058824 0.1058824 0.1058824
v -4 4 -19 0.1058824 0.1058824 0.1058824
v -5 4 -19 0.1058824 0.1058824 0.1058824
v -5 3 -19 0.1058824 0.1058824 0.1058824
v -4 3 -18 0.08470588 0.08470588 0.08470588
v -4 4 -18 0.09529412 0.09529412 0.09529412
v -4 4 -19 0.1058824 0.1058824 0.1058824
v -4 3 -19 0.1058824 0.1058824 0.1058824
v -5 0 -17 1 1 0.4431373
v -6 0 -17 1 1 0.4431373
v -6 0 -16 1 1 0.4431373
v -5 0 -16 1 1 0.4431373
v -5 1 -16 1 1 0.4431373
v -6 1 -16 1 1 0.4431373
v -6 1 -17 0.9 0.9 0.3988235
v -5 1 -17 0.8 0.8 0.3545098
v -5 0 -18 1 1 0.4431373
v -6 0 -18 1 1 0.4431373
v -6 0 -17 1 1 0.4431373
v -5 0 -17 1 1 0.4431373
v -5 0 -18 1 1 0.4431373
v -5 1 -18 1 1 0.4431373
v -6 1 -18 0.8 0.8 0.3545098
v -6 0 -18 0.9 0.9 0.3988235
v -5 2 -17 1 1 0.4431373
v -6 2 -17 1 1 0.4431373
v -6 2 -18 0.9 0.9 0.3988235
v -5 2 -18 0.8 0.8 0.3545098
v -6 1 -17 0.8 0.8 0.3545098
v -6 2 -17 1 1 0.4431373
v -5 2 -17 1 1 0.4431373
v -5 1 -17 0.8 0.8 0.3545098
v -5 1 -18 1 1 0.4431373
v -5 2 -18 0.8 0.8 0.3545098
v -6 2 -18 0.8 0.8 0.3545098
v -6 1 -18 0.8 0.8 0.3545098
v -6 1 -18 0.8 0.8 0.3545098
v -6 2 -18 0.9 0.9 0.3988235
v -6 2 -17 1 1 0.4431373
v -6 1 -17 0.8 0.8 0.3545098
v -5 2 -19 1 1 0.4431373
v -6 2 -19 0.8 0.8 0.3545098
v -6 2 -18 0.8 0.8 0.3545098
v -5 2 -18 0.8 0.8 0.3545098
v -6 2 -18 0.9 0.9 0.3988235
v -6 3 -18 1 1 0.4431373
v -5 3 -18 1 1 0.4431373
v -5 2 -18 0.8 0.8 0.3545098
v -5 2 -19 1 1 0.4431373
v -5 3 -19 1 1 0.4431373
v -6 3 -19 0.8 0.8 0.3545098
v -6 2 -19 0.8 0.8 0.3545098
v -6 2 -19 0.8 0.8 0.3545098
v -6 3 -19 0.8 0.8 0.3545098
v -6 3 -18 1 1 0.4431373
v -6 2 -18 0.9 0.9 0.3988235
v -5 4 -18 0.1058824 0.1058824 0.1058824
v -6 4 -18 0.1058824 0.1058824 0.1058824
v -6 4 -19 0.1058824 0.1058824 0.1058824
v -5 4 -19 0.1058824 0.1058824 0.1058824
v -6 3 -18 0.1058824 0.1058824 0.1058824
v -6 4 -18 0.1058824 0.1058824 0.1058824
v -5 4 -18 0.1058824 0.1058824 0.1058824
v -5 3 -18 0.1058824 0.1058824 0.1058824
v -5 3 -19 0.1058824 0.1058824 0.1058824
v -5 4 -19 0.1058824 0.1058824 0.1058824
v -6 4 -19 0.09529412 0.09529412 0.09529412
v -6 3 -19 0.08470588 0.08470588 0.08470588
v -6 3 -19 0.08470588 0.08470588 0.08470588
v -6 4 -19 0.09529412 0.09529412 0.09529412
v -6 4 -18 0.1058824 0.1058824 0.1058824
v -6 3 -18 0.1058824 0.1058824 0.1058824
v -6 0 -17 1 1 0.4431373
v -7 0 -17 1 1 0.4431373
v -7 0 -16 1 1 0.4431373
v -6 0 -16 1 1 0.4431373
v -6 1 -16 1 1 0.4431373
v -7 1 -16 1 1 0.4431373
v -7 1 -17 1 1 0.4431373
v -6 1 -17 0.9 0.9 0.3988235
v -6 0 -18 1 1 0.4431373
v -7 0 -18 1 1 0.4431373
v -7 0 -17 1 1 0.4431373
v -6 0 -17 1 1 0.4431373
v -6 1 -17 0.9 0.9 0.3988235
v -7 1 -17 1 1 0.4431373
v -7 1 -18 0.8 0.8 0.3545098
v -6 1 -18 0.8 0.8 0.3545098
v -6 0 -19 1 1 0.4431373
v -7 0 -19 1 1 0.4431373
v -7 0 -18 1 1 0.4431373
v -6 0 -18 1 1 0.4431373
v -6 0 -19 1 1 0.4431373
v -6 1 -19 0.9 0.9 0.3988235
v -7 1 -19 0.9 0.9 0.3988235
v -7 0 -19 1 1 0.4431373
v -6 0 -18 0.9 0.9 0.3988235
v -6 1 -18 0.8 0.8 0.3545098
v -6 1 -19 1 1 0.4431373
v -6 0 -19 1 1 0.4431373
v -6 2 -18 0.9 0.9 0.3988235
v -7 2 -18 1 1 0.4431373
v -7 2 -19 0.8 0.8 0.3545098
v -6 2 -19 0.8 0.8 0.3545098
v -7 1 -18 0.8 0.8 0.3545098
v -7 2 -18 1 1 0.4431373
v -6 2 -18 0.9 0.9 0.3988235
v -6 1 -18 0.8 0.8 0.3545098
v -6 1 -18 0.8 0.8 0.3545098
v -6 2 -18 0.8 0.8 0.3545098
v -6 2 -19 0.9 0.9 0.3988235
v -6 1 -19 1 1 0.4431373
v -6 1 -20 1 1 0.4431373
v -7 1 -20 1 1 0.4431373
v -7 1 -19 0.8 0.8 0.3545098
v -6 1 -19 0.9 0.9 0.3988235
v -6 1 -20 1 1 0.4431373
v -6 2 -20 1 1 0.4431373
v -7 2 -20 1 1 0.4431373
v -7 1 -20 1 1 0.4431373
v -6 1 -19 1 1 0.4431373
v -6 2 -19 0.9 0.9 0.3988235
v -6 2 -20 1 1 0.4431373
v -6 1 -20 1 1 0.4431373
v -7 1 -20 1 1 0.4431373
v -7 2 -20 0.9 0.9 0.3988235
v -7 2 -19 0.8 0.8 0.3545098
v -7 1 -19 0.8 0.8 0.3545098
v -7 2 -19 0.8 0.8 0.3545098
v -7 3 -19 1 1 0.4431373
v -6 3 -19 0.8 0.8 0.3545098
v -6 2 -19 0.8 0.8 0.3545098
v -6 2 -20 1 1 0.4431373
v -6 3 -20 1 1 0.4431373
v -7 3 -20 1 1 0.4431373
v -7 2 -20 1 1 0.4431373
v -6 2 -19 0.9 0.9 0.3988235
v -6 3 -19 0.8 0.8 0.3545098
v -6 3 -20 1 1 0.4431373
v -6 2 -20 1 1 0.4431373
v -6 4 -19 0.1058824 0.1058824 0.1058824
v -7 4 -19 0.1058824 0.1058824 0.1058824
v -7 4 -20 0.1058824 0.1058824 0.1058824
v -6 4 -20 0.1058824 0.1058824 0.1058824
v -7 3 -19 0.1058824 0.1058824 0.1058824
v -7 4 -19 0.1058824 0.1058824 0.1058824
v -6 4 -19 0.09529412 0.09529412 0.09529412
v -6 3 -19 0.08470588 0.08470588 0.08470588
v -6 3 -20 0.1058824 0.1058824 0.1058824
v -6 4 -20 0.1058824 0.1058824 0.1058824
v -7 4 -20 0.1058824 0.1058824 0.1058824
v -7 3 -20 0.1058824 0.1058824 0.1058824
v -6 3 -19 0.08470588 0.08470588 0.08470588
v -6 4 -19 0.09529412 0.09529412 0.09529412
v -6 4 -20 0.1058824 0.1058824 0.1058824
v -6 3 -20 0.1058824 0.1058824 0.1058824
v -7 0 -17 1 1 0.4431373
v -8 0 -17 1 1 0.4431373
v -8 0 -16 1 1 0.4431373
v -7 0 -16 1 1 0.4431373
v -7 1 -16 1 1 0.4431373
v -8 1 -16 1 1 0.4431373
v -8 1 -17 1 1 0.4431373
v -7 1 -17 1 1 0.4431373
v -7 0 -18 1 1 0.4431373
v -8 0 -18 1 1 0.4431373
v -8 0 -17 1 1 0.4431373
v -7 0 -17 1 1 0.4431373
v -7 1 -17 1 1 0.4431373
v -8 1 -17 1 1 0.4431373
v -8 1 -18 0.8 0.8 0.3545098
v -7 1 -18 0.8 0.8 0.3545098
v -7 0 -19 1 1 0.4431373
v -8 0 -19 1 1 0.4431373
v -8 0 -18 1 1 0.4431373
v -7 0 -18 1 1 0.4431373
v -7 0 -19 1 1 0.4431373
v -7 1 -19 0.9 0.9 0.3988235
v -8 1 -19 1 1 0.4431373
v -8 0 -19 1 1 0.4431373
v -7 2 -18 1 1 0.4431373
v -8 2 -18 1 1 0.4431373
v -8 2 -19 0.8 0.8 0.3545098
v -7 2 -19 0.8 0.8 0.3545098
v -8 1 -18 0.8 0.8 0.3545098
v -8 2 -18 1 1 0.4431373
v -7 2 -18 1 1 0.4431373
v -7 1 -18 0.8 0.8 0.3545098
v -7 1 -19 0.9 0.9 0.3988235
v -7 2 -19 0.8 0.8 0.3545098
v -8 2 -19 0.8 0.8 0.3545098
v -8 1 -19 1 1 0.4431373
v -7 2 -20 0.9 0.9 0.3988235
v -8 2 -20 1 1 0.4431373
v -8 2 -19 0.8 0.8 0.3545098
v -7 2 -19 0.8 0.8 0.3545098
v -8 2 -19 0.8 0.8 0.3545098
v -8 3 -19 1 1 0.4431373
v -7 3 -19 1 1 0.4431373
v -7 2 -19 0.8 0.8 0.3545098
v -7 2 -20 1 1 0.4431373
v -7 3 -20 1 1 0.4431373
v -8 3 -20 1 1 0.4431373
v -8 2 -20 1 1 0.4431373
v -7 4 -19 0.1058824 0.1058824 0.1058824
v -8 4 -19 0.1058824 0.1058824 0.1058824
v -8 4 -20 0.1058824 0.1058824 0.1058824
v -7 4 -20 0.1058824 0.1058824 0.1058824
v -8 3 -19 0.1058824 0.1058824 0.1058824
v -8 4 -19 0.1058824 0.1058824 0.1058824
v -7 4 -19 0.1058824 0.1058824 0.1058824
v -7 3 -19 0.1058824 0.1058824 0.1058824
v -7 3 -20 0.1058824 0.1058824 0.1058824
v -7 4 -20 0.1058824 0.1058824 0.1058824
v -8 4 -20 0.1058824 0.1058824 0.1058824
v -8 3 -20 0.1058824 0.1058824 0.1058824
v -8 0 -17 1 1 0.4431373
v -9 0 -17 1 1 0.4431373
v -9 0 -16 1 1 0.4431373
v -8 0 -16 1 1 0.4431373
v -8 1 -16 1 1 0.4431373
v -9 1 -16 1 1 0.4431373
v -9 1 -17 1 1 0.4431373
v -8 1 -17 1 1 0.4431373
v -8 0 -18 1 1 0.4431373
v -9 0 -18 1 1 0.4431373
v -9 0 -17 1 1 0.4431373
v -8 0 -17 1 1 0.4431373
v -8 1 -17 1 1 0.4431373
v -9 1 -17 1 1 0.4431373
v -9 1 -18 0.8 0.8 0.3545098
v -8 1 -18 0.8 0.8 0.3545098
v -8 0 -19 1 1 0.4431373
v -9 0 -19 1 1 0.4431373
v -9 0 -18 1 1 0.4431373
v -8 0 -18 1 1 0.4431373
v -8 0 -19 1 1 0.4431373
v -8 1 -19 1 1 0.4431373
v -9 1 -19 0.9 0.9 0.3988235
v -9 0 -19 1 1 0.4431373
v -8 2 -18 1 1 0.4431373
v -9 2 -18 1 1 0.4431373
v -9 2 -19 0.8 0.8 0.3545098
v -8 2 -19 0.8 0.8 0.3545098
v -9 1 -18 0.8 0.8 0.3545098
v -9 2 -18 1 1 0.4431373
v -8 2 -18 1 1 0.4431373
v -8 1 -18 0.8 0.8 0.3545098
v -8 1 -19 1 1 0.4431373
v -8 2 -19 0.8 0.8 0.3545098
v -9 2 -19 0.8 0.8 0.3545098
v -9 1 -19 0.9 0.9 0.3988235
v -8 2 -20 1 1 0.4431373
v -9 2 -20 0.9 0.9 0.3988235
v -9 2 -19 0.8 0.8 0.3545098
v -8 2 -19 0.8 0.8 0.3545098
v -9 2 -19 0.8 0.8 0.3545098
v -9 3 -19 1 1 0.4431373
v -8 3 -19 1 1 0.4431373
v -8 2 -19 0.8 0.8 0.3545098
v -8 2 -20 1 1 0.4431373
v -8 3 -20 1 1 0.4431373
v -9 3 -20 1 1 0.4431373
v -9 2 -20 1 1 0.4431373
v -8 4 -19 0.1058824 0.1058824 0.1058824
v -9 4 -19 0.1058824 0.1058824 0.1058824
v -9 4 -20 0.1058824 0.1058824 0.1058824
v -8 4 -20 0.1058824 0.1058824 0.1058824
v -9 3 -19 0.1058824 0.1058824 0.1058824
v -9 4 -19 0.1058824 0.1058824 0.1058824
v -8 4 -19 0.1058824 0.1058824 0.1058824
v -8 3 -19 0.1058824 0.1058824 0.1058824
v -8 3 -20 0.1058824 0.1058824 0.1058824
v -8 4 -20 0.1058824 0.1058824 0.1058824
v -9 4 -20 0.1058824 0.1058824 0.1058824
v -9 3 -20 0.1058824 0.1058824 0.1058824
v -9 0 -17 1 1 0.4431373
v -10 0 -17 1 1 0.4431373
v -10 0 -16 1 1 0.4431373
v -9 0 -16 1 1 0.4431373
v -9 1 -16 1 1 0.4431373
v -10 1 -16 1 1 0.4431373
v -10 1 -17 0.9 0.9 0.3988235
v -9 1 -17 1 1 0.4431373
v -9 0 -18 1 1 0.4431373
v -10 0 -18 1 1 0.4431373
v -10 0 -17 1 1 0.4431373
v -9 0 -17 1 1 0.4431373
v -9 1 -17 1 1 0.4431373
v -10 1 -17 0.9 0.9 0.3988235
v -10 1 -18 0.8 0.8 0.3545098
v -9 1 -18 0.8 0.8 0.3545098
v -9 0 -19 1 1 0.4431373
v -10 0 -19 1 1 0.4431373
v -10 0 -18 1 1 0.4431373
v -9 0 -18 1 1 0.4431373
v -9 0 -19 1 1 0.4431373
v -9 1 -19 0.9 0.9 0.3988235
v -10 1 -19 0.9 0.9 0.3988235
v -10 0 -19 1 1 0.4431373
v -10 0 -19 1 1 0.4431373
v -10 1 -19 1 1 0.4431373
v -10 1 -18 0.8 0.8 0.3545098
v -10 0 -18 0.9 0.9 0.3988235
v -9 2 -18 1 1 0.4431373
v -10 2 -18 0.9 0.9 0.3988235
v -10 2 -19 0.8 0.8 0.3545098
v -9 2 -19 0.8 0.8 0.3545098
v -10 1 -18 0.8 0.8 0.3545098
v -10 2 -18 0.9 0.9 0.3988235
v -9 2 -18 1 1 0.4431373
v -9 1 -18 0.8 0.8 0.3545098
v -10 1 -19 1 1 0.4431373
v -10 2 -19 0.9 0.9 0.3988235
v -10 2 -18 0.8 0.8 0.3545098
v -10 1 -18 0.8 0.8 0.3545098
v -9 1 -20 1 1 0.4431373
v -10 1 -20 1 1 0.4431373
v -10 1 -19 0.9 0.9 0.3988235
v -9 1 -19 0.8 0.8 0.3545098
v -9 1 -20 1 1 0.4431373
v -9 2 -20 1 1 0.4431373
v -10 2 -20 1 1 0.4431373
v -10 1 -20 1 1 0.4431373
v -9 1 -19 0.8 0.8 0.3545098
v -9 2 -19 0.8 0.8 0.3545098
v -9 2 -20 0.9 0.9 0.3988235
v -9 1 -20 1 1 0.4431373
v -10 1 -20 1 1 0.4431373
v -10 2 -20 1 1 0.4431373
v -10 2 -19 0.9 0.9 0.3988235
v -10 1 -19 1 1 0.4431373
v -10 2 -19 0.8 0.8 0.3545098
v -10 3 -19 0.8 0.8 0.3545098
v -9 3 -19 1 1 0.4431373
v -9 2 -19 0.8 0.8 0.3545098
v -9 2 -20 1 1 0.4431373
v -9 3 -20 1 1 0.4431373
v -10 3 -20 1 1 0.4431373
v -10 2 -20 1 1 0.4431373
v -10 2 -20 1 1 0.4431373
v -10 3 -20 1 1 0.4431373
v -10 3 -19 0.8 0.8 0.3545098
v -10 2 -19 0.9 0.9 0.3988235
v -9 4 -19 0.1058824 0.1058824 0.1058824
v -10 4 -19 0.1058824 0.1058824 0.1058824
v -10 4 -20 0.1058824 0.1058824 0.1058824
v -9 4 -20 0.1058824 0.1058824 0.1058824
v -10 3 -19 0.08470588 0.08470588 0.08470588
v -10 4 -19 0.09529412 0.09529412 0.09529412
v -9 4 -19 0.1058824 0.1058824 0.1058824
v -9 3 -19 0.1058824 0.1058824 0.1058824
v -9 3 -20 0.1058824 0.1058824 0.1058824
v -9 4 -20 0.1058824 0.1058824 0.1058824
v -10 4 -20 0.1058824 0.1058824 0.1058824
v -10 3 -20 0.1058824 0.1058824 0.1058824
v -10 3 -20 0.1058824 0.1058824 0.1058824
v -10 4 -20 0.1058824 0.1058824 0.1058824
v -10 4 -19 0.09529412 0.09529412 0.09529412
v -10 3 -19 0.08470588 0.08470588 0.08470588
v -10 0 -17 1 1 0.4431373
v -11 0 -17 1 1 0.4431373
v -11 0 -16 1 1 0.4431373
v -10 0 -16 1 1 0.4431373
v -10 1 -16 1 1 0.4431373
v -11 1 -16 1 1 0.4431373
v -11 1 -17 0.8 0.8 0.3545098
v -10 1 -17 0.9 0.9 0.3988235
v -10 0 -18 1 1 0.4431373
v -11 0 -18 1 1 0.4431373
v -11 0 -17 1 1 0.4431373
v -10 0 -17 1 1 0.4431373
v -10 0 -18 0.9 0.9 0.3988235
v -10 1 -18 0.8 0.8 0.3545098
v -11 1 -18 1 1 0.4431373
v -11 0 -18 1 1 0.4431373
v -10 2 -17 1 1 0.4431373
v -11 2 -17 1 1 0.4431373
v -11 2 -18 0.8 0.8 0.3545098
v -10 2 -18 0.9 0.9 0.3988235
v -11 1 -17 0.8 0.8 0.3545098
v -11 2 -17 1 1 0.4431373
v -10 2 -17 1 1 0.4431373
v -10 1 -17 0.8 0.8 0.3545098
v -10 1 -18 0.8 0.8 0.3545098
v -10 2 -18 0.8 0.8 0.3545098
v -11 2 -18 0.8 0.8 0.3545098
v -11 1 -18 1 1 0.4431373
v -10 1 -17 0.8 0.8 0.3545098
v -10 2 -17 1 1 0.4431373
v -10 2 -18 0.9 0.9 0.3988235
v -10 1 -18 0.8 0.8 0.3545098
v -10 2 -19 0.8 0.8 0.3545098
v -11 2 -19 1 1 0.4431373
v -11 2 -18 0.8 0.8 0.3545098
v -10 2 -18 0.8 0.8 0.3545098
v -11 2 -18 0.8 0.8 0.3545098
v -11 3 -18 1 1 0.4431373
v -10 3 -18 1 1 0.4431373
v -10 2 -18 0.9 0.9 0.3988235
v -10 2 -19 0.8 0.8 0.3545098
v -10 3 -19 0.8 0.8 0.3545098
v -11 3 -19 1 1 0.4431373
v -11 2 -19 1 1 0.4431373
v -10 2 -18 0.9 0.9 0.3988235
v -10 3 -18 1 1 0.4431373
v -10 3 -19 0.8 0.8 0.3545098
v -10 2 -19 0.8 0.8 0.3545098
v -10 4 -18 0.1058824 0.1058824 0.1058824
v -11 4 -18 0.1058824 0.1058824 0.1058824
v -11 4 -19 0.1058824 0.1058824 0.1058824
v -10 4 -19 0.1058824 0.1058824 0.1058824
v -11 3 -18 0.1058824 0.1058824 0.1058824
v -11 4 -18 0.1058824 0.1058824 0.1058824
v -10 4 -18 0.1058824 0.1058824 0.1058824
v -10 3 -18 0.1058824 0.1058824 0.1058824
v -10 3 -19 0.08470588 0.08470588 0.08470588
v -10 4 -19 0.09529412 0.09529412 0.09529412
v -11 4 -19 0.1058824 0.1058824 0.1058824
v -11 3 -19 0.1058824 0.1058824 0.1058824
v -10 3 -18 0.1058824 0.1058824 0.1058824
v -10 4 -18 0.1058824 0.1058824 0.1058824
v -10 4 -19 0.09529412 0.09529412 0.09529412
v -10 3 -19 0.08470588 0.08470588 0.08470588
v -11 0 -17 1 1 0.4431373
v -12 0 -17 1 1 0.4431373
v -12 0 -16 1 1 0.4431373
v -11 0 -16 1 1 0.4431373
v -11 1 -16 1 1 0.4431373
v -12 1 -16 0.9 0.9 0.3988235
v -12 1 -17 0.8 0.8 0.3545098
v -11 1 -17 0.8 0.8 0.3545098
v -11 0 -18 1 1 0.4431373
v -12 0 -18 1 1 0.4431373
v -12 0 -17 1 1 0.4431373
v -11 0 -17 1 1 0.4431373
v -11 0 -18 1 1 0.4431373
v -11 1 -18 1 1 0.4431373
v -12 1 -18 1 1 0.4431373
v -12 0 -18 1 1 0.4431373
v -12 0 -18 1 1 0.4431373
v -12 1 -18 1 1 0.4431373
v -12 1 -17 0.8 0.8 0.3545098
v -12 0 -17 0.9 0.9 0.3988235
v -11 2 -17 1 1 0.4431373
v -12 2 -17 0.9 0.9 0.3988235
v -12 2 -18 0.8 0.8 0.3545098
v -11 2 -18 0.8 0.8 0.3545098
v -12 1 -17 0.8 0.8 0.3545098
v -12 2 -17 0.9 0.9 0.3988235
v -11 2 -17 1 1 0.4431373
v -11 1 -17 0.8 0.8 0.3545098
v -11 1 -18 1 1 0.4431373
v -11 2 -18 0.8 0.8 0.3545098
v -12 2 -18 0.9 0.9 0.3988235
v -12 1 -18 1 1 0.4431373
v -12 1 -18 1 1 0.4431373
v -12 2 -18 0.9 0.9 0.3988235
v -12 2 -17 0.8 0.8 0.3545098
v -12 1 -17 0.8 0.8 0.3545098
v -11 2 -19 1 1 0.4431373
v -12 2 -19 1 1 0.4431373
v -12 2 -18 0.9 0.9 0.3988235
v -11 2 -18 0.8 0.8 0.3545098
v -12 2 -18 0.8 0.8 0.3545098
v -12 3 -18 0.8 0.8 0.3545098
v -11 3 -18 1 1 0.4431373
v -11 2 -18 0.8 0.8 0.3545098
v -11 2 -19 1 1 0.4431373
v -11 3 -19 1 1 0.4431373
v -12 3 -19 1 1 0.4431373
v -12 2 -19 1 1 0.4431373
v -12 2 -19 1 1 0.4431373
v -12 3 -19 1 1 0.4431373
v -12 3 -18 0.8 0.8 0.3545098
v -12 2 -18 0.9 0.9 0.3988235
v -11 4 -18 0.1058824 0.1058824 0.1058824
v -12 4 -18 0.1058824 0.1058824 0.1058824
v -12 4 -19 0.1058824 0.1058824 0.1058824
v -11 4 -19 0.1058824 0.1058824 0.1058824
v -12 3 -18 0.08470588 0.08470588 0.08470588
v -12 4 -18 0.09529412 0.09529412 0.09529412
v -11 4 -18 0.1058824 0.1058824 0.1058824
v -11 3 -18 0.1058824 0.1058824 0.1058824
v -11 3 -19 0.1058824 0.1058824 0.1058824
v -11 4 -19 0.1058824 0.1058824 0.1058824
v -12 4 -19 0.1058824 0.1058824 0.1058824
v -12 3 -19 0.1058824 0.1058824 0.1058824
v -12 3 -19 0.1058824 0.1058824 0.1058824
v -12 4 -19 0.1058824 0.1058824 0.1058824
v -12 4 -18 0.09529412 0.09529412 0.09529412
v -12 3 -18 0.08470588 0.08470588 0.08470588
v -12 0 -17 1 1 0.4431373
v -13 0 -17 1 1 0.4431373
v -13 0 -16 1 1 0.4431373
v -12 0 -16 1 1 0.4431373
v -12 0 -17 0.9 0.9 0.3988235
v -12 1 -17 0.8 0.8 0.3545098
v -13 1 -17 1 1 0.4431373
v -13 0 -17 1 1 0.4431373
v -12 2 -16 1 1 0.4431373
v -13 2 -16 1 1 0.4431373
v -13 2 -17 0.8 0.8 0.3545098
v -12 2 -17 0.9 0.9 0.3988235
v -13 1 -16 0.8 0.8 0.3545098
v -13 2 -16 1 1 0.4431373
v -12 2 -16 1 1 0.4431373
v -12 1 -16 0.8 0.8 0.3545098
v -12 1 -17 0.8 0.8 0.3545098
v -12 2 -17 0.8 0.8 0.3545098
v -13 2 -17 0.8 0.8 0.3545098
v -13 1 -17 1 1 0.4431373
v -12 1 -16 0.8 0.8 0.3545098
v -12 2 -16 1 1 0.4431373
v -12 2 -17 0.9 0.9 0.3988235
v -12 1 -17 0.8 0.8 0.3545098
v -12 2 -18 0.9 0.9 0.3988235
v -13 2 -18 1 1 0.4431373
v -13 2 -17 0.8 0.8 0.3545098
v -12 2 -17 0.8 0.8 0.3545098
v -13 2 -17 0.8 0.8 0.3545098
v -13 3 -17 1 1 0.4431373
v -12 3 -17 1 1 0.4431373
v -12 2 -17 0.9 0.9 0.3988235
v -12 2 -18 0.9 0.9 0.3988235
v -12 3 -18 0.8 0.8 0.3545098
v -13 3 -18 1 1 0.4431373
v -13 2 -18 1 1 0.4431373
v -12 2 -17 0.9 0.9 0.3988235
v -12 3 -17 1 1 0.4431373
v -12 3 -18 0.8 0.8 0.3545098
v -12 2 -18 0.8 0.8 0.3545098
v -12 4 -17 0.1058824 0.1058824 0.1058824
v -13 4 -17 0.1058824 0.1058824 0.1058824
v -13 4 -18 0.1058824 0.1058824 0.1058824
v -12 4 -18 0.1058824 0.1058824 0.1058824
v -13 3 -17 0.1058824 0.1058824 0.1058824
v -13 4 -17 0.1058824 0.1058824 0.1058824
v -12 4 -17 0.1058824 0.1058824 0.1058824
v -12 3 -17 0.1058824 0.1058824 0.1058824
v -12 3 -18 0.08470588 0.08470588 0.08470588
v -12 4 -18 0.09529412 0.09529412 0.09529412
v -13 4 -18 0.1058824 0.1058824 0.1058824
v -13 3 -18 0.1058824 0.1058824 0.1058824
v -12 3 -17 0.1058824 0.1058824 0.1058824
v -12 4 -17 0.1058824 0.1058824 0.1058824
v -12 4 -18 0.09529412 0.09529412 0.09529412
v -12 3 -18 0.08470588 0.08470588 0.08470588
v -13 0 -17 1 1 0.4431373
v -14 0 -17 1 1 0.4431373
v -14 0 -16 1 1 0.4431373
v -13 0 -16 1 1 0.4431373
v -13 0 -17 1 1 0.4431373
v -13 1 -17 1 1 0.4431373
v -14 1 -17 1 1 0.4431373
v -14 0 -17 1 1 0.4431373
v -14 0 -17 1 1 0.4431373
v -14 1 -17 1 1 0.4431373
v -14 1 -16 0.8 0.8 0.3545098
v -14 0 -16 0.9 0.9 0.3988235
v -13 2 -16 1 1 0.4431373
v -14 2 -16 0.9 0.9 0.3988235
v -14 2 -17 0.8 0.8 0.3545098
v -13 2 -17 0.8 0.8 0.3545098
v -14 1 -16 0.8 0.8 0.3545098
v -14 2 -16 0.9 0.9 0.3988235
v -13 2 -16 1 1 0.4431373
v -13 1 -16 0.8 0.8 0.3545098
v -13 1 -17 1 1 0.4431373
v -13 2 -17 0.8 0.8 0.3545098
v -14 2 -17 0.9 0.9 0.3988235
v -14 1 -17 1 1 0.4431373
v -14 1 -17 1 1 0.4431373
v -14 2 -17 0.9 0.9 0.3988235
v -14 2 -16 0.8 0.8 0.3545098
v -14 1 -16 0.8 0.8 0.3545098
v -13 2 -18 1 1 0.4431373
v -14 2 -18 1 1 0.4431373
v -14 2 -17 0.9 0.9 0.3988235
v -13 2 -17 0.8 0.8 0.3545098
v -14 2 -17 0.8 0.8 0.3545098
v -14 3 -17 0.8 0.8 0.3545098
v -13 3 -17 1 1 0.4431373
v -13 2 -17 0.8 0.8 0.3545098
v -13 2 -18 1 1 0.4431373
v -13 3 -18 1 1 0.4431373
v -14 3 -18 1 1 0.4431373
v -14 2 -18 1 1 0.4431373
v -14 2 -18 1 1 0.4431373
v -14 3 -18 1 1 0.4431373
v -14 3 -17 0.8 0.8 0.3545098
v -14 2 -17 0.9 0.9 0.3988235
v -13 4 -17 0.1058824 0.1058824 0.1058824
v -14 4 -17 0.1058824 0.1058824 0.1058824
v -14 4 -18 0.1058824 0.1058824 0.1058824
v -13 4 -18 0.1058824 0.1058824 0.1058824
v -14 3 -17 0.08470588 0.08470588 0.08470588
v -14 4 -17 0.09529412 0.09529412 0.09529412
v -13 4 -17 0.1058824 0.1058824 0.1058824
v -13 3 -17 0.1058824 0.1058824 0.1058824
v -13 3 -18 0.1058824 0.1058824 0.1058824
v -13 4 -18 0.1058824 0.1058824 0.1058824
v -14 4 -18 0.1058824 0.1058824 0.1058824
v -14 3 -18 0.1058824 0.1058824 0.1058824
v -14 3 -18 0.1058824 0.1058824 0.1058824
v -14 4 -18 0.1058824 0.1058824 0.1058824
v -14 4 -17 0.09529412 0.09529412 0.09529412
v -14 3 -17 0.08470588 0.08470588 0.08470588
v -14 2 -17 0.9 0.9 0.3988235
v -15 2 -17 1 1 0.4431373
v -15 2 -16 0.9 0.9 0.3988235
v -14 2 -16 0.8 0.8 0.3545098
v -15 2 -16 0.8 0.8 0.3545098
v -15 3 -16 0.8 0.8 0.3545098
v -14 3 -16 1 1 0.4431373
v -14 2 -16 0.9 0.9 0.3988235
v -14 2 -17 0.9 0.9 0.3988235
v -14 3 -17 0.8 0.8 0.3545098
v -15 3 -17 1 1 0.4431373
v -15 2 -17 1 1 0.4431373
v -14 2 -16 0.9 0.9 0.3988235
v -14 3 -16 1 1 0.4431373
v -14 3 -17 0.8 0.8 0.3545098
v -14 2 -17 0.8 0.8 0.3545098
v -15 2 -17 1 1 0.4431373
v -15 3 -17 1 1 0.4431373
v -15 3 -16 0.8 0.8 0.3545098
v -15 2 -16 0.9 0.9 0.3988235
v -14 4 -16 0.1058824 0.1058824 0.1058824
v -15 4 -16 0.1058824 0.1058824 0.1058824
v -15 4 -17 0.1058824 0.1058824 0.1058824
v -14 4 -17 0.1058824 0.1058824 0.1058824
v -15 3 -16 0.08470588 0.08470588 0.08470588
v -15 4 -16 0.09529412 0.09529412 0.09529412
v -14 4 -16 0.1058824 0.1058824 0.1058824
v -14 3 -16 0.1058824 0.1058824 0.1058824
v -14 3 -17 0.08470588 0.08470588 0.08470588
v -14 4 -17 0.09529412 0.09529412 0.09529412
v -15 4 -17 0.1058824 0.1058824 0.1058824
v -15 3 -17 0.1058824 0.1058824 0.1058824
v -14 3 -16 0.1058824 0.1058824 0.1058824
v -14 4 -16 0.1058824 0.1058824 0.1058824
v -14 4 -17 0.09529412 0.09529412 0.09529412
v -14 3 -17 0.08470588 0.08470588 0.08470588
v -15 3 -17 0.1058824 0.1058824 0.1058824
v -15 4 -17 0.1058824 0.1058824 0.1058824
v -15 4 -16 0.09529412 0.09529412 0.09529412
v -15 3 -16 0.08470588 0.08470588 0.08470588
v -16 0 -3 1 1 0.4431373
v -17 0 -3 1 1 0.4431373
v -17 0 -2 1 1 0.4431373
v -16 0 -2 1 1 0.4431373
v -17 0 -2 1 1 0.4431373
v -17 1 -2 1 1 0.4431373
v -16 1 -2 0.8 0.8 0.3545098
v -16 0 -2 0.9 0.9 0.3988235
v -17 0 -3 1 1 0.4431373
v -17 1 -3 1 1 0.4431373
v -17 1 -2 1 1 0.4431373
v -17 0 -2 1 1 0.4431373
v -16 0 -4 1 1 0.4431373
v -17 0 -4 1 1 0.4431373
v -17 0 -3 1 1 0.4431373
v -16 0 -3 1 1 0.4431373
v -17 0 -4 0.9 0.9 0.3988235
v -17 1 -4 0.8 0.8 0.3545098
v -17 1 -3 1 1 0.4431373
v -17 0 -3 1 1 0.4431373
v -16 0 -5 1 1 0.4431373
v -17 0 -5 1 1 0.4431373
v -17 0 -4 1 1 0.4431373
v -16 0 -4 1 1 0.4431373
v -16 1 -4 0.9 0.9 0.3988235
v -17 1 -4 0.8 0.8 0.3545098
v -17 1 -5 0.8 0.8 0.3545098
v -16 1 -5 1 1 0.4431373
v -16 0 -6 1 1 0.4431373
v -17 0 -6 1 1 0.4431373
v -17 0 -5 1 1 0.4431373
v -16 0 -5 1 1 0.4431373
v -16 1 -5 1 1 0.4431373
v -17 1 -5 0.8 0.8 0.3545098
v -17 1 -6 0.9 0.9 0.3988235
v -16 1 -6 1 1 0.4431373
v -16 0 -7 1 1 0.4431373
v -17 0 -7 1 1 0.4431373
v -17 0 -6 1 1 0.4431373
v -16 0 -6 1 1 0.4431373
v -16 1 -6 1 1 0.4431373
v -17 1 -6 0.9 0.9 0.3988235
v -17 1 -7 1 1 0.4431373
v -16 1 -7 1 1 0.4431373
v -16 0 -8 1 1 0.4431373
v -17 0 -8 1 1 0.4431373
v -17 0 -7 1 1 0.4431373
v -16 0 -7 1 1 0.4431373
v -16 1 -7 1 1 0.4431373
v -17 1 -7 1 1 0.4431373
v -17 1 -8 1 1 0.4431373
v -16 1 -8 1 1 0.4431373
v -16 0 -9 1 1 0.4431373
v -17 0 -9 1 1 0.4431373
v -17 0 -8 1 1 0.4431373
v -16 0 -8 1 1 0.4431373
v -16 1 -8 1 1 0.4431373
v -17 1 -8 1 1 0.4431373
v -17 1 -9 1 1 0.4431373
v -16 1 -9 1 1 0.4431373
v -16 0 -10 1 1 0.4431373
v -17 0 -10 1 1 0.4431373
v -17 0 -9 1 1 0.4431373
v -16 0 -9 1 1 0.4431373
v -16 1 -9 1 1 0.4431373
v -17 1 -9 1 1 0.4431373
v -17 1 -10 0.9 0.9 0.3988235
v -16 1 -10 1 1 0.4431373
v -16 0 -11 1 1 0.4431373
v -17 0 -11 1 1 0.4431373
v -17 0 -10 1 1 0.4431373
v -16 0 -10 1 1 0.4431373
v -16 1 -10 1 1 0.4431373
v -17 1 -10 0.9 0.9 0.3988235
v -17 1 -11 0.8 0.8 0.3545098
v -16 1 -11 1 1 0.4431373
v -16 0 -12 1 1 0.4431373
v -17 0 -12 1 1 0.4431373
v -17 0 -11 1 1 0.4431373
v -16 0 -11 1 1 0.4431373
v -16 1 -11 1 1 0.4431373
v -17 1 -11 0.8 0.8 0.3545098
v -17 1 -12 0.8 0.8 0.3545098
v -16 1 -12 0.9 0.9 0.3988235
v -16 0 -13 1 1 0.4431373
v -17 0 -13 1 1 0.4431373
v -17 0 -12 1 1 0.4431373
v -16 0 -12 1 1 0.4431373
v -17 0 -13 1 1 0.4431373
v -17 1 -13 1 1 0.4431373
v -17 1 -12 0.8 0.8 0.3545098
v -17 0 -12 0.9 0.9 0.3988235
v -16 0 -14 1 1 0.4431373
v -17 0 -14 1 1 0.4431373
v -17 0 -13 1 1 0.4431373
v -16 0 -13 1 1 0.4431373
v -16 0 -14 0.9 0.9 0.3988235
v -16 1 -14 0.8 0.8 0.3545098
v -17 1 -14 1 1 0.4431373
v -17 0 -14 1 1 0.4431373
v -17 0 -14 1 1 0.4431373
v -17 1 -14 1 1 0.4431373
v -17 1 -13 1 1 0.4431373
v -17 0 -13 1 1 0.4431373
v -16 2 -2 0.9 0.9 0.3988235
v -17 2 -2 0.8 0.8 0.3545098
v -17 2 -3 0.8 0.8 0.3545098
v -16 2 -3 1 1 0.4431373
v -17 1 -2 1 1 0.4431373
v -17 2 -2 0.9 0.9 0.3988235
v -16 2 -2 0.8 0.8 0.3545098
v -16 1 -2 0.8 0.8 0.3545098
v -16 1 -2 0.8 0.8 0.3545098
v -16 2 -2 0.9 0.9 0.3988235
v -16 2 -3 1 1 0.4431373
v -16 1 -3 0.8 0.8 0.3545098
v -17 1 -3 1 1 0.4431373
v -17 2 -3 0.8 0.8 0.3545098
v -17 2 -2 0.9 0.9 0.3988235
v -17 1 -2 1 1 0.4431373
v -16 2 -3 1 1 0.4431373
v -17 2 -3 0.8 0.8 0.3545098
v -17 2 -4 0.9 0.9 0.3988235
v -16 2 -4 1 1 0.4431373
v -16 1 -4 0.8 0.8 0.3545098
v -16 2 -4 1 1 0.4431373
v -17 2 -4 0.9 0.9 0.3988235
v -17 1 -4 0.8 0.8 0.3545098
v -16 1 -3 0.8 0.8 0.3545098
v -16 2 -3 1 1 0.4431373
v -16 2 -4 1 1 0.4431373
v -16 1 -4 0.8 0.8 0.3545098
v -17 1 -4 0.8 0.8 0.3545098
v -17 2 -4 0.8 0.8 0.3545098
v -17 2 -3 0.8 0.8 0.3545098
v -17 1 -3 1 1 0.4431373
v -16 2 -12 1 1 0.4431373
v -17 2 -12 0.9 0.9 0.3988235
v -17 2 -13 0.8 0.8 0.3545098
v -16 2 -13 1 1 0.4431373
v -17 1 -12 0.8 0.8 0.3545098
v -17 2 -12 0.9 0.9 0.3988235
v -16 2 -12 1 1 0.4431373
v -16 1 -12 0.8 0.8 0.3545098
v -16 1 -12 0.8 0.8 0.3545098
v -16 2 -12 1 1 0.4431373
v -16 2 -13 1 1 0.4431373
v -16 1 -13 0.8 0.8 0.3545098
v -17 1 -13 1 1 0.4431373
v -17 2 -13 0.8 0.8 0.3545098
v -17 2 -12 0.8 0.8 0.3545098
v -17 1 -12 0.8 0.8 0.3545098
v -16 2 -13 1 1 0.4431373
v -17 2 -13 0.8 0.8 0.3545098
v -17 2 -14 0.8 0.8 0.3545098
v -16 2 -14 0.9 0.9 0.3988235
v -16 1 -14 0.8 0.8 0.3545098
v -16 2 -14 0.8 0.8 0.3545098
v -17 2 -14 0.9 0.9 0.3988235
v -17 1 -14 1 1 0.4431373
v -16 1 -13 0.8 0.8 0.3545098
v -16 2 -13 1 1 0.4431373
v -16 2 -14 0.9 0.9 0.3988235
v -16 1 -14 0.8 0.8 0.3545098
v -17 1 -14 1 1 0.4431373
v -17 2 -14 0.9 0.9 0.3988235
v -17 2 -13 0.8 0.8 0.3545098
v -17 1 -13 1 1 0.4431373
v -16 2 -2 0.8 0.8 0.3545098
v -17 2 -2 0.9 0.9 0.3988235
v -17 2 -1 1 1 0.4431373
v -16 2 -1 0.9 0.9 0.3988235
v -17 2 -1 1 1 0.4431373
v -17 3 -1 1 1 0.4431373
v -16 3 -1 0.8 0.8 0.3545098
v -16 2 -1 0.9 0.9 0.3988235
v -16 2 -2 0.9 0.9 0.3988235
v -16 3 -2 1 1 0.4431373
v -17 3 -2 0.8 0.8 0.3545098
v -17 2 -2 0.8 0.8 0.3545098
v -16 2 -1 0.8 0.8 0.3545098
v -16 3 -1 0.8 0.8 0.3545098
v -16 3 -2 1 1 0.4431373
v -16 2 -2 0.9 0.9 0.3988235
v -17 2 -2 0.9 0.9 0.3988235
v -17 3 -2 0.8 0.8 0.3545098
v -17 3 -1 1 1 0.4431373
v -17 2 -1 1 1 0.4431373
v -16 2 -15 0.9 0.9 0.3988235
v -17 2 -15 1 1 0.4431373
v -17 2 -14 0.9 0.9 0.3988235
v -16 2 -14 0.8 0.8 0.3545098
v -17 2 -14 0.8 0.8 0.3545098
v -17 3 -14 0.8 0.8 0.3545098
v -16 3 -14 1 1 0.4431373
v -16 2 -14 0.9 0.9 0.3988235
v -16 2 -15 0.9 0.9 0.3988235
v -16 3 -15 0.8 0.8 0.3545098
v -17 3 -15 1 1 0.4431373
v -17 2 -15 1 1 0.4431373
v -16 2 -14 0.9 0.9 0.3988235
v -16 3 -14 1 1 0.4431373
v -16 3 -15 0.8 0.8 0.3545098
v -16 2 -15 0.8 0.8 0.3545098
v -17 2 -15 1 1 0.4431373
v -17 3 -15 1 1 0.4431373
v -17 3 -14 0.8 0.8 0.3545098
v -17 2 -14 0.9 0.9 0.3988235
v -16 4 -1 0.1058824 0.1058824 0.1058824
v -17 4 -1 0.1058824 0.1058824 0.1058824
v -17 4 -2 0.1058824 0.1058824 0.1058824
v -16 4 -2 0.1058824 0.1058824 0.1058824
v -17 3 -1 0.1058824 0.1058824 0.1058824
v -17 4 -1 0.1058824 0.1058824 0.1058824
v -16 4 -1 0.09529412 0.09529412 0.09529412
v -16 3 -1 0.08470588 0.08470588 0.08470588
v -16 3 -2 0.1058824 0.1058824 0.1058824
v -16 4 -2 0.1058824 0.1058824 0.1058824
v -17 4 -2 0.09529412 0.09529412 0.09529412
v -17 3 -2 0.08470588 0.08470588 0.08470588
v -16 3 -1 0.08470588 0.08470588 0.08470588
v -16 4 -1 0.09529412 0.09529412 0.09529412
v -16 4 -2 0.1058824 0.1058824 0.1058824
v -16 3 -2 0.1058824 0.1058824 0.1058824
v -17 3 -2 0.08470588 0.08470588 0.08470588
v -17 4 -2 0.09529412 0.09529412 0.09529412
v -17 4 -1 0.1058824 0.1058824 0.1058824
v -17 3 -1 0.1058824 0.1058824 0.1058824
v -16 4 -14 0.1058824 0.1058824 0.1058824
v -17 4 -14 0.1058824 0.1058824 0.1058824
v -17 4 -15 0.1058824 0.1058824 0.1058824
v -16 4 -15 0.1058824 0.1058824 0.1058824
v -17 3 -14 0.08470588 0.08470588 0.08470588
v -17 4 -14 0.09529412 0.09529412 0.09529412
v -16 4 -14 0.1058824 0.1058824 0.1058824
v -16 3 -14 0.1058824 0.1058824 0.1058824
v -16 3 -15 0.08470588 0.08470588 0.08470588
v -16 4 -15 0.09529412 0.09529412 0.09529412
v -17 4 -15 0.1058824 0.1058824 0.1058824
v -17 3 -15 0.1058824 0.1058824 0.1058824
v -16 3 -14 0.1058824 0.1058824 0.1058824
v -16 4 -14 0.1058824 0.1058824 0.1058824
v -16 4 -15 0.09529412 0.09529412 0.09529412
v -16 3 -15 0.08470588 0.08470588 0.08470588
v -17 3 -15 0.1058824 0.1058824 0.1058824
v -17 4 -15 0.1058824 0.1058824 0.1058824
v -17 4 -14 0.09529412 0.09529412 0.09529412
v -17 3 -14 0.08470588 0.08470588 0.08470588
v -17 0 -5 1 1 0.4431373
v -18 0 -5 1 1 0.4431373
v -18 0 -4 1 1 0.4431373
v -17 0 -4 1 1 0.4431373
v -18 0 -4 1 1 0.4431373
v -18 1 -4 1 1 0.4431373
v -17 1 -4 0.8 0.8 0.3545098
v -17 0 -4 0.9 0.9 0.3988235
v -18 0 -5 1 1 0.4431373
v -18 1 -5 1 1 0.4431373
v -18 1 -4 1 1 0.4431373
v -18 0 -4 1 1 0.4431373
v -17 0 -6 1 1 0.4431373
v -18 0 -6 1 1 0.4431373
v -18 0 -5 1 1 0.4431373
v -17 0 -5 1 1 0.4431373
v -18 0 -6 0.9 0.9 0.3988235
v -18 1 -6 0.8 0.8 0.3545098
v -18 1 -5 1 1 0.4431373
v -18 0 -5 1 1 0.4431373
v -17 0 -7 1 1 0.4431373
v -18 0 -7 1 1 0.4431373
v -18 0 -6 1 1 0.4431373
v -17 0 -6 1 1 0.4431373
v -17 1 -6 0.9 0.9 0.3988235
v -18 1 -6 0.8 0.8 0.3545098
v -18 1 -7 0.8 0.8 0.3545098
v -17 1 -7 1 1 0.4431373
v -17 0 -8 1 1 0.4431373
v -18 0 -8 1 1 0.4431373
v -18 0 -7 1 1 0.4431373
v -17 0 -7 1 1 0.4431373
v -17 1 -7 1 1 0.4431373
v -18 1 -7 0.8 0.8 0.3545098
v -18 1 -8 0.8 0.8 0.3545098
v -17 1 -8 1 1 0.4431373
v -17 0 -9 1 1 0.4431373
v -18 0 -9 1 1 0.4431373
v -18 0 -8 1 1 0.4431373
v -17 0 -8 1 1 0.4431373
v -17 1 -8 1 1 0.4431373
v -18 1 -8 0.8 0.8 0.3545098
v -18 1 -9 0.8 0.8 0.3545098
v -17 1 -9 1 1 0.4431373
v -17 0 -10 1 1 0.4431373
v -18 0 -10 1 1 0.4431373
v -18 0 -9 1 1 0.4431373
v -17 0 -9 1 1 0.4431373
v -17 1 -9 1 1 0.4431373
v -18 1 -9 0.8 0.8 0.3545098
v -18 1 -10 0.8 0.8 0.3545098
v -17 1 -10 0.9 0.9 0.3988235
v -17 0 -11 1 1 0.4431373
v -18 0 -11 1 1 0.4431373
v -18 0 -10 1 1 0.4431373
v -17 0 -10 1 1 0.4431373
v -18 0 -11 1 1 0.4431373
v -18 1 -11 1 1 0.4431373
v -18 1 -10 0.8 0.8 0.3545098
v -18 0 -10 0.9 0.9 0.3988235
v -17 0 -12 1 1 0.4431373
v -18 0 -12 1 1 0.4431373
v -18 0 -11 1 1 0.4431373
v -17 0 -11 1 1 0.4431373
v -17 0 -12 0.9 0.9 0.3988235
v -17 1 -12 0.8 0.8 0.3545098
v -18 1 -12 1 1 0.4431373
v -18 0 -12 1 1 0.4431373
v -18 0 -12 1 1 0.4431373
v -18 1 -12 1 1 0.4431373
v -18 1 -11 1 1 0.4431373
v -18 0 -11 1 1 0.4431373
v -17 2 -4 0.9 0.9 0.3988235
v -18 2 -4 0.8 0.8 0.3545098
v -18 2 -5 0.8 0.8 0.3545098
v -17 2 -5 1 1 0.4431373
v -18 1 -4 1 1 0.4431373
v -18 2 -4 0.9 0.9 0.3988235
v -17 2 -4 0.8 0.8 0.3545098
v -17 1 -4 0.8 0.8 0.3545098
v -17 1 -4 0.8 0.8 0.3545098
v -17 2 -4 0.9 0.9 0.3988235
v -17 2 -5 1 1 0.4431373
v -17 1 -5 0.8 0.8 0.3545098
v -18 1 -5 1 1 0.4431373
v -18 2 -5 0.8 0.8 0.3545098
v -18 2 -4 0.9 0.9 0.3988235
v -18 1 -4 1 1 0.4431373
v -17 2 -5 1 1 0.4431373
v -18 2 -5 0.8 0.8 0.3545098
v -18 2 -6 0.9 0.9 0.3988235
v -17 2 -6 1 1 0.4431373
v -17 1 -6 0.8 0.8 0.3545098
v -17 2 -6 1 1 0.4431373
v -18 2 -6 0.9 0.9 0.3988235
v -18 1 -6 0.8 0.8 0.3545098
v -17 1 -5 0.8 0.8 0.3545098
v -17 2 -5 1 1 0.4431373
v -17 2 -6 1 1 0.4431373
v -17 1 -6 0.8 0.8 0.3545098
v -18 1 -6 0.8 0.8 0.3545098
v -18 2 -6 0.8 0.8 0.3545098
v -18 2 -5 0.8 0.8 0.3545098
v -18 1 -5 1 1 0.4431373
v -17 2 -10 1 1 0.4431373
v -18 2 -10 0.9 0.9 0.3988235
v -18 2 -11 0.8 0.8 0.3545098
v -17 2 -11 1 1 0.4431373
v -18 1 -10 0.8 0.8 0.3545098
v -18 2 -10 0.9 0.9 0.3988235
v -17 2 -10 1 1 0.4431373
v -17 1 -10 0.8 0.8 0.3545098
v -17 1 -10 0.8 0.8 0.3545098
v -17 2 -10 1 1 0.4431373
v -17 2 -11 1 1 0.4431373
v -17 1 -11 0.8 0.8 0.3545098
v -18 1 -11 1 1 0.4431373
v -18 2 -11 0.8 0.8 0.3545098
v -18 2 -10 0.8 0.8 0.3545098
v -18 1 -10 0.8 0.8 0.3545098
v -17 2 -11 1 1 0.4431373
v -18 2 -11 0.8 0.8 0.3545098
v -18 2 -12 0.8 0.8 0.3545098
v -17 2 -12 0.9 0.9 0.3988235
v -17 1 -12 0.8 0.8 0.3545098
v -17 2 -12 0.8 0.8 0.3545098
v -18 2 -12 0.9 0.9 0.3988235
v -18 1 -12 1 1 0.4431373
v -17 1 -11 0.8 0.8 0.3545098
v -17 2 -11 1 1 0.4431373
v -17 2 -12 0.9 0.9 0.3988235
v -17 1 -12 0.8 0.8 0.3545098
v -18 1 -12 1 1 0.4431373
v -18 2 -12 0.9 0.9 0.3988235
v -18 2 -11 0.8 0.8 0.3545098
v -18 1 -11 1 1 0.4431373
v -17 2 -3 0.8 0.8 0.3545098
v -18 2 -3 1 1 0.4431373
v -18 2 -2 1 1 0.4431373
v -17 2 -2 0.9 0.9 0.3988235
v -18 2 -2 1 1 0.4431373
v -18 3 -2 1 1 0.4431373
v -17 3 -2 0.8 0.8 0.3545098
v -17 2 -2 0.9 0.9 0.3988235
v -17 2 -2 0.8 0.8 0.3545098
v -17 3 -2 0.8 0.8 0.3545098
v -17 3 -3 1 1 0.4431373
v -17 2 -3 0.8 0.8 0.3545098
v -18 2 -3 1 1 0.4431373
v -18 3 -3 1 1 0.4431373
v -18 3 -2 1 1 0.4431373
v -18 2 -2 1 1 0.4431373
v -17 2 -4 0.8 0.8 0.3545098
v -18 2 -4 0.9 0.9 0.3988235
v -18 2 -3 1 1 0.4431373
v -17 2 -3 0.8 0.8 0.3545098
v -17 2 -4 0.9 0.9 0.3988235
v -17 3 -4 1 1 0.4431373
v -18 3 -4 0.8 0.8 0.3545098
v -18 2 -4 0.8 0.8 0.3545098
v -17 2 -3 0.8 0.8 0.3545098
v -17 3 -3 1 1 0.4431373
v -17 3 -4 1 1 0.4431373
v -17 2 -4 0.9 0.9 0.3988235
v -18 2 -4 0.9 0.9 0.3988235
v -18 3 -4 0.8 0.8 0.3545098
v -18 3 -3 1 1 0.4431373
v -18 2 -3 1 1 0.4431373
v -17 2 -13 0.8 0.8 0.3545098
v -18 2 -13 1 1 0.4431373
v -18 2 -12 0.9 0.9 0.3988235
v -17 2 -12 0.8 0.8 0.3545098
v -18 2 -12 0.8 0.8 0.3545098
v -18 3 -12 0.8 0.8 0.3545098
v -17 3 -12 1 1 0.4431373
v -17 2 -12 0.9 0.9 0.3988235
v -17 2 -12 0.9 0.9 0.3988235
v -17 3 -12 1 1 0.4431373
v -17 3 -13 1 1 0.4431373
v -17 2 -13 0.8 0.8 0.3545098
v -18 2 -13 1 1 0.4431373
v -18 3 -13 1 1 0.4431373
v -18 3 -12 0.8 0.8 0.3545098
v -18 2 -12 0.9 0.9 0.3988235
v -17 2 -14 0.9 0.9 0.3988235
v -18 2 -14 1 1 0.4431373
v -18 2 -13 1 1 0.4431373
v -17 2 -13 0.8 0.8 0.3545098
v -17 2 -14 0.9 0.9 0.3988235
v -17 3 -14 0.8 0.8 0.3545098
v -18 3 -14 1 1 0.4431373
v -18 2 -14 1 1 0.4431373
v -17 2 -13 0.8 0.8 0.3545098
v -17 3 -13 1 1 0.4431373
v -17 3 -14 0.8 0.8 0.3545098
v -17 2 -14 0.8 0.8 0.3545098
v -18 2 -14 1 1 0.4431373
v -18 3 -14 1 1 0.4431373
v -18 3 -13 1 1 0.4431373
v -18 2 -13 1 1 0.4431373
v -17 4 -2 0.1058824 0.1058824 0.1058824
v -18 4 -2 0.1058824 0.1058824 0.1058824
v -18 4 -3 0.1058824 0.1058824 0.1058824
v -17 4 -3 0.1058824 0.1058824 0.1058824
v -18 3 -2 0.1058824 0.1058824 0.1058824
v -18 4 -2 0.1058824 0.1058824 0.1058824
v -17 4 -2 0.09529412 0.09529412 0.09529412
v -17 3 -2 0.08470588 0.08470588 0.08470588
v -17 3 -2 0.08470588 0.08470588 0.08470588
v -17 4 -2 0.09529412 0.09529412 0.09529412
v -17 4 -3 0.1058824 0.1058824 0.1058824
v -17 3 -3 0.1058824 0.1058824 0.1058824
v -18 3 -3 0.1058824 0.1058824 0.1058824
v -18 4 -3 0.1058824 0.1058824 0.1058824
v -18 4 -2 0.1058824 0.1058824 0.1058824
v -18 3 -2 0.1058824 0.1058824 0.1058824
v -17 4 -3 0.1058824 0.1058824 0.1058824
v -18 4 -3 0.1058824 0.1058824 0.1058824
v -18 4 -4 0.1058824 0.1058824 0.1058824
v -17 4 -4 0.1058824 0.1058824 0.1058824
v -17 3 -4 0.1058824 0.1058824 0.1058824
v -17 4 -4 0.1058824 0.1058824 0.1058824
v -18 4 -4 0.09529412 0.09529412 0.09529412
v -18 3 -4 0.08470588 0.08470588 0.08470588
v -17 3 -3 0.1058824 0.1058824 0.1058824
v -17 4 -3 0.1058824 0.1058824 0.1058824
v -17 4 -4 0.1058824 0.1058824 0.1058824
v -17 3 -4 0.1058824 0.1058824 0.1058824
v -18 3 -4 0.08470588 0.08470588 0.08470588
v -18 4 -4 0.09529412 0.09529412 0.09529412
v -18 4 -3 0.1058824 0.1058824 0.1058824
v -18 3 -3 0.1058824 0.1058824 0.1058824
v -17 4 -12 0.1058824 0.1058824 0.1058824
v -18 4 -12 0.1058824 0.1058824 0.1058824
v -18 4 -13 0.1058824 0.1058824 0.1058824
v -17 4 -13 0.1058824 0.1058824 0.1058824
v -18 3 -12 0.08470588 0.08470588 0.08470588
v -18 4 -12 0.09529412 0.09529412 0.09529412
v -17 4 -12 0.1058824 0.1058824 0.1058824
v -17 3 -12 0.1058824 0.1058824 0.1058824
v -17 3 -12 0.1058824 0.1058824 0.1058824
v -17 4 -12 0.1058824 0.1058824 0.1058824
v -17 4 -13 0.1058824 0.1058824 0.1058824
v -17 3 -13 0.1058824 0.1058824 0.1058824
v -18 3 -13 0.1058824 0.1058824 0.1058824
v -18 4 -13 0.1058824 0.1058824 0.1058824
v -18 4 -12 0.09529412 0.09529412 0.09529412
v -18 3 -12 0.08470588 0.08470588 0.08470588
v -17 4 -13 0.1058824 0.1058824 0.1058824
v -18 4 -13 0.1058824 0.1058824 0.1058824
v -18 4 -14 0.1058824 0.1058824 0.1058824
v -17 4 -14 0.1058824 0.1058824 0.1058824
v -17 3 -14 0.08470588 0.08470588 0.08470588
v -17 4 -14 0.09529412 0.09529412 0.09529412
v -18 4 -14 0.1058824 0.1058824 0.1058824
v -18 3 -14 0.1058824 0.1058824 0.1058824
v -17 3 -13 0.1058824 0.1058824 0.1058824
v -17 4 -13 0.1058824 0.1058824 0.1058824
v -17 4 -14 0.09529412 0.09529412 0.09529412
v -17 3 -14 0.08470588 0.08470588 0.08470588
v -18 3 -14 0.1058824 0.1058824 0.1058824
v -18 4 -14 0.1058824 0.1058824 0.1058824
v -18 4 -13 0.1058824 0.1058824 0.1058824
v -18 3 -13 0.1058824 0.1058824 0.1058824
v -18 0 -7 1 1 0.4431373
v -19 0 -7 1 1 0.4431373
v -19 0 -6 1 1 0.4431373
v -18 0 -6 1 1 0.4431373
v -19 0 -6 1 1 0.4431373
v -19 1 -6 1 1 0.4431373
v -18 1 -6 0.8 0.8 0.3545098
v -18 0 -6 0.9 0.9 0.3988235
v -19 0 -7 1 1 0.4431373
v -19 1 -7 0.9 0.9 0.3988235
v -19 1 -6 0.9 0.9 0.3988235
v -19 0 -6 1 1 0.4431373
v -18 0 -8 1 1 0.4431373
v -19 0 -8 1 1 0.4431373
v -19 0 -7 1 1 0.4431373
v -18 0 -7 1 1 0.4431373
v -19 0 -8 1 1 0.4431373
v -19 1 -8 1 1 0.4431373
v -19 1 -7 0.9 0.9 0.3988235
v -19 0 -7 1 1 0.4431373
v -18 0 -9 1 1 0.4431373
v -19 0 -9 1 1 0.4431373
v -19 0 -8 1 1 0.4431373
v -18 0 -8 1 1 0.4431373
v -19 0 -9 1 1 0.4431373
v -19 1 -9 0.9 0.9 0.3988235
v -19 1 -8 1 1 0.4431373
v -19 0 -8 1 1 0.4431373
v -18 0 -10 1 1 0.4431373
v -19 0 -10 1 1 0.4431373
v -19 0 -9 1 1 0.4431373
v -18 0 -9 1 1 0.4431373
v -18 0 -10 0.9 0.9 0.3988235
v -18 1 -10 0.8 0.8 0.3545098
v -19 1 -10 1 1 0.4431373
v -19 0 -10 1 1 0.4431373
v -19 0 -10 1 1 0.4431373
v -19 1 -10 0.9 0.9 0.3988235
v -19 1 -9 0.9 0.9 0.3988235
v -19 0 -9 1 1 0.4431373
v -18 2 -6 0.9 0.9 0.3988235
v -19 2 -6 0.8 0.8 0.3545098
v -19 2 -7 0.8 0.8 0.3545098
v -18 2 -7 1 1 0.4431373
v -19 1 -6 1 1 0.4431373
v -19 2 -6 0.9 0.9 0.3988235
v -18 2 -6 0.8 0.8 0.3545098
v -18 1 -6 0.8 0.8 0.3545098
v -18 1 -6 0.8 0.8 0.3545098
v -18 2 -6 0.9 0.9 0.3988235
v -18 2 -7 1 1 0.4431373
v -18 1 -7 0.8 0.8 0.3545098
v -18 2 -7 1 1 0.4431373
v -19 2 -7 0.8 0.8 0.3545098
v -19 2 -8 0.8 0.8 0.3545098
v -18 2 -8 1 1 0.4431373
v -18 1 -7 0.8 0.8 0.3545098
v -18 2 -7 1 1 0.4431373
v -18 2 -8 1 1 0.4431373
v -18 1 -8 0.8 0.8 0.3545098
v -19 1 -8 1 1 0.4431373
v -19 2 -8 0.8 0.8 0.3545098
v -19 2 -7 0.8 0.8 0.3545098
v -19 1 -7 0.9 0.9 0.3988235
v -18 2 -8 1 1 0.4431373
v -19 2 -8 0.8 0.8 0.3545098
v -19 2 -9 0.8 0.8 0.3545098
v -18 2 -9 1 1 0.4431373
v -18 1 -8 0.8 0.8 0.3545098
v -18 2 -8 1 1 0.4431373
v -18 2 -9 1 1 0.4431373
v -18 1 -9 0.8 0.8 0.3545098
v -19 1 -9 0.9 0.9 0.3988235
v -19 2 -9 0.8 0.8 0.3545098
v -19 2 -8 0.8 0.8 0.3545098
v -19 1 -8 1 1 0.4431373
v -18 2 -9 1 1 0.4431373
v -19 2 -9 0.8 0.8 0.3545098
v -19 2 -10 0.8 0.8 0.3545098
v -18 2 -10 0.9 0.9 0.3988235
v -18 1 -10 0.8 0.8 0.3545098
v -18 2 -10 0.8 0.8 0.3545098
v -19 2 -10 0.9 0.9 0.3988235
v -19 1 -10 1 1 0.4431373
v -18 1 -9 0.8 0.8 0.3545098
v -18 2 -9 1 1 0.4431373
v -18 2 -10 0.9 0.9 0.3988235
v -18 1 -10 0.8 0.8 0.3545098
v -18 2 -5 0.8 0.8 0.3545098
v -19 2 -5 1 1 0.4431373
v -19 2 -4 1 1 0.4431373
v -18 2 -4 0.9 0.9 0.3988235
v -19 2 -4 1 1 0.4431373
v -19 3 -4 1 1 0.4431373
v -18 3 -4 0.8 0.8 0.3545098
v -18 2 -4 0.9 0.9 0.3988235
v -18 2 -4 0.8 0.8 0.3545098
v -18 3 -4 0.8 0.8 0.3545098
v -18 3 -5 1 1 0.4431373
v -18 2 -5 0.8 0.8 0.3545098
v -19 2 -5 1 1 0.4431373
v -19 3 -5 1 1 0.4431373
v -19 3 -4 1 1 0.4431373
v -19 2 -4 1 1 0.4431373
v -18 2 -6 0.8 0.8 0.3545098
v -19 2 -6 0.8 0.8 0.3545098
v -19 2 -5 1 1 0.4431373
v -18 2 -5 0.8 0.8 0.3545098
v -18 2 -6 0.9 0.9 0.3988235
v -18 3 -6 1 1 0.4431373
v -19 3 -6 0.8 0.8 0.3545098
v -19 2 -6 0.8 0.8 0.3545098
v -18 2 -5 0.8 0.8 0.3545098
v -18 3 -5 1 1 0.4431373
v -18 3 -6 1 1 0.4431373
v -18 2 -6 0.9 0.9 0.3988235
v -19 2 -6 0.8 0.8 0.3545098
v -19 3 -6 0.8 0.8 0.3545098
v -19 3 -5 1 1 0.4431373
v -19 2 -5 1 1 0.4431373
v -18 2 -11 0.8 0.8 0.3545098
v -19 2 -11 1 1 0.4431373
v -19 2 -10 0.8 0.8 0.3545098
v -18 2 -10 0.8 0.8 0.3545098
v -19 2 -10 0.8 0.8 0.3545098
v -19 3 -10 0.8 0.8 0.3545098
v -18 3 -10 1 1 0.4431373
v -18 2 -10 0.9 0.9 0.3988235
v -18 2 -10 0.9 0.9 0.3988235
v -18 3 -10 1 1 0.4431373
v -18 3 -11 1 1 0.4431373
v -18 2 -11 0.8 0.8 0.3545098
v -19 2 -11 1 1 0.4431373
v -19 3 -11 1 1 0.4431373
v -19 3 -10 0.8 0.8 0.3545098
v -19 2 -10 0.8 0.8 0.3545098
v -18 2 -12 0.9 0.9 0.3988235
v -19 2 -12 1 1 0.4431373
v -19 2 -11 1 1 0.4431373
v -18 2 -11 0.8 0.8 0.3545098
v -18 2 -12 0.9 0.9 0.3988235
v -18 3 -12 0.8 0.8 0.3545098
v -19 3 -12 1 1 0.4431373
v -19 2 -12 1 1 0.4431373
v -18 2 -11 0.8 0.8 0.3545098
v -18 3 -11 1 1 0.4431373
v -18 3 -12 0.8 0.8 0.3545098
v -18 2 -12 0.8 0.8 0.3545098
v -19 2 -12 1 1 0.4431373
v -19 3 -12 1 1 0.4431373
v -19 3 -11 1 1 0.4431373
v -19 2 -11 1 1 0.4431373
v -18 4 -4 0.1058824 0.1058824 0.1058824
v -19 4 -4 0.1058824 0.1058824 0.1058824
v -19 4 -5 0.1058824 0.1058824 0.1058824
v -18 4 -5 0.1058824 0.1058824 0.1058824
v -19 3 -4 0.1058824 0.1058824 0.1058824
v -19 4 -4 0.1058824 0.1058824 0.1058824
v -18 4 -4 0.09529412 0.09529412 0.09529412
v -18 3 -4 0.08470588 0.08470588 0.08470588
v -18 3 -4 0.08470588 0.08470588 0.08470588
v -18 4 -4 0.09529412 0.09529412 0.09529412
v -18 4 -5 0.1058824 0.1058824 0.1058824
v -18 3 -5 0.1058824 0.1058824 0.1058824
v -19 3 -5 0.1058824 0.1058824 0.1058824
v -19 4 -5 0.1058824 0.1058824 0.1058824
v -19 4 -4 0.1058824 0.1058824 0.1058824
v -19 3 -4 0.1058824 0.1058824 0.1058824
v -18 4 -5 0.1058824 0.1058824 0.1058824
v -19 4 -5 0.1058824 0.1058824 0.1058824
v -19 4 -6 0.1058824 0.1058824 0.1058824
v -18 4 -6 0.1058824 0.1058824 0.1058824
v -18 3 -6 0.1058824 0.1058824 0.1058824
v -18 4 -6 0.1058824 0.1058824 0.1058824
v -19 4 -6 0.09529412 0.09529412 0.09529412
v -19 3 -6 0.08470588 0.08470588 0.08470588
v -18 3 -5 0.1058824 0.1058824 0.1058824
v -18 4 -5 0.1058824 0.1058824 0.1058824
v -18 4 -6 0.1058824 0.1058824 0.1058824
v -18 3 -6 0.1058824 0.1058824 0.1058824
v -19 3 -6 0.08470588 0.08470588 0.08470588
v -19 4 -6 0.09529412 0.09529412 0.09529412
v -19 4 -5 0.1058824 0.1058824 0.1058824
v -19 3 -5 0.1058824 0.1058824 0.1058824
v -18 4 -10 0.1058824 0.1058824 0.1058824
v -19 4 -10 0.1058824 0.1058824 0.1058824
v -19 4 -11 0.1058824 0.1058824 0.1058824
v -18 4 -11 0.1058824 0.1058824 0.1058824
v -19 3 -10 0.08470588 0.08470588 0.08470588
v -19 4 -10 0.09529412 0.09529412 0.09529412
v -18 4 -10 0.1058824 0.1058824 0.1058824
v -18 3 -10 0.1058824 0.1058824 0.1058824
v -18 3 -10 0.1058824 0.1058824 0.1058824
v -18 4 -10 0.1058824 0.1058824 0.1058824
v -18 4 -11 0.1058824 0.1058824 0.1058824
v -18 3 -11 0.1058824 0.1058824 0.1058824
v -19 3 -11 0.1058824 0.1058824 0.1058824
v -19 4 -11 0.1058824 0.1058824 0.1058824
v -19 4 -10 0.09529412 0.09529412 0.09529412
v -19 3 -10 0.08470588 0.08470588 0.08470588
v -18 4 -11 0.1058824 0.1058824 0.1058824
v -19 4 -11 0.1058824 0.1058824 0.1058824
v -19 4 -12 0.1058824 0.1058824 0.1058824
v -18 4 -12 0.1058824 0.1058824 0.1058824
v -18 3 -12 0.08470588 0.08470588 0.08470588
v -18 4 -12 0.09529412 0.09529412 0.09529412
v -19 4 -12 0.1058824 0.1058824 0.1058824
v -19 3 -12 0.1058824 0.1058824 0.1058824
v -18 3 -11 0.1058824 0.1058824 0.1058824
v -18 4 -11 0.1058824 0.1058824 0.1058824
v -18 4 -12 0.09529412 0.09529412 0.09529412
v -18 3 -12 0.08470588 0.08470588 0.08470588
v -19 3 -12 0.1058824 0.1058824 0.1058824
v -19 4 -12 0.1058824 0.1058824 0.1058824
v -19 4 -11 0.1058824 0.1058824 0.1058824
v -19 3 -11 0.1058824 0.1058824 0.1058824
v -19 1 -7 0.8 0.8 0.3545098
v -20 1 -7 1 1 0.4431373
v -20 1 -6 1 1 0.4431373
v -19 1 -6 0.9 0.9 0.3988235
v -20 1 -6 1 1 0.4431373
v -20 2 -6 1 1 0.4431373
v -19 2 -6 0.9 0.9 0.3988235
v -19 1 -6 1 1 0.4431373
v -19 1 -7 0.8 0.8 0.3545098
v -19 2 -7 0.8 0.8 0.3545098
v -20 2 -7 0.9 0.9 0.3988235
v -20 1 -7 1 1 0.4431373
v -20 1 -7 1 1 0.4431373
v -20 2 -7 1 1 0.4431373
v -20 2 -6 1 1 0.4431373
v -20 1 -6 1 1 0.4431373
v -19 1 -10 0.9 0.9 0.3988235
v -20 1 -10 1 1 0.4431373
v -20 1 -9 1 1 0.4431373
v -19 1 -9 0.8 0.8 0.3545098
v -20 1 -9 1 1 0.4431373
v -20 2 -9 0.9 0.9 0.3988235
v -19 2 -9 0.8 0.8 0.3545098
v -19 1 -9 0.8 0.8 0.3545098
v -19 1 -10 1 1 0.4431373
v -19 2 -10 0.9 0.9 0.3988235
v -20 2 -10 1 1 0.4431373
v -20 1 -10 1 1 0.4431373
v -20 1 -10 1 1 0.4431373
v -20 2 -10 1 1 0.4431373
v -20 2 -9 1 1 0.4431373
v -20 1 -9 1 1 0.4431373
v -20 2 -6 1 1 0.4431373
v -20 3 -6 1 1 0.4431373
v -19 3 -6 0.8 0.8 0.3545098
v -19 2 -6 0.9 0.9 0.3988235
v -19 2 -6 0.8 0.8 0.3545098
v -19 3 -6 0.8 0.8 0.3545098
v -19 3 -7 1 1 0.4431373
v -19 2 -7 0.8 0.8 0.3545098
v -20 2 -7 1 1 0.4431373
v -20 3 -7 1 1 0.4431373
v -20 3 -6 1 1 0.4431373
v -20 2 -6 1 1 0.4431373
v -19 2 -8 0.8 0.8 0.3545098
v -20 2 -8 1 1 0.4431373
v -20 2 -7 0.9 0.9 0.3988235
v -19 2 -7 0.8 0.8 0.3545098
v -19 2 -7 0.8 0.8 0.3545098
v -19 3 -7 1 1 0.4431373
v -19 3 -8 1 1 0.4431373
v -19 2 -8 0.8 0.8 0.3545098
v -20 2 -8 1 1 0.4431373
v -20 3 -8 1 1 0.4431373
v -20 3 -7 1 1 0.4431373
v -20 2 -7 1 1 0.4431373
v -19 2 -9 0.8 0.8 0.3545098
v -20 2 -9 0.9 0.9 0.3988235
v -20 2 -8 1 1 0.4431373
v -19 2 -8 0.8 0.8 0.3545098
v -19 2 -8 0.8 0.8 0.3545098
v -19 3 -8 1 1 0.4431373
v -19 3 -9 1 1 0.4431373
v -19 2 -9 0.8 0.8 0.3545098
v -20 2 -9 1 1 0.4431373
v -20 3 -9 1 1 0.4431373
v -20 3 -8 1 1 0.4431373
v -20 2 -8 1 1 0.4431373
v -19 2 -10 0.9 0.9 0.3988235
v -19 3 -10 0.8 0.8 0.3545098
v -20 3 -10 1 1 0.4431373
v -20 2 -10 1 1 0.4431373
v -19 2 -9 0.8 0.8 0.3545098
v -19 3 -9 1 1 0.4431373
v -19 3 -10 0.8 0.8 0.3545098
v -19 2 -10 0.8 0.8 0.3545098
v -20 2 -10 1 1 0.4431373
v -20 3 -10 1 1 0.4431373
v -20 3 -9 1 1 0.4431373
v -20 2 -9 1 1 0.4431373
v -19 4 -6 0.1058824 0.1058824 0.1058824
v -20 4 -6 0.1058824 0.1058824 0.1058824
v -20 4 -7 0.1058824 0.1058824 0.1058824
v -19 4 -7 0.1058824 0.1058824 0.1058824
v -20 3 -6 0.1058824 0.1058824 0.1058824
v -20 4 -6 0.1058824 0.1058824 0.1058824
v -19 4 -6 0.09529412 0.09529412 0.09529412
v -19 3 -6 0.08470588 0.08470588 0.08470588
v -19 3 -6 0.08470588 0.08470588 0.08470588
v -19 4 -6 0.09529412 0.09529412 0.09529412
v -19 4 -7 0.1058824 0.1058824 0.1058824
v -19 3 -7 0.1058824 0.1058824 0.1058824
v -20 3 -7 0.1058824 0.1058824 0.1058824
v -20 4 -7 0.1058824 0.1058824 0.1058824
v -20 4 -6 0.1058824 0.1058824 0.1058824
v -20 3 -6 0.1058824 0.1058824 0.1058824
v -19 4 -7 0.1058824 0.1058824 0.1058824
v -20 4 -7 0.1058824 0.1058824 0.1058824
v -20 4 -8 0.1058824 0.1058824 0.1058824
v -19 4 -8 0.1058824 0.1058824 0.1058824
v -19 3 -7 0.1058824 0.1058824 0.1058824
v -19 4 -7 0.1058824 0.1058824 0.1058824
v -19 4 -8 0.1058824 0.1058824 0.1058824
v -19 3 -8 0.1058824 0.1058824 0.1058824
v -20 3 -8 0.1058824 0.1058824 0.1058824
v -20 4 -8 0.1058824 0.1058824 0.1058824
v -20 4 -7 0.1058824 0.1058824 0.1058824
v -20 3 -7 0.1058824 0.1058824 0.1058824
v -19 4 -8 0.1058824 0.1058824 0.1058824
v -20 4 -8 0.1058824 0.1058824 0.1058824
v -20 4 -9 0.1058824 0.1058824 0.1058824
v -19 4 -9 0.1058824 0.1058824 0.1058824
v -19 3 -8 0.1058824 0.1058824 0.1058824
v -19 4 -8 0.1058824 0.1058824 0.1058824
v -19 4 -9 0.1058824 0.1058824 0.1058824
v -19 3 -9 0.1058824 0.1058824 0.1058824
v -20 3 -9 0.1058824 0.1058824 0.1058824
v -20 4 -9 0.1058824 0.1058824 0.1058824
v -20 4 -8 0.1058824 0.1058824 0.1058824
v -20 3 -8 0.1058824 0.1058824 0.1058824
v -19 4 -9 0.1058824 0.1058824 0.1058824
v -20 4 -9 0.1058824 0.1058824 0.1058824
v -20 4 -10 0.1058824 0.1058824 0.1058824
v -19 4 -10 0.1058824 0.1058824 0.1058824
v -19 3 -10 0.08470588 0.08470588 0.08470588
v -19 4 -10 0.09529412 0.09529412 0.09529412
v -20 4 -10 0.1058824 0.1058824 0.1058824
v -20 3 -10 0.1058824 0.1058824 0.1058824
v -19 3 -9 0.1058824 0.1058824 0.1058824
v -19 4 -9 0.1058824 0.1058824 0.1058824
v -19 4 -10 0.09529412 0.09529412 0.09529412
v -19 3 -10 0.08470588 0.08470588 0.08470588
v -20 3 -10 0.1058824 0.1058824 0.1058824
v -20 4 -10 0.1058824 0.1058824 0.1058824
v -20 4 -9 0.1058824 0.1058824 0.1058824
v -20 3 -9 0.1058824 0.1058824 0.1058824
g Chunk_0x1x1
usemtl Voxel
f 3//1 2//1 1//1
f 4//1 3//1 1//1
f 7//2 6//2 5//2
f 8//2 7//2 5//2
f 11//3 10//3 9//3
f 12//3 11//3 9//3
f 15//4 14//4 13//4
f 16//4 15//4 13//4
f 19//1 18//1 17//1
f 20//1 19//1 17//1
f 23//2 22//2 21//2
f 24//2 23//2 21//2
f 27//3 26//3 25//3
f 28//3 27//3 25//3
f 31//4 30//4 29//4
f 32//4 31//4 29//4
f 35//2 34//2 33//2
f 36//2 35//2 33//2
f 39//4 38//4 37//4
f 40//4 39//4 37//4
f 43//5 42//5 41//5
f 44//5 43//5 41//5
f 47//1 46//1 45//1
f 48//1 47//1 45//1
f 51//4 50//4 49//4
f 52//4 51//4 49//4
f 55//5 54//5 53//5
f 56//5 55//5 53//5
f 59//1 58//1 57//1
f 60//1 59//1 57//1
f 63//4 62//4 61//4
f 64//4 63//4 61//4
f 67//5 66//5 65//5
f 68//5 67//5 65//5
f 71//3 70//3 69//3
f 72//3 71//3 69//3
f 75//4 74//4 73//4
f 76//4 75//4 73//4
f 79//5 78//5 77//5
f 80//5 79//5 77//5
f 83//6 82//6 81//6
f 84//6 83//6 81//6
f 87//2 86//2 85//2
f 88//2 87//2 85//2
f 91//4 90//4 89//4
f 92//4 91//4 89//4
f 95//5 94//5 93//5
f 96//5 95//5 93//5
f 99//6 98//6 97//6
f 100//6 99//6 97//6
f 103//4 102//4 101//4
f 104//4 103//4 101//4
f 107//5 106//5 105//5
f 108//5 107//5 105//5
f 111//6 110//6 109//6
f 112//6 111//6 109//6
f 115//4 114//4 113//4
f 116//4 115//4 113//4
f 119//5 118//5 117//5
f 120//5 119//5 117//5
f 123//6 122//6 121//6
f 124//6 123//6 121//6
f 127//3 126//3 125//3
f 128//3 127//3 125//3
f 131//4 130//4 129//4
f 132//4 131//4 129//4
f 135//5 134//5 133//5
f 136//5 135//5 133//5
f 139//1 138//1 137//1
f 140//1 139//1 137//1
f 143//2 142//2 141//2
f 144//2 143//2 141//2
f 147//4 146//4 145//4
f 148//4 147//4 145//4
f 151//1 150//1 149//1
f 152//1 151//1 149//1
f 155//4 154//4 153//4
f 156//4 155//4 153//4
f 159//1 158//1 157//1
f 160//1 159//1 157//1
f 163//4 162//4 161//4
f 164//4 163//4 161//4
f 167//1 166//1 165//1
f 168//1 167//1 165//1
f 171//3 170//3 169//3
f 172//3 171//3 169//3
f 175//4 174//4 173//4
f 176//4 175//4 173//4
f 179//6 178//6 177//6
f 180//6 179//6 177//6
f 183//2 182//2 181//2
f 184//2 183//2 181//2
f 187//5 186//5 185//5
f 188//5 187//5 185//5
f 191//6 190//6 189//6
f 192//6 191//6 189//6
f 195//4 194//4 193//4
f 196//4 195//4 193//4
f 199//5 198//5 197//5
f 200//5 199//5 197//5
f 203//6 202//6 201//6
f 204//6 203//6 201//6
f 207//4 206//4 205//4
f 208//4 207//4 205//4
f 211//5 210//5 209//5
f 212//5 211//5 209//5
f 215//6 214//6 213//6
f 216//6 215//6 213//6
f 219//3 218//3 217//3
f 220//3 219//3 217//3
f 223//5 222//5 221//5
f 224//5 223//5 221//5
f 227//1 226//1 225//1
f 228//1 227//1 225//1
f 231//2 230//2 229//2
f 232//2 231//2 229//2
f 235//4 234//4 233//4
f 236//4 235//4 233//4
f 239//5 238//5 237//5
f 240//5 239//5 237//5
f 243//1 242//1 241//1
f 244//1 243//1 241//1
f 247//3 246//3 245//3
f 248//3 247//3 245//3
f 251//4 250//4 249//4
f 252//4 251//4 249//4
f 255//5 254//5 253//5
f 256//5 255//5 253//5
f 259//1 258//1 257//1
f 260//1 259//1 257//1
f 263//2 262//2 261//2
f 264//2 263//2 261//2
f 267//4 266//4 265//4
f 268//4 267//4 265//4
f 271//5 270//5 269//5
f 272//5 271//5 269//5
f 275//1 274//1 273//1
f 276//1 275//1 273//1
f 279//3 278//3 277//3
f 280//3 279//3 277//3
f 283//4 282//4 281//4
f 284//4 283//4 281//4
f 287//5 286//5 285//5
f 288//5 287//5 285//5
f 291//6 290//6 289//6
f 292//6 291//6 289//6
f 295//2 294//2 293//2
f 296//2 295//2 293//2
f 299//4 298//4 297//4
f 300//4 299//4 297//4
f 303//5 302//5 301//5
f 304//5 303//5 301//5
f 307//6 306//6 305//6
f 308//6 307//6 305//6
f 311//3 310//3 309//3
f 312//3 311//3 309//3
f 315//4 314//4 313//4
f 316//4 315//4 313//4
f 319//5 318//5 317//5
f 320//5 319//5 317//5
f 323//6 322//6 321//6
f 324//6 323//6 321//6
f 327//2 326//2 325//2
f 328//2 327//2 325//2
f 331//4 330//4 329//4
f 332//4 331//4 329//4
f 335//5 334//5 333//5
f 336//5 335//5 333//5
f 339//6 338//6 337//6
f 340//6 339//6 337//6
f 343//3 342//3 341//3
f 344//3 343//3 341//3
f 347//4 346//4 345//4
f 348//4 347//4 345//4
f 351//5 350//5 349//5
f 352//5 351//5 349//5
f 355//1 354//1 353//1
f 356//1 355//1 353//1
f 359//2 358//2 357//2
f 360//2 359//2 357//2
f 363//4 362//4 361//4
f 364//4 363//4 361//4
f 367//1 366//1 365//1
f 368//1 367//1 365//1
f 371//4 370//4 369//4
f 372//4 371//4 369//4
f 375//1 374//1 373//1
f 376//1 375//1 373//1
f 379//6 378//6 377//6
f 380//6 379//6 377//6
f 383//1 382//1 381//1
f 384//1 383//1 381//1
f 387//6 386//6 385//6
f 388//6 387//6 385//6
f 391//1 390//1 389//1
f 392//1 391//1 389//1
f 395//6 394//6 393//6
f 396//6 395//6 393//6
f 399//1 398//1 397//1
f 400//1 399//1 397//1
f 403//6 402//6 401//6
f 404//6 403//6 401//6
f 407//1 406//1 405//1
f 408//1 407//1 405//1
f 411//4 410//4 409//4
f 412//4 411//4 409//4
f 415//1 414//1 413//1
f 416//1 415//1 413//1
f 419//3 418//3 417//3
f 420//3 419//3 417//3
f 423//4 422//4 421//4
f 424//4 423//4 421//4
f 427//6 426//6 425//6
f 428//6 427//6 425//6
f 431//2 430//2 429//2
f 432//2 431//2 429//2
f 435//4 434//4 433//4
f 436//4 435//4 433//4
f 439//5 438//5 437//5
f 440//5 439//5 437//5
f 443//6 442//6 441//6
f 444//6 443//6 441//6
f 447//3 446//3 445//3
f 448//3 447//3 445//3
f 451//4 450//4 449//4
f 452//4 451//4 449//4
f 455//5 454//5 453//5
f 456//5 455//5 453//5
f 459//6 458//6 457//6
f 460//6 459//6 457//6
f 463//2 462//2 461//2
f 464//2 463//2 461//2
f 467//4 466//4 465//4
f 468//4 467//4 465//4
f 471//5 470//5 469//5
f 472//5 471//5 469//5
f 475//6 474//6 473//6
f 476//6 475//6 473//6
f 479//3 478//3 477//3
f 480//3 479//3 477//3
f 483//4 482//4 481//4
f 484//4 483//4 481//4
f 487//5 486//5 485//5
f 488//5 487//5 485//5
f 491//1 490//1 489//1
f 492//1 491//1 489//1
f 495//2 494//2 493//2
f 496//2 495//2 493//2
f 499//4 498//4 497//4
f 500//4 499//4 497//4
f 503//5 502//5 501//5
f 504//5 503//5 501//5
f 507//1 506//1 505//1
f 508//1 507//1 505//1
f 511//3 510//3 509//3
f 512//3 511//3 509//3
f 515//4 514//4 513//4
f 516//4 515//4 513//4
f 519//5 518//5 517//5
f 520//5 519//5 517//5
f 523//1 522//1 521//1
f 524//1 523//1 521//1
f 527//2 526//2 525//2
f 528//2 527//2 525//2
f 531//4 530//4 529//4
f 532//4 531//4 529//4
f 535//5 534//5 533//5
f 536//5 535//5 533//5
f 539//1 538//1 537//1
f 540//1 539//1 537//1
f 543//3 542//3 541//3
f 544//3 543//3 541//3
f 547//4 546//4 545//4
f 548//4 547//4 545//4
f 551//5 550//5 549//5
f 552//5 551//5 549//5
f 555//6 554//6 553//6
f 556//6 555//6 553//6
f 559//2 558//2 557//2
f 560//2 559//2 557//2
f 563//4 562//4 561//4
f 564//4 563//4 561//4
f 567//5 566//5 565//5
f 568//5 567//5 565//5
f 571//6 570//6 569//6
f 572//6 571//6 569//6
f 575//3 574//3 573//3
f 576//3 575//3 573//3
f 579//4 578//4 577//4
f 580//4 579//4 577//4
f 583//5 582//5 581//5
f 584//5 583//5 581//5
f 587//6 586//6 585//6
f 588//6 587//6 585//6
f 591//2 590//2 589//2
f 592//2 591//2 589//2
f 595//4 594//4 593//4
f 596//4 595//4 593//4
f 599//5 598//5 597//5
f 600//5 599//5 597//5
f 603//6 602//6 601//6
f 604//6 603//6 601//6
f 607//3 606//3 605//3
f 608//3 607//3 605//3
f 611//4 610//4 609//4
f 612//4 611//4 609//4
f 615//5 614//5 613//5
f 616//5 615//5 613//5
f 619//1 618//1 617//1
f 620//1 619//1 617//1
f 623//2 622//2 621//2
f 624//2 623//2 621//2
f 627//4 626//4 625//4
f 628//4 627//4 625//4
f 631//1 630//1 629//1
f 632//1 631//1 629//1
f 635//4 634//4 633//4
f 636//4 635//4 633//4
f 639//1 638//1 637//1
f 640//1 639//1 637//1
f 643//6 642//6 641//6
f 644//6 643//6 641//6
f 647//1 646//1 645//1
f 648//1 647//1 645//1
f 651//6 650//6 649//6
f 652//6 651//6 649//6
f 655//1 654//1 653//1
f 656//1 655//1 653//1
f 659//6 658//6 657//6
f 660//6 659//6 657//6
f 663//1 662//1 661//1
f 664//1 663//1 661//1
f 667//6 666//6 665//6
f 668//6 667//6 665//6
f 671//1 670//1 669//1
f 672//1 671//1 669//1
f 675//6 674//6 673//6
f 676//6 675//6 673//6
f 679//1 678//1 677//1
f 680//1 679//1 677//1
f 683//6 682//6 681//6
f 684//6 683//6 681//6
f 687//1 686//1 685//1
f 688//1 687//1 685//1
f 691//6 690//6 689//6
f 692//6 691//6 689//6
f 695//1 694//1 693//1
f 696//1 695//1 693//1
f 699//6 698//6 697//6
f 700//6 699//6 697//6
f 703//1 702//1 701//1
f 704//1 703//1 701//1
f 707//4 706//4 705//4
f 708//4 707//4 705//4
f 711//1 710//1 709//1
f 712//1 711//1 709//1
f 715//3 714//3 713//3
f 716//3 715//3 713//3
f 719//4 718//4 717//4
f 720//4 719//4 717//4
f 723//6 722//6 721//6
f 724//6 723//6 721//6
f 727//2 726//2 725//2
f 728//2 727//2 725//2
f 731//4 730//4 729//4
f 732//4 731//4 729//4
f 735//5 734//5 733//5
f 736//5 735//5 733//5
f 739//6 738//6 737//6
f 740//6 739//6 737//6
f 743//3 742//3 741//3
f 744//3 743//3 741//3
f 747//4 746//4 745//4
f 748//4 747//4 745//4
f 751//5 750//5 749//5
f 752//5 751//5 749//5
f 755//6 754//6 753//6
f 756//6 755//6 753//6
f 759//2 758//2 757//2
f 760//2 759//2 757//2
f 763//4 762//4 761//4
f 764//4 763//4 761//4
f 767//5 766//5 765//5
f 768//5 767//5 765//5
f 771//6 770//6 769//6
f 772//6 771//6 769//6
f 775//3 774//3 773//3
f 776//3 775//3 773//3
f 779//4 778//4 777//4
f 780//4 779//4 777//4
f 783//5 782//5 781//5
f 784//5 783//5 781//5
f 787//1 786//1 785//1
f 788//1 787//1 785//1
f 791//2 790//2 789//2
f 792//2 791//2 789//2
f 795//3 794//3 793//3
f 796//3 795//3 793//3
f 799//4 798//4 797//4
f 800//4 799//4 797//4
f 803//5 802//5 801//5
f 804//5 803//5 801//5
f 807//1 806//1 805//1
f 808//1 807//1 805//1
f 811//2 810//2 809//2
f 812//2 811//2 809//2
f 815//3 814//3 813//3
f 816//3 815//3 813//3
f 819//4 818//4 817//4
f 820//4 819//4 817//4
f 823//5 822//5 821//5
f 824//5 823//5 821//5
f 827//6 826//6 825//6
f 828//6 827//6 825//6
f 831//2 830//2 829//2
f 832//2 831//2 829//2
f 835//3 834//3 833//3
f 836//3 835//3 833//3
f 839//4 838//4 837//4
f 840//4 839//4 837//4
f 843//5 842//5 841//5
f 844//5 843//5 841//5
f 847//6 846//6 845//6
f 848//6 847//6 845//6
f 851//2 850//2 849//2
f 852//2 851//2 849//2
f 855//3 854//3 853//3
f 856//3 855//3 853//3
f 859//4 858//4 857//4
f 860//4 859//4 857//4
f 863//5 862//5 861//5
f 864//5 863//5 861//5
g Chunk_1x1x0
usemtl Voxel
f 867//1 866//1 865//1
f 868//1 867//1 865//1
f 871//2 870//2 869//2
f 872//2 871//2 869//2
f 875//3 874//3 873//3
f 876//3 875//3 873//3
f 879//4 878//4 877//4
f 880//4 879//4 877//4
f 883//5 882//5 881//5
f 884//5 883//5 881//5
f 887//6 886//6 885//6
f 888//6 887//6 885//6
f 891//2 890//2 889//2
f 892//2 891//2 889//2
f 895//3 894//3 893//3
f 896//3 895//3 893//3
f 899//4 898//4 897//4
f 900//4 899//4 897//4
f 903//5 902//5 901//5
f 904//5 903//5 901//5
f 907//1 906//1 905//1
f 908//1 907//1 905//1
f 911//2 910//2 909//2
f 912//2 911//2 909//2
f 915//4 914//4 913//4
f 916//4 915//4 913//4
f 919//6 918//6 917//6
f 920//6 919//6 917//6
f 923//2 922//2 921//2
f 924//2 923//2 921//2
f 927//3 926//3 925//3
f 928//3 927//3 925//3
f 931//4 930//4 929//4
f 932//4 931//4 929//4
f 935//1 934//1 933//1
f 936//1 935//1 933//1
f 939//2 938//2 937//2
f 940//2 939//2 937//2
f 943//3 942//3 941//3
f 944//3 943//3 941//3
f 947//4 946//4 945//4
f 948//4 947//4 945//4
f 951//6 950//6 949//6
f 952//6 951//6 949//6
f 955//2 954//2 953//2
f 956//2 955//2 953//2
f 959//3 958//3 957//3
f 960//3 959//3 957//3
f 963//4 962//4 961//4
f 964//4 963//4 961//4
f 967//1 966//1 965//1
f 968//1 967//1 965//1
f 971//2 970//2 969//2
f 972//2 971//2 969//2
f 975//6 974//6 973//6
f 976//6 975//6 973//6
f 979//2 978//2 977//2
f 980//2 979//2 977//2
f 983//3 982//3 981//3
f 984//3 983//3 981//3
f 987//5 986//5 985//5
f 988//5 987//5 985//5
f 991//1 990//1 989//1
f 992//1 991//1 989//1
f 995//2 994//2 993//2
f 996//2 995//2 993//2
f 999//3 998//3 997//3
f 1000//3 999//3 997//3
f 1003//5 1002//5 1001//5
f 1004//5 1003//5 1001//5
f 1007//6 1006//6 1005//6
f 1008//6 1007//6 1005//6
f 1011//2 1010//2 1009//2
f 1012//2 1011//2 1009//2
f 1015//3 1014//3 1013//3
f 1016//3 1015//3 1013//3
f 1019//5 1018//5 1017//5
f 1020//5 1019//5 1017//5
f 1023//1 1022//1 1021//1
f 1024//1 1023//1 1021//1
f 1027//2 1026//2 1025//2
f 1028//2 1027//2 1025//2
f 1031//4 1030//4 1029//4
f 1032//4 1031//4 1029//4
f 1035//1 1034//1 1033//1
f 1036//1 1035//1 1033//1
f 1039//6 1038//6 1037//6
f 1040//6 1039//6 1037//6
f 1043//6 1042//6 1041//6
f 1044//6 1043//6 1041//6
f 1047//2 1046//2 1045//2
f 1048//2 1047//2 1045//2
f 1051//3 1050//3 1049//3
f 1052//3 1051//3 1049//3
f 1055//4 1054//4 1053//4
f 1056//4 1055//4 1053//4
f 1059//1 1058//1 1057//1
f 1060//1 1059//1 1057//1
f 1063//2 1062//2 1061//2
f 1064//2 1063//2 1061//2
f 1067//3 1066//3 1065//3
f 1068//3 1067//3 1065//3
f 1071//4 1070//4 1069//4
f 1072//4 1071//4 1069//4
f 1075//6 1074//6 1073//6
f 1076//6 1075//6 1073//6
f 1079//2 1078//2 1077//2
f 1080//2 1079//2 1077//2
f 1083//3 1082//3 1081//3
f 1084//3 1083//3 1081//3
f 1087//4 1086//4 1085//4
f 1088//4 1087//4 1085//4
f 1091//1 1090//1 1089//1
f 1092//1 1091//1 1089//1
f 1095//2 1094//2 1093//2
f 1096//2 1095//2 1093//2
f 1099//1 1098//1 1097//1
f 1100//1 1099//1 1097//1
f 1103//6 1102//6 1101//6
f 1104//6 1103//6 1101//6
f 1107//6 1106//6 1105//6
f 1108//6 1107//6 1105//6
f 1111//2 1110//2 1109//2
f 1112//2 1111//2 1109//2
f 1115//3 1114//3 1113//3
f 1116//3 1115//3 1113//3
f 1119//5 1118//5 1117//5
f 1120//5 1119//5 1117//5
f 1123//1 1122//1 1121//1
f 1124//1 1123//1 1121//1
f 1127//2 1126//2 1125//2
f 1128//2 1127//2 1125//2
f 1131//3 1130//3 1129//3
f 1132//3 1131//3 1129//3
f 1135//5 1134//5 1133//5
f 1136//5 1135//5 1133//5
f 1139//6 1138//6 1137//6
f 1140//6 1139//6 1137//6
f 1143//2 1142//2 1141//2
f 1144//2 1143//2 1141//2
f 1147//3 1146//3 1145//3
f 1148//3 1147//3 1145//3
f 1151//5 1150//5 1149//5
f 1152//5 1151//5 1149//5
f 1155//1 1154//1 1153//1
f 1156//1 1155//1 1153//1
f 1159//2 1158//2 1157//2
f 1160//2 1159//2 1157//2
f 1163//4 1162//4 1161//4
f 1164//4 1163//4 1161//4
f 1167//1 1166//1 1165//1
f 1168//1 1167//1 1165//1
f 1171//6 1170//6 1169//6
f 1172//6 1171//6 1169//6
f 1175//1 1174//1 1173//1
f 1176//1 1175//1 1173//1
f 1179//6 1178//6 1177//6
f 1180//6 1179//6 1177//6
f 1183//1 1182//1 1181//1
f 1184//1 1183//1 1181//1
f 1187//2 1186//2 1185//2
f 1188//2 1187//2 1185//2
f 1191//4 1190//4 1189//4
f 1192//4 1191//4 1189//4
f 1195//5 1194//5 1193//5
f 1196//5 1195//5 1193//5
f 1199//6 1198//6 1197//6
f 1200//6 1199//6 1197//6
f 1203//3 1202//3 1201//3
f 1204//3 1203//3 1201//3
f 1207//4 1206//4 1205//4
f 1208//4 1207//4 1205//4
f 1211//2 1210//2 1209//2
f 1212//2 1211//2 1209//2
f 1215//3 1214//3 1213//3
f 1216//3 1215//3 1213//3
f 1219//4 1218//4 1217//4
f 1220//4 1219//4 1217//4
f 1223//6 1222//6 1221//6
f 1224//6 1223//6 1221//6
f 1227//2 1226//2 1225//2
f 1228//2 1227//2 1225//2
f 1231//3 1230//3 1229//3
f 1232//3 1231//3 1229//3
f 1235//4 1234//4 1233//4
f 1236//4 1235//4 1233//4
f 1239//1 1238//1 1237//1
f 1240//1 1239//1 1237//1
f 1243//2 1242//2 1241//2
f 1244//2 1243//2 1241//2
f 1247//1 1246//1 1245//1
f 1248//1 1247//1 1245//1
f 1251//6 1250//6 1249//6
f 1252//6 1251//6 1249//6
f 1255//1 1254//1 1253//1
f 1256//1 1255//1 1253//1
f 1259//6 1258//6 1257//6
f 1260//6 1259//6 1257//6
f 1263//6 1262//6 1261//6
f 1264//6 1263//6 1261//6
f 1267//2 1266//2 1265//2
f 1268//2 1267//2 1265//2
f 1271//3 1270//3 1269//3
f 1272//3 1271//3 1269//3
f 1275//1 1274//1 1273//1
f 1276//1 1275//1 1273//1
f 1279//2 1278//2 1277//2
f 1280//2 1279//2 1277//2
f 1283//3 1282//3 1281//3
f 1284//3 1283//3 1281//3
f 1287//6 1286//6 1285//6
f 1288//6 1287//6 1285//6
f 1291//2 1290//2 1289//2
f 1292//2 1291//2 1289//2
f 1295//3 1294//3 1293//3
f 1296//3 1295//3 1293//3
f 1299//1 1298//1 1297//1
f 1300//1 1299//1 1297//1
f 1303//2 1302//2 1301//2
f 1304//2 1303//2 1301//2
f 1307//1 1306//1 1305//1
f 1308//1 1307//1 1305//1
f 1311//6 1310//6 1309//6
f 1312//6 1311//6 1309//6
f 1315//1 1314//1 1313//1
f 1316//1 1315//1 1313//1
f 1319//6 1318//6 1317//6
f 1320//6 1319//6 1317//6
f 1323//6 1322//6 1321//6
f 1324//6 1323//6 1321//6
f 1327//2 1326//2 1325//2
f 1328//2 1327//2 1325//2
f 1331//3 1330//3 1329//3
f 1332//3 1331//3 1329//3
f 1335//1 1334//1 1333//1
f 1336//1 1335//1 1333//1
f 1339//2 1338//2 1337//2
f 1340//2 1339//2 1337//2
f 1343//3 1342//3 1341//3
f 1344//3 1343//3 1341//3
f 1347//6 1346//6 1345//6
f 1348//6 1347//6 1345//6
f 1351//2 1350//2 1349//2
f 1352//2 1351//2 1349//2
f 1355//3 1354//3 1353//3
f 1356//3 1355//3 1353//3
f 1359//1 1358//1 1357//1
f 1360//1 1359//1 1357//1
f 1363//2 1362//2 1361//2
f 1364//2 1363//2 1361//2
f 1367//5 1366//5 1365//5
f 1368//5 1367//5 1365//5
f 1371//1 1370//1 1369//1
f 1372//1 1371//1 1369//1
f 1375//6 1374//6 1373//6
f 1376//6 1375//6 1373//6
f 1379//1 1378//1 1377//1
f 1380//1 1379//1 1377//1
f 1383//6 1382//6 1381//6
f 1384//6 1383//6 1381//6
f 1387//1 1386//1 1385//1
f 1388//1 1387//1 1385//1
f 1391//2 1390//2 1389//2
f 1392//2 1391//2 1389//2
f 1395//4 1394//4 1393//4
f 1396//4 1395//4 1393//4
f 1399//5 1398//5 1397//5
f 1400//5 1399//5 1397//5
f 1403//6 1402//6 1401//6
f 1404//6 1403//6 1401//6
f 1407//3 1406//3 1405//3
f 1408//3 1407//3 1405//3
f 1411//5 1410//5 1409//5
f 1412//5 1411//5 1409//5
f 1415//2 1414//2 1413//2
f 1416//2 1415//2 1413//2
f 1419//3 1418//3 1417//3
f 1420//3 1419//3 1417//3
f 1423//5 1422//5 1421//5
f 1424//5 1423//5 1421//5
f 1427//6 1426//6 1425//6
f 1428//6 1427//6 1425//6
f 1431//2 1430//2 1429//2
f 1432//2 1431//2 1429//2
f 1435//3 1434//3 1433//3
f 1436//3 1435//3 1433//3
f 1439//5 1438//5 1437//5
f 1440//5 1439//5 1437//5
f 1443//1 1442//1 1441//1
f 1444//1 1443//1 1441//1
f 1447//2 1446//2 1445//2
f 1448//2 1447//2 1445//2
f 1451//1 1450//1 1449//1
f 1452//1 1451//1 1449//1
f 1455//6 1454//6 1453//6
f 1456//6 1455//6 1453//6
f 1459//6 1458//6 1457//6
f 1460//6 1459//6 1457//6
f 1463//2 1462//2 1461//2
f 1464//2 1463//2 1461//2
f 1467//3 1466//3 1465//3
f 1468//3 1467//3 1465//3
f 1471//4 1470//4 1469//4
f 1472//4 1471//4 1469//4
f 1475//1 1474//1 1473//1
f 1476//1 1475//1 1473//1
f 1479//2 1478//2 1477//2
f 1480//2 1479//2 1477//2
f 1483//3 1482//3 1481//3
f 1484//3 1483//3 1481//3
f 1487//4 1486//4 1485//4
f 1488//4 1487//4 1485//4
f 1491//6 1490//6 1489//6
f 1492//6 1491//6 1489//6
f 1495//2 1494//2 1493//2
f 1496//2 1495//2 1493//2
f 1499//3 1498//3 1497//3
f 1500//3 1499//3 1497//3
f 1503//4 1502//4 1501//4
f 1504//4 1503//4 1501//4
f 1507//1 1506//1 1505//1
f 1508//1 1507//1 1505//1
f 1511//2 1510//2 1509//2
f 1512//2 1511//2 1509//2
f 1515//5 1514//5 1513//5
f 1516//5 1515//5 1513//5
f 1519//1 1518//1 1517//1
f 1520//1 1519//1 1517//1
f 1523//6 1522//6 1521//6
f 1524//6 1523//6 1521//6
f 1527//6 1526//6 1525//6
f 1528//6 1527//6 1525//6
f 1531//2 1530//2 1529//2
f 1532//2 1531//2 1529//2
f 1535//3 1534//3 1533//3
f 1536//3 1535//3 1533//3
f 1539//5 1538//5 1537//5
f 1540//5 1539//5 1537//5
f 1543//1 1542//1 1541//1
f 1544//1 1543//1 1541//1
f 1547//2 1546//2 1545//2
f 1548//2 1547//2 1545//2
f 1551//3 1550//3 1549//3
f 1552//3 1551//3 1549//3
f 1555//5 1554//5 1553//5
f 1556//5 1555//5 1553//5
f 1559//6 1558//6 1557//6
f 1560//6 1559//6 1557//6
f 1563//2 1562//2 1561//2
f 1564//2 1563//2 1561//2
f 1567//3 1566//3 1565//3
f 1568//3 1567//3 1565//3
f 1571//5 1570//5 1569//5
f 1572//5 1571//5 1569//5
f 1575//1 1574//1 1573//1
f 1576//1 1575//1 1573//1
f 1579//2 1578//2 1577//2
f 1580//2 1579//2 1577//2
f 1583//6 1582//6 1581//6
f 1584//6 1583//6 1581//6
f 1587//2 1586//2 1585//2
f 1588//2 1587//2 1585//2
f 1591//3 1590//3 1589//3
f 1592//3 1591//3 1589//3
f 1595//4 1594//4 1593//4
f 1596//4 1595//4 1593//4
f 1599//1 1598//1 1597//1
f 1600//1 1599//1 1597//1
f 1603//2 1602//2 1601//2
f 1604//2 1603//2 1601//2
f 1607//3 1606//3 1605//3
f 1608//3 1607//3 1605//3
f 1611//4 1610//4 1609//4
f 1612//4 1611//4 1609//4
f 1615//6 1614//6 1613//6
f 1616//6 1615//6 1613//6
f 1619//2 1618//2 1617//2
f 1620//2 1619//2 1617//2
f 1623//3 1622//3 1621//3
f 1624//3 1623//3 1621//3
f 1627//4 1626//4 1625//4
f 1628//4 1627//4 1625//4
f 1631//1 1630//1 1629//1
f 1632//1 1631//1 1629//1
f 1635//2 1634//2 1633//2
f 1636//2 1635//2 1633//2
f 1639//5 1638//5 1637//5
f 1640//5 1639//5 1637//5
f 1643//6 1642//6 1641//6
f 1644//6 1643//6 1641//6
f 1647//2 1646//2 1645//2
f 1648//2 1647//2 1645//2
f 1651//3 1650//3 1649//3
f 1652//3 1651//3 1649//3
f 1655//5 1654//5 1653//5
f 1656//5 1655//5 1653//5
f 1659//1 1658//1 1657//1
f 1660//1 1659//1 1657//1
f 1663//2 1662//2 1661//2
f 1664//2 1663//2 1661//2
f 1667//3 1666//3 1665//3
f 1668//3 1667//3 1665//3
f 1671//5 1670//5 1669//5
f 1672//5 1671//5 1669//5
f 1675//6 1674//6 1673//6
f 1676//6 1675//6 1673//6
f 1679//2 1678//2 1677//2
f 1680//2 1679//2 1677//2
f 1683//3 1682//3 1681//3
f 1684//3 1683//3 1681//3
f 1687//5 1686//5 1685//5
f 1688//5 1687//5 1685//5
f 1691//1 1690//1 1689//1
f 1692//1 1691//1 1689//1
f 1695//2 1694//2 1693//2
f 1696//2 1695//2 1693//2
f 1699//3 1698//3 1697//3
f 1700//3 1699//3 1697//3
f 1703//4 1702//4 1701//4
f 1704//4 1703//4 1701//4
f 1707//5 1706//5 1705//5
f 1708//5 1707//5 1705//5
f 1711//6 1710//6 1709//6
f 1712//6 1711//6 1709//6
f 1715//2 1714//2 1713//2
f 1716//2 1715//2 1713//2
f 1719//3 1718//3 1717//3
f 1720//3 1719//3 1717//3
f 1723//4 1722//4 1721//4
f 1724//4 1723//4 1721//4
f 1727//5 1726//5 1725//5
f 1728//5 1727//5 1725//5
g Chunk_1x1x1
usemtl Voxel
f 1731//1 1730//1 1729//1
f 1732//1 1731//1 1729//1
f 1735//2 1734//2 1733//2
f 1736//2 1735//2 1733//2
f 1739//4 1738//4 1737//4
f 1740//4 1739//4 1737//4
f 1743//1 1742//1 1741//1
f 1744//1 1743//1 1741//1
f 1747//6 1746//6 1745//6
f 1748//6 1747//6 1745//6
f 1751//1 1750//1 1749//1
f 1752//1 1751//1 1749//1
f 1755//6 1754//6 1753//6
f 1756//6 1755//6 1753//6
f 1759//1 1758//1 1757//1
f 1760//1 1759//1 1757//1
f 1763//6 1762//6 1761//6
f 1764//6 1763//6 1761//6
f 1767//1 1766//1 1765//1
f 1768//1 1767//1 1765//1
f 1771//6 1770//6 1769//6
f 1772//6 1771//6 1769//6
f 1775//1 1774//1 1773//1
f 1776//1 1775//1 1773//1
f 1779//6 1778//6 1777//6
f 1780//6 1779//6 1777//6
f 1783//1 1782//1 1781//1
f 1784//1 1783//1 1781//1
f 1787//6 1786//6 1785//6
f 1788//6 1787//6 1785//6
f 1791//1 1790//1 1789//1
f 1792//1 1791//1 1789//1
f 1795//6 1794//6 1793//6
f 1796//6 1795//6 1793//6
f 1799//1 1798//1 1797//1
f 1800//1 1799//1 1797//1
f 1803//6 1802//6 1801//6
f 1804//6 1803//6 1801//6
f 1807//1 1806//1 1805//1
f 1808//1 1807//1 1805//1
f 1811//6 1810//6 1809//6
f 1812//6 1811//6 1809//6
f 1815//1 1814//1 1813//1
f 1816//1 1815//1 1813//1
f 1819//6 1818//6 1817//6
f 1820//6 1819//6 1817//6
f 1823//1 1822//1 1821//1
f 1824//1 1823//1 1821//1
f 1827//6 1826//6 1825//6
f 1828//6 1827//6 1825//6
f 1831//1 1830//1 1829//1
f 1832//1 1831//1 1829//1
f 1835//6 1834//6 1833//6
f 1836//6 1835//6 1833//6
f 1839//1 1838//1 1837//1
f 1840//1 1839//1 1837//1
f 1843//3 1842//3 1841//3
f 1844//3 1843//3 1841//3
f 1847//4 1846//4 1845//4
f 1848//4 1847//4 1845//4
f 1851//6 1850//6 1849//6
f 1852//6 1851//6 1849//6
f 1855//2 1854//2 1853//2
f 1856//2 1855//2 1853//2
f 1859//3 1858//3 1857//3
f 1860//3 1859//3 1857//3
f 1863//4 1862//4 1861//4
f 1864//4 1863//4 1861//4
f 1867//5 1866//5 1865//5
f 1868//5 1867//5 1865//5
f 1871//6 1870//6 1869//6
f 1872//6 1871//6 1869//6
f 1875//2 1874//2 1873//2
f 1876//2 1875//2 1873//2
f 1879//3 1878//3 1877//3
f 1880//3 1879//3 1877//3
f 1883//4 1882//4 1881//4
f 1884//4 1883//4 1881//4
f 1887//5 1886//5 1885//5
f 1888//5 1887//5 1885//5
f 1891//1 1890//1 1889//1
f 1892//1 1891//1 1889//1
f 1895//2 1894//2 1893//2
f 1896//2 1895//2 1893//2
f 1899//3 1898//3 1897//3
f 1900//3 1899//3 1897//3
f 1903//4 1902//4 1901//4
f 1904//4 1903//4 1901//4
f 1907//5 1906//5 1905//5
f 1908//5 1907//5 1905//5
f 1911//1 1910//1 1909//1
f 1912//1 1911//1 1909//1
f 1915//2 1914//2 1913//2
f 1916//2 1915//2 1913//2
f 1919//3 1918//3 1917//3
f 1920//3 1919//3 1917//3
f 1923//4 1922//4 1921//4
f 1924//4 1923//4 1921//4
f 1927//5 1926//5 1925//5
f 1928//5 1927//5 1925//5
f 1931//6 1930//6 1929//6
f 1932//6 1931//6 1929//6
f 1935//2 1934//2 1933//2
f 1936//2 1935//2 1933//2
f 1939//3 1938//3 1937//3
f 1940//3 1939//3 1937//3
f 1943//4 1942//4 1941//4
f 1944//4 1943//4 1941//4
f 1947//5 1946//5 1945//5
f 1948//5 1947//5 1945//5
f 1951//6 1950//6 1949//6
f 1952//6 1951//6 1949//6
f 1955//2 1954//2 1953//2
f 1956//2 1955//2 1953//2
f 1959//3 1958//3 1957//3
f 1960//3 1959//3 1957//3
f 1963//4 1962//4 1961//4
f 1964//4 1963//4 1961//4
f 1967//5 1966//5 1965//5
f 1968//5 1967//5 1965//5
f 1971//1 1970//1 1969//1
f 1972//1 1971//1 1969//1
f 1975//2 1974//2 1973//2
f 1976//2 1975//2 1973//2
f 1979//4 1978//4 1977//4
f 1980//4 1979//4 1977//4
f 1983//1 1982//1 1981//1
f 1984//1 1983//1 1981//1
f 1987//6 1986//6 1985//6
f 1988//6 1987//6 1985//6
f 1991//1 1990//1 1989//1
f 1992//1 1991//1 1989//1
f 1995//6 1994//6 1993//6
f 1996//6 1995//6 1993//6
f 1999//1 1998//1 1997//1
f 2000//1 1999//1 1997//1
f 2003//1 2002//1 2001//1
f 2004//1 2003//1 2001//1
f 2007//1 2006//1 2005//1
f 2008//1 2007//1 2005//1
f 2011//6 2010//6 2009//6
f 2012//6 2011//6 2009//6
f 2015//1 2014//1 2013//1
f 2016//1 2015//1 2013//1
f 2019//6 2018//6 2017//6
f 2020//6 2019//6 2017//6
f 2023//1 2022//1 2021//1
f 2024//1 2023//1 2021//1
f 2027//6 2026//6 2025//6
f 2028//6 2027//6 2025//6
f 2031//1 2030//1 2029//1
f 2032//1 2031//1 2029//1
f 2035//6 2034//6 2033//6
f 2036//6 2035//6 2033//6
f 2039//1 2038//1 2037//1
f 2040//1 2039//1 2037//1
f 2043//6 2042//6 2041//6
f 2044//6 2043//6 2041//6
f 2047//1 2046//1 2045//1
f 2048//1 2047//1 2045//1
f 2051//6 2050//6 2049//6
f 2052//6 2051//6 2049//6
f 2055//1 2054//1 2053//1
f 2056//1 2055//1 2053//1
f 2059//1 2058//1 2057//1
f 2060//1 2059//1 2057//1
f 2063//1 2062//1 2061//1
f 2064//1 2063//1 2061//1
f 2067//6 2066//6 2065//6
f 2068//6 2067//6 2065//6
f 2071//1 2070//1 2069//1
f 2072//1 2071//1 2069//1
f 2075//6 2074//6 2073//6
f 2076//6 2075//6 2073//6
f 2079//1 2078//1 2077//1
f 2080//1 2079//1 2077//1
f 2083//3 2082//3 2081//3
f 2084//3 2083//3 2081//3
f 2087//4 2086//4 2085//4
f 2088//4 2087//4 2085//4
f 2091//6 2090//6 2089//6
f 2092//6 2091//6 2089//6
f 2095//2 2094//2 2093//2
f 2096//2 2095//2 2093//2
f 2099//3 2098//3 2097//3
f 2100//3 2099//3 2097//3
f 2103//4 2102//4 2101//4
f 2104//4 2103//4 2101//4
f 2107//5 2106//5 2105//5
f 2108//5 2107//5 2105//5
f 2111//6 2110//6 2109//6
f 2112//6 2111//6 2109//6
f 2115//2 2114//2 2113//2
f 2116//2 2115//2 2113//2
f 2119//4 2118//4 2117//4
f 2120//4 2119//4 2117//4
f 2123//6 2122//6 2121//6
f 2124//6 2123//6 2121//6
f 2127//3 2126//3 2125//3
f 2128//3 2127//3 2125//3
f 2131//4 2130//4 2129//4
f 2132//4 2131//4 2129//4
f 2135//6 2134//6 2133//6
f 2136//6 2135//6 2133//6
f 2139//2 2138//2 2137//2
f 2140//2 2139//2 2137//2
f 2143//4 2142//4 2141//4
f 2144//4 2143//4 2141//4
f 2147//6 2146//6 2145//6
f 2148//6 2147//6 2145//6
f 2151//3 2150//3 2149//3
f 2152//3 2151//3 2149//3
f 2155//4 2154//4 2153//4
f 2156//4 2155//4 2153//4
f 2159//6 2158//6 2157//6
f 2160//6 2159//6 2157//6
f 2163//2 2162//2 2161//2
f 2164//2 2163//2 2161//2
f 2167//3 2166//3 2165//3
f 2168//3 2167//3 2165//3
f 2171//4 2170//4 2169//4
f 2172//4 2171//4 2169//4
f 2175//5 2174//5 2173//5
f 2176//5 2175//5 2173//5
f 2179//1 2178//1 2177//1
f 2180//1 2179//1 2177//1
f 2183//6 2182//6 2181//6
f 2184//6 2183//6 2181//6
f 2187//1 2186//1 2185//1
f 2188//1 2187//1 2185//1
f 2191//6 2190//6 2189//6
f 2192//6 2191//6 2189//6
f 2195//1 2194//1 2193//1
f 2196//1 2195//1 2193//1
f 2199//1 2198//1 2197//1
f 2200//1 2199//1 2197//1
f 2203//1 2202//1 2201//1
f 2204//1 2203//1 2201//1
f 2207//1 2206//1 2205//1
f 2208//1 2207//1 2205//1
f 2211//1 2210//1 2209//1
f 2212//1 2211//1 2209//1
f 2215//1 2214//1 2213//1
f 2216//1 2215//1 2213//1
f 2219//1 2218//1 2217//1
f 2220//1 2219//1 2217//1
f 2223//1 2222//1 2221//1
f 2224//1 2223//1 2221//1
f 2227//1 2226//1 2225//1
f 2228//1 2227//1 2225//1
f 2231//1 2230//1 2229//1
f 2232//1 2231//1 2229//1
f 2235//1 2234//1 2233//1
f 2236//1 2235//1 2233//1
f 2239//1 2238//1 2237//1
f 2240//1 2239//1 2237//1
f 2243//1 2242//1 2241//1
f 2244//1 2243//1 2241//1
f 2247//6 2246//6 2245//6
f 2248//6 2247//6 2245//6
f 2251//1 2250//1 2249//1
f 2252//1 2251//1 2249//1
f 2255//6 2254//6 2253//6
f 2256//6 2255//6 2253//6
f 2259//6 2258//6 2257//6
f 2260//6 2259//6 2257//6
f 2263//2 2262//2 2261//2
f 2264//2 2263//2 2261//2
f 2267//4 2266//4 2265//4
f 2268//4 2267//4 2265//4
f 2271//5 2270//5 2269//5
f 2272//5 2271//5 2269//5
f 2275//4 2274//4 2273//4
f 2276//4 2275//4 2273//4
f 2279//5 2278//5 2277//5
f 2280//5 2279//5 2277//5
f 2283//6 2282//6 2281//6
f 2284//6 2283//6 2281//6
f 2287//4 2286//4 2285//4
f 2288//4 2287//4 2285//4
f 2291//4 2290//4 2289//4
f 2292//4 2291//4 2289//4
f 2295//5 2294//5 2293//5
f 2296//5 2295//5 2293//5
f 2299//4 2298//4 2297//4
f 2300//4 2299//4 2297//4
f 2303//5 2302//5 2301//5
f 2304//5 2303//5 2301//5
f 2307//6 2306//6 2305//6
f 2308//6 2307//6 2305//6
f 2311//4 2310//4 2309//4
f 2312//4 2311//4 2309//4
f 2315//4 2314//4 2313//4
f 2316//4 2315//4 2313//4
f 2319//5 2318//5 2317//5
f 2320//5 2319//5 2317//5
f 2323//5 2322//5 2321//5
f 2324//5 2323//5 2321//5
f 2327//6 2326//6 2325//6
f 2328//6 2327//6 2325//6
f 2331//3 2330//3 2329//3
f 2332//3 2331//3 2329//3
f 2335//4 2334//4 2333//4
f 2336//4 2335//4 2333//4
f 2339//6 2338//6 2337//6
f 2340//6 2339//6 2337//6
f 2343//2 2342//2 2341//2
f 2344//2 2343//2 2341//2
f 2347//4 2346//4 2345//4
f 2348//4 2347//4 2345//4
f 2351//6 2350//6 2349//6
f 2352//6 2351//6 2349//6
f 2355//4 2354//4 2353//4
f 2356//4 2355//4 2353//4
f 2359//6 2358//6 2357//6
f 2360//6 2359//6 2357//6
f 2363//3 2362//3 2361//3
f 2364//3 2363//3 2361//3
f 2367//4 2366//4 2365//4
f 2368//4 2367//4 2365//4
f 2371//6 2370//6 2369//6
f 2372//6 2371//6 2369//6
f 2375//2 2374//2 2373//2
f 2376//2 2375//2 2373//2
f 2379//4 2378//4 2377//4
f 2380//4 2379//4 2377//4
f 2383//6 2382//6 2381//6
f 2384//6 2383//6 2381//6
f 2387//3 2386//3 2385//3
f 2388//3 2387//3 2385//3
f 2391//4 2390//4 2389//4
f 2392//4 2391//4 2389//4
f 2395//6 2394//6 2393//6
f 2396//6 2395//6 2393//6
f 2399//2 2398//2 2397//2
f 2400//2 2399//2 2397//2
f 2403//4 2402//4 2401//4
f 2404//4 2403//4 2401//4
f 2407//6 2406//6 2405//6
f 2408//6 2407//6 2405//6
f 2411//4 2410//4 2409//4
f 2412//4 2411//4 2409//4
f 2415//6 2414//6 2413//6
f 2416//6 2415//6 2413//6
f 2419//3 2418//3 2417//3
f 2420//3 2419//3 2417//3
f 2423//4 2422//4 2421//4
f 2424//4 2423//4 2421//4
f 2427//1 2426//1 2425//1
f 2428//1 2427//1 2425//1
f 2431//6 2430//6 2429//6
f 2432//6 2431//6 2429//6
f 2435//2 2434//2 2433//2
f 2436//2 2435//2 2433//2
f 2439//3 2438//3 2437//3
f 2440//3 2439//3 2437//3
f 2443//4 2442//4 2441//4
f 2444//4 2443//4 2441//4
f 2447//1 2446//1 2445//1
f 2448//1 2447//1 2445//1
f 2451//6 2450//6 2449//6
f 2452//6 2451//6 2449//6
f 2455//2 2454//2 2453//2
f 2456//2 2455//2 2453//2
f 2459//4 2458//4 2457//4
f 2460//4 2459//4 2457//4
f 2463//1 2462//1 2461//1
f 2464//1 2463//1 2461//1
f 2467//6 2466//6 2465//6
f 2468//6 2467//6 2465//6
f 2471//3 2470//3 2469//3
f 2472//3 2471//3 2469//3
f 2475//4 2474//4 2473//4
f 2476//4 2475//4 2473//4
f 2479//1 2478//1 2477//1
f 2480//1 2479//1 2477//1
f 2483//6 2482//6 2481//6
f 2484//6 2483//6 2481//6
f 2487//2 2486//2 2485//2
f 2488//2 2487//2 2485//2
f 2491//3 2490//3 2489//3
f 2492//3 2491//3 2489//3
f 2495//4 2494//4 2493//4
f 2496//4 2495//4 2493//4
f 2499//1 2498//1 2497//1
f 2500//1 2499//1 2497//1
f 2503//6 2502//6 2501//6
f 2504//6 2503//6 2501//6
f 2507//2 2506//2 2505//2
f 2508//2 2507//2 2505//2
f 2511//3 2510//3 2509//3
f 2512//3 2511//3 2509//3
f 2515//4 2514//4 2513//4
f 2516//4 2515//4 2513//4
f 2519//1 2518//1 2517//1
f 2520//1 2519//1 2517//1
f 2523//6 2522//6 2521//6
f 2524//6 2523//6 2521//6
f 2527//2 2526//2 2525//2
f 2528//2 2527//2 2525//2
f 2531//3 2530//3 2529//3
f 2532//3 2531//3 2529//3
f 2535//4 2534//4 2533//4
f 2536//4 2535//4 2533//4
f 2539//1 2538//1 2537//1
f 2540//1 2539//1 2537//1
f 2543//6 2542//6 2541//6
f 2544//6 2543//6 2541//6
f 2547//1 2546//1 2545//1
f 2548//1 2547//1 2545//1
f 2551//1 2550//1 2549//1
f 2552//1 2551//1 2549//1
f 2555//1 2554//1 2553//1
f 2556//1 2555//1 2553//1
f 2559//1 2558//1 2557//1
f 2560//1 2559//1 2557//1
f 2563//6 2562//6 2561//6
f 2564//6 2563//6 2561//6
f 2567//1 2566//1 2565//1
f 2568//1 2567//1 2565//1
f 2571//6 2570//6 2569//6
f 2572//6 2571//6 2569//6
f 2575//1 2574//1 2573//1
f 2576//1 2575//1 2573//1
f 2579//1 2578//1 2577//1
f 2580//1 2579//1 2577//1
f 2583//6 2582//6 2581//6
f 2584//6 2583//6 2581//6
f 2587//1 2586//1 2585//1
f 2588//1 2587//1 2585//1
f 2591//6 2590//6 2589//6
f 2592//6 2591//6 2589//6
f 2595//1 2594//1 2593//1
f 2596//1 2595//1 2593//1
f 2599//1 2598//1 2597//1
f 2600//1 2599//1 2597//1
f 2603//6 2602//6 2601//6
f 2604//6 2603//6 2601//6
f 2607//1 2606//1 2605//1
f 2608//1 2607//1 2605//1
f 2611//6 2610//6 2609//6
f 2612//6 2611//6 2609//6
f 2615//1 2614//1 2613//1
f 2616//1 2615//1 2613//1
f 2619//1 2618//1 2617//1
f 2620//1 2619//1 2617//1
f 2623//1 2622//1 2621//1
f 2624//1 2623//1 2621//1
f 2627//1 2626//1 2625//1
f 2628//1 2627//1 2625//1
f 2631//6 2630//6 2629//6
f 2632//6 2631//6 2629//6
f 2635//6 2634//6 2633//6
f 2636//6 2635//6 2633//6
f 2639//2 2638//2 2637//2
f 2640//2 2639//2 2637//2
f 2643//4 2642//4 2641//4
f 2644//4 2643//4 2641//4
f 2647//3 2646//3 2645//3
f 2648//3 2647//3 2645//3
f 2651//5 2650//5 2649//5
f 2652//5 2651//5 2649//5
f 2655//2 2654//2 2653//2
f 2656//2 2655//2 2653//2
f 2659//3 2658//3 2657//3
f 2660//3 2659//3 2657//3
f 2663//5 2662//5 2661//5
f 2664//5 2663//5 2661//5
f 2667//2 2666//2 2665//2
f 2668//2 2667//2 2665//2
f 2671//3 2670//3 2669//3
f 2672//3 2671//3 2669//3
f 2675//5 2674//5 2673//5
f 2676//5 2675//5 2673//5
f 2679//2 2678//2 2677//2
f 2680//2 2679//2 2677//2
f 2683//5 2682//5 2681//5
f 2684//5 2683//5 2681//5
f 2687//6 2686//6 2685//6
f 2688//6 2687//6 2685//6
f 2691//3 2690//3 2689//3
f 2692//3 2691//3 2689//3
f 2695//4 2694//4 2693//4
f 2696//4 2695//4 2693//4
f 2699//6 2698//6 2697//6
f 2700//6 2699//6 2697//6
f 2703//2 2702//2 2701//2
f 2704//2 2703//2 2701//2
f 2707//4 2706//4 2705//4
f 2708//4 2707//4 2705//4
f 2711//6 2710//6 2709//6
f 2712//6 2711//6 2709//6
f 2715//1 2714//1 2713//1
f 2716//1 2715//1 2713//1
f 2719//6 2718//6 2717//6
f 2720//6 2719//6 2717//6
f 2723//1 2722//1 2721//1
f 2724//1 2723//1 2721//1
f 2727//5 2726//5 2725//5
f 2728//5 2727//5 2725//5
f 2731//4 2730//4 2729//4
f 2732//4 2731//4 2729//4
f 2735//5 2734//5 2733//5
f 2736//5 2735//5 2733//5
f 2739//1 2738//1 2737//1
f 2740//1 2739//1 2737//1
f 2743//5 2742//5 2741//5
f 2744//5 2743//5 2741//5
f 2747//1 2746//1 2745//1
f 2748//1 2747//1 2745//1
f 2751//5 2750//5 2749//5
f 2752//5 2751//5 2749//5
f 2755//4 2754//4 2753//4
f 2756//4 2755//4 2753//4
f 2759//5 2758//5 2757//5
f 2760//5 2759//5 2757//5
f 2763//1 2762//1 2761//1
f 2764//1 2763//1 2761//1
f 2767//5 2766//5 2765//5
f 2768//5 2767//5 2765//5
f 2771//1 2770//1 2769//1
f 2772//1 2771//1 2769//1
f 2775//6 2774//6 2773//6
f 2776//6 2775//6 2773//6
f 2779//6 2778//6 2777//6
f 2780//6 2779//6 2777//6
f 2783//6 2782//6 2781//6
f 2784//6 2783//6 2781//6
f 2787//3 2786//3 2785//3
f 2788//3 2787//3 2785//3
f 2791//4 2790//4 2789//4
f 2792//4 2791//4 2789//4
f 2795//2 2794//2 2793//2
f 2796//2 2795//2 2793//2
f 2799//4 2798//4 2797//4
f 2800//4 2799//4 2797//4
f 2803//5 2802//5 2801//5
f 2804//5 2803//5 2801//5
f 2807//4 2806//4 2805//4
f 2808//4 2807//4 2805//4
f 2811//5 2810//5 2809//5
f 2812//5 2811//5 2809//5
f 2815//4 2814//4 2813//4
f 2816//4 2815//4 2813//4
f 2819//5 2818//5 2817//5
f 2820//5 2819//5 2817//5
f 2823//4 2822//4 2821//4
f 2824//4 2823//4 2821//4
f 2827//5 2826//5 2825//5
f 2828//5 2827//5 2825//5
f 2831//4 2830//4 2829//4
f 2832//4 2831//4 2829//4
f 2835//5 2834//5 2833//5
f 2836//5 2835//5 2833//5
f 2839//3 2838//3 2837//3
f 2840//3 2839//3 2837//3
f 2843//4 2842//4 2841//4
f 2844//4 2843//4 2841//4
f 2847//5 2846//5 2845//5
f 2848//5 2847//5 2845//5
f 2851//1 2850//1 2849//1
f 2852//1 2851//1 2849//1
f 2855//6 2854//6 2853//6
f 2856//6 2855//6 2853//6
f 2859//2 2858//2 2857//2
f 2860//2 2859//2 2857//2
f 2863//4 2862//4 2861//4
f 2864//4 2863//4 2861//4
f 2867//5 2866//5 2865//5
f 2868//5 2867//5 2865//5
f 2871//4 2870//4 2869//4
f 2872//4 2871//4 2869//4
f 2875//5 2874//5 2873//5
f 2876//5 2875//5 2873//5
f 2879//5 2878//5 2877//5
f 2880//5 2879//5 2877//5
f 2883//5 2882//5 2881//5
f 2884//5 2883//5 2881//5
f 2887//4 2886//4 2885//4
f 2888//4 2887//4 2885//4
f 2891//5 2890//5 2889//5
f 2892//5 2891//5 2889//5
f 2895//5 2894//5 2893//5
f 2896//5 2895//5 2893//5
f 2899//1 2898//1 2897//1
f 2900//1 2899//1 2897//1
f 2903//6 2902//6 2901//6
f 2904//6 2903//6 2901//6
f 2907//3 2906//3 2905//3
f 2908//3 2907//3 2905//3
f 2911//4 2910//4 2909//4
f 2912//4 2911//4 2909//4
f 2915//6 2914//6 2913//6
f 2916//6 2915//6 2913//6
f 2919//2 2918//2 2917//2
f 2920//2 2919//2 2917//2
f 2923//4 2922//4 2921//4
f 2924//4 2923//4 2921//4
f 2927//6 2926//6 2925//6
f 2928//6 2927//6 2925//6
f 2931//6 2930//6 2929//6
f 2932//6 2931//6 2929//6
f 2935//4 2934//4 2933//4
f 2936//4 2935//4 2933//4
f 2939//6 2938//6 2937//6
f 2940//6 2939//6 2937//6
f 2943//4 2942//4 2941//4
f 2944//4 2943//4 2941//4
f 2947//6 2946//6 2945//6
f 2948//6 2947//6 2945//6
f 2951//6 2950//6 2949//6
f 2952//6 2951//6 2949//6
f 2955//3 2954//3 2953//3
f 2956//3 2955//3 2953//3
f 2959//4 2958//4 2957//4
f 2960//4 2959//4 2957//4
f 2963//1 2962//1 2961//1
f 2964//1 2963//1 2961//1
f 2967//6 2966//6 2965//6
f 2968//6 2967//6 2965//6
f 2971//1 2970//1 2969//1
f 2972//1 2971//1 2969//1
f 2975//1 2974//1 2973//1
f 2976//1 2975//1 2973//1
f 2979//1 2978//1 2977//1
f 2980//1 2979//1 2977//1
f 2983//6 2982//6 2981//6
f 2984//6 2983//6 2981//6
f 2987//1 2986//1 2985//1
f 2988//1 2987//1 2985//1
f 2991//6 2990//6 2989//6
f 2992//6 2991//6 2989//6
f 2995//1 2994//1 2993//1
f 2996//1 2995//1 2993//1
f 2999//6 2998//6 2997//6
f 3000//6 2999//6 2997//6
f 3003//1 3002//1 3001//1
f 3004//1 3003//1 3001//1
f 3007//6 3006//6 3005//6
f 3008//6 3007//6 3005//6
f 3011//1 3010//1 3009//1
f 3012//1 3011//1 3009//1
f 3015//6 3014//6 3013//6
f 3016//6 3015//6 3013//6
f 3019//1 3018//1 3017//1
f 3020//1 3019//1 3017//1
f 3023//6 3022//6 3021//6
f 3024//6 3023//6 3021//6
f 3027//1 3026//1 3025//1
f 3028//1 3027//1 3025//1
f 3031//6 3030//6 3029//6
f 3032//6 3031//6 3029//6
f 3035//1 3034//1 3033//1
f 3036//1 3035//1 3033//1
f 3039//6 3038//6 3037//6
f 3040//6 3039//6 3037//6
f 3043//1 3042//1 3041//1
f 3044//1 3043//1 3041//1
f 3047//6 3046//6 3045//6
f 3048//6 3047//6 3045//6
f 3051//1 3050//1 3049//1
f 3052//1 3051//1 3049//1
f 3055//6 3054//6 3053//6
f 3056//6 3055//6 3053//6
f 3059//1 3058//1 3057//1
f 3060//1 3059//1 3057//1
f 3063//1 3062//1 3061//1
f 3064//1 3063//1 3061//1
f 3067//1 3066//1 3065//1
f 3068//1 3067//1 3065//1
f 3071//6 3070//6 3069//6
f 3072//6 3071//6 3069//6
f 3075//6 3074//6 3073//6
f 3076//6 3075//6 3073//6
f 3079//2 3078//2 3077//2
f 3080//2 3079//2 3077//2
f 3083//5 3082//5 3081//5
f 3084//5 3083//5 3081//5
f 3087//3 3086//3 3085//3
f 3088//3 3087//3 3085//3
f 3091//2 3090//2 3089//2
f 3092//2 3091//2 3089//2
f 3095//6 3094//6 3093//6
f 3096//6 3095//6 3093//6
f 3099//3 3098//3 3097//3
f 3100//3 3099//3 3097//3
f 3103//5 3102//5 3101//5
f 3104//5 3103//5 3101//5
f 3107//6 3106//6 3105//6
f 3108//6 3107//6 3105//6
f 3111//2 3110//2 3109//2
f 3112//2 3111//2 3109//2
f 3115//1 3114//1 3113//1
f 3116//1 3115//1 3113//1
f 3119//6 3118//6 3117//6
f 3120//6 3119//6 3117//6
f 3123//1 3122//1 3121//1
f 3124//1 3123//1 3121//1
f 3127//3 3126//3 3125//3
f 3128//3 3127//3 3125//3
f 3131//5 3130//5 3129//5
f 3132//5 3131//5 3129//5
f 3135//1 3134//1 3133//1
f 3136//1 3135//1 3133//1
f 3139//2 3138//2 3137//2
f 3140//2 3139//2 3137//2
f 3143//5 3142//5 3141//5
f 3144//5 3143//5 3141//5
f 3147//1 3146//1 3145//1
f 3148//1 3147//1 3145//1
f 3151//6 3150//6 3149//6
f 3152//6 3151//6 3149//6
f 3155//6 3154//6 3153//6
f 3156//6 3155//6 3153//6
f 3159//3 3158//3 3157//3
f 3160//3 3159//3 3157//3
f 3163//2 3162//2 3161//2
f 3164//2 3163//2 3161//2
f 3167//3 3166//3 3165//3
f 3168//3 3167//3 3165//3
f 3171//4 3170//4 3169//4
f 3172//4 3171//4 3169//4
f 3175//5 3174//5 3173//5
f 3176//5 3175//5 3173//5
f 3179//2 3178//2 3177//2
f 3180//2 3179//2 3177//2
f 3183//3 3182//3 3181//3
f 3184//3 3183//3 3181//3
f 3187//4 3186//4 3185//4
f 3188//4 3187//4 3185//4
f 3191//5 3190//5 3189//5
f 3192//5 3191//5 3189//5
f 3195//1 3194//1 3193//1
f 3196//1 3195//1 3193//1
f 3199//6 3198//6 3197//6
f 3200//6 3199//6 3197//6
f 3203//2 3202//2 3201//2
f 3204//2 3203//2 3201//2
f 3207//4 3206//4 3205//4
f 3208//4 3207//4 3205//4
f 3211//3 3210//3 3209//3
f 3212//3 3211//3 3209//3
f 3215//5 3214//5 3213//5
f 3216//5 3215//5 3213//5
f 3219//2 3218//2 3217//2
f 3220//2 3219//2 3217//2
f 3223//5 3222//5 3221//5
f 3224//5 3223//5 3221//5
f 3227//1 3226//1 3225//1
f 3228//1 3227//1 3225//1
f 3231//6 3230//6 3229//6
f 3232//6 3231//6 3229//6
f 3235//3 3234//3 3233//3
f 3236//3 3235//3 3233//3
f 3239//4 3238//4 3237//4
f 3240//4 3239//4 3237//4
f 3243//6 3242//6 3241//6
f 3244//6 3243//6 3241//6
f 3247//2 3246//2 3245//2
f 3248//2 3247//2 3245//2
f 3251//4 3250//4 3249//4
f 3252//4 3251//4 3249//4
f 3255//1 3254//1 3253//1
f 3256//1 3255//1 3253//1
f 3259//6 3258//6 3257//6
f 3260//6 3259//6 3257//6
f 3263//1 3262//1 3261//1
f 3264//1 3263//1 3261//1
f 3267//6 3266//6 3265//6
f 3268//6 3267//6 3265//6
f 3271//5 3270//5 3269//5
f 3272//5 3271//5 3269//5
f 3275//1 3274//1 3273//1
f 3276//1 3275//1 3273//1
f 3279//5 3278//5 3277//5
f 3280//5 3279//5 3277//5
f 3283//1 3282//1 3281//1
f 3284//1 3283//1 3281//1
f 3287//5 3286//5 3285//5
f 3288//5 3287//5 3285//5
f 3291//1 3290//1 3289//1
f 3292//1 3291//1 3289//1
f 3295//6 3294//6 3293//6
f 3296//6 3295//6 3293//6
f 3299//5 3298//5 3297//5
f 3300//5 3299//5 3297//5
f 3303//1 3302//1 3301//1
f 3304//1 3303//1 3301//1
f 3307//6 3306//6 3305//6
f 3308//6 3307//6 3305//6
f 3311//6 3310//6 3309//6
f 3312//6 3311//6 3309//6
f 3315//3 3314//3 3313//3
f 3316//3 3315//3 3313//3
f 3319//4 3318//4 3317//4
f 3320//4 3319//4 3317//4
f 3323//6 3322//6 3321//6
f 3324//6 3323//6 3321//6
f 3327//2 3326//2 3325//2
f 3328//2 3327//2 3325//2
f 3331//4 3330//4 3329//4
f 3332//4 3331//4 3329//4
f 3335//6 3334//6 3333//6
f 3336//6 3335//6 3333//6
f 3339//3 3338//3 3337//3
f 3340//3 3339//3 3337//3
f 3343//4 3342//4 3341//4
f 3344//4 3343//4 3341//4
f 3347//1 3346//1 3345//1
f 3348//1 3347//1 3345//1
f 3351//6 3350//6 3349//6
f 3352//6 3351//6 3349//6
f 3355//1 3354//1 3353//1
f 3356//1 3355//1 3353//1
f 3359//6 3358//6 3357//6
f 3360//6 3359//6 3357//6
f 3363//1 3362//1 3361//1
f 3364//1 3363//1 3361//1
f 3367//1 3366//1 3365//1
f 3368//1 3367//1 3365//1
f 3371//6 3370//6 3369//6
f 3372//6 3371//6 3369//6
f 3375//1 3374//1 3373//1
f 3376//1 3375//1 3373//1
f 3379//6 3378//6 3377//6
f 3380//6 3379//6 3377//6
f 3383//1 3382//1 3381//1
f 3384//1 3383//1 3381//1
f 3387//6 3386//6 3385//6
f 3388//6 3387//6 3385//6
f 3391//1 3390//1 3389//1
f 3392//1 3391//1 3389//1
f 3395//6 3394//6 3393//6
f 3396//6 3395//6 3393//6
f 3399//1 3398//1 3397//1
f 3400//1 3399//1 3397//1
f 3403//6 3402//6 3401//6
f 3404//6 3403//6 3401//6
f 3407//1 3406//1 3405//1
f 3408//1 3407//1 3405//1
f 3411//6 3410//6 3409//6
f 3412//6 3411//6 3409//6
f 3415//1 3414//1 3413//1
f 3416//1 3415//1 3413//1
f 3419//6 3418//6 3417//6
f 3420//6 3419//6 3417//6
f 3423//1 3422//1 3421//1
f 3424//1 3423//1 3421//1
f 3427//6 3426//6 3425//6
f 3428//6 3427//6 3425//6
f 3431//1 3430//1 3429//1
f 3432//1 3431//1 3429//1
f 3435//6 3434//6 3433//6
f 3436//6 3435//6 3433//6
f 3439//1 3438//1 3437//1
f 3440//1 3439//1 3437//1
f 3443//6 3442//6 3441//6
f 3444//6 3443//6 3441//6
f 3447//1 3446//1 3445//1
f 3448//1 3447//1 3445//1
f 3451//1 3450//1 3449//1
f 3452//1 3451//1 3449//1
f 3455//6 3454//6 3453//6
f 3456//6 3455//6 3453//6
f 3459//1 3458//1 3457//1
f 3460//1 3459//1 3457//1
f 3463//6 3462//6 3461//6
f 3464//6 3463//6 3461//6
f 3467//2 3466//2 3465//2
f 3468//2 3467//2 3465//2
f 3471//3 3470//3 3469//3
f 3472//3 3471//3 3469//3
f 3475//2 3474//2 3473//2
f 3476//2 3475//2 3473//2
f 3479//3 3478//3 3477//3
f 3480//3 3479//3 3477//3
f 3483//6 3482//6 3481//6
f 3484//6 3483//6 3481//6
f 3487//2 3486//2 3485//2
f 3488//2 3487//2 3485//2
f 3491//5 3490//5 3489//5
f 3492//5 3491//5 3489//5
f 3495//1 3494//1 3493//1
f 3496//1 3495//1 3493//1
f 3499//3 3498//3 3497//3
f 3500//3 3499//3 3497//3
f 3503//1 3502//1 3501//1
f 3504//1 3503//1 3501//1
f 3507//2 3506//2 3505//2
f 3508//2 3507//2 3505//2
f 3511//6 3510//6 3509//6
f 3512//6 3511//6 3509//6
f 3515//3 3514//3 3513//3
f 3516//3 3515//3 3513//3
f 3519//5 3518//5 3517//5
f 3520//5 3519//5 3517//5
f 3523//2 3522//2 3521//2
f 3524//2 3523//2 3521//2
f 3527//3 3526//3 3525//3
f 3528//3 3527//3 3525//3
f 3531//4 3530//4 3529//4
f 3532//4 3531//4 3529//4
f 3535//2 3534//2 3533//2
f 3536//2 3535//2 3533//2
f 3539//3 3538//3 3537//3
f 3540//3 3539//3 3537//3
f 3543//4 3542//4 3541//4
f 3544//4 3543//4 3541//4
f 3547//1 3546//1 3545//1
f 3548//1 3547//1 3545//1
f 3551//6 3550//6 3549//6
f 3552//6 3551//6 3549//6
f 3555//2 3554//2 3553//2
f 3556//2 3555//2 3553//2
f 3559//4 3558//4 3557//4
f 3560//4 3559//4 3557//4
f 3563//5 3562//5 3561//5
f 3564//5 3563//5 3561//5
f 3567//3 3566//3 3565//3
f 3568//3 3567//3 3565//3
f 3571//2 3570//2 3569//2
f 3572//2 3571//2 3569//2
f 3575//1 3574//1 3573//1
f 3576//1 3575//1 3573//1
f 3579//6 3578//6 3577//6
f 3580//6 3579//6 3577//6
f 3583//3 3582//3 3581//3
f 3584//3 3583//3 3581//3
f 3587//4 3586//4 3585//4
f 3588//4 3587//4 3585//4
f 3591//5 3590//5 3589//5
f 3592//5 3591//5 3589//5
f 3595//6 3594//6 3593//6
f 3596//6 3595//6 3593//6
f 3599//2 3598//2 3597//2
f 3600//2 3599//2 3597//2
f 3603//4 3602//4 3601//4
f 3604//4 3603//4 3601//4
f 3607//1 3606//1 3605//1
f 3608//1 3607//1 3605//1
f 3611//6 3610//6 3609//6
f 3612//6 3611//6 3609//6
f 3615//1 3614//1 3613//1
f 3616//1 3615//1 3613//1
f 3619//6 3618//6 3617//6
f 3620//6 3619//6 3617//6
f 3623//3 3622//3 3621//3
f 3624//3 3623//3 3621//3
f 3627//5 3626//5 3625//5
f 3628//5 3627//5 3625//5
f 3631//1 3630//1 3629//1
f 3632//1 3631//1 3629//1
f 3635//6 3634//6 3633//6
f 3636//6 3635//6 3633//6
f 3639//2 3638//2 3637//2
f 3640//2 3639//2 3637//2
f 3643//5 3642//5 3641//5
f 3644//5 3643//5 3641//5
f 3647//1 3646//1 3645//1
f 3648//1 3647//1 3645//1
f 3651//6 3650//6 3649//6
f 3652//6 3651//6 3649//6
f 3655//6 3654//6 3653//6
f 3656//6 3655//6 3653//6
f 3659//3 3658//3 3657//3
f 3660//3 3659//3 3657//3
f 3663//4 3662//4 3661//4
f 3664//4 3663//4 3661//4
f 3667//1 3666//1 3665//1
f 3668//1 3667//1 3665//1
f 3671//6 3670//6 3669//6
f 3672//6 3671//6 3669//6
f 3675//2 3674//2 3673//2
f 3676//2 3675//2 3673//2
f 3679//4 3678//4 3677//4
f 3680//4 3679//4 3677//4
f 3683//1 3682//1 3681//1
f 3684//1 3683//1 3681//1
f 3687//5 3686//5 3685//5
f 3688//5 3687//5 3685//5
f 3691//1 3690//1 3689//1
f 3692//1 3691//1 3689//1
f 3695//5 3694//5 3693//5
f 3696//5 3695//5 3693//5
f 3699//1 3698//1 3697//1
f 3700//1 3699//1 3697//1
f 3703//6 3702//6 3701//6
f 3704//6 3703//6 3701//6
f 3707//3 3706//3 3705//3
f 3708//3 3707//3 3705//3
f 3711//4 3710//4 3709//4
f 3712//4 3711//4 3709//4
f 3715//2 3714//2 3713//2
f 3716//2 3715//2 3713//2
f 3719//4 3718//4 3717//4
f 3720//4 3719//4 3717//4
f 3723//5 3722//5 3721//5
f 3724//5 3723//5 3721//5
f 3727//3 3726//3 3725//3
f 3728//3 3727//3 3725//3
f 3731//4 3730//4 3729//4
f 3732//4 3731//4 3729//4
f 3735//5 3734//5 3733//5
f 3736//5 3735//5 3733//5
f 3739//2 3738//2 3737//2
f 3740//2 3739//2 3737//2
f 3743//4 3742//4 3741//4
f 3744//4 3743//4 3741//4
f 3747//5 3746//5 3745//5
f 3748//5 3747//5 3745//5
f 3751//3 3750//3 3749//3
f 3752//3 3751//3 3749//3
f 3755//4 3754//4 3753//4
f 3756//4 3755//4 3753//4
f 3759//5 3758//5 3757//5
f 3760//5 3759//5 3757//5
f 3763//2 3762//2 3761//2
f 3764//2 3763//2 3761//2
f 3767//4 3766//4 3765//4
f 3768//4 3767//4 3765//4
f 3771//5 3770//5 3769//5
f 3772//5 3771//5 3769//5
f 3775//3 3774//3 3773//3
f 3776//3 3775//3 3773//3
f 3779//4 3778//4 3777//4
f 3780//4 3779//4 3777//4
f 3783//5 3782//5 3781//5
f 3784//5 3783//5 3781//5
f 3787//6 3786//6 3785//6
f 3788//6 3787//6 3785//6
f 3791//2 3790//2 3789//2
f 3792//2 3791//2 3789//2
f 3795//4 3794//4 3793//4
f 3796//4 3795//4 3793//4
f 3799//6 3798//6 3797//6
f 3800//6 3799//6 3797//6
f 3803//3 3802//3 3801//3
f 3804//3 3803//3 3801//3
f 3807//4 3806//4 3805//4
f 3808//4 3807//4 3805//4
f 3811//1 3810//1 3809//1
f 3812//1 3811//1 3809//1
f 3815//6 3814//6 3813//6
f 3816//6 3815//6 3813//6
f 3819//1 3818//1 3817//1
f 3820//1 3819//1 3817//1
f 3823//6 3822//6 3821//6
f 3824//6 3823//6 3821//6
f 3827//1 3826//1 3825//1
f 3828//1 3827//1 3825//1
f 3831//1 3830//1 3829//1
f 3832//1 3831//1 3829//1
f 3835//1 3834//1 3833//1
f 3836//1 3835//1 3833//1
f 3839//6 3838//6 3837//6
f 3840//6 3839//6 3837//6
f 3843//1 3842//1 3841//1
f 3844//1 3843//1 3841//1
f 3847//6 3846//6 3845//6
f 3848//6 3847//6 3845//6
f 3851//1 3850//1 3849//1
f 3852//1 3851//1 3849//1
f 3855//6 3854//6 3853//6
f 3856//6 3855//6 3853//6
f 3859//1 3858//1 3857//1
f 3860//1 3859//1 3857//1
f 3863//6 3862//6 3861//6
f 3864//6 3863//6 3861//6
f 3867//1 3866//1 3865//1
f 3868//1 3867//1 3865//1
f 3871//6 3870//6 3869//6
f 3872//6 3871//6 3869//6
f 3875//1 3874//1 3873//1
f 3876//1 3875//1 3873//1
f 3879//6 3878//6 3877//6
f 3880//6 3879//6 3877//6
f 3883//1 3882//1 3881//1
f 3884//1 3883//1 3881//1
f 3887//6 3886//6 3885//6
f 3888//6 3887//6 3885//6
f 3891//1 3890//1 3889//1
f 3892//1 3891//1 3889//1
f 3895//6 3894//6 3893//6
f 3896//6 3895//6 3893//6
f 3899//1 3898//1 3897//1
f 3900//1 3899//1 3897//1
f 3903//1 3902//1 3901//1
f 3904//1 3903//1 3901//1
f 3907//1 3906//1 3905//1
f 3908//1 3907//1 3905//1
f 3911//6 3910//6 3909//6
f 3912//6 3911//6 3909//6
f 3915//1 3914//1 3913//1
f 3916//1 3915//1 3913//1
f 3919//6 3918//6 3917//6
f 3920//6 3919//6 3917//6
f 3923//6 3922//6 3921//6
f 3924//6 3923//6 3921//6
f 3927//2 3926//2 3925//2
f 3928//2 3927//2 3925//2
f 3931//3 3930//3 3929//3
f 3932//3 3931//3 3929//3
f 3935//4 3934//4 3933//4
f 3936//4 3935//4 3933//4
f 3939//5 3938//5 3937//5
f 3940//5 3939//5 3937//5
f 3943//2 3942//2 3941//2
f 3944//2 3943//2 3941//2
f 3947//4 3946//4 3945//4
f 3948//4 3947//4 3945//4
f 3951//5 3950//5 3949//5
f 3952//5 3951//5 3949//5
f 3955//6 3954//6 3953//6
f 3956//6 3955//6 3953//6
f 3959//3 3958//3 3957//3
f 3960//3 3959//3 3957//3
f 3963//2 3962//2 3961//2
f 3964//2 3963//2 3961//2
f 3967//3 3966//3 3965//3
f 3968//3 3967//3 3965//3
f 3971//2 3970//2 3969//2
f 3972//2 3971//2 3969//2
f 3975//3 3974//3 3973//3
f 3976//3 3975//3 3973//3
f 3979//2 3978//2 3977//2
f 3980//2 3979//2 3977//2
f 3983//3 3982//3 3981//3
f 3984//3 3983//3 3981//3
f 3987//2 3986//2 3985//2
f 3988//2 3987//2 3985//2
f 3991//3 3990//3 3989//3
f 3992//3 3991//3 3989//3
f 3995//2 3994//2 3993//2
f 3996//2 3995//2 3993//2
f 3999//3 3998//3 3997//3
f 4000//3 3999//3 3997//3
f 4003//2 4002//2 4001//2
f 4004//2 4003//2 4001//2
f 4007//3 4006//3 4005//3
f 4008//3 4007//3 4005//3
f 4011//1 4010//1 4009//1
f 4012//1 4011//1 4009//1
f 4015//6 4014//6 4013//6
f 4016//6 4015//6 4013//6
f 4019//2 4018//2 4017//2
f 4020//2 4019//2 4017//2
f 4023//4 4022//4 4021//4
f 4024//4 4023//4 4021//4
f 4027//5 4026//5 4025//5
f 4028//5 4027//5 4025//5
f 4031//6 4030//6 4029//6
f 4032//6 4031//6 4029//6
f 4035//1 4034//1 4033//1
f 4036//1 4035//1 4033//1
f 4039//6 4038//6 4037//6
f 4040//6 4039//6 4037//6
f 4043//3 4042//3 4041//3
f 4044//3 4043//3 4041//3
f 4047//1 4046//1 4045//1
f 4048//1 4047//1 4045//1
f 4051//6 4050//6 4049//6
f 4052//6 4051//6 4049//6
f 4055//2 4054//2 4053//2
f 4056//2 4055//2 4053//2
f 4059//6 4058//6 4057//6
f 4060//6 4059//6 4057//6
f 4063//1 4062//1 4061//1
f 4064//1 4063//1 4061//1
f 4067//6 4066//6 4065//6
f 4068//6 4067//6 4065//6
f 4071//3 4070//3 4069//3
f 4072//3 4071//3 4069//3
f 4075//4 4074//4 4073//4
f 4076//4 4075//4 4073//4
f 4079//5 4078//5 4077//5
f 4080//5 4079//5 4077//5
f 4083//1 4082//1 4081//1
f 4084//1 4083//1 4081//1
f 4087//6 4086//6 4085//6
f 4088//6 4087//6 4085//6
f 4091//2 4090//2 4089//2
f 4092//2 4091//2 4089//2
f 4095//4 4094//4 4093//4
f 4096//4 4095//4 4093//4
f 4099//1 4098//1 4097//1
f 4100//1 4099//1 4097//1
f 4103//3 4102//3 4101//3
f 4104//3 4103//3 4101//3
f 4107//5 4106//5 4105//5
f 4108//5 4107//5 4105//5
f 4111//1 4110//1 4109//1
f 4112//1 4111//1 4109//1
f 4115//2 4114//2 4113//2
f 4116//2 4115//2 4113//2
f 4119//5 4118//5 4117//5
f 4120//5 4119//5 4117//5
f 4123//1 4122//1 4121//1
f 4124//1 4123//1 4121//1
f 4127//6 4126//6 4125//6
f 4128//6 4127//6 4125//6
f 4131//3 4130//3 4129//3
f 4132//3 4131//3 4129//3
f 4135//4 4134//4 4133//4
f 4136//4 4135//4 4133//4
f 4139//2 4138//2 4137//2
f 4140//2 4139//2 4137//2
f 4143//3 4142//3 4141//3
f 4144//3 4143//3 4141//3
f 4147//4 4146//4 4145//4
f 4148//4 4147//4 4145//4
f 4151//5 4150//5 4149//5
f 4152//5 4151//5 4149//5
f 4155//2 4154//2 4153//2
f 4156//2 4155//2 4153//2
f 4159//3 4158//3 4157//3
f 4160//3 4159//3 4157//3
f 4163//4 4162//4 4161//4
f 4164//4 4163//4 4161//4
f 4167//5 4166//5 4165//5
f 4168//5 4167//5 4165//5
f 4171//2 4170//2 4169//2
f 4172//2 4171//2 4169//2
f 4175//3 4174//3 4173//3
f 4176//3 4175//3 4173//3
f 4179//4 4178//4 4177//4
f 4180//4 4179//4 4177//4
f 4183//5 4182//5 4181//5
f 4184//5 4183//5 4181//5
f 4187//2 4186//2 4185//2
f 4188//2 4187//2 4185//2
f 4191//3 4190//3 4189//3
f 4192//3 4191//3 4189//3
f 4195//4 4194//4 4193//4
f 4196//4 4195//4 4193//4
f 4199//5 4198//5 4197//5
f 4200//5 4199//5 4197//5
f 4203//2 4202//2 4201//2
f 4204//2 4203//2 4201//2
f 4207//3 4206//3 4205//3
f 4208//3 4207//3 4205//3
f 4211//4 4210//4 4209//4
f 4212//4 4211//4 4209//4
f 4215//5 4214//5 4213//5
f 4216//5 4215//5 4213//5
f 4219//2 4218//2 4217//2
f 4220//2 4219//2 4217//2
f 4223//3 4222//3 4221//3
f 4224//3 4223//3 4221//3
f 4227//4 4226//4 4225//4
f 4228//4 4227//4 4225//4
f 4231//5 4230//5 4229//5
f 4232//5 4231//5 4229//5
f 4235//6 4234//6 4233//6
f 4236//6 4235//6 4233//6
f 4239//2 4238//2 4237//2
f 4240//2 4239//2 4237//2
f 4243//4 4242//4 4241//4
f 4244//4 4243//4 4241//4
f 4247//1 4246//1 4245//1
f 4248//1 4247//1 4245//1
f 4251//1 4250//1 4249//1
f 4252//1 4251//1 4249//1
f 4255//6 4254//6 4253//6
f 4256//6 4255//6 4253//6
f 4259//3 4258//3 4257//3
f 4260//3 4259//3 4257//3
f 4263//4 4262//4 4261//4
f 4264//4 4263//4 4261//4
f 4267//6 4266//6 4265//6
f 4268//6 4267//6 4265//6
f 4271//2 4270//2 4269//2
f 4272//2 4271//2 4269//2
f 4275//4 4274//4 4273//4
f 4276//4 4275//4 4273//4
f 4279//6 4278//6 4277//6
f 4280//6 4279//6 4277//6
f 4283//3 4282//3 4281//3
f 4284//3 4283//3 4281//3
f 4287//4 4286//4 4285//4
f 4288//4 4287//4 4285//4
f 4291//1 4290//1 4289//1
f 4292//1 4291//1 4289//1
f 4295//6 4294//6 4293//6
f 4296//6 4295//6 4293//6
f 4299//1 4298//1 4297//1
f 4300//1 4299//1 4297//1
f 4303//6 4302//6 4301//6
f 4304//6 4303//6 4301//6
f 4307//1 4306//1 4305//1
f 4308//1 4307//1 4305//1
f 4311//1 4310//1 4309//1
f 4312//1 4311//1 4309//1
f 4315//6 4314//6 4313//6
f 4316//6 4315//6 4313//6
f 4319//1 4318//1 4317//1
f 4320//1 4319//1 4317//1
f 4323//6 4322//6 4321//6
f 4324//6 4323//6 4321//6
f 4327//1 4326//1 4325//1
f 4328//1 4327//1 4325//1
f 4331//6 4330//6 4329//6
f 4332//6 4331//6 4329//6
f 4335//1 4334//1 4333//1
f 4336//1 4335//1 4333//1
f 4339//6 4338//6 4337//6
f 4340//6 4339//6 4337//6
f 4343//1 4342//1 4341//1
f 4344//1 4343//1 4341//1
f 4347//6 4346//6 4345//6
f 4348//6 4347//6 4345//6
f 4351//1 4350//1 4349//1
f 4352//1 4351//1 4349//1
f 4355//6 4354//6 4353//6
f 4356//6 4355//6 4353//6
f 4359//1 4358//1 4357//1
f 4360//1 4359//1 4357//1
f 4363//6 4362//6 4361//6
f 4364//6 4363//6 4361//6
f 4367//1 4366//1 4365//1
f 4368//1 4367//1 4365//1
f 4371//6 4370//6 4369//6
f 4372//6 4371//6 4369//6
f 4375//1 4374//1 4373//1
f 4376//1 4375//1 4373//1
f 4379//6 4378//6 4377//6
f 4380//6 4379//6 4377//6
f 4383//1 4382//1 4381//1
f 4384//1 4383//1 4381//1
f 4387//6 4386//6 4385//6
f 4388//6 4387//6 4385//6
f 4391//1 4390//1 4389//1
f 4392//1 4391//1 4389//1
f 4395//1 4394//1 4393//1
f 4396//1 4395//1 4393//1
f 4399//6 4398//6 4397//6
f 4400//6 4399//6 4397//6
f 4403//1 4402//1 4401//1
f 4404//1 4403//1 4401//1
f 4407//6 4406//6 4405//6
f 4408//6 4407//6 4405//6
f 4411//2 4410//2 4409//2
f 4412//2 4411//2 4409//2
f 4415//3 4414//3 4413//3
f 4416//3 4415//3 4413//3
f 4419//2 4418//2 4417//2
f 4420//2 4419//2 4417//2
f 4423//3 4422//3 4421//3
f 4424//3 4423//3 4421//3
f 4427//6 4426//6 4425//6
f 4428//6 4427//6 4425//6
f 4431//2 4430//2 4429//2
f 4432//2 4431//2 4429//2
f 4435//4 4434//4 4433//4
f 4436//4 4435//4 4433//4
f 4439//1 4438//1 4437//1
f 4440//1 4439//1 4437//1
f 4443//3 4442//3 4441//3
f 4444//3 4443//3 4441//3
f 4447//1 4446//1 4445//1
f 4448//1 4447//1 4445//1
f 4451//2 4450//2 4449//2
f 4452//2 4451//2 4449//2
f 4455//6 4454//6 4453//6
f 4456//6 4455//6 4453//6
f 4459//3 4458//3 4457//3
f 4460//3 4459//3 4457//3
f 4463//4 4462//4 4461//4
f 4464//4 4463//4 4461//4
f 4467//2 4466//2 4465//2
f 4468//2 4467//2 4465//2
f 4471//3 4470//3 4469//3
f 4472//3 4471//3 4469//3
f 4475//2 4474//2 4473//2
f 4476//2 4475//2 4473//2
f 4479//3 4478//3 4477//3
f 4480//3 4479//3 4477//3
f 4483//1 4482//1 4481//1
f 4484//1 4483//1 4481//1
f 4487//6 4486//6 4485//6
f 4488//6 4487//6 4485//6
f 4491//2 4490//2 4489//2
f 4492//2 4491//2 4489//2
f 4495//4 4494//4 4493//4
f 4496//4 4495//4 4493//4
f 4499//3 4498//3 4497//3
f 4500//3 4499//3 4497//3
f 4503//2 4502//2 4501//2
f 4504//2 4503//2 4501//2
f 4507//1 4506//1 4505//1
f 4508//1 4507//1 4505//1
f 4511//6 4510//6 4509//6
f 4512//6 4511//6 4509//6
f 4515//3 4514//3 4513//3
f 4516//3 4515//3 4513//3
f 4519//4 4518//4 4517//4
f 4520//4 4519//4 4517//4
f 4523//6 4522//6 4521//6
f 4524//6 4523//6 4521//6
f 4527//2 4526//2 4525//2
f 4528//2 4527//2 4525//2
f 4531//1 4530//1 4529//1
f 4532//1 4531//1 4529//1
f 4535//3 4534//3 4533//3
f 4536//3 4535//3 4533//3
f 4539//1 4538//1 4537//1
f 4540//1 4539//1 4537//1
f 4543//2 4542//2 4541//2
f 4544//2 4543//2 4541//2
f 4547//6 4546//6 4545//6
f 4548//6 4547//6 4545//6
f 4551//3 4550//3 4549//3
f 4552//3 4551//3 4549//3
f 4555//6 4554//6 4553//6
f 4556//6 4555//6 4553//6
f 4559//2 4558//2 4557//2
f 4560//2 4559//2 4557//2
f 4563//4 4562//4 4561//4
f 4564//4 4563//4 4561//4
f 4567//1 4566//1 4565//1
f 4568//1 4567//1 4565//1
f 4571//3 4570//3 4569//3
f 4572//3 4571//3 4569//3
f 4575//1 4574//1 4573//1
f 4576//1 4575//1 4573//1
f 4579//2 4578//2 4577//2
f 4580//2 4579//2 4577//2
f 4583//6 4582//6 4581//6
f 4584//6 4583//6 4581//6
f 4587//3 4586//3 4585//3
f 4588//3 4587//3 4585//3
f 4591//4 4590//4 4589//4
f 4592//4 4591//4 4589//4
f 4595//2 4594//2 4593//2
f 4596//2 4595//2 4593//2
f 4599//3 4598//3 4597//3
f 4600//3 4599//3 4597//3
f 4603//4 4602//4 4601//4
f 4604//4 4603//4 4601//4
f 4607//2 4606//2 4605//2
f 4608//2 4607//2 4605//2
f 4611//3 4610//3 4609//3
f 4612//3 4611//3 4609//3
f 4615//4 4614//4 4613//4
f 4616//4 4615//4 4613//4
f 4619//2 4618//2 4617//2
f 4620//2 4619//2 4617//2
f 4623//3 4622//3 4621//3
f 4624//3 4623//3 4621//3
f 4627//4 4626//4 4625//4
f 4628//4 4627//4 4625//4
f 4631//2 4630//2 4629//2
f 4632//2 4631//2 4629//2
f 4635//3 4634//3 4633//3
f 4636//3 4635//3 4633//3
f 4639//4 4638//4 4637//4
f 4640//4 4639//4 4637//4
f 4643//2 4642//2 4641//2
f 4644//2 4643//2 4641//2
f 4647//3 4646//3 4645//3
f 4648//3 4647//3 4645//3
f 4651//4 4650//4 4649//4
f 4652//4 4651//4 4649//4
f 4655//2 4654//2 4653//2
f 4656//2 4655//2 4653//2
f 4659//3 4658//3 4657//3
f 4660//3 4659//3 4657//3
f 4663//4 4662//4 4661//4
f 4664//4 4663//4 4661//4
f 4667//6 4666//6 4665//6
f 4668//6 4667//6 4665//6
f 4671//2 4670//2 4669//2
f 4672//2 4671//2 4669//2
f 4675//4 4674//4 4673//4
f 4676//4 4675//4 4673//4
f 4679//1 4678//1 4677//1
f 4680//1 4679//1 4677//1
f 4683//1 4682//1 4681//1
f 4684//1 4683//1 4681//1
f 4687//1 4686//1 4685//1
f 4688//1 4687//1 4685//1
f 4691//1 4690//1 4689//1
f 4692//1 4691//1 4689//1
f 4695//6 4694//6 4693//6
f 4696//6 4695//6 4693//6
f 4699//3 4698//3 4697//3
f 4700//3 4699//3 4697//3
f 4703//4 4702//4 4701//4
f 4704//4 4703//4 4701//4
f 4707//6 4706//6 4705//6
f 4708//6 4707//6 4705//6
f 4711//2 4710//2 4709//2
f 4712//2 4711//2 4709//2
f 4715//4 4714//4 4713//4
f 4716//4 4715//4 4713//4
f 4719//6 4718//6 4717//6
f 4720//6 4719//6 4717//6
f 4723//3 4722//3 4721//3
f 4724//3 4723//3 4721//3
f 4727//4 4726//4 4725//4
f 4728//4 4727//4 4725//4
f 4731//6 4730//6 4729//6
f 4732//6 4731//6 4729//6
f 4735//2 4734//2 4733//2
f 4736//2 4735//2 4733//2
f 4739//4 4738//4 4737//4
f 4740//4 4739//4 4737//4
f 4743//6 4742//6 4741//6
f 4744//6 4743//6 4741//6
f 4747//3 4746//3 4745//3
f 4748//3 4747//3 4745//3
f 4751//4 4750//4 4749//4
f 4752//4 4751//4 4749//4
f 4755//1 4754//1 4753//1
f 4756//1 4755//1 4753//1
f 4759//6 4758//6 4757//6
f 4760//6 4759//6 4757//6
f 4763//1 4762//1 4761//1
f 4764//1 4763//1 4761//1
f 4767//6 4766//6 4765//6
f 4768//6 4767//6 4765//6
f 4771//1 4770//1 4769//1
f 4772//1 4771//1 4769//1
f 4775//1 4774//1 4773//1
f 4776//1 4775//1 4773//1
f 4779//6 4778//6 4777//6
f 4780//6 4779//6 4777//6
f 4783//1 4782//1 4781//1
f 4784//1 4783//1 4781//1
f 4787//6 4786//6 4785//6
f 4788//6 4787//6 4785//6
f 4791//1 4790//1 4789//1
f 4792//1 4791//1 4789//1
f 4795//6 4794//6 4793//6
f 4796//6 4795//6 4793//6
f 4799//1 4798//1 4797//1
f 4800//1 4799//1 4797//1
f 4803//6 4802//6 4801//6
f 4804//6 4803//6 4801//6
f 4807//1 4806//1 4805//1
f 4808//1 4807//1 4805//1
f 4811//6 4810//6 4809//6
f 4812//6 4811//6 4809//6
f 4815//1 4814//1 4813//1
f 4816//1 4815//1 4813//1
f 4819//6 4818//6 4817//6
f 4820//6 4819//6 4817//6
f 4823//1 4822//1 4821//1
f 4824//1 4823//1 4821//1
f 4827//6 4826//6 4825//6
f 4828//6 4827//6 4825//6
f 4831//1 4830//1 4829//1
f 4832//1 4831//1 4829//1
f 4835//6 4834//6 4833//6
f 4836//6 4835//6 4833//6
f 4839//1 4838//1 4837//1
f 4840//1 4839//1 4837//1
f 4843//6 4842//6 4841//6
f 4844//6 4843//6 4841//6
f 4847//1 4846//1 4845//1
f 4848//1 4847//1 4845//1
f 4851//6 4850//6 4849//6
f 4852//6 4851//6 4849//6
f 4855//1 4854//1 4853//1
f 4856//1 4855//1 4853//1
f 4859//1 4858//1 4857//1
f 4860//1 4859//1 4857//1
f 4863//6 4862//6 4861//6
f 4864//6 4863//6 4861//6
f 4867//1 4866//1 4865//1
f 4868//1 4867//1 4865//1
f 4871//6 4870//6 4869//6
f 4872//6 4871//6 4869//6
f 4875//2 4874//2 4873//2
f 4876//2 4875//2 4873//2
f 4879//3 4878//3 4877//3
f 4880//3 4879//3 4877//3
f 4883//2 4882//2 4881//2
f 4884//2 4883//2 4881//2
f 4887//3 4886//3 4885//3
f 4888//3 4887//3 4885//3
f 4891//6 4890//6 4889//6
f 4892//6 4891//6 4889//6
f 4895//2 4894//2 4893//2
f 4896//2 4895//2 4893//2
f 4899//5 4898//5 4897//5
f 4900//5 4899//5 4897//5
f 4903//1 4902//1 4901//1
f 4904//1 4903//1 4901//1
f 4907//3 4906//3 4905//3
f 4908//3 4907//3 4905//3
f 4911//1 4910//1 4909//1
f 4912//1 4911//1 4909//1
f 4915//2 4914//2 4913//2
f 4916//2 4915//2 4913//2
f 4919//6 4918//6 4917//6
f 4920//6 4919//6 4917//6
f 4923//3 4922//3 4921//3
f 4924//3 4923//3 4921//3
f 4927//5 4926//5 4925//5
f 4928//5 4927//5 4925//5
f 4931//2 4930//2 4929//2
f 4932//2 4931//2 4929//2
f 4935//3 4934//3 4933//3
f 4936//3 4935//3 4933//3
f 4939//2 4938//2 4937//2
f 4940//2 4939//2 4937//2
f 4943//3 4942//3 4941//3
f 4944//3 4943//3 4941//3
f 4947//1 4946//1 4945//1
f 4948//1 4947//1 4945//1
f 4951//6 4950//6 4949//6
f 4952//6 4951//6 4949//6
f 4955//2 4954//2 4953//2
f 4956//2 4955//2 4953//2
f 4959//5 4958//5 4957//5
f 4960//5 4959//5 4957//5
f 4963//3 4962//3 4961//3
f 4964//3 4963//3 4961//3
f 4967//2 4966//2 4965//2
f 4968//2 4967//2 4965//2
f 4971//1 4970//1 4969//1
f 4972//1 4971//1 4969//1
f 4975//6 4974//6 4973//6
f 4976//6 4975//6 4973//6
f 4979//3 4978//3 4977//3
f 4980//3 4979//3 4977//3
f 4983//5 4982//5 4981//5
f 4984//5 4983//5 4981//5
f 4987//6 4986//6 4985//6
f 4988//6 4987//6 4985//6
f 4991//2 4990//2 4989//2
f 4992//2 4991//2 4989//2
f 4995//1 4994//1 4993//1
f 4996//1 4995//1 4993//1
f 4999//3 4998//3 4997//3
f 5000//3 4999//3 4997//3
f 5003//1 5002//1 5001//1
f 5004//1 5003//1 5001//1
f 5007//2 5006//2 5005//2
f 5008//2 5007//2 5005//2
f 5011//6 5010//6 5009//6
f 5012//6 5011//6 5009//6
f 5015//3 5014//3 5013//3
f 5016//3 5015//3 5013//3
f 5019//6 5018//6 5017//6
f 5020//6 5019//6 5017//6
f 5023//2 5022//2 5021//2
f 5024//2 5023//2 5021//2
f 5027//5 5026//5 5025//5
f 5028//5 5027//5 5025//5
f 5031//1 5030//1 5029//1
f 5032//1 5031//1 5029//1
f 5035//3 5034//3 5033//3
f 5036//3 5035//3 5033//3
f 5039//1 5038//1 5037//1
f 5040//1 5039//1 5037//1
f 5043//2 5042//2 5041//2
f 5044//2 5043//2 5041//2
f 5047//6 5046//6 5045//6
f 5048//6 5047//6 5045//6
f 5051//3 5050//3 5049//3
f 5052//3 5051//3 5049//3
f 5055//5 5054//5 5053//5
f 5056//5 5055//5 5053//5
f 5059//2 5058//2 5057//2
f 5060//2 5059//2 5057//2
f 5063//3 5062//3 5061//3
f 5064//3 5063//3 5061//3
f 5067//5 5066//5 5065//5
f 5068//5 5067//5 5065//5
f 5071//2 5070//2 5069//2
f 5072//2 5071//2 5069//2
f 5075//3 5074//3 5073//3
f 5076//3 5075//3 5073//3
f 5079//5 5078//5 5077//5
f 5080//5 5079//5 5077//5
f 5083//2 5082//2 5081//2
f 5084//2 5083//2 5081//2
f 5087//3 5086//3 5085//3
f 5088//3 5087//3 5085//3
f 5091//5 5090//5 5089//5
f 5092//5 5091//5 5089//5
f 5095//1 5094//1 5093//1
f 5096//1 5095//1 5093//1
f 5099//6 5098//6 5097//6
f 5100//6 5099//6 5097//6
f 5103//2 5102//2 5101//2
f 5104//2 5103//2 5101//2
f 5107//3 5106//3 5105//3
f 5108//3 5107//3 5105//3
f 5111//4 5110//4 5109//4
f 5112//4 5111//4 5109//4
f 5115//5 5114//5 5113//5
f 5116//5 5115//5 5113//5
f 5119//2 5118//2 5117//2
f 5120//2 5119//2 5117//2
f 5123//3 5122//3 5121//3
f 5124//3 5123//3 5121//3
f 5127//5 5126//5 5125//5
f 5128//5 5127//5 5125//5
f 5131//2 5130//2 5129//2
f 5132//2 5131//2 5129//2
f 5135//3 5134//3 5133//3
f 5136//3 5135//3 5133//3
f 5139//5 5138//5 5137//5
f 5140//5 5139//5 5137//5
f 5143//2 5142//2 5141//2
f 5144//2 5143//2 5141//2
f 5147//3 5146//3 5145//3
f 5148//3 5147//3 5145//3
f 5151//5 5150//5 5149//5
f 5152//5 5151//5 5149//5
f 5155//6 5154//6 5153//6
f 5156//6 5155//6 5153//6
f 5159//2 5158//2 5157//2
f 5160//2 5159//2 5157//2
f 5163//5 5162//5 5161//5
f 5164//5 5163//5 5161//5
f 5167//1 5166//1 5165//1
f 5168//1 5167//1 5165//1
f 5171//1 5170//1 5169//1
f 5172//1 5171//1 5169//1
f 5175//1 5174//1 5173//1
f 5176//1 5175//1 5173//1
f 5179//1 5178//1 5177//1
f 5180//1 5179//1 5177//1
f 5183//6 5182//6 5181//6
f 5184//6 5183//6 5181//6
f 5187//3 5186//3 5185//3
f 5188//3 5187//3 5185//3
f 5191//5 5190//5 5189//5
f 5192//5 5191//5 5189//5
f 5195//6 5194//6 5193//6
f 5196//6 5195//6 5193//6
f 5199//2 5198//2 5197//2
f 5200//2 5199//2 5197//2
f 5203//5 5202//5 5201//5
f 5204//5 5203//5 5201//5
f 5207//6 5206//6 5205//6
f 5208//6 5207//6 5205//6
f 5211//3 5210//3 5209//3
f 5212//3 5211//3 5209//3
f 5215//5 5214//5 5213//5
f 5216//5 5215//5 5213//5
f 5219//6 5218//6 5217//6
f 5220//6 5219//6 5217//6
f 5223//2 5222//2 5221//2
f 5224//2 5223//2 5221//2
f 5227//5 5226//5 5225//5
f 5228//5 5227//5 5225//5
f 5231//6 5230//6 5229//6
f 5232//6 5231//6 5229//6
f 5235//3 5234//3 5233//3
f 5236//3 5235//3 5233//3
f 5239//5 5238//5 5237//5
f 5240//5 5239//5 5237//5
f 5243//1 5242//1 5241//1
f 5244//1 5243//1 5241//1
f 5247//6 5246//6 5245//6
f 5248//6 5247//6 5245//6
f 5251//1 5250//1 5249//1
f 5252//1 5251//1 5249//1
f 5255//6 5254//6 5253//6
f 5256//6 5255//6 5253//6
f 5259//1 5258//1 5257//1
f 5260//1 5259//1 5257//1
f 5263//1 5262//1 5261//1
f 5264//1 5263//1 5261//1
f 5267//1 5266//1 5265//1
f 5268//1 5267//1 5265//1
f 5271//6 5270//6 5269//6
f 5272//6 5271//6 5269//6
f 5275//1 5274//1 5273//1
f 5276//1 5275//1 5273//1
f 5279//6 5278//6 5277//6
f 5280//6 5279//6 5277//6
f 5283//1 5282//1 5281//1
f 5284//1 5283//1 5281//1
f 5287//6 5286//6 5285//6
f 5288//6 5287//6 5285//6
f 5291//1 5290//1 5289//1
f 5292//1 5291//1 5289//1
f 5295//6 5294//6 5293//6
f 5296//6 5295//6 5293//6
f 5299//1 5298//1 5297//1
f 5300//1 5299//1 5297//1
f 5303//6 5302//6 5301//6
f 5304//6 5303//6 5301//6
f 5307//1 5306//1 5305//1
f 5308//1 5307//1 5305//1
f 5311//6 5310//6 5309//6
f 5312//6 5311//6 5309//6
f 5315//1 5314//1 5313//1
f 5316//1 5315//1 5313//1
f 5319//6 5318//6 5317//6
f 5320//6 5319//6 5317//6
f 5323//1 5322//1 5321//1
f 5324//1 5323//1 5321//1
f 5327//6 5326//6 5325//6
f 5328//6 5327//6 5325//6
f 5331//1 5330//1 5329//1
f 5332//1 5331//1 5329//1
f 5335//1 5334//1 5333//1
f 5336//1 5335//1 5333//1
f 5339//1 5338//1 5337//1
f 5340//1 5339//1 5337//1
f 5343//6 5342//6 5341//6
f 5344//6 5343//6 5341//6
f 5347//1 5346//1 5345//1
f 5348//1 5347//1 5345//1
f 5351//6 5350//6 5349//6
f 5352//6 5351//6 5349//6
f 5355//6 5354//6 5353//6
f 5356//6 5355//6 5353//6
f 5359//2 5358//2 5357//2
f 5360//2 5359//2 5357//2
f 5363//3 5362//3 5361//3
f 5364//3 5363//3 5361//3
f 5367//4 5366//4 5365//4
f 5368//4 5367//4 5365//4
f 5371//5 5370//5 5369//5
f 5372//5 5371//5 5369//5
f 5375//2 5374//2 5373//2
f 5376//2 5375//2 5373//2
f 5379//4 5378//4 5377//4
f 5380//4 5379//4 5377//4
f 5383//5 5382//5 5381//5
f 5384//5 5383//5 5381//5
f 5387//6 5386//6 5385//6
f 5388//6 5387//6 5385//6
f 5391//3 5390//3 5389//3
f 5392//3 5391//3 5389//3
f 5395//2 5394//2 5393//2
f 5396//2 5395//2 5393//2
f 5399//3 5398//3 5397//3
f 5400//3 5399//3 5397//3
f 5403//2 5402//2 5401//2
f 5404//2 5403//2 5401//2
f 5407//3 5406//3 5405//3
f 5408//3 5407//3 5405//3
f 5411//2 5410//2 5409//2
f 5412//2 5411//2 5409//2
f 5415//3 5414//3 5413//3
f 5416//3 5415//3 5413//3
f 5419//2 5418//2 5417//2
f 5420//2 5419//2 5417//2
f 5423//3 5422//3 5421//3
f 5424//3 5423//3 5421//3
f 5427//2 5426//2 5425//2
f 5428//2 5427//2 5425//2
f 5431//3 5430//3 5429//3
f 5432//3 5431//3 5429//3
f 5435//2 5434//2 5433//2
f 5436//2 5435//2 5433//2
f 5439//3 5438//3 5437//3
f 5440//3 5439//3 5437//3
f 5443//1 5442//1 5441//1
f 5444//1 5443//1 5441//1
f 5447//6 5446//6 5445//6
f 5448//6 5447//6 5445//6
f 5451//2 5450//2 5449//2
f 5452//2 5451//2 5449//2
f 5455//4 5454//4 5453//4
f 5456//4 5455//4 5453//4
f 5459//5 5458//5 5457//5
f 5460//5 5459//5 5457//5
f 5463//6 5462//6 5461//6
f 5464//6 5463//6 5461//6
f 5467//1 5466//1 5465//1
f 5468//1 5467//1 5465//1
f 5471//6 5470//6 5469//6
f 5472//6 5471//6 5469//6
f 5475//3 5474//3 5473//3
f 5476//3 5475//3 5473//3
f 5479//1 5478//1 5477//1
f 5480//1 5479//1 5477//1
f 5483//6 5482//6 5481//6
f 5484//6 5483//6 5481//6
f 5487//2 5486//2 5485//2
f 5488//2 5487//2 5485//2
f 5491//6 5490//6 5489//6
f 5492//6 5491//6 5489//6
f 5495//1 5494//1 5493//1
f 5496//1 5495//1 5493//1
f 5499//6 5498//6 5497//6
f 5500//6 5499//6 5497//6
f 5503//3 5502//3 5501//3
f 5504//3 5503//3 5501//3
f 5507//4 5506//4 5505//4
f 5508//4 5507//4 5505//4
f 5511//5 5510//5 5509//5
f 5512//5 5511//5 5509//5
f 5515//1 5514//1 5513//1
f 5516//1 5515//1 5513//1
f 5519//6 5518//6 5517//6
f 5520//6 5519//6 5517//6
f 5523//2 5522//2 5521//2
f 5524//2 5523//2 5521//2
f 5527//5 5526//5 5525//5
f 5528//5 5527//5 5525//5
f 5531//1 5530//1 5529//1
f 5532//1 5531//1 5529//1
f 5535//3 5534//3 5533//3
f 5536//3 5535//3 5533//3
f 5539//4 5538//4 5537//4
f 5540//4 5539//4 5537//4
f 5543//1 5542//1 5541//1
f 5544//1 5543//1 5541//1
f 5547//2 5546//2 5545//2
f 5548//2 5547//2 5545//2
f 5551//4 5550//4 5549//4
f 5552//4 5551//4 5549//4
f 5555//1 5554//1 5553//1
f 5556//1 5555//1 5553//1
f 5559//6 5558//6 5557//6
f 5560//6 5559//6 5557//6
f 5563//3 5562//3 5561//3
f 5564//3 5563//3 5561//3
f 5567//5 5566//5 5565//5
f 5568//5 5567//5 5565//5
f 5571//2 5570//2 5569//2
f 5572//2 5571//2 5569//2
f 5575//3 5574//3 5573//3
f 5576//3 5575//3 5573//3
f 5579//4 5578//4 5577//4
f 5580//4 5579//4 5577//4
f 5583//5 5582//5 5581//5
f 5584//5 5583//5 5581//5
f 5587//2 5586//2 5585//2
f 5588//2 5587//2 5585//2
f 5591//3 5590//3 5589//3
f 5592//3 5591//3 5589//3
f 5595//4 5594//4 5593//4
f 5596//4 5595//4 5593//4
f 5599//5 5598//5 5597//5
f 5600//5 5599//5 5597//5
f 5603//2 5602//2 5601//2
f 5604//2 5603//2 5601//2
f 5607//3 5606//3 5605//3
f 5608//3 5607//3 5605//3
f 5611//4 5610//4 5609//4
f 5612//4 5611//4 5609//4
f 5615//5 5614//5 5613//5
f 5616//5 5615//5 5613//5
f 5619//2 5618//2 5617//2
f 5620//2 5619//2 5617//2
f 5623//3 5622//3 5621//3
f 5624//3 5623//3 5621//3
f 5627//4 5626//4 5625//4
f 5628//4 5627//4 5625//4
f 5631//5 5630//5 5629//5
f 5632//5 5631//5 5629//5
f 5635//2 5634//2 5633//2
f 5636//2 5635//2 5633//2
f 5639//3 5638//3 5637//3
f 5640//3 5639//3 5637//3
f 5643//4 5642//4 5641//4
f 5644//4 5643//4 5641//4
f 5647//5 5646//5 5645//5
f 5648//5 5647//5 5645//5
f 5651//2 5650//2 5649//2
f 5652//2 5651//2 5649//2
f 5655//3 5654//3 5653//3
f 5656//3 5655//3 5653//3
f 5659//4 5658//4 5657//4
f 5660//4 5659//4 5657//4
f 5663//5 5662//5 5661//5
f 5664//5 5663//5 5661//5
f 5667//6 5666//6 5665//6
f 5668//6 5667//6 5665//6
f 5671//2 5670//2 5669//2
f 5672//2 5671//2 5669//2
f 5675//5 5674//5 5673//5
f 5676//5 5675//5 5673//5
f 5679//1 5678//1 5677//1
f 5680//1 5679//1 5677//1
f 5683//1 5682//1 5681//1
f 5684//1 5683//1 5681//1
f 5687//6 5686//6 5685//6
f 5688//6 5687//6 5685//6
f 5691//3 5690//3 5689//3
f 5692//3 5691//3 5689//3
f 5695//5 5694//5 5693//5
f 5696//5 5695//5 5693//5
f 5699//6 5698//6 5697//6
f 5700//6 5699//6 5697//6
f 5703//2 5702//2 5701//2
f 5704//2 5703//2 5701//2
f 5707//5 5706//5 5705//5
f 5708//5 5707//5 5705//5
f 5711//6 5710//6 5709//6
f 5712//6 5711//6 5709//6
f 5715//3 5714//3 5713//3
f 5716//3 5715//3 5713//3
f 5719//5 5718//5 5717//5
f 5720//5 5719//5 5717//5
f 5723//1 5722//1 5721//1
f 5724//1 5723//1 5721//1
f 5727//6 5726//6 5725//6
f 5728//6 5727//6 5725//6
f 5731//1 5730//1 5729//1
f 5732//1 5731//1 5729//1
f 5735//6 5734//6 5733//6
f 5736//6 5735//6 5733//6
f 5739//1 5738//1 5737//1
f 5740//1 5739//1 5737//1
f 5743//1 5742//1 5741//1
f 5744//1 5743//1 5741//1
f 5747//6 5746//6 5745//6
f 5748//6 5747//6 5745//6
f 5751//1 5750//1 5749//1
f 5752//1 5751//1 5749//1
f 5755//6 5754//6 5753//6
f 5756//6 5755//6 5753//6
f 5759//1 5758//1 5757//1
f 5760//1 5759//1 5757//1
f 5763//6 5762//6 5761//6
f 5764//6 5763//6 5761//6
f 5767//1 5766//1 5765//1
f 5768//1 5767//1 5765//1
f 5771//6 5770//6 5769//6
f 5772//6 5771//6 5769//6
f 5775//1 5774//1 5773//1
f 5776//1 5775//1 5773//1
f 5779//6 5778//6 5777//6
f 5780//6 5779//6 5777//6
f 5783//1 5782//1 5781//1
f 5784//1 5783//1 5781//1
f 5787//6 5786//6 5785//6
f 5788//6 5787//6 5785//6
f 5791//1 5790//1 5789//1
f 5792//1 5791//1 5789//1
f 5795//6 5794//6 5793//6
f 5796//6 5795//6 5793//6
f 5799//1 5798//1 5797//1
f 5800//1 5799//1 5797//1
f 5803//6 5802//6 5801//6
f 5804//6 5803//6 5801//6
f 5807//1 5806//1 5805//1
f 5808//1 5807//1 5805//1
f 5811//6 5810//6 5809//6
f 5812//6 5811//6 5809//6
f 5815//1 5814//1 5813//1
f 5816//1 5815//1 5813//1
f 5819//6 5818//6 5817//6
f 5820//6 5819//6 5817//6
f 5823//1 5822//1 5821//1
f 5824//1 5823//1 5821//1
f 5827//1 5826//1 5825//1
f 5828//1 5827//1 5825//1
f 5831//6 5830//6 5829//6
f 5832//6 5831//6 5829//6
f 5835//1 5834//1 5833//1
f 5836//1 5835//1 5833//1
f 5839//6 5838//6 5837//6
f 5840//6 5839//6 5837//6
f 5843//2 5842//2 5841//2
f 5844//2 5843//2 5841//2
f 5847//3 5846//3 5845//3
f 5848//3 5847//3 5845//3
f 5851//2 5850//2 5849//2
f 5852//2 5851//2 5849//2
f 5855//3 5854//3 5853//3
f 5856//3 5855//3 5853//3
f 5859//6 5858//6 5857//6
f 5860//6 5859//6 5857//6
f 5863//2 5862//2 5861//2
f 5864//2 5863//2 5861//2
f 5867//4 5866//4 5865//4
f 5868//4 5867//4 5865//4
f 5871//1 5870//1 5869//1
f 5872//1 5871//1 5869//1
f 5875//3 5874//3 5873//3
f 5876//3 5875//3 5873//3
f 5879//1 5878//1 5877//1
f 5880//1 5879//1 5877//1
f 5883//2 5882//2 5881//2
f 5884//2 5883//2 5881//2
f 5887//6 5886//6 5885//6
f 5888//6 5887//6 5885//6
f 5891//3 5890//3 5889//3
f 5892//3 5891//3 5889//3
f 5895//4 5894//4 5893//4
f 5896//4 5895//4 5893//4
f 5899//2 5898//2 5897//2
f 5900//2 5899//2 5897//2
f 5903//3 5902//3 5901//3
f 5904//3 5903//3 5901//3
f 5907//5 5906//5 5905//5
f 5908//5 5907//5 5905//5
f 5911//2 5910//2 5909//2
f 5912//2 5911//2 5909//2
f 5915//3 5914//3 5913//3
f 5916//3 5915//3 5913//3
f 5919//5 5918//5 5917//5
f 5920//5 5919//5 5917//5
f 5923//1 5922//1 5921//1
f 5924//1 5923//1 5921//1
f 5927//6 5926//6 5925//6
f 5928//6 5927//6 5925//6
f 5931//2 5930//2 5929//2
f 5932//2 5931//2 5929//2
f 5935//4 5934//4 5933//4
f 5936//4 5935//4 5933//4
f 5939//5 5938//5 5937//5
f 5940//5 5939//5 5937//5
f 5943//3 5942//3 5941//3
f 5944//3 5943//3 5941//3
f 5947//2 5946//2 5945//2
f 5948//2 5947//2 5945//2
f 5951//1 5950//1 5949//1
f 5952//1 5951//1 5949//1
f 5955//6 5954//6 5953//6
f 5956//6 5955//6 5953//6
f 5959//3 5958//3 5957//3
f 5960//3 5959//3 5957//3
f 5963//4 5962//4 5961//4
f 5964//4 5963//4 5961//4
f 5967//5 5966//5 5965//5
f 5968//5 5967//5 5965//5
f 5971//6 5970//6 5969//6
f 5972//6 5971//6 5969//6
f 5975//2 5974//2 5973//2
f 5976//2 5975//2 5973//2
f 5979//5 5978//5 5977//5
f 5980//5 5979//5 5977//5
f 5983//1 5982//1 5981//1
f 5984//1 5983//1 5981//1
f 5987//6 5986//6 5985//6
f 5988//6 5987//6 5985//6
f 5991//1 5990//1 5989//1
f 5992//1 5991//1 5989//1
f 5995//6 5994//6 5993//6
f 5996//6 5995//6 5993//6
f 5999//3 5998//3 5997//3
f 6000//3 5999//3 5997//3
f 6003//4 6002//4 6001//4
f 6004//4 6003//4 6001//4
f 6007//1 6006//1 6005//1
f 6008//1 6007//1 6005//1
f 6011//6 6010//6 6009//6
f 6012//6 6011//6 6009//6
f 6015//2 6014//2 6013//2
f 6016//2 6015//2 6013//2
f 6019//4 6018//4 6017//4
f 6020//4 6019//4 6017//4
f 6023//1 6022//1 6021//1
f 6024//1 6023//1 6021//1
f 6027//6 6026//6 6025//6
f 6028//6 6027//6 6025//6
f 6031//6 6030//6 6029//6
f 6032//6 6031//6 6029//6
f 6035//3 6034//3 6033//3
f 6036//3 6035//3 6033//3
f 6039//5 6038//5 6037//5
f 6040//5 6039//5 6037//5
f 6043//1 6042//1 6041//1
f 6044//1 6043//1 6041//1
f 6047//6 6046//6 6045//6
f 6048//6 6047//6 6045//6
f 6051//2 6050//2 6049//2
f 6052//2 6051//2 6049//2
f 6055//5 6054//5 6053//5
f 6056//5 6055//5 6053//5
f 6059//1 6058//1 6057//1
f 6060//1 6059//1 6057//1
f 6063//4 6062//4 6061//4
f 6064//4 6063//4 6061//4
f 6067//1 6066//1 6065//1
f 6068//1 6067//1 6065//1
f 6071//4 6070//4 6069//4
f 6072//4 6071//4 6069//4
f 6075//1 6074//1 6073//1
f 6076//1 6075//1 6073//1
f 6079//6 6078//6 6077//6
f 6080//6 6079//6 6077//6
f 6083//3 6082//3 6081//3
f 6084//3 6083//3 6081//3
f 6087//5 6086//5 6085//5
f 6088//5 6087//5 6085//5
f 6091//2 6090//2 6089//2
f 6092//2 6091//2 6089//2
f 6095//4 6094//4 6093//4
f 6096//4 6095//4 6093//4
f 6099//5 6098//5 6097//5
f 6100//5 6099//5 6097//5
f 6103//3 6102//3 6101//3
f 6104//3 6103//3 6101//3
f 6107//4 6106//4 6105//4
f 6108//4 6107//4 6105//4
f 6111//5 6110//5 6109//5
f 6112//5 6111//5 6109//5
f 6115//2 6114//2 6113//2
f 6116//2 6115//2 6113//2
f 6119//4 6118//4 6117//4
f 6120//4 6119//4 6117//4
f 6123//5 6122//5 6121//5
f 6124//5 6123//5 6121//5
f 6127//3 6126//3 6125//3
f 6128//3 6127//3 6125//3
f 6131//4 6130//4 6129//4
f 6132//4 6131//4 6129//4
f 6135//5 6134//5 6133//5
f 6136//5 6135//5 6133//5
f 6139//2 6138//2 6137//2
f 6140//2 6139//2 6137//2
f 6143//4 6142//4 6141//4
f 6144//4 6143//4 6141//4
f 6147//5 6146//5 6145//5
f 6148//5 6147//5 6145//5
f 6151//3 6150//3 6149//3
f 6152//3 6151//3 6149//3
f 6155//4 6154//4 6153//4
f 6156//4 6155//4 6153//4
f 6159//5 6158//5 6157//5
f 6160//5 6159//5 6157//5
f 6163//6 6162//6 6161//6
f 6164//6 6163//6 6161//6
f 6167//2 6166//2 6165//2
f 6168//2 6167//2 6165//2
f 6171//5 6170//5 6169//5
f 6172//5 6171//5 6169//5
f 6175//6 6174//6 6173//6
f 6176//6 6175//6 6173//6
f 6179//3 6178//3 6177//3
f 6180//3 6179//3 6177//3
f 6183//5 6182//5 6181//5
f 6184//5 6183//5 6181//5
f 6187//1 6186//1 6185//1
f 6188//1 6187//1 6185//1
f 6191//6 6190//6 6189//6
f 6192//6 6191//6 6189//6
f 6195//1 6194//1 6193//1
f 6196//1 6195//1 6193//1
f 6199//1 6198//1 6197//1
f 6200//1 6199//1 6197//1
f 6203//1 6202//1 6201//1
f 6204//1 6203//1 6201//1
f 6207//6 6206//6 6205//6
f 6208//6 6207//6 6205//6
f 6211//1 6210//1 6209//1
f 6212//1 6211//1 6209//1
f 6215//6 6214//6 6213//6
f 6216//6 6215//6 6213//6
f 6219//1 6218//1 6217//1
f 6220//1 6219//1 6217//1
f 6223//6 6222//6 6221//6
f 6224//6 6223//6 6221//6
f 6227//1 6226//1 6225//1
f 6228//1 6227//1 6225//1
f 6231//6 6230//6 6229//6
f 6232//6 6231//6 6229//6
f 6235//1 6234//1 6233//1
f 6236//1 6235//1 6233//1
f 6239//6 6238//6 6237//6
f 6240//6 6239//6 6237//6
f 6243//1 6242//1 6241//1
f 6244//1 6243//1 6241//1
f 6247//6 6246//6 6245//6
f 6248//6 6247//6 6245//6
f 6251//1 6250//1 6249//1
f 6252//1 6251//1 6249//1
f 6255//6 6254//6 6253//6
f 6256//6 6255//6 6253//6
f 6259//1 6258//1 6257//1
f 6260//1 6259//1 6257//1
f 6263//6 6262//6 6261//6
f 6264//6 6263//6 6261//6
f 6267//1 6266//1 6265//1
f 6268//1 6267//1 6265//1
f 6271//6 6270//6 6269//6
f 6272//6 6271//6 6269//6
f 6275//1 6274//1 6273//1
f 6276//1 6275//1 6273//1
f 6279//6 6278//6 6277//6
f 6280//6 6279//6 6277//6
f 6283//1 6282//1 6281//1
f 6284//1 6283//1 6281//1
f 6287//1 6286//1 6285//1
f 6288//1 6287//1 6285//1
f 6291//1 6290//1 6289//1
f 6292//1 6291//1 6289//1
f 6295//6 6294//6 6293//6
f 6296//6 6295//6 6293//6
f 6299//6 6298//6 6297//6
f 6300//6 6299//6 6297//6
f 6303//2 6302//2 6301//2
f 6304//2 6303//2 6301//2
f 6307//4 6306//4 6305//4
f 6308//4 6307//4 6305//4
f 6311//3 6310//3 6309//3
f 6312//3 6311//3 6309//3
f 6315//2 6314//2 6313//2
f 6316//2 6315//2 6313//2
f 6319//6 6318//6 6317//6
f 6320//6 6319//6 6317//6
f 6323//3 6322//3 6321//3
f 6324//3 6323//3 6321//3
f 6327//4 6326//4 6325//4
f 6328//4 6327//4 6325//4
f 6331//6 6330//6 6329//6
f 6332//6 6331//6 6329//6
f 6335//2 6334//2 6333//2
f 6336//2 6335//2 6333//2
f 6339//1 6338//1 6337//1
f 6340//1 6339//1 6337//1
f 6343//6 6342//6 6341//6
f 6344//6 6343//6 6341//6
f 6347//1 6346//1 6345//1
f 6348//1 6347//1 6345//1
f 6351//3 6350//3 6349//3
f 6352//3 6351//3 6349//3
f 6355//4 6354//4 6353//4
f 6356//4 6355//4 6353//4
f 6359//1 6358//1 6357//1
f 6360//1 6359//1 6357//1
f 6363//2 6362//2 6361//2
f 6364//2 6363//2 6361//2
f 6367//4 6366//4 6365//4
f 6368//4 6367//4 6365//4
f 6371//1 6370//1 6369//1
f 6372//1 6371//1 6369//1
f 6375//6 6374//6 6373//6
f 6376//6 6375//6 6373//6
f 6379//6 6378//6 6377//6
f 6380//6 6379//6 6377//6
f 6383//3 6382//3 6381//3
f 6384//3 6383//3 6381//3
f 6387//2 6386//2 6385//2
f 6388//2 6387//2 6385//2
f 6391//3 6390//3 6389//3
f 6392//3 6391//3 6389//3
f 6395//4 6394//4 6393//4
f 6396//4 6395//4 6393//4
f 6399//5 6398//5 6397//5
f 6400//5 6399//5 6397//5
f 6403//2 6402//2 6401//2
f 6404//2 6403//2 6401//2
f 6407//3 6406//3 6405//3
f 6408//3 6407//3 6405//3
f 6411//4 6410//4 6409//4
f 6412//4 6411//4 6409//4
f 6415//5 6414//5 6413//5
f 6416//5 6415//5 6413//5
f 6419//1 6418//1 6417//1
f 6420//1 6419//1 6417//1
f 6423//6 6422//6 6421//6
f 6424//6 6423//6 6421//6
f 6427//2 6426//2 6425//2
f 6428//2 6427//2 6425//2
f 6431//5 6430//5 6429//5
f 6432//5 6431//5 6429//5
f 6435//3 6434//3 6433//3
f 6436//3 6435//3 6433//3
f 6439//4 6438//4 6437//4
f 6440//4 6439//4 6437//4
f 6443//2 6442//2 6441//2
f 6444//2 6443//2 6441//2
f 6447//4 6446//4 6445//4
f 6448//4 6447//4 6445//4
f 6451//1 6450//1 6449//1
f 6452//1 6451//1 6449//1
f 6455//6 6454//6 6453//6
f 6456//6 6455//6 6453//6
f 6459//3 6458//3 6457//3
f 6460//3 6459//3 6457//3
f 6463//5 6462//5 6461//5
f 6464//5 6463//5 6461//5
f 6467//6 6466//6 6465//6
f 6468//6 6467//6 6465//6
f 6471//2 6470//2 6469//2
f 6472//2 6471//2 6469//2
f 6475//5 6474//5 6473//5
f 6476//5 6475//5 6473//5
f 6479//1 6478//1 6477//1
f 6480//1 6479//1 6477//1
f 6483//6 6482//6 6481//6
f 6484//6 6483//6 6481//6
f 6487//1 6486//1 6485//1
f 6488//1 6487//1 6485//1
f 6491//6 6490//6 6489//6
f 6492//6 6491//6 6489//6
f 6495//4 6494//4 6493//4
f 6496//4 6495//4 6493//4
f 6499//1 6498//1 6497//1
f 6500//1 6499//1 6497//1
f 6503//4 6502//4 6501//4
f 6504//4 6503//4 6501//4
f 6507//1 6506//1 6505//1
f 6508//1 6507//1 6505//1
f 6511//4 6510//4 6509//4
f 6512//4 6511//4 6509//4
f 6515//1 6514//1 6513//1
f 6516//1 6515//1 6513//1
f 6519//6 6518//6 6517//6
f 6520//6 6519//6 6517//6
f 6523//4 6522//4 6521//4
f 6524//4 6523//4 6521//4
f 6527//1 6526//1 6525//1
f 6528//1 6527//1 6525//1
f 6531//6 6530//6 6529//6
f 6532//6 6531//6 6529//6
f 6535//6 6534//6 6533//6
f 6536//6 6535//6 6533//6
f 6539//3 6538//3 6537//3
f 6540//3 6539//3 6537//3
f 6543//5 6542//5 6541//5
f 6544//5 6543//5 6541//5
f 6547//6 6546//6 6545//6
f 6548//6 6547//6 6545//6
f 6551//2 6550//2 6549//2
f 6552//2 6551//2 6549//2
f 6555//5 6554//5 6553//5
f 6556//5 6555//5 6553//5
f 6559//6 6558//6 6557//6
f 6560//6 6559//6 6557//6
f 6563//3 6562//3 6561//3
f 6564//3 6563//3 6561//3
f 6567//5 6566//5 6565//5
f 6568//5 6567//5 6565//5
f 6571//1 6570//1 6569//1
f 6572//1 6571//1 6569//1
f 6575//6 6574//6 6573//6
f 6576//6 6575//6 6573//6
f 6579//1 6578//1 6577//1
f 6580//1 6579//1 6577//1
f 6583//1 6582//1 6581//1
f 6584//1 6583//1 6581//1
f 6587//1 6586//1 6585//1
f 6588//1 6587//1 6585//1
f 6591//1 6590//1 6589//1
f 6592//1 6591//1 6589//1
f 6595//6 6594//6 6593//6
f 6596//6 6595//6 6593//6
f 6599//1 6598//1 6597//1
f 6600//1 6599//1 6597//1
f 6603//6 6602//6 6601//6
f 6604//6 6603//6 6601//6
f 6607//1 6606//1 6605//1
f 6608//1 6607//1 6605//1
f 6611//1 6610//1 6609//1
f 6612//1 6611//1 6609//1
f 6615//6 6614//6 6613//6
f 6616//6 6615//6 6613//6
f 6619//1 6618//1 6617//1
f 6620//1 6619//1 6617//1
f 6623//6 6622//6 6621//6
f 6624//6 6623//6 6621//6
f 6627//1 6626//1 6625//1
f 6628//1 6627//1 6625//1
f 6631//1 6630//1 6629//1
f 6632//1 6631//1 6629//1
f 6635//6 6634//6 6633//6
f 6636//6 6635//6 6633//6
f 6639//1 6638//1 6637//1
f 6640//1 6639//1 6637//1
f 6643//6 6642//6 6641//6
f 6644//6 6643//6 6641//6
f 6647//1 6646//1 6645//1
f 6648//1 6647//1 6645//1
f 6651//1 6650//1 6649//1
f 6652//1 6651//1 6649//1
f 6655//1 6654//1 6653//1
f 6656//1 6655//1 6653//1
f 6659//1 6658//1 6657//1
f 6660//1 6659//1 6657//1
f 6663//6 6662//6 6661//6
f 6664//6 6663//6 6661//6
f 6667//6 6666//6 6665//6
f 6668//6 6667//6 6665//6
f 6671//2 6670//2 6669//2
f 6672//2 6671//2 6669//2
f 6675//5 6674//5 6673//5
f 6676//5 6675//5 6673//5
f 6679//3 6678//3 6677//3
f 6680//3 6679//3 6677//3
f 6683//4 6682//4 6681//4
f 6684//4 6683//4 6681//4
f 6687//2 6686//2 6685//2
f 6688//2 6687//2 6685//2
f 6691//3 6690//3 6689//3
f 6692//3 6691//3 6689//3
f 6695//4 6694//4 6693//4
f 6696//4 6695//4 6693//4
f 6699//2 6698//2 6697//2
f 6700//2 6699//2 6697//2
f 6703//3 6702//3 6701//3
f 6704//3 6703//3 6701//3
f 6707//4 6706//4 6705//4
f 6708//4 6707//4 6705//4
f 6711//2 6710//2 6709//2
f 6712//2 6711//2 6709//2
f 6715//4 6714//4 6713//4
f 6716//4 6715//4 6713//4
f 6719//6 6718//6 6717//6
f 6720//6 6719//6 6717//6
f 6723//3 6722//3 6721//3
f 6724//3 6723//3 6721//3
f 6727//5 6726//5 6725//5
f 6728//5 6727//5 6725//5
f 6731//6 6730//6 6729//6
f 6732//6 6731//6 6729//6
f 6735//2 6734//2 6733//2
f 6736//2 6735//2 6733//2
f 6739//5 6738//5 6737//5
f 6740//5 6739//5 6737//5
f 6743//6 6742//6 6741//6
f 6744//6 6743//6 6741//6
f 6747//1 6746//1 6745//1
f 6748//1 6747//1 6745//1
f 6751//6 6750//6 6749//6
f 6752//6 6751//6 6749//6
f 6755//1 6754//1 6753//1
f 6756//1 6755//1 6753//1
f 6759//4 6758//4 6757//4
f 6760//4 6759//4 6757//4
f 6763//4 6762//4 6761//4
f 6764//4 6763//4 6761//4
f 6767//5 6766//5 6765//5
f 6768//5 6767//5 6765//5
f 6771//1 6770//1 6769//1
f 6772//1 6771//1 6769//1
f 6775//4 6774//4 6773//4
f 6776//4 6775//4 6773//4
f 6779//1 6778//1 6777//1
f 6780//1 6779//1 6777//1
f 6783//4 6782//4 6781//4
f 6784//4 6783//4 6781//4
f 6787//4 6786//4 6785//4
f 6788//4 6787//4 6785//4
f 6791//5 6790//5 6789//5
f 6792//5 6791//5 6789//5
f 6795//1 6794//1 6793//1
f 6796//1 6795//1 6793//1
f 6799//4 6798//4 6797//4
f 6800//4 6799//4 6797//4
f 6803//1 6802//1 6801//1
f 6804//1 6803//1 6801//1
f 6807//6 6806//6 6805//6
f 6808//6 6807//6 6805//6
f 6811//6 6810//6 6809//6
f 6812//6 6811//6 6809//6
f 6815//6 6814//6 6813//6
f 6816//6 6815//6 6813//6
f 6819//3 6818//3 6817//3
f 6820//3 6819//3 6817//3
f 6823//5 6822//5 6821//5
f 6824//5 6823//5 6821//5
f 6827//2 6826//2 6825//2
f 6828//2 6827//2 6825//2
f 6831//4 6830//4 6829//4
f 6832//4 6831//4 6829//4
f 6835//5 6834//5 6833//5
f 6836//5 6835//5 6833//5
f 6839//4 6838//4 6837//4
f 6840//4 6839//4 6837//4
f 6843//5 6842//5 6841//5
f 6844//5 6843//5 6841//5
f 6847//4 6846//4 6845//4
f 6848//4 6847//4 6845//4
f 6851//5 6850//5 6849//5
f 6852//5 6851//5 6849//5
f 6855//4 6854//4 6853//4
f 6856//4 6855//4 6853//4
f 6859//5 6858//5 6857//5
f 6860//5 6859//5 6857//5
f 6863//4 6862//4 6861//4
f 6864//4 6863//4 6861//4
f 6867//5 6866//5 6865//5
f 6868//5 6867//5 6865//5
f 6871//3 6870//3 6869//3
f 6872//3 6871//3 6869//3
f 6875//4 6874//4 6873//4
f 6876//4 6875//4 6873//4
f 6879//5 6878//5 6877//5
f 6880//5 6879//5 6877//5
f 6883//1 6882//1 6881//1
f 6884//1 6883//1 6881//1
f 6887//6 6886//6 6885//6
f 6888//6 6887//6 6885//6
f 6891//2 6890//2 6889//2
f 6892//2 6891//2 6889//2
f 6895//5 6894//5 6893//5
f 6896//5 6895//5 6893//5
f 6899//4 6898//4 6897//4
f 6900//4 6899//4 6897//4
f 6903//4 6902//4 6901//4
f 6904//4 6903//4 6901//4
f 6907//5 6906//5 6905//5
f 6908//5 6907//5 6905//5
f 6911//4 6910//4 6909//4
f 6912//4 6911//4 6909//4
f 6915//4 6914//4 6913//4
f 6916//4 6915//4 6913//4
f 6919//4 6918//4 6917//4
f 6920//4 6919//4 6917//4
f 6923//5 6922//5 6921//5
f 6924//5 6923//5 6921//5
f 6927//4 6926//4 6925//4
f 6928//4 6927//4 6925//4
f 6931//1 6930//1 6929//1
f 6932//1 6931//1 6929//1
f 6935//6 6934//6 6933//6
f 6936//6 6935//6 6933//6
f 6939//3 6938//3 6937//3
f 6940//3 6939//3 6937//3
f 6943//5 6942//5 6941//5
f 6944//5 6943//5 6941//5
f 6947//6 6946//6 6945//6
f 6948//6 6947//6 6945//6
f 6951//2 6950//2 6949//2
f 6952//2 6951//2 6949//2
f 6955//5 6954//5 6953//5
f 6956//5 6955//5 6953//5
f 6959//6 6958//6 6957//6
f 6960//6 6959//6 6957//6
f 6963//6 6962//6 6961//6
f 6964//6 6963//6 6961//6
f 6967//5 6966//5 6965//5
f 6968//5 6967//5 6965//5
f 6971//6 6970//6 6969//6
f 6972//6 6971//6 6969//6
f 6975//5 6974//5 6973//5
f 6976//5 6975//5 6973//5
f 6979//6 6978//6 6977//6
f 6980//6 6979//6 6977//6
f 6983//6 6982//6 6981//6
f 6984//6 6983//6 6981//6
f 6987//3 6986//3 6985//3
f 6988//3 6987//3 6985//3
f 6991//5 6990//5 6989//5
f 6992//5 6991//5 6989//5
f 6995//1 6994//1 6993//1
f 6996//1 6995//1 6993//1
f 6999//6 6998//6 6997//6
f 7000//6 6999//6 6997//6
f 7003//1 7002//1 7001//1
f 7004//1 7003//1 7001//1
f 7007//6 7006//6 7005//6
f 7008//6 7007//6 7005//6
f 7011//1 7010//1 7009//1
f 7012//1 7011//1 7009//1
f 7015//1 7014//1 7013//1
f 7016//1 7015//1 7013//1
f 7019//1 7018//1 7017//1
f 7020//1 7019//1 7017//1
f 7023//1 7022//1 7021//1
f 7024//1 7023//1 7021//1
f 7027//1 7026//1 7025//1
f 7028//1 7027//1 7025//1
f 7031//1 7030//1 7029//1
f 7032//1 7031//1 7029//1
f 7035//1 7034//1 7033//1
f 7036//1 7035//1 7033//1
f 7039//1 7038//1 7037//1
f 7040//1 7039//1 7037//1
f 7043//1 7042//1 7041//1
f 7044//1 7043//1 7041//1
f 7047//1 7046//1 7045//1
f 7048//1 7047//1 7045//1
f 7051//1 7050//1 7049//1
f 7052//1 7051//1 7049//1
f 7055//1 7054//1 7053//1
f 7056//1 7055//1 7053//1
f 7059//1 7058//1 7057//1
f 7060//1 7059//1 7057//1
f 7063//6 7062//6 7061//6
f 7064//6 7063//6 7061//6
f 7067//1 7066//1 7065//1
f 7068//1 7067//1 7065//1
f 7071//6 7070//6 7069//6
f 7072//6 7071//6 7069//6
f 7075//6 7074//6 7073//6
f 7076//6 7075//6 7073//6
f 7079//2 7078//2 7077//2
f 7080//2 7079//2 7077//2
f 7083//5 7082//5 7081//5
f 7084//5 7083//5 7081//5
f 7087//4 7086//4 7085//4
f 7088//4 7087//4 7085//4
f 7091//4 7090//4 7089//4
f 7092//4 7091//4 7089//4
f 7095//5 7094//5 7093//5
f 7096//5 7095//5 7093//5
f 7099//6 7098//6 7097//6
f 7100//6 7099//6 7097//6
f 7103//5 7102//5 7101//5
f 7104//5 7103//5 7101//5
f 7107//4 7106//4 7105//4
f 7108//4 7107//4 7105//4
f 7111//5 7110//5 7109//5
f 7112//5 7111//5 7109//5
f 7115//4 7114//4 7113//4
f 7116//4 7115//4 7113//4
f 7119//5 7118//5 7117//5
f 7120//5 7119//5 7117//5
f 7123//6 7122//6 7121//6
f 7124//6 7123//6 7121//6
f 7127//5 7126//5 7125//5
f 7128//5 7127//5 7125//5
f 7131//4 7130//4 7129//4
f 7132//4 7131//4 7129//4
f 7135//5 7134//5 7133//5
f 7136//5 7135//5 7133//5
f 7139//4 7138//4 7137//4
f 7140//4 7139//4 7137//4
f 7143//6 7142//6 7141//6
f 7144//6 7143//6 7141//6
f 7147//3 7146//3 7145//3
f 7148//3 7147//3 7145//3
f 7151//5 7150//5 7149//5
f 7152//5 7151//5 7149//5
f 7155//6 7154//6 7153//6
f 7156//6 7155//6 7153//6
f 7159//2 7158//2 7157//2
f 7160//2 7159//2 7157//2
f 7163//5 7162//5 7161//5
f 7164//5 7163//5 7161//5
f 7167//6 7166//6 7165//6
f 7168//6 7167//6 7165//6
f 7171//5 7170//5 7169//5
f 7172//5 7171//5 7169//5
f 7175//6 7174//6 7173//6
f 7176//6 7175//6 7173//6
f 7179//3 7178//3 7177//3
f 7180//3 7179//3 7177//3
f 7183//5 7182//5 7181//5
f 7184//5 7183//5 7181//5
f 7187//6 7186//6 7185//6
f 7188//6 7187//6 7185//6
f 7191//2 7190//2 7189//2
f 7192//2 7191//2 7189//2
f 7195//5 7194//5 7193//5
f 7196//5 7195//5 7193//5
f 7199//6 7198//6 7197//6
f 7200//6 7199//6 7197//6
f 7203//3 7202//3 7201//3
f 7204//3 7203//3 7201//3
f 7207//5 7206//5 7205//5
f 7208//5 7207//5 7205//5
f 7211//6 7210//6 7209//6
f 7212//6 7211//6 7209//6
f 7215//2 7214//2 7213//2
f 7216//2 7215//2 7213//2
f 7219//5 7218//5 7217//5
f 7220//5 7219//5 7217//5
f 7223//6 7222//6 7221//6
f 7224//6 7223//6 7221//6
f 7227//5 7226//5 7225//5
f 7228//5 7227//5 7225//5
f 7231//6 7230//6 7229//6
f 7232//6 7231//6 7229//6
f 7235//3 7234//3 7233//3
f 7236//3 7235//3 7233//3
f 7239//5 7238//5 7237//5
f 7240//5 7239//5 7237//5
f 7243//1 7242//1 7241//1
f 7244//1 7243//1 7241//1
f 7247//6 7246//6 7245//6
f 7248//6 7247//6 7245//6
f 7251//2 7250//2 7249//2
f 7252//2 7251//2 7249//2
f 7255//3 7254//3 7253//3
f 7256//3 7255//3 7253//3
f 7259//5 7258//5 7257//5
f 7260//5 7259//5 7257//5
f 7263//1 7262//1 7261//1
f 7264//1 7263//1 7261//1
f 7267//6 7266//6 7265//6
f 7268//6 7267//6 7265//6
f 7271//2 7270//2 7269//2
f 7272//2 7271//2 7269//2
f 7275//5 7274//5 7273//5
f 7276//5 7275//5 7273//5
f 7279//1 7278//1 7277//1
f 7280//1 7279//1 7277//1
f 7283//6 7282//6 7281//6
f 7284//6 7283//6 7281//6
f 7287//3 7286//3 7285//3
f 7288//3 7287//3 7285//3
f 7291//5 7290//5 7289//5
f 7292//5 7291//5 7289//5
f 7295//1 7294//1 7293//1
f 7296//1 7295//1 7293//1
f 7299//6 7298//6 7297//6
f 7300//6 7299//6 7297//6
f 7303//2 7302//2 7301//2
f 7304//2 7303//2 7301//2
f 7307//3 7306//3 7305//3
f 7308//3 7307//3 7305//3
f 7311//5 7310//5 7309//5
f 7312//5 7311//5 7309//5
f 7315//1 7314//1 7313//1
f 7316//1 7315//1 7313//1
f 7319//6 7318//6 7317//6
f 7320//6 7319//6 7317//6
f 7323//2 7322//2 7321//2
f 7324//2 7323//2 7321//2
f 7327//3 7326//3 7325//3
f 7328//3 7327//3 7325//3
f 7331//5 7330//5 7329//5
f 7332//5 7331//5 7329//5
f 7335//1 7334//1 7333//1
f 7336//1 7335//1 7333//1
f 7339//6 7338//6 7337//6
f 7340//6 7339//6 7337//6
f 7343//2 7342//2 7341//2
f 7344//2 7343//2 7341//2
f 7347//3 7346//3 7345//3
f 7348//3 7347//3 7345//3
f 7351//5 7350//5 7349//5
f 7352//5 7351//5 7349//5
f 7355//1 7354//1 7353//1
f 7356//1 7355//1 7353//1
f 7359//2 7358//2 7357//2
f 7360//2 7359//2 7357//2
f 7363//5 7362//5 7361//5
f 7364//5 7363//5 7361//5
f 7367//1 7366//1 7365//1
f 7368//1 7367//1 7365//1
f 7371//6 7370//6 7369//6
f 7372//6 7371//6 7369//6
f 7375//1 7374//1 7373//1
f 7376//1 7375//1 7373//1
f 7379//6 7378//6 7377//6
f 7380//6 7379//6 7377//6
f 7383//1 7382//1 7381//1
f 7384//1 7383//1 7381//1
f 7387//1 7386//1 7385//1
f 7388//1 7387//1 7385//1
f 7391//1 7390//1 7389//1
f 7392//1 7391//1 7389//1
f 7395//6 7394//6 7393//6
f 7396//6 7395//6 7393//6
f 7399//1 7398//1 7397//1
f 7400//1 7399//1 7397//1
f 7403//6 7402//6 7401//6
f 7404//6 7403//6 7401//6
f 7407//1 7406//1 7405//1
f 7408//1 7407//1 7405//1
f 7411//6 7410//6 7409//6
f 7412//6 7411//6 7409//6
f 7415//1 7414//1 7413//1
f 7416//1 7415//1 7413//1
f 7419//6 7418//6 7417//6
f 7420//6 7419//6 7417//6
f 7423//1 7422//1 7421//1
f 7424//1 7423//1 7421//1
f 7427//6 7426//6 7425//6
f 7428//6 7427//6 7425//6
f 7431//1 7430//1 7429//1
f 7432//1 7431//1 7429//1
f 7435//6 7434//6 7433//6
f 7436//6 7435//6 7433//6
f 7439//1 7438//1 7437//1
f 7440//1 7439//1 7437//1
f 7443//1 7442//1 7441//1
f 7444//1 7443//1 7441//1
f 7447//1 7446//1 7445//1
f 7448//1 7447//1 7445//1
f 7451//6 7450//6 7449//6
f 7452//6 7451//6 7449//6
f 7455//1 7454//1 7453//1
f 7456//1 7455//1 7453//1
f 7459//6 7458//6 7457//6
f 7460//6 7459//6 7457//6
f 7463//1 7462//1 7461//1
f 7464//1 7463//1 7461//1
f 7467//3 7466//3 7465//3
f 7468//3 7467//3 7465//3
f 7471//5 7470//5 7469//5
f 7472//5 7471//5 7469//5
f 7475//6 7474//6 7473//6
f 7476//6 7475//6 7473//6
f 7479//2 7478//2 7477//2
f 7480//2 7479//2 7477//2
f 7483//3 7482//3 7481//3
f 7484//3 7483//3 7481//3
f 7487//4 7486//4 7485//4
f 7488//4 7487//4 7485//4
f 7491//5 7490//5 7489//5
f 7492//5 7491//5 7489//5
f 7495//6 7494//6 7493//6
f 7496//6 7495//6 7493//6
f 7499//2 7498//2 7497//2
f 7500//2 7499//2 7497//2
f 7503//5 7502//5 7501//5
f 7504//5 7503//5 7501//5
f 7507//6 7506//6 7505//6
f 7508//6 7507//6 7505//6
f 7511//3 7510//3 7509//3
f 7512//3 7511//3 7509//3
f 7515//5 7514//5 7513//5
f 7516//5 7515//5 7513//5
f 7519//6 7518//6 7517//6
f 7520//6 7519//6 7517//6
f 7523//2 7522//2 7521//2
f 7524//2 7523//2 7521//2
f 7527//5 7526//5 7525//5
f 7528//5 7527//5 7525//5
f 7531//6 7530//6 7529//6
f 7532//6 7531//6 7529//6
f 7535//3 7534//3 7533//3
f 7536//3 7535//3 7533//3
f 7539//5 7538//5 7537//5
f 7540//5 7539//5 7537//5
f 7543//6 7542//6 7541//6
f 7544//6 7543//6 7541//6
f 7547//2 7546//2 7545//2
f 7548//2 7547//2 7545//2
f 7551//3 7550//3 7549//3
f 7552//3 7551//3 7549//3
f 7555//4 7554//4 7553//4
f 7556//4 7555//4 7553//4
f 7559//5 7558//5 7557//5
f 7560//5 7559//5 7557//5
f 7563//1 7562//1 7561//1
f 7564//1 7563//1 7561//1
f 7567//2 7566//2 7565//2
f 7568//2 7567//2 7565//2
f 7571//5 7570//5 7569//5
f 7572//5 7571//5 7569//5
f 7575//1 7574//1 7573//1
f 7576//1 7575//1 7573//1
f 7579//6 7578//6 7577//6
f 7580//6 7579//6 7577//6
f 7583//1 7582//1 7581//1
f 7584//1 7583//1 7581//1
f 7587//6 7586//6 7585//6
f 7588//6 7587//6 7585//6
f 7591//1 7590//1 7589//1
f 7592//1 7591//1 7589//1
f 7595//6 7594//6 7593//6
f 7596//6 7595//6 7593//6
f 7599//1 7598//1 7597//1
f 7600//1 7599//1 7597//1
f 7603//6 7602//6 7601//6
f 7604//6 7603//6 7601//6
f 7607//1 7606//1 7605//1
f 7608//1 7607//1 7605//1
f 7611//6 7610//6 7609//6
f 7612//6 7611//6 7609//6
f 7615//1 7614//1 7613//1
f 7616//1 7615//1 7613//1
f 7619//6 7618//6 7617//6
f 7620//6 7619//6 7617//6
f 7623//1 7622//1 7621//1
f 7624//1 7623//1 7621//1
f 7627//6 7626//6 7625//6
f 7628//6 7627//6 7625//6
f 7631//1 7630//1 7629//1
f 7632//1 7631//1 7629//1
f 7635//6 7634//6 7633//6
f 7636//6 7635//6 7633//6
f 7639//1 7638//1 7637//1
f 7640//1 7639//1 7637//1
f 7643//6 7642//6 7641//6
f 7644//6 7643//6 7641//6
f 7647//1 7646//1 7645//1
f 7648//1 7647//1 7645//1
f 7651//6 7650//6 7649//6
f 7652//6 7651//6 7649//6
f 7655//1 7654//1 7653//1
f 7656//1 7655//1 7653//1
f 7659//6 7658//6 7657//6
f 7660//6 7659//6 7657//6
f 7663//1 7662//1 7661//1
f 7664//1 7663//1 7661//1
f 7667//6 7666//6 7665//6
f 7668//6 7667//6 7665//6
f 7671//1 7670//1 7669//1
f 7672//1 7671//1 7669//1
f 7675//3 7674//3 7673//3
f 7676//3 7675//3 7673//3
f 7679//5 7678//5 7677//5
f 7680//5 7679//5 7677//5
f 7683//6 7682//6 7681//6
f 7684//6 7683//6 7681//6
f 7687//2 7686//2 7685//2
f 7688//2 7687//2 7685//2
f 7691//3 7690//3 7689//3
f 7692//3 7691//3 7689//3
f 7695//4 7694//4 7693//4
f 7696//4 7695//4 7693//4
f 7699//5 7698//5 7697//5
f 7700//5 7699//5 7697//5
f 7703//6 7702//6 7701//6
f 7704//6 7703//6 7701//6
f 7707//2 7706//2 7705//2
f 7708//2 7707//2 7705//2
f 7711//3 7710//3 7709//3
f 7712//3 7711//3 7709//3
f 7715//4 7714//4 7713//4
f 7716//4 7715//4 7713//4
f 7719//5 7718//5 7717//5
f 7720//5 7719//5 7717//5
f 7723//1 7722//1 7721//1
f 7724//1 7723//1 7721//1
f 7727//2 7726//2 7725//2
f 7728//2 7727//2 7725//2
f 7731//3 7730//3 7729//3
f 7732//3 7731//3 7729//3
f 7735//4 7734//4 7733//4
f 7736//4 7735//4 7733//4
f 7739//5 7738//5 7737//5
f 7740//5 7739//5 7737//5
f 7743//1 7742//1 7741//1
f 7744//1 7743//1 7741//1
f 7747//2 7746//2 7745//2
f 7748//2 7747//2 7745//2
f 7751//3 7750//3 7749//3
f 7752//3 7751//3 7749//3
f 7755//4 7754//4 7753//4
f 7756//4 7755//4 7753//4
f 7759//5 7758//5 7757//5
f 7760//5 7759//5 7757//5
f 7763//6 7762//6 7761//6
f 7764//6 7763//6 7761//6
f 7767//2 7766//2 7765//2
f 7768//2 7767//2 7765//2
f 7771//3 7770//3 7769//3
f 7772//3 7771//3 7769//3
f 7775//4 7774//4 7773//4
f 7776//4 7775//4 7773//4
f 7779//5 7778//5 7777//5
f 7780//5 7779//5 7777//5
f 7783//6 7782//6 7781//6
f 7784//6 7783//6 7781//6
f 7787//2 7786//2 7785//2
f 7788//2 7787//2 7785//2
f 7791//3 7790//3 7789//3
f 7792//3 7791//3 7789//3
f 7795//4 7794//4 7793//4
f 7796//4 7795//4 7793//4
f 7799//5 7798//5 7797//5
f 7800//5 7799//5 7797//5
g Chunk_1x1x2
usemtl Voxel
f 7803//1 7802//1 7801//1
f 7804//1 7803//1 7801//1
f 7807//2 7806//2 7805//2
f 7808//2 7807//2 7805//2
f 7811//3 7810//3 7809//3
f 7812//3 7811//3 7809//3
f 7815//4 7814//4 7813//4
f 7816//4 7815//4 7813//4
f 7819//5 7818//5 7817//5
f 7820//5 7819//5 7817//5
f 7823//6 7822//6 7821//6
f 7824//6 7823//6 7821//6
f 7827//2 7826//2 7825//2
f 7828//2 7827//2 7825//2
f 7831//3 7830//3 7829//3
f 7832//3 7831//3 7829//3
f 7835//4 7834//4 7833//4
f 7836//4 7835//4 7833//4
f 7839//5 7838//5 7837//5
f 7840//5 7839//5 7837//5
f 7843//1 7842//1 7841//1
f 7844//1 7843//1 7841//1
f 7847//3 7846//3 7845//3
f 7848//3 7847//3 7845//3
f 7851//4 7850//4 7849//4
f 7852//4 7851//4 7849//4
f 7855//6 7854//6 7853//6
f 7856//6 7855//6 7853//6
f 7859//2 7858//2 7857//2
f 7860//2 7859//2 7857//2
f 7863//3 7862//3 7861//3
f 7864//3 7863//3 7861//3
f 7867//4 7866//4 7865//4
f 7868//4 7867//4 7865//4
f 7871//1 7870//1 7869//1
f 7872//1 7871//1 7869//1
f 7875//2 7874//2 7873//2
f 7876//2 7875//2 7873//2
f 7879//3 7878//3 7877//3
f 7880//3 7879//3 7877//3
f 7883//4 7882//4 7881//4
f 7884//4 7883//4 7881//4
f 7887//6 7886//6 7885//6
f 7888//6 7887//6 7885//6
f 7891//2 7890//2 7889//2
f 7892//2 7891//2 7889//2
f 7895//3 7894//3 7893//3
f 7896//3 7895//3 7893//3
f 7899//4 7898//4 7897//4
f 7900//4 7899//4 7897//4
f 7903//1 7902//1 7901//1
f 7904//1 7903//1 7901//1
f 7907//3 7906//3 7905//3
f 7908//3 7907//3 7905//3
f 7911//6 7910//6 7909//6
f 7912//6 7911//6 7909//6
f 7915//2 7914//2 7913//2
f 7916//2 7915//2 7913//2
f 7919//3 7918//3 7917//3
f 7920//3 7919//3 7917//3
f 7923//5 7922//5 7921//5
f 7924//5 7923//5 7921//5
f 7927//1 7926//1 7925//1
f 7928//1 7927//1 7925//1
f 7931//2 7930//2 7929//2
f 7932//2 7931//2 7929//2
f 7935//3 7934//3 7933//3
f 7936//3 7935//3 7933//3
f 7939//5 7938//5 7937//5
f 7940//5 7939//5 7937//5
f 7943//6 7942//6 7941//6
f 7944//6 7943//6 7941//6
f 7947//2 7946//2 7945//2
f 7948//2 7947//2 7945//2
f 7951//3 7950//3 7949//3
f 7952//3 7951//3 7949//3
f 7955//5 7954//5 7953//5
f 7956//5 7955//5 7953//5
f 7959//1 7958//1 7957//1
f 7960//1 7959//1 7957//1
f 7963//6 7962//6 7961//6
f 7964//6 7963//6 7961//6
f 7967//1 7966//1 7965//1
f 7968//1 7967//1 7965//1
f 7971//3 7970//3 7969//3
f 7972//3 7971//3 7969//3
f 7975//4 7974//4 7973//4
f 7976//4 7975//4 7973//4
f 7979//6 7978//6 7977//6
f 7980//6 7979//6 7977//6
f 7983//2 7982//2 7981//2
f 7984//2 7983//2 7981//2
f 7987//3 7986//3 7985//3
f 7988//3 7987//3 7985//3
f 7991//4 7990//4 7989//4
f 7992//4 7991//4 7989//4
f 7995//1 7994//1 7993//1
f 7996//1 7995//1 7993//1
f 7999//2 7998//2 7997//2
f 8000//2 7999//2 7997//2
f 8003//3 8002//3 8001//3
f 8004//3 8003//3 8001//3
f 8007//4 8006//4 8005//4
f 8008//4 8007//4 8005//4
f 8011//6 8010//6 8009//6
f 8012//6 8011//6 8009//6
f 8015//2 8014//2 8013//2
f 8016//2 8015//2 8013//2
f 8019//3 8018//3 8017//3
f 8020//3 8019//3 8017//3
f 8023//4 8022//4 8021//4
f 8024//4 8023//4 8021//4
f 8027//1 8026//1 8025//1
f 8028//1 8027//1 8025//1
f 8031//6 8030//6 8029//6
f 8032//6 8031//6 8029//6
f 8035//1 8034//1 8033//1
f 8036//1 8035//1 8033//1
f 8039//3 8038//3 8037//3
f 8040//3 8039//3 8037//3
f 8043//6 8042//6 8041//6
f 8044//6 8043//6 8041//6
f 8047//2 8046//2 8045//2
f 8048//2 8047//2 8045//2
f 8051//3 8050//3 8049//3
f 8052//3 8051//3 8049//3
f 8055//5 8054//5 8053//5
f 8056//5 8055//5 8053//5
f 8059//1 8058//1 8057//1
f 8060//1 8059//1 8057//1
f 8063//2 8062//2 8061//2
f 8064//2 8063//2 8061//2
f 8067//3 8066//3 8065//3
f 8068//3 8067//3 8065//3
f 8071//5 8070//5 8069//5
f 8072//5 8071//5 8069//5
f 8075//6 8074//6 8073//6
f 8076//6 8075//6 8073//6
f 8079//2 8078//2 8077//2
f 8080//2 8079//2 8077//2
f 8083//3 8082//3 8081//3
f 8084//3 8083//3 8081//3
f 8087//5 8086//5 8085//5
f 8088//5 8087//5 8085//5
f 8091//1 8090//1 8089//1
f 8092//1 8091//1 8089//1
f 8095//6 8094//6 8093//6
f 8096//6 8095//6 8093//6
f 8099//1 8098//1 8097//1
f 8100//1 8099//1 8097//1
f 8103//6 8102//6 8101//6
f 8104//6 8103//6 8101//6
f 8107//1 8106//1 8105//1
f 8108//1 8107//1 8105//1
f 8111//3 8110//3 8109//3
f 8112//3 8111//3 8109//3
f 8115//4 8114//4 8113//4
f 8116//4 8115//4 8113//4
f 8119//6 8118//6 8117//6
f 8120//6 8119//6 8117//6
f 8123//2 8122//2 8121//2
f 8124//2 8123//2 8121//2
f 8127//4 8126//4 8125//4
f 8128//4 8127//4 8125//4
f 8131//1 8130//1 8129//1
f 8132//1 8131//1 8129//1
f 8135//3 8134//3 8133//3
f 8136//3 8135//3 8133//3
f 8139//4 8138//4 8137//4
f 8140//4 8139//4 8137//4
f 8143//5 8142//5 8141//5
f 8144//5 8143//5 8141//5
f 8147//2 8146//2 8145//2
f 8148//2 8147//2 8145//2
f 8151//3 8150//3 8149//3
f 8152//3 8151//3 8149//3
f 8155//4 8154//4 8153//4
f 8156//4 8155//4 8153//4
f 8159//6 8158//6 8157//6
f 8160//6 8159//6 8157//6
f 8163//2 8162//2 8161//2
f 8164//2 8163//2 8161//2
f 8167//3 8166//3 8165//3
f 8168//3 8167//3 8165//3
f 8171//4 8170//4 8169//4
f 8172//4 8171//4 8169//4
f 8175//1 8174//1 8173//1
f 8176//1 8175//1 8173//1
f 8179//6 8178//6 8177//6
f 8180//6 8179//6 8177//6
f 8183//1 8182//1 8181//1
f 8184//1 8183//1 8181//1
f 8187//6 8186//6 8185//6
f 8188//6 8187//6 8185//6
f 8191//1 8190//1 8189//1
f 8192//1 8191//1 8189//1
f 8195//3 8194//3 8193//3
f 8196//3 8195//3 8193//3
f 8199//6 8198//6 8197//6
f 8200//6 8199//6 8197//6
f 8203//2 8202//2 8201//2
f 8204//2 8203//2 8201//2
f 8207//3 8206//3 8205//3
f 8208//3 8207//3 8205//3
f 8211//1 8210//1 8209//1
f 8212//1 8211//1 8209//1
f 8215//2 8214//2 8213//2
f 8216//2 8215//2 8213//2
f 8219//3 8218//3 8217//3
f 8220//3 8219//3 8217//3
f 8223//6 8222//6 8221//6
f 8224//6 8223//6 8221//6
f 8227//2 8226//2 8225//2
f 8228//2 8227//2 8225//2
f 8231//3 8230//3 8229//3
f 8232//3 8231//3 8229//3
f 8235//1 8234//1 8233//1
f 8236//1 8235//1 8233//1
f 8239//6 8238//6 8237//6
f 8240//6 8239//6 8237//6
f 8243//1 8242//1 8241//1
f 8244//1 8243//1 8241//1
f 8247//6 8246//6 8245//6
f 8248//6 8247//6 8245//6
f 8251//1 8250//1 8249//1
f 8252//1 8251//1 8249//1
f 8255//3 8254//3 8253//3
f 8256//3 8255//3 8253//3
f 8259//6 8258//6 8257//6
f 8260//6 8259//6 8257//6
f 8263//2 8262//2 8261//2
f 8264//2 8263//2 8261//2
f 8267//3 8266//3 8265//3
f 8268//3 8267//3 8265//3
f 8271//1 8270//1 8269//1
f 8272//1 8271//1 8269//1
f 8275//2 8274//2 8273//2
f 8276//2 8275//2 8273//2
f 8279//3 8278//3 8277//3
f 8280//3 8279//3 8277//3
f 8283//6 8282//6 8281//6
f 8284//6 8283//6 8281//6
f 8287//2 8286//2 8285//2
f 8288//2 8287//2 8285//2
f 8291//3 8290//3 8289//3
f 8292//3 8291//3 8289//3
f 8295//1 8294//1 8293//1
f 8296//1 8295//1 8293//1
f 8299//6 8298//6 8297//6
f 8300//6 8299//6 8297//6
f 8303//1 8302//1 8301//1
f 8304//1 8303//1 8301//1
f 8307//6 8306//6 8305//6
f 8308//6 8307//6 8305//6
f 8311//1 8310//1 8309//1
f 8312//1 8311//1 8309//1
f 8315//3 8314//3 8313//3
f 8316//3 8315//3 8313//3
f 8319//5 8318//5 8317//5
f 8320//5 8319//5 8317//5
f 8323//6 8322//6 8321//6
f 8324//6 8323//6 8321//6
f 8327//2 8326//2 8325//2
f 8328//2 8327//2 8325//2
f 8331//5 8330//5 8329//5
f 8332//5 8331//5 8329//5
f 8335//1 8334//1 8333//1
f 8336//1 8335//1 8333//1
f 8339//3 8338//3 8337//3
f 8340//3 8339//3 8337//3
f 8343//4 8342//4 8341//4
f 8344//4 8343//4 8341//4
f 8347//5 8346//5 8345//5
f 8348//5 8347//5 8345//5
f 8351//2 8350//2 8349//2
f 8352//2 8351//2 8349//2
f 8355//3 8354//3 8353//3
f 8356//3 8355//3 8353//3
f 8359//5 8358//5 8357//5
f 8360//5 8359//5 8357//5
f 8363//6 8362//6 8361//6
f 8364//6 8363//6 8361//6
f 8367//2 8366//2 8365//2
f 8368//2 8367//2 8365//2
f 8371//3 8370//3 8369//3
f 8372//3 8371//3 8369//3
f 8375//5 8374//5 8373//5
f 8376//5 8375//5 8373//5
f 8379//1 8378//1 8377//1
f 8380//1 8379//1 8377//1
f 8383//6 8382//6 8381//6
f 8384//6 8383//6 8381//6
f 8387//1 8386//1 8385//1
f 8388//1 8387//1 8385//1
f 8391//3 8390//3 8389//3
f 8392//3 8391//3 8389//3
f 8395//6 8394//6 8393//6
f 8396//6 8395//6 8393//6
f 8399//2 8398//2 8397//2
f 8400//2 8399//2 8397//2
f 8403//3 8402//3 8401//3
f 8404//3 8403//3 8401//3
f 8407//4 8406//4 8405//4
f 8408//4 8407//4 8405//4
f 8411//1 8410//1 8409//1
f 8412//1 8411//1 8409//1
f 8415//2 8414//2 8413//2
f 8416//2 8415//2 8413//2
f 8419//3 8418//3 8417//3
f 8420//3 8419//3 8417//3
f 8423//4 8422//4 8421//4
f 8424//4 8423//4 8421//4
f 8427//6 8426//6 8425//6
f 8428//6 8427//6 8425//6
f 8431//2 8430//2 8429//2
f 8432//2 8431//2 8429//2
f 8435//3 8434//3 8433//3
f 8436//3 8435//3 8433//3
f 8439//4 8438//4 8437//4
f 8440//4 8439//4 8437//4
f 8443//1 8442//1 8441//1
f 8444//1 8443//1 8441//1
f 8447//6 8446//6 8445//6
f 8448//6 8447//6 8445//6
f 8451//1 8450//1 8449//1
f 8452//1 8451//1 8449//1
f 8455//3 8454//3 8453//3
f 8456//3 8455//3 8453//3
f 8459//5 8458//5 8457//5
f 8460//5 8459//5 8457//5
f 8463//6 8462//6 8461//6
f 8464//6 8463//6 8461//6
f 8467//2 8466//2 8465//2
f 8468//2 8467//2 8465//2
f 8471//3 8470//3 8469//3
f 8472//3 8471//3 8469//3
f 8475//5 8474//5 8473//5
f 8476//5 8475//5 8473//5
f 8479//1 8478//1 8477//1
f 8480//1 8479//1 8477//1
f 8483//2 8482//2 8481//2
f 8484//2 8483//2 8481//2
f 8487//3 8486//3 8485//3
f 8488//3 8487//3 8485//3
f 8491//5 8490//5 8489//5
f 8492//5 8491//5 8489//5
f 8495//6 8494//6 8493//6
f 8496//6 8495//6 8493//6
f 8499//2 8498//2 8497//2
f 8500//2 8499//2 8497//2
f 8503//3 8502//3 8501//3
f 8504//3 8503//3 8501//3
f 8507//5 8506//5 8505//5
f 8508//5 8507//5 8505//5
f 8511//1 8510//1 8509//1
f 8512//1 8511//1 8509//1
f 8515//3 8514//3 8513//3
f 8516//3 8515//3 8513//3
f 8519//6 8518//6 8517//6
f 8520//6 8519//6 8517//6
f 8523//2 8522//2 8521//2
f 8524//2 8523//2 8521//2
f 8527//3 8526//3 8525//3
f 8528//3 8527//3 8525//3
f 8531//4 8530//4 8529//4
f 8532//4 8531//4 8529//4
f 8535//1 8534//1 8533//1
f 8536//1 8535//1 8533//1
f 8539//2 8538//2 8537//2
f 8540//2 8539//2 8537//2
f 8543//3 8542//3 8541//3
f 8544//3 8543//3 8541//3
f 8547//4 8546//4 8545//4
f 8548//4 8547//4 8545//4
f 8551//6 8550//6 8549//6
f 8552//6 8551//6 8549//6
f 8555//2 8554//2 8553//2
f 8556//2 8555//2 8553//2
f 8559//3 8558//3 8557//3
f 8560//3 8559//3 8557//3
f 8563//4 8562//4 8561//4
f 8564//4 8563//4 8561//4
f 8567//1 8566//1 8565//1
f 8568//1 8567//1 8565//1
f 8571//3 8570//3 8569//3
f 8572//3 8571//3 8569//3
f 8575//5 8574//5 8573//5
f 8576//5 8575//5 8573//5
f 8579//6 8578//6 8577//6
f 8580//6 8579//6 8577//6
f 8583//2 8582//2 8581//2
f 8584//2 8583//2 8581//2
f 8587//3 8586//3 8585//3
f 8588//3 8587//3 8585//3
f 8591//5 8590//5 8589//5
f 8592//5 8591//5 8589//5
f 8595//1 8594//1 8593//1
f 8596//1 8595//1 8593//1
f 8599//2 8598//2 8597//2
f 8600//2 8599//2 8597//2
f 8603//3 8602//3 8601//3
f 8604//3 8603//3 8601//3
f 8607//5 8606//5 8605//5
f 8608//5 8607//5 8605//5
f 8611//6 8610//6 8609//6
f 8612//6 8611//6 8609//6
f 8615//2 8614//2 8613//2
f 8616//2 8615//2 8613//2
f 8619//3 8618//3 8617//3
f 8620//3 8619//3 8617//3
f 8623//5 8622//5 8621//5
f 8624//5 8623//5 8621//5
f 8627//1 8626//1 8625//1
f 8628//1 8627//1 8625//1
f 8631//2 8630//2 8629//2
f 8632//2 8631//2 8629//2
f 8635//3 8634//3 8633//3
f 8636//3 8635//3 8633//3
f 8639//4 8638//4 8637//4
f 8640//4 8639//4 8637//4
f 8643//5 8642//5 8641//5
f 8644//5 8643//5 8641//5
f 8647//6 8646//6 8645//6
f 8648//6 8647//6 8645//6
f 8651//2 8650//2 8649//2
f 8652//2 8651//2 8649//2
f 8655//3 8654//3 8653//3
f 8656//3 8655//3 8653//3
f 8659//4 8658//4 8657//4
f 8660//4 8659//4 8657//4
f 8663//5 8662//5 8661//5
f 8664//5 8663//5 8661//5
g Chunk_2x1x1
usemtl Voxel
f 8667//1 8666//1 8665//1
f 8668//1 8667//1 8665//1
f 8671//2 8670//2 8669//2
f 8672//2 8671//2 8669//2
f 8675//5 8674//5 8673//5
f 8676//5 8675//5 8673//5
f 8679//1 8678//1 8677//1
f 8680//1 8679//1 8677//1
f 8683//5 8682//5 8681//5
f 8684//5 8683//5 8681//5
f 8687//1 8686//1 8685//1
f 8688//1 8687//1 8685//1
f 8691//6 8690//6 8689//6
f 8692//6 8691//6 8689//6
f 8695//1 8694//1 8693//1
f 8696//1 8695//1 8693//1
f 8699//6 8698//6 8697//6
f 8700//6 8699//6 8697//6
f 8703//1 8702//1 8701//1
f 8704//1 8703//1 8701//1
f 8707//6 8706//6 8705//6
f 8708//6 8707//6 8705//6
f 8711//1 8710//1 8709//1
f 8712//1 8711//1 8709//1
f 8715//6 8714//6 8713//6
f 8716//6 8715//6 8713//6
f 8719//1 8718//1 8717//1
f 8720//1 8719//1 8717//1
f 8723//6 8722//6 8721//6
f 8724//6 8723//6 8721//6
f 8727//1 8726//1 8725//1
f 8728//1 8727//1 8725//1
f 8731//6 8730//6 8729//6
f 8732//6 8731//6 8729//6
f 8735//1 8734//1 8733//1
f 8736//1 8735//1 8733//1
f 8739//6 8738//6 8737//6
f 8740//6 8739//6 8737//6
f 8743//1 8742//1 8741//1
f 8744//1 8743//1 8741//1
f 8747//6 8746//6 8745//6
f 8748//6 8747//6 8745//6
f 8751//1 8750//1 8749//1
f 8752//1 8751//1 8749//1
f 8755//5 8754//5 8753//5
f 8756//5 8755//5 8753//5
f 8759//1 8758//1 8757//1
f 8760//1 8759//1 8757//1
f 8763//3 8762//3 8761//3
f 8764//3 8763//3 8761//3
f 8767//5 8766//5 8765//5
f 8768//5 8767//5 8765//5
f 8771//6 8770//6 8769//6
f 8772//6 8771//6 8769//6
f 8775//2 8774//2 8773//2
f 8776//2 8775//2 8773//2
f 8779//4 8778//4 8777//4
f 8780//4 8779//4 8777//4
f 8783//5 8782//5 8781//5
f 8784//5 8783//5 8781//5
f 8787//6 8786//6 8785//6
f 8788//6 8787//6 8785//6
f 8791//3 8790//3 8789//3
f 8792//3 8791//3 8789//3
f 8795//4 8794//4 8793//4
f 8796//4 8795//4 8793//4
f 8799//5 8798//5 8797//5
f 8800//5 8799//5 8797//5
f 8803//6 8802//6 8801//6
f 8804//6 8803//6 8801//6
f 8807//2 8806//2 8805//2
f 8808//2 8807//2 8805//2
f 8811//4 8810//4 8809//4
f 8812//4 8811//4 8809//4
f 8815//5 8814//5 8813//5
f 8816//5 8815//5 8813//5
f 8819//6 8818//6 8817//6
f 8820//6 8819//6 8817//6
f 8823//3 8822//3 8821//3
f 8824//3 8823//3 8821//3
f 8827//4 8826//4 8825//4
f 8828//4 8827//4 8825//4
f 8831//5 8830//5 8829//5
f 8832//5 8831//5 8829//5
f 8835//1 8834//1 8833//1
f 8836//1 8835//1 8833//1
f 8839//2 8838//2 8837//2
f 8840//2 8839//2 8837//2
f 8843//3 8842//3 8841//3
f 8844//3 8843//3 8841//3
f 8847//4 8846//4 8845//4
f 8848//4 8847//4 8845//4
f 8851//5 8850//5 8849//5
f 8852//5 8851//5 8849//5
f 8855//1 8854//1 8853//1
f 8856//1 8855//1 8853//1
f 8859//2 8858//2 8857//2
f 8860//2 8859//2 8857//2
f 8863//3 8862//3 8861//3
f 8864//3 8863//3 8861//3
f 8867//4 8866//4 8865//4
f 8868//4 8867//4 8865//4
f 8871//5 8870//5 8869//5
f 8872//5 8871//5 8869//5
f 8875//6 8874//6 8873//6
f 8876//6 8875//6 8873//6
f 8879//2 8878//2 8877//2
f 8880//2 8879//2 8877//2
f 8883//3 8882//3 8881//3
f 8884//3 8883//3 8881//3
f 8887//4 8886//4 8885//4
f 8888//4 8887//4 8885//4
f 8891//5 8890//5 8889//5
f 8892//5 8891//5 8889//5
f 8895//6 8894//6 8893//6
f 8896//6 8895//6 8893//6
f 8899//2 8898//2 8897//2
f 8900//2 8899//2 8897//2
f 8903//3 8902//3 8901//3
f 8904//3 8903//3 8901//3
f 8907//4 8906//4 8905//4
f 8908//4 8907//4 8905//4
f 8911//5 8910//5 8909//5
f 8912//5 8911//5 8909//5
f 8915//1 8914//1 8913//1
f 8916//1 8915//1 8913//1
f 8919//2 8918//2 8917//2
f 8920//2 8919//2 8917//2
f 8923//5 8922//5 8921//5
f 8924//5 8923//5 8921//5
f 8927//1 8926//1 8925//1
f 8928//1 8927//1 8925//1
f 8931//5 8930//5 8929//5
f 8932//5 8931//5 8929//5
f 8935//1 8934//1 8933//1
f 8936//1 8935//1 8933//1
f 8939//6 8938//6 8937//6
f 8940//6 8939//6 8937//6
f 8943//1 8942//1 8941//1
f 8944//1 8943//1 8941//1
f 8947//6 8946//6 8945//6
f 8948//6 8947//6 8945//6
f 8951//1 8950//1 8949//1
f 8952//1 8951//1 8949//1
f 8955//6 8954//6 8953//6
f 8956//6 8955//6 8953//6
f 8959//1 8958//1 8957//1
f 8960//1 8959//1 8957//1
f 8963//6 8962//6 8961//6
f 8964//6 8963//6 8961//6
f 8967//1 8966//1 8965//1
f 8968//1 8967//1 8965//1
f 8971//5 8970//5 8969//5
f 8972//5 8971//5 8969//5
f 8975//1 8974//1 8973//1
f 8976//1 8975//1 8973//1
f 8979//3 8978//3 8977//3
f 8980//3 8979//3 8977//3
f 8983//5 8982//5 8981//5
f 8984//5 8983//5 8981//5
f 8987//6 8986//6 8985//6
f 8988//6 8987//6 8985//6
f 8991//2 8990//2 8989//2
f 8992//2 8991//2 8989//2
f 8995//4 8994//4 8993//4
f 8996//4 8995//4 8993//4
f 8999//5 8998//5 8997//5
f 9000//5 8999//5 8997//5
f 9003//6 9002//6 9001//6
f 9004//6 9003//6 9001//6
f 9007//3 9006//3 9005//3
f 9008//3 9007//3 9005//3
f 9011//4 9010//4 9009//4
f 9012//4 9011//4 9009//4
f 9015//5 9014//5 9013//5
f 9016//5 9015//5 9013//5
f 9019//6 9018//6 9017//6
f 9020//6 9019//6 9017//6
f 9023//2 9022//2 9021//2
f 9024//2 9023//2 9021//2
f 9027//4 9026//4 9025//4
f 9028//4 9027//4 9025//4
f 9031//5 9030//5 9029//5
f 9032//5 9031//5 9029//5
f 9035//6 9034//6 9033//6
f 9036//6 9035//6 9033//6
f 9039//3 9038//3 9037//3
f 9040//3 9039//3 9037//3
f 9043//4 9042//4 9041//4
f 9044//4 9043//4 9041//4
f 9047//5 9046//5 9045//5
f 9048//5 9047//5 9045//5
f 9051//1 9050//1 9049//1
f 9052//1 9051//1 9049//1
f 9055//2 9054//2 9053//2
f 9056//2 9055//2 9053//2
f 9059//4 9058//4 9057//4
f 9060//4 9059//4 9057//4
f 9063//5 9062//5 9061//5
f 9064//5 9063//5 9061//5
f 9067//1 9066//1 9065//1
f 9068//1 9067//1 9065//1
f 9071//3 9070//3 9069//3
f 9072//3 9071//3 9069//3
f 9075//4 9074//4 9073//4
f 9076//4 9075//4 9073//4
f 9079//5 9078//5 9077//5
f 9080//5 9079//5 9077//5
f 9083//1 9082//1 9081//1
f 9084//1 9083//1 9081//1
f 9087//2 9086//2 9085//2
f 9088//2 9087//2 9085//2
f 9091//4 9090//4 9089//4
f 9092//4 9091//4 9089//4
f 9095//5 9094//5 9093//5
f 9096//5 9095//5 9093//5
f 9099//1 9098//1 9097//1
f 9100//1 9099//1 9097//1
f 9103//3 9102//3 9101//3
f 9104//3 9103//3 9101//3
f 9107//4 9106//4 9105//4
f 9108//4 9107//4 9105//4
f 9111//5 9110//5 9109//5
f 9112//5 9111//5 9109//5
f 9115//6 9114//6 9113//6
f 9116//6 9115//6 9113//6
f 9119//2 9118//2 9117//2
f 9120//2 9119//2 9117//2
f 9123//4 9122//4 9121//4
f 9124//4 9123//4 9121//4
f 9127//5 9126//5 9125//5
f 9128//5 9127//5 9125//5
f 9131//6 9130//6 9129//6
f 9132//6 9131//6 9129//6
f 9135//3 9134//3 9133//3
f 9136//3 9135//3 9133//3
f 9139//4 9138//4 9137//4
f 9140//4 9139//4 9137//4
f 9143//5 9142//5 9141//5
f 9144//5 9143//5 9141//5
f 9147//6 9146//6 9145//6
f 9148//6 9147//6 9145//6
f 9151//2 9150//2 9149//2
f 9152//2 9151//2 9149//2
f 9155//4 9154//4 9153//4
f 9156//4 9155//4 9153//4
f 9159//5 9158//5 9157//5
f 9160//5 9159//5 9157//5
f 9163//6 9162//6 9161//6
f 9164//6 9163//6 9161//6
f 9167//3 9166//3 9165//3
f 9168//3 9167//3 9165//3
f 9171//4 9170//4 9169//4
f 9172//4 9171//4 9169//4
f 9175//5 9174//5 9173//5
f 9176//5 9175//5 9173//5
f 9179//1 9178//1 9177//1
f 9180//1 9179//1 9177//1
f 9183//2 9182//2 9181//2
f 9184//2 9183//2 9181//2
f 9187//5 9186//5 9185//5
f 9188//5 9187//5 9185//5
f 9191//1 9190//1 9189//1
f 9192//1 9191//1 9189//1
f 9195//5 9194//5 9193//5
f 9196//5 9195//5 9193//5
f 9199//1 9198//1 9197//1
f 9200//1 9199//1 9197//1
f 9203//5 9202//5 9201//5
f 9204//5 9203//5 9201//5
f 9207//1 9206//1 9205//1
f 9208//1 9207//1 9205//1
f 9211//3 9210//3 9209//3
f 9212//3 9211//3 9209//3
f 9215//5 9214//5 9213//5
f 9216//5 9215//5 9213//5
f 9219//6 9218//6 9217//6
f 9220//6 9219//6 9217//6
f 9223//2 9222//2 9221//2
f 9224//2 9223//2 9221//2
f 9227//4 9226//4 9225//4
f 9228//4 9227//4 9225//4
f 9231//6 9230//6 9229//6
f 9232//6 9231//6 9229//6
f 9235//4 9234//4 9233//4
f 9236//4 9235//4 9233//4
f 9239//5 9238//5 9237//5
f 9240//5 9239//5 9237//5
f 9243//6 9242//6 9241//6
f 9244//6 9243//6 9241//6
f 9247//4 9246//4 9245//4
f 9248//4 9247//4 9245//4
f 9251//5 9250//5 9249//5
f 9252//5 9251//5 9249//5
f 9255//6 9254//6 9253//6
f 9256//6 9255//6 9253//6
f 9259//3 9258//3 9257//3
f 9260//3 9259//3 9257//3
f 9263//4 9262//4 9261//4
f 9264//4 9263//4 9261//4
f 9267//1 9266//1 9265//1
f 9268//1 9267//1 9265//1
f 9271//2 9270//2 9269//2
f 9272//2 9271//2 9269//2
f 9275//4 9274//4 9273//4
f 9276//4 9275//4 9273//4
f 9279//5 9278//5 9277//5
f 9280//5 9279//5 9277//5
f 9283//1 9282//1 9281//1
f 9284//1 9283//1 9281//1
f 9287//3 9286//3 9285//3
f 9288//3 9287//3 9285//3
f 9291//4 9290//4 9289//4
f 9292//4 9291//4 9289//4
f 9295//5 9294//5 9293//5
f 9296//5 9295//5 9293//5
f 9299//1 9298//1 9297//1
f 9300//1 9299//1 9297//1
f 9303//2 9302//2 9301//2
f 9304//2 9303//2 9301//2
f 9307//4 9306//4 9305//4
f 9308//4 9307//4 9305//4
f 9311//5 9310//5 9309//5
f 9312//5 9311//5 9309//5
f 9315//1 9314//1 9313//1
f 9316//1 9315//1 9313//1
f 9319//3 9318//3 9317//3
f 9320//3 9319//3 9317//3
f 9323//4 9322//4 9321//4
f 9324//4 9323//4 9321//4
f 9327//5 9326//5 9325//5
f 9328//5 9327//5 9325//5
f 9331//6 9330//6 9329//6
f 9332//6 9331//6 9329//6
f 9335//2 9334//2 9333//2
f 9336//2 9335//2 9333//2
f 9339//4 9338//4 9337//4
f 9340//4 9339//4 9337//4
f 9343//5 9342//5 9341//5
f 9344//5 9343//5 9341//5
f 9347//6 9346//6 9345//6
f 9348//6 9347//6 9345//6
f 9351//3 9350//3 9349//3
f 9352//3 9351//3 9349//3
f 9355//4 9354//4 9353//4
f 9356//4 9355//4 9353//4
f 9359//5 9358//5 9357//5
f 9360//5 9359//5 9357//5
f 9363//6 9362//6 9361//6
f 9364//6 9363//6 9361//6
f 9367//2 9366//2 9365//2
f 9368//2 9367//2 9365//2
f 9371//4 9370//4 9369//4
f 9372//4 9371//4 9369//4
f 9375//5 9374//5 9373//5
f 9376//5 9375//5 9373//5
f 9379//6 9378//6 9377//6
f 9380//6 9379//6 9377//6
f 9383//3 9382//3 9381//3
f 9384//3 9383//3 9381//3
f 9387//4 9386//4 9385//4
f 9388//4 9387//4 9385//4
f 9391//5 9390//5 9389//5
f 9392//5 9391//5 9389//5
f 9395//1 9394//1 9393//1
f 9396//1 9395//1 9393//1
f 9399//2 9398//2 9397//2
f 9400//2 9399//2 9397//2
f 9403//3 9402//3 9401//3
f 9404//3 9403//3 9401//3
f 9407//5 9406//5 9405//5
f 9408//5 9407//5 9405//5
f 9411//1 9410//1 9409//1
f 9412//1 9411//1 9409//1
f 9415//2 9414//2 9413//2
f 9416//2 9415//2 9413//2
f 9419//3 9418//3 9417//3
f 9420//3 9419//3 9417//3
f 9423//5 9422//5 9421//5
f 9424//5 9423//5 9421//5
f 9427//2 9426//2 9425//2
f 9428//2 9427//2 9425//2
f 9431//4 9430//4 9429//4
f 9432//4 9431//4 9429//4
f 9435//5 9434//5 9433//5
f 9436//5 9435//5 9433//5
f 9439//1 9438//1 9437//1
f 9440//1 9439//1 9437//1
f 9443//4 9442//4 9441//4
f 9444//4 9443//4 9441//4
f 9447//5 9446//5 9445//5
f 9448//5 9447//5 9445//5
f 9451//1 9450//1 9449//1
f 9452//1 9451//1 9449//1
f 9455//4 9454//4 9453//4
f 9456//4 9455//4 9453//4
f 9459//5 9458//5 9457//5
f 9460//5 9459//5 9457//5
f 9463//3 9462//3 9461//3
f 9464//3 9463//3 9461//3
f 9467//4 9466//4 9465//4
f 9468//4 9467//4 9465//4
f 9471//5 9470//5 9469//5
f 9472//5 9471//5 9469//5
f 9475//6 9474//6 9473//6
f 9476//6 9475//6 9473//6
f 9479//2 9478//2 9477//2
f 9480//2 9479//2 9477//2
f 9483//4 9482//4 9481//4
f 9484//4 9483//4 9481//4
f 9487//5 9486//5 9485//5
f 9488//5 9487//5 9485//5
f 9491//6 9490//6 9489//6
f 9492//6 9491//6 9489//6
f 9495//4 9494//4 9493//4
f 9496//4 9495//4 9493//4
f 9499//5 9498//5 9497//5
f 9500//5 9499//5 9497//5
f 9503//6 9502//6 9501//6
f 9504//6 9503//6 9501//6
f 9507//4 9506//4 9505//4
f 9508//4 9507//4 9505//4
f 9511//5 9510//5 9509//5
f 9512//5 9511//5 9509//5
f 9515//6 9514//6 9513//6
f 9516//6 9515//6 9513//6
f 9519//3 9518//3 9517//3
f 9520//3 9519//3 9517//3
f 9523//4 9522//4 9521//4
f 9524//4 9523//4 9521//4
f 9527//5 9526//5 9525//5
f 9528//5 9527//5 9525//5
